#pragma once
// Exact current game.gcl bodies, generated by prepare_menu_native.py. Dependency cells follow code_size.
static const unsigned char MENU_BUILDER[]={
0x53,0x55,0x56,0x57,0x41,0x54,0x41,0x55,0x41,0x56,0x41,0x57,0x48,0x81,0xec,0x38,
0x13,0x00,0x00,0x48,0x89,0x8c,0x24,0x60,0x12,0x00,0x00,0x48,0x89,0x94,0x24,0x68,
0x12,0x00,0x00,0x4c,0x89,0x84,0x24,0x70,0x12,0x00,0x00,0x48,0x8d,0x84,0x24,0x79,
0x12,0x00,0x00,0x48,0x8d,0x9a,0x98,0x00,0x00,0x00,0x49,0x8d,0xa8,0x30,0x01,0x00,
0x00,0x48,0x8b,0x35,0x80,0x85,0x00,0x00,0x48,0x89,0x4c,0x24,0x78,0x48,0x89,0x94,
0x24,0x78,0x0c,0x00,0x00,0x4c,0x89,0x84,0x24,0x70,0x0c,0x00,0x00,0x48,0x89,0xc1,
0x48,0x89,0xda,0x49,0x89,0xe8,0xff,0x16,0x8a,0x84,0x24,0x79,0x12,0x00,0x00,0x3a,
0x05,0x9b,0x80,0x00,0x00,0x0f,0x94,0x84,0x24,0x78,0x12,0x00,0x00,0x48,0x8d,0x84,
0x24,0x80,0x12,0x00,0x00,0x48,0x8b,0x0d,0x44,0x85,0x00,0x00,0x48,0x89,0x84,0x24,
0x60,0x0c,0x00,0x00,0x48,0x89,0x8c,0x24,0x48,0x0c,0x00,0x00,0x48,0x8b,0x84,0x24,
0x48,0x0c,0x00,0x00,0x48,0x8b,0x8c,0x24,0x60,0x0c,0x00,0x00,0xff,0x10,0x48,0x8d,
0x84,0x24,0x80,0x12,0x00,0x00,0x48,0x8b,0x0d,0x1b,0x85,0x00,0x00,0x48,0x89,0x84,
0x24,0x58,0x0c,0x00,0x00,0x48,0x89,0x8c,0x24,0x80,0x0c,0x00,0x00,0x48,0x8b,0x84,
0x24,0x80,0x0c,0x00,0x00,0x48,0x8b,0x8c,0x24,0x58,0x0c,0x00,0x00,0xff,0x10,0x48,
0x8d,0x84,0x24,0xd8,0x12,0x00,0x00,0x4c,0x8b,0x84,0x24,0x70,0x0c,0x00,0x00,0x49,
0x8d,0x88,0x30,0x01,0x00,0x00,0x48,0x8d,0x94,0x24,0x80,0x12,0x00,0x00,0x48,0x8b,
0x1d,0xc3,0x84,0x00,0x00,0x48,0x89,0x8c,0x24,0x68,0x0c,0x00,0x00,0x48,0x89,0x94,
0x24,0x88,0x0c,0x00,0x00,0x48,0x89,0xc1,0x48,0x8b,0x94,0x24,0x68,0x0c,0x00,0x00,
0x4c,0x8b,0x84,0x24,0x88,0x0c,0x00,0x00,0xff,0x13,0x8a,0x05,0xe1,0x7f,0x00,0x00,
0x88,0x84,0x24,0xd9,0x12,0x00,0x00,0x8b,0x05,0xd7,0x7f,0x00,0x00,0x4c,0x8b,0x84,
0x24,0x70,0x0c,0x00,0x00,0x41,0x89,0x40,0x2c,0x8b,0x05,0xc5,0x7f,0x00,0x00,0x41,
0x89,0x40,0x30,0x48,0x8b,0x05,0x86,0x84,0x00,0x00,0x8b,0x58,0x68,0x48,0x8b,0x05,
0x84,0x84,0x00,0x00,0x8b,0x40,0x68,0x01,0xc3,0x48,0x8b,0x05,0x80,0x84,0x00,0x00,
0x8b,0x40,0x68,0x01,0xc3,0x48,0x8b,0x05,0x7c,0x84,0x00,0x00,0x8b,0x40,0x68,0x89,
0xdd,0x01,0xc5,0x48,0x8b,0x05,0x76,0x84,0x00,0x00,0x8b,0x58,0x68,0x89,0xe8,0x01,
0xd8,0x89,0x84,0x24,0xdc,0x12,0x00,0x00,0x48,0x8d,0x84,0x24,0xe0,0x12,0x00,0x00,
0x48,0x8d,0x0d,0x71,0x7f,0x00,0x00,0x48,0x8b,0x15,0x5a,0x84,0x00,0x00,0x48,0x89,
0x84,0x24,0x98,0x0c,0x00,0x00,0x48,0x89,0x8c,0x24,0xc0,0x0c,0x00,0x00,0x48,0x89,
0x94,0x24,0xb8,0x0c,0x00,0x00,0x48,0x8b,0x84,0x24,0xb8,0x0c,0x00,0x00,0x48,0x8b,
0x8c,0x24,0x98,0x0c,0x00,0x00,0x48,0x8b,0x94,0x24,0xc0,0x0c,0x00,0x00,0xff,0x10,
0x48,0x8b,0x05,0x29,0x84,0x00,0x00,0x48,0x8b,0x1d,0x2a,0x84,0x00,0x00,0x48,0x8d,
0x8c,0x24,0xf0,0x12,0x00,0x00,0x48,0x8d,0x00,0x48,0x8d,0x13,0x48,0x8b,0x1d,0x1d,
0x84,0x00,0x00,0x48,0x89,0x94,0x24,0xa8,0x0c,0x00,0x00,0x48,0x89,0xc2,0x4c,0x8b,
0x84,0x24,0xa8,0x0c,0x00,0x00,0xff,0x13,0x48,0x8d,0x84,0x24,0xf8,0x12,0x00,0x00,
0x48,0x8b,0x0d,0x01,0x84,0x00,0x00,0x48,0x89,0x84,0x24,0x90,0x0c,0x00,0x00,0x48,
0x89,0x8c,0x24,0xa0,0x0c,0x00,0x00,0x48,0x8b,0x84,0x24,0xa0,0x0c,0x00,0x00,0x48,
0x8b,0x8c,0x24,0x90,0x0c,0x00,0x00,0xff,0x10,0x48,0x8b,0x05,0xe0,0x83,0x00,0x00,
0x48,0x8b,0x4c,0x24,0x78,0x48,0x8d,0x11,0x48,0x8d,0x9c,0x24,0xe0,0x12,0x00,0x00,
0x48,0x8d,0xac,0x24,0xf0,0x12,0x00,0x00,0x4c,0x8d,0x0d,0xb9,0x7e,0x00,0x00,0x48,
0x8d,0x35,0xb2,0x7e,0x00,0x00,0x48,0x8d,0x3d,0xab,0x7e,0x00,0x00,0x4c,0x8d,0x84,
0x24,0xf8,0x12,0x00,0x00,0x48,0x8d,0x00,0x4c,0x8b,0x15,0xa9,0x83,0x00,0x00,0x48,
0x89,0x74,0x24,0x20,0x48,0x89,0x7c,0x24,0x28,0x4c,0x89,0x44,0x24,0x30,0x48,0x89,
0x44,0x24,0x38,0x48,0x89,0x94,0x24,0x50,0x0c,0x00,0x00,0x48,0x8b,0x8c,0x24,0x50,
0x0c,0x00,0x00,0x48,0x89,0xda,0x49,0x89,0xe8,0x41,0xff,0x12,0x48,0x8d,0x84,0x24,
0xf8,0x12,0x00,0x00,0x48,0x8b,0x0d,0x75,0x83,0x00,0x00,0x48,0x89,0x84,0x24,0x40,
0x0c,0x00,0x00,0x48,0x89,0x8c,0x24,0x20,0x0c,0x00,0x00,0x48,0x8b,0x84,0x24,0x20,
0x0c,0x00,0x00,0x48,0x8b,0x8c,0x24,0x40,0x0c,0x00,0x00,0xff,0x10,0x48,0x8d,0x84,
0x24,0xf0,0x12,0x00,0x00,0x48,0x8b,0x0d,0x44,0x83,0x00,0x00,0x48,0x89,0x84,0x24,
0x38,0x0c,0x00,0x00,0x48,0x89,0x8c,0x24,0xe8,0x0b,0x00,0x00,0x48,0x8b,0x84,0x24,
0xe8,0x0b,0x00,0x00,0x48,0x8b,0x8c,0x24,0x38,0x0c,0x00,0x00,0xff,0x10,0x48,0x8d,
0x84,0x24,0xe0,0x12,0x00,0x00,0x48,0x8b,0x0d,0x1b,0x83,0x00,0x00,0x48,0x89,0x84,
0x24,0xe0,0x0b,0x00,0x00,0x48,0x89,0x8c,0x24,0xd0,0x0b,0x00,0x00,0x48,0x8b,0x84,
0x24,0xd0,0x0b,0x00,0x00,0x48,0x8b,0x8c,0x24,0xe0,0x0b,0x00,0x00,0xff,0x10,0x48,
0x8d,0x84,0x24,0xe0,0x12,0x00,0x00,0x48,0x8d,0x0d,0xce,0x7d,0x00,0x00,0x48,0x8b,
0x15,0xa3,0x82,0x00,0x00,0x48,0x89,0x84,0x24,0xb8,0x0b,0x00,0x00,0x48,0x89,0x8c,
0x24,0xc8,0x0b,0x00,0x00,0x48,0x89,0x94,0x24,0xf0,0x0b,0x00,0x00,0x48,0x8b,0x84,
0x24,0xf0,0x0b,0x00,0x00,0x48,0x8b,0x8c,0x24,0xb8,0x0b,0x00,0x00,0x48,0x8b,0x94,
0x24,0xc8,0x0b,0x00,0x00,0xff,0x10,0x48,0x8b,0x05,0x72,0x82,0x00,0x00,0x48,0x8b,
0x1d,0x6b,0x82,0x00,0x00,0x48,0x8d,0x8c,0x24,0xf0,0x12,0x00,0x00,0x48,0x8d,0x00,
0x48,0x8d,0x13,0x48,0x8b,0x1d,0x66,0x82,0x00,0x00,0x48,0x89,0x94,0x24,0xd8,0x0b,
0x00,0x00,0x48,0x89,0xc2,0x4c,0x8b,0x84,0x24,0xd8,0x0b,0x00,0x00,0xff,0x13,0x48,
0x8b,0x4c,0x24,0x78,0x48,0x8d,0x01,0x48,0x8d,0x94,0x24,0xe0,0x12,0x00,0x00,0x48,
0x8d,0x9c,0x24,0xf0,0x12,0x00,0x00,0x4c,0x8d,0x0d,0x3a,0x7d,0x00,0x00,0x48,0x8d,
0x2d,0x1b,0x7d,0x00,0x00,0x4c,0x8b,0x84,0x24,0x70,0x0c,0x00,0x00,0x49,0x8d,0x70,
0x20,0x48,0x8b,0x3d,0x48,0x82,0x00,0x00,0x48,0x89,0x6c,0x24,0x20,0x48,0x89,0x74,
0x24,0x28,0x48,0x89,0xc1,0x49,0x89,0xd8,0xff,0x17,0x48,0x8d,0x84,0x24,0xf0,0x12,
0x00,0x00,0x48,0x8b,0x0d,0x17,0x82,0x00,0x00,0x48,0x89,0x84,0x24,0xf8,0x0b,0x00,
0x00,0x48,0x89,0x8c,0x24,0x08,0x0c,0x00,0x00,0x48,0x8b,0x84,0x24,0x08,0x0c,0x00,
0x00,0x48,0x8b,0x8c,0x24,0xf8,0x0b,0x00,0x00,0xff,0x10,0x48,0x8d,0x84,0x24,0xe0,
0x12,0x00,0x00,0x48,0x8b,0x0d,0xee,0x81,0x00,0x00,0x48,0x89,0x84,0x24,0x30,0x0c,
0x00,0x00,0x48,0x89,0x8c,0x24,0x28,0x0c,0x00,0x00,0x48,0x8b,0x84,0x24,0x28,0x0c,
0x00,0x00,0x48,0x8b,0x8c,0x24,0x30,0x0c,0x00,0x00,0xff,0x10,0x48,0x8d,0x84,0x24,
0xe0,0x12,0x00,0x00,0x48,0x8d,0x0d,0xb5,0x7c,0x00,0x00,0x48,0x8b,0x15,0x76,0x81,
0x00,0x00,0x48,0x89,0x84,0x24,0x18,0x0c,0x00,0x00,0x48,0x89,0x8c,0x24,0x00,0x0c,
0x00,0x00,0x48,0x89,0x94,0x24,0x10,0x0c,0x00,0x00,0x48,0x8b,0x84,0x24,0x10,0x0c,
0x00,0x00,0x48,0x8b,0x8c,0x24,0x18,0x0c,0x00,0x00,0x48,0x8b,0x94,0x24,0x00,0x0c,
0x00,0x00,0xff,0x10,0x48,0x8b,0x35,0x45,0x81,0x00,0x00,0x48,0x8b,0x2d,0x86,0x81,
0x00,0x00,0x48,0x8b,0x1d,0x87,0x81,0x00,0x00,0x48,0x8b,0x05,0x00,0x81,0x00,0x00,
0x8b,0x40,0x68,0x8b,0x1b,0x0f,0xaf,0xd8,0x8b,0x45,0x00,0x01,0xd8,0x48,0x8d,0x8c,
0x24,0xf0,0x12,0x00,0x00,0x48,0x8d,0x16,0x89,0x84,0x24,0xf8,0x12,0x00,0x00,0x48,
0x8d,0x84,0x24,0xf8,0x12,0x00,0x00,0x48,0x8b,0x1d,0x12,0x81,0x00,0x00,0x49,0x89,
0xc0,0xff,0x13,0x48,0x8d,0x84,0x24,0xfc,0x12,0x00,0x00,0x48,0x8b,0x0d,0x06,0x81,
0x00,0x00,0x48,0x89,0x84,0x24,0xc8,0x0c,0x00,0x00,0x48,0x89,0x8c,0x24,0xb0,0x0c,
0x00,0x00,0x48,0x8b,0x84,0x24,0xb0,0x0c,0x00,0x00,0x48,0x8b,0x8c,0x24,0xc8,0x0c,
0x00,0x00,0xff,0x10,0x48,0x8b,0x4c,0x24,0x78,0x48,0x8d,0x01,0x48,0x8d,0x94,0x24,
0xe0,0x12,0x00,0x00,0x48,0x8d,0x9c,0x24,0xf0,0x12,0x00,0x00,0x4c,0x8d,0x0d,0xc5,
0x7b,0x00,0x00,0x48,0x8d,0x35,0xbe,0x7b,0x00,0x00,0x48,0x8d,0x3d,0xdf,0x7b,0x00,
0x00,0x48,0x8d,0xac,0x24,0xfc,0x12,0x00,0x00,0x4c,0x8d,0x05,0xa8,0x7b,0x00,0x00,
0x4c,0x8d,0x15,0x8a,0x7b,0x00,0x00,0x4c,0x8b,0x1d,0xda,0x80,0x00,0x00,0x48,0x89,
0x74,0x24,0x20,0x48,0x89,0x7c,0x24,0x28,0x48,0x89,0x6c,0x24,0x30,0x4c,0x89,0x44,
0x24,0x38,0x4c,0x89,0x54,0x24,0x40,0x48,0x89,0xc1,0x49,0x89,0xd8,0x41,0xff,0x13,
0x48,0x8d,0x84,0x24,0xfc,0x12,0x00,0x00,0x48,0x8b,0x0d,0x81,0x80,0x00,0x00,0x48,
0x89,0x84,0x24,0xd0,0x0c,0x00,0x00,0x48,0x89,0x8c,0x24,0xe0,0x0c,0x00,0x00,0x48,
0x8b,0x84,0x24,0xe0,0x0c,0x00,0x00,0x48,0x8b,0x8c,0x24,0xd0,0x0c,0x00,0x00,0xff,
0x10,0x48,0x8d,0x84,0x24,0xf0,0x12,0x00,0x00,0x48,0x8b,0x0d,0x50,0x80,0x00,0x00,
0x48,0x89,0x84,0x24,0x98,0x0d,0x00,0x00,0x48,0x89,0x8c,0x24,0x90,0x0d,0x00,0x00,
0x48,0x8b,0x84,0x24,0x90,0x0d,0x00,0x00,0x48,0x8b,0x8c,0x24,0x98,0x0d,0x00,0x00,
0xff,0x10,0x48,0x8d,0x84,0x24,0xe0,0x12,0x00,0x00,0x48,0x8b,0x0d,0x27,0x80,0x00,
0x00,0x48,0x89,0x84,0x24,0x80,0x0d,0x00,0x00,0x48,0x89,0x8c,0x24,0x68,0x0d,0x00,
0x00,0x48,0x8b,0x84,0x24,0x68,0x0d,0x00,0x00,0x48,0x8b,0x8c,0x24,0x80,0x0d,0x00,
0x00,0xff,0x10,0x48,0x8d,0x84,0x24,0xe0,0x12,0x00,0x00,0x48,0x8d,0x0d,0x02,0x7b,
0x00,0x00,0x48,0x8b,0x15,0xaf,0x7f,0x00,0x00,0x48,0x89,0x84,0x24,0x78,0x0d,0x00,
0x00,0x48,0x89,0x8c,0x24,0xa0,0x0d,0x00,0x00,0x48,0x89,0x94,0x24,0x88,0x0d,0x00,
0x00,0x48,0x8b,0x84,0x24,0x88,0x0d,0x00,0x00,0x48,0x8b,0x8c,0x24,0x78,0x0d,0x00,
0x00,0x48,0x8b,0x94,0x24,0xa0,0x0d,0x00,0x00,0xff,0x10,0x48,0x8b,0x1d,0xde,0x7f,
0x00,0x00,0x48,0x8b,0x05,0xbf,0x7f,0x00,0x00,0x48,0x8d,0x8c,0x24,0xf0,0x12,0x00,
0x00,0x48,0x8d,0x13,0x48,0x8d,0x00,0x48,0x8b,0x1d,0x72,0x7f,0x00,0x00,0x49,0x89,
0xc0,0xff,0x13,0x48,0x8d,0x84,0x24,0xf8,0x12,0x00,0x00,0x48,0x8b,0x0d,0x66,0x7f,
0x00,0x00,0x48,0x89,0x84,0x24,0xa8,0x0d,0x00,0x00,0x48,0x89,0x8c,0x24,0xb8,0x0d,
0x00,0x00,0x48,0x8b,0x84,0x24,0xb8,0x0d,0x00,0x00,0x48,0x8b,0x8c,0x24,0xa8,0x0d,
0x00,0x00,0xff,0x10,0x48,0x8b,0x4c,0x24,0x78,0x48,0x8d,0x01,0x48,0x8d,0x94,0x24,
0xe0,0x12,0x00,0x00,0x48,0x8d,0x9c,0x24,0xf0,0x12,0x00,0x00,0x48,0x8d,0x2d,0x25,
0x7a,0x00,0x00,0x4c,0x8d,0x0d,0x62,0x7a,0x00,0x00,0x48,0x8d,0x35,0x17,0x7a,0x00,
0x00,0x48,0x8d,0xbc,0x24,0xf8,0x12,0x00,0x00,0x4c,0x8d,0x05,0x08,0x7a,0x00,0x00,
0x4c,0x8d,0x15,0xea,0x79,0x00,0x00,0x4c,0x8b,0x1d,0x3a,0x7f,0x00,0x00,0x4c,0x89,
0x4c,0x24,0x20,0x48,0x89,0x74,0x24,0x28,0x48,0x89,0x7c,0x24,0x30,0x4c,0x89,0x44,
0x24,0x38,0x4c,0x89,0x54,0x24,0x40,0x48,0x89,0xc1,0x49,0x89,0xd8,0x49,0x89,0xe9,
0x41,0xff,0x13,0x48,0x8d,0x84,0x24,0xf8,0x12,0x00,0x00,0x48,0x8b,0x0d,0xde,0x7e,
0x00,0x00,0x48,0x89,0x84,0x24,0xe8,0x0d,0x00,0x00,0x48,0x89,0x8c,0x24,0xe0,0x0d,
0x00,0x00,0x48,0x8b,0x84,0x24,0xe0,0x0d,0x00,0x00,0x48,0x8b,0x8c,0x24,0xe8,0x0d,
0x00,0x00,0xff,0x10,0x48,0x8d,0x84,0x24,0xf0,0x12,0x00,0x00,0x48,0x8b,0x0d,0xad,
0x7e,0x00,0x00,0x48,0x89,0x84,0x24,0xd0,0x0d,0x00,0x00,0x48,0x89,0x8c,0x24,0xb0,
0x0d,0x00,0x00,0x48,0x8b,0x84,0x24,0xb0,0x0d,0x00,0x00,0x48,0x8b,0x8c,0x24,0xd0,
0x0d,0x00,0x00,0xff,0x10,0x48,0x8d,0x84,0x24,0xe0,0x12,0x00,0x00,0x48,0x8b,0x0d,
0x84,0x7e,0x00,0x00,0x48,0x89,0x84,0x24,0xc8,0x0d,0x00,0x00,0x48,0x89,0x8c,0x24,
0xc0,0x0d,0x00,0x00,0x48,0x8b,0x84,0x24,0xc0,0x0d,0x00,0x00,0x48,0x8b,0x8c,0x24,
0xc8,0x0d,0x00,0x00,0xff,0x10,0x48,0x8d,0x84,0x24,0xe0,0x12,0x00,0x00,0x48,0x8d,
0x0d,0x7b,0x79,0x00,0x00,0x48,0x8b,0x15,0x0c,0x7e,0x00,0x00,0x48,0x89,0x84,0x24,
0x70,0x0d,0x00,0x00,0x48,0x89,0x8c,0x24,0x60,0x0d,0x00,0x00,0x48,0x89,0x94,0x24,
0x40,0x0d,0x00,0x00,0x48,0x8b,0x84,0x24,0x40,0x0d,0x00,0x00,0x48,0x8b,0x8c,0x24,
0x70,0x0d,0x00,0x00,0x48,0x8b,0x94,0x24,0x60,0x0d,0x00,0x00,0xff,0x10,0x48,0x8b,
0x05,0x3b,0x7e,0x00,0x00,0x48,0x8b,0x1d,0x1c,0x7e,0x00,0x00,0x48,0x8d,0x8c,0x24,
0xf0,0x12,0x00,0x00,0x48,0x8d,0x00,0x48,0x8d,0x13,0x48,0x8b,0x1d,0xcf,0x7d,0x00,
0x00,0x48,0x89,0x94,0x24,0x58,0x0d,0x00,0x00,0x48,0x89,0xc2,0x4c,0x8b,0x84,0x24,
0x58,0x0d,0x00,0x00,0xff,0x13,0x48,0x8d,0x84,0x24,0xf8,0x12,0x00,0x00,0x48,0x8b,
0x0d,0xb3,0x7d,0x00,0x00,0x48,0x89,0x84,0x24,0x08,0x0d,0x00,0x00,0x48,0x89,0x8c,
0x24,0x00,0x0d,0x00,0x00,0x48,0x8b,0x84,0x24,0x00,0x0d,0x00,0x00,0x48,0x8b,0x8c,
0x24,0x08,0x0d,0x00,0x00,0xff,0x10,0x48,0x8b,0x4c,0x24,0x78,0x48,0x8d,0x01,0x48,
0x8d,0x94,0x24,0xe0,0x12,0x00,0x00,0x48,0x8d,0x9c,0x24,0xf0,0x12,0x00,0x00,0x4c,
0x8d,0x0d,0x72,0x78,0x00,0x00,0x48,0x8d,0x2d,0xaf,0x78,0x00,0x00,0x48,0x8d,0x35,
0x64,0x78,0x00,0x00,0x48,0x8d,0xbc,0x24,0xf8,0x12,0x00,0x00,0x4c,0x8d,0x05,0x55,
0x78,0x00,0x00,0x4c,0x8b,0x15,0x5e,0x7d,0x00,0x00,0x48,0x89,0x6c,0x24,0x20,0x48,
0x89,0x74,0x24,0x28,0x48,0x89,0x7c,0x24,0x30,0x4c,0x89,0x44,0x24,0x38,0x48,0x89,
0xc1,0x49,0x89,0xd8,0x41,0xff,0x12,0x48,0x8d,0x84,0x24,0xf8,0x12,0x00,0x00,0x48,
0x8b,0x0d,0x3a,0x7d,0x00,0x00,0x48,0x89,0x84,0x24,0xf0,0x0c,0x00,0x00,0x48,0x89,
0x8c,0x24,0xd8,0x0c,0x00,0x00,0x48,0x8b,0x84,0x24,0xd8,0x0c,0x00,0x00,0x48,0x8b,
0x8c,0x24,0xf0,0x0c,0x00,0x00,0xff,0x10,0x48,0x8d,0x84,0x24,0xf0,0x12,0x00,0x00,
0x48,0x8b,0x0d,0x09,0x7d,0x00,0x00,0x48,0x89,0x84,0x24,0xe8,0x0c,0x00,0x00,0x48,
0x89,0x8c,0x24,0x10,0x0d,0x00,0x00,0x48,0x8b,0x84,0x24,0x10,0x0d,0x00,0x00,0x48,
0x8b,0x8c,0x24,0xe8,0x0c,0x00,0x00,0xff,0x10,0x48,0x8d,0x84,0x24,0xe0,0x12,0x00,
0x00,0x48,0x8b,0x0d,0xe0,0x7c,0x00,0x00,0x48,0x89,0x84,0x24,0xf8,0x0c,0x00,0x00,
0x48,0x89,0x8c,0x24,0x18,0x0d,0x00,0x00,0x48,0x8b,0x84,0x24,0x18,0x0d,0x00,0x00,
0x48,0x8b,0x8c,0x24,0xf8,0x0c,0x00,0x00,0xff,0x10,0x48,0x8d,0x84,0x24,0xe0,0x12,
0x00,0x00,0x48,0x8d,0x0d,0xeb,0x77,0x00,0x00,0x48,0x8b,0x15,0x68,0x7c,0x00,0x00,
0x48,0x89,0x84,0x24,0x28,0x0d,0x00,0x00,0x48,0x89,0x8c,0x24,0x50,0x0d,0x00,0x00,
0x48,0x89,0x94,0x24,0x48,0x0d,0x00,0x00,0x48,0x8b,0x84,0x24,0x48,0x0d,0x00,0x00,
0x48,0x8b,0x8c,0x24,0x28,0x0d,0x00,0x00,0x48,0x8b,0x94,0x24,0x50,0x0d,0x00,0x00,
0xff,0x10,0x48,0x8b,0x1d,0x9f,0x7c,0x00,0x00,0x48,0x8d,0x84,0x24,0xf0,0x12,0x00,
0x00,0x48,0x8b,0x0d,0x98,0x7c,0x00,0x00,0x48,0x89,0x84,0x24,0x38,0x0d,0x00,0x00,
0x48,0x89,0x8c,0x24,0x20,0x0d,0x00,0x00,0x48,0x8b,0x84,0x24,0x20,0x0d,0x00,0x00,
0x48,0x8b,0x8c,0x24,0x38,0x0d,0x00,0x00,0xff,0x10,0x48,0x8d,0x84,0x24,0xf0,0x12,
0x00,0x00,0x48,0x8d,0x0b,0x48,0x8d,0x15,0x78,0x77,0x00,0x00,0x48,0x8b,0x1d,0x65,
0x7c,0x00,0x00,0x48,0x89,0x8c,0x24,0x30,0x0d,0x00,0x00,0x48,0x89,0x94,0x24,0xc0,
0x0b,0x00,0x00,0x48,0x89,0xc1,0x48,0x8b,0x94,0x24,0x30,0x0d,0x00,0x00,0x4c,0x8b,
0x84,0x24,0xc0,0x0b,0x00,0x00,0xff,0x13,0x48,0x8b,0x4c,0x24,0x78,0x48,0x8d,0x01,
0x48,0x8d,0x94,0x24,0xe0,0x12,0x00,0x00,0x48,0x8d,0x9c,0x24,0xf0,0x12,0x00,0x00,
0x48,0x8b,0x2d,0x29,0x7c,0x00,0x00,0x48,0x89,0xc1,0x49,0x89,0xd8,0xff,0x55,0x00,
0x48,0x8d,0x84,0x24,0xf0,0x12,0x00,0x00,0x48,0x8b,0x0d,0xc9,0x7b,0x00,0x00,0x48,
0x89,0x84,0x24,0xb0,0x0b,0x00,0x00,0x48,0x89,0x8c,0x24,0x90,0x0b,0x00,0x00,0x48,
0x8b,0x84,0x24,0x90,0x0b,0x00,0x00,0x48,0x8b,0x8c,0x24,0xb0,0x0b,0x00,0x00,0xff,
0x10,0x48,0x8d,0x84,0x24,0xe0,0x12,0x00,0x00,0x48,0x8b,0x0d,0x98,0x7b,0x00,0x00,
0x48,0x89,0x84,0x24,0xa8,0x0b,0x00,0x00,0x48,0x89,0x8c,0x24,0x38,0x0a,0x00,0x00,
0x48,0x8b,0x84,0x24,0x38,0x0a,0x00,0x00,0x48,0x8b,0x8c,0x24,0xa8,0x0b,0x00,0x00,
0xff,0x10,0x48,0x8b,0x4c,0x24,0x78,0x48,0x8d,0x01,0x48,0x8b,0x15,0xb7,0x7b,0x00,
0x00,0x48,0x89,0xc1,0xff,0x12,0x48,0x8b,0x4c,0x24,0x78,0x48,0x8d,0x01,0x48,0x8b,
0x15,0xa3,0x7b,0x00,0x00,0x48,0x89,0xc1,0xff,0x12,0x48,0x8d,0x84,0x24,0xe0,0x12,
0x00,0x00,0x48,0x8d,0x0d,0x8f,0x76,0x00,0x00,0x48,0x8b,0x15,0xf8,0x7a,0x00,0x00,
0x48,0x89,0x84,0x24,0x30,0x0a,0x00,0x00,0x48,0x89,0x8c,0x24,0x20,0x0a,0x00,0x00,
0x48,0x89,0x94,0x24,0x08,0x0a,0x00,0x00,0x48,0x8b,0x84,0x24,0x08,0x0a,0x00,0x00,
0x48,0x8b,0x8c,0x24,0x30,0x0a,0x00,0x00,0x48,0x8b,0x94,0x24,0x20,0x0a,0x00,0x00,
0xff,0x10,0x48,0x8b,0x1d,0x27,0x7b,0x00,0x00,0x48,0x8b,0x05,0x10,0x7b,0x00,0x00,
0x48,0x8d,0x8c,0x24,0xf0,0x12,0x00,0x00,0x48,0x8d,0x13,0x48,0x8d,0x00,0x48,0x8b,
0x1d,0xbb,0x7a,0x00,0x00,0x49,0x89,0xc0,0xff,0x13,0x48,0x8b,0x4c,0x24,0x78,0x48,
0x8d,0x01,0x48,0x8d,0x94,0x24,0xe0,0x12,0x00,0x00,0x48,0x8d,0x1d,0xeb,0x75,0x00,
0x00,0x4c,0x8d,0x8c,0x24,0xf0,0x12,0x00,0x00,0x48,0x8d,0x2d,0x98,0x75,0x00,0x00,
0x48,0x8b,0x35,0x09,0x7b,0x00,0x00,0x48,0x89,0x6c,0x24,0x20,0x48,0x89,0xc1,0x49,
0x89,0xd8,0xff,0x16,0x48,0x8d,0x84,0x24,0xf0,0x12,0x00,0x00,0x48,0x8b,0x0d,0x8d,
0x7a,0x00,0x00,0x48,0x89,0x84,0x24,0x18,0x0a,0x00,0x00,0x48,0x89,0x8c,0x24,0x40,
0x0a,0x00,0x00,0x48,0x8b,0x84,0x24,0x40,0x0a,0x00,0x00,0x48,0x8b,0x8c,0x24,0x18,
0x0a,0x00,0x00,0xff,0x10,0x48,0x8d,0x84,0x24,0xe0,0x12,0x00,0x00,0x48,0x8b,0x0d,
0x64,0x7a,0x00,0x00,0x48,0x89,0x84,0x24,0x28,0x0a,0x00,0x00,0x48,0x89,0x8c,0x24,
0x48,0x0a,0x00,0x00,0x48,0x8b,0x84,0x24,0x48,0x0a,0x00,0x00,0x48,0x8b,0x8c,0x24,
0x28,0x0a,0x00,0x00,0xff,0x10,0x48,0x8b,0x1d,0x6b,0x7a,0x00,0x00,0x48,0x8d,0x84,
0x24,0xe0,0x12,0x00,0x00,0x48,0x8b,0x0d,0x64,0x7a,0x00,0x00,0x48,0x89,0x84,0x24,
0x58,0x0a,0x00,0x00,0x48,0x89,0x8c,0x24,0x80,0x0a,0x00,0x00,0x48,0x8b,0x84,0x24,
0x80,0x0a,0x00,0x00,0x48,0x8b,0x8c,0x24,0x58,0x0a,0x00,0x00,0xff,0x10,0x48,0x8d,
0x84,0x24,0xe0,0x12,0x00,0x00,0x48,0x8d,0x0b,0x48,0x8d,0x15,0x5c,0x75,0x00,0x00,
0x48,0x8b,0x1d,0x31,0x7a,0x00,0x00,0x48,0x89,0x8c,0x24,0x78,0x0a,0x00,0x00,0x48,
0x89,0x94,0x24,0x68,0x0a,0x00,0x00,0x48,0x89,0xc1,0x48,0x8b,0x94,0x24,0x78,0x0a,
0x00,0x00,0x4c,0x8b,0x84,0x24,0x68,0x0a,0x00,0x00,0xff,0x13,0x8b,0x05,0xa6,0x74,
0x00,0x00,0x89,0xc6,0x8b,0x05,0xc6,0x74,0x00,0x00,0x89,0xc7,0x8b,0x05,0x96,0x74,
0x00,0x00,0x3b,0x05,0x90,0x74,0x00,0x00,0x40,0x0f,0x94,0xc5,0x8b,0x05,0x86,0x74,
0x00,0x00,0x89,0xc3,0x48,0x8b,0x05,0x35,0x79,0x00,0x00,0x8b,0x40,0x68,0x2b,0x05,
0x9c,0x74,0x00,0x00,0x39,0xc3,0x0f,0x94,0xc0,0x48,0x8b,0x4c,0x24,0x78,0x48,0x8d,
0x11,0x4c,0x8b,0x84,0x24,0x70,0x0c,0x00,0x00,0x49,0x8d,0x18,0x4c,0x8d,0x8c,0x24,
0xe0,0x12,0x00,0x00,0x89,0xb4,0x24,0xf0,0x12,0x00,0x00,0x48,0x8d,0xb4,0x24,0xf0,
0x12,0x00,0x00,0x89,0xbc,0x24,0xf4,0x12,0x00,0x00,0x4c,0x8d,0x9c,0x24,0xf4,0x12,
0x00,0x00,0x40,0x88,0xac,0x24,0xf8,0x12,0x00,0x00,0x4c,0x8d,0x94,0x24,0xf8,0x12,
0x00,0x00,0x88,0x84,0x24,0xf9,0x12,0x00,0x00,0x48,0x8d,0x84,0x24,0xf9,0x12,0x00,
0x00,0x48,0x8d,0xbc,0x24,0xdc,0x12,0x00,0x00,0x49,0x8d,0xa8,0x30,0x01,0x00,0x00,
0x4d,0x8d,0x60,0x28,0x4d,0x8d,0x68,0x20,0x4c,0x8b,0x35,0x79,0x79,0x00,0x00,0x4c,
0x89,0x5c,0x24,0x20,0x4c,0x89,0x54,0x24,0x28,0x48,0x89,0x44,0x24,0x30,0x48,0x89,
0x7c,0x24,0x38,0x48,0x89,0x6c,0x24,0x40,0x4c,0x89,0x64,0x24,0x48,0x4c,0x89,0x6c,
0x24,0x50,0x48,0x89,0x94,0x24,0x50,0x0a,0x00,0x00,0x4c,0x89,0x8c,0x24,0x60,0x0a,
0x00,0x00,0x48,0x8b,0x8c,0x24,0x50,0x0a,0x00,0x00,0x48,0x89,0xda,0x4c,0x8b,0x84,
0x24,0x60,0x0a,0x00,0x00,0x49,0x89,0xf1,0x41,0xff,0x16,0x48,0x8d,0x84,0x24,0xe0,
0x12,0x00,0x00,0x48,0x8b,0x0d,0xbe,0x78,0x00,0x00,0x48,0x89,0x84,0x24,0x10,0x0a,
0x00,0x00,0x48,0x89,0x8c,0x24,0x00,0x0a,0x00,0x00,0x48,0x8b,0x84,0x24,0x00,0x0a,
0x00,0x00,0x48,0x8b,0x8c,0x24,0x10,0x0a,0x00,0x00,0xff,0x10,0x48,0x8b,0x1d,0xc5,
0x78,0x00,0x00,0x48,0x8d,0x84,0x24,0xe0,0x12,0x00,0x00,0x48,0x8b,0x0d,0xbe,0x78,
0x00,0x00,0x48,0x89,0x84,0x24,0xe0,0x09,0x00,0x00,0x48,0x89,0x8c,0x24,0xf8,0x09,
0x00,0x00,0x48,0x8b,0x84,0x24,0xf8,0x09,0x00,0x00,0x48,0x8b,0x8c,0x24,0xe0,0x09,
0x00,0x00,0xff,0x10,0x48,0x8d,0x84,0x24,0xe0,0x12,0x00,0x00,0x48,0x8d,0x0b,0x48,
0x8d,0x15,0xba,0x73,0x00,0x00,0x48,0x8b,0x1d,0x8b,0x78,0x00,0x00,0x48,0x89,0x8c,
0x24,0xa8,0x09,0x00,0x00,0x48,0x89,0x94,0x24,0xa0,0x09,0x00,0x00,0x48,0x89,0xc1,
0x48,0x8b,0x94,0x24,0xa8,0x09,0x00,0x00,0x4c,0x8b,0x84,0x24,0xa0,0x09,0x00,0x00,
0xff,0x13,0x8b,0x05,0x28,0x73,0x00,0x00,0x89,0xc7,0x8b,0x05,0x20,0x73,0x00,0x00,
0x89,0xc6,0x8b,0x05,0x18,0x73,0x00,0x00,0x3b,0x05,0xea,0x72,0x00,0x00,0x40,0x0f,
0x94,0xc5,0x8b,0x05,0x08,0x73,0x00,0x00,0x89,0xc3,0x48,0x8b,0x05,0x8f,0x77,0x00,
0x00,0x8b,0x40,0x68,0x2b,0x05,0xf6,0x72,0x00,0x00,0x39,0xc3,0x0f,0x94,0xc0,0x48,
0x8b,0x4c,0x24,0x78,0x48,0x8d,0x11,0x4c,0x8b,0x84,0x24,0x70,0x0c,0x00,0x00,0x49,
0x8d,0x18,0x4c,0x8d,0x8c,0x24,0xe0,0x12,0x00,0x00,0x89,0xbc,0x24,0xf0,0x12,0x00,
0x00,0x48,0x8d,0xbc,0x24,0xf0,0x12,0x00,0x00,0x89,0xb4,0x24,0xf4,0x12,0x00,0x00,
0x4c,0x8d,0x9c,0x24,0xf4,0x12,0x00,0x00,0x40,0x88,0xac,0x24,0xf8,0x12,0x00,0x00,
0x4c,0x8d,0x94,0x24,0xf8,0x12,0x00,0x00,0x88,0x84,0x24,0xf9,0x12,0x00,0x00,0x48,
0x8d,0x84,0x24,0xf9,0x12,0x00,0x00,0x48,0x8d,0xac,0x24,0xdc,0x12,0x00,0x00,0x49,
0x8d,0xb0,0x31,0x01,0x00,0x00,0x4d,0x8d,0x60,0x28,0x4d,0x8d,0x68,0x20,0x4c,0x8b,
0x35,0xd3,0x77,0x00,0x00,0x4c,0x89,0x5c,0x24,0x20,0x4c,0x89,0x54,0x24,0x28,0x48,
0x89,0x44,0x24,0x30,0x48,0x89,0x6c,0x24,0x38,0x48,0x89,0x74,0x24,0x40,0x4c,0x89,
0x64,0x24,0x48,0x4c,0x89,0x6c,0x24,0x50,0x48,0x89,0x94,0x24,0x90,0x09,0x00,0x00,
0x4c,0x89,0x8c,0x24,0x78,0x09,0x00,0x00,0x48,0x8b,0x8c,0x24,0x90,0x09,0x00,0x00,
0x48,0x89,0xda,0x4c,0x8b,0x84,0x24,0x78,0x09,0x00,0x00,0x49,0x89,0xf9,0x41,0xff,
0x16,0x48,0x8d,0x84,0x24,0xe0,0x12,0x00,0x00,0x48,0x8b,0x0d,0x18,0x77,0x00,0x00,
0x48,0x89,0x84,0x24,0x88,0x09,0x00,0x00,0x48,0x89,0x8c,0x24,0xb0,0x09,0x00,0x00,
0x48,0x8b,0x84,0x24,0xb0,0x09,0x00,0x00,0x48,0x8b,0x8c,0x24,0x88,0x09,0x00,0x00,
0xff,0x10,0x48,0x8b,0x1d,0x1f,0x77,0x00,0x00,0x48,0x8d,0x84,0x24,0xe0,0x12,0x00,
0x00,0x48,0x8b,0x0d,0x18,0x77,0x00,0x00,0x48,0x89,0x84,0x24,0x98,0x09,0x00,0x00,
0x48,0x89,0x8c,0x24,0xb8,0x09,0x00,0x00,0x48,0x8b,0x84,0x24,0xb8,0x09,0x00,0x00,
0x48,0x8b,0x8c,0x24,0x98,0x09,0x00,0x00,0xff,0x10,0x48,0x8d,0x84,0x24,0xe0,0x12,
0x00,0x00,0x48,0x8d,0x0b,0x48,0x8d,0x15,0x18,0x72,0x00,0x00,0x48,0x8b,0x1d,0xe5,
0x76,0x00,0x00,0x48,0x89,0x8c,0x24,0xc8,0x09,0x00,0x00,0x48,0x89,0x94,0x24,0xf0,
0x09,0x00,0x00,0x48,0x89,0xc1,0x48,0x8b,0x94,0x24,0xc8,0x09,0x00,0x00,0x4c,0x8b,
0x84,0x24,0xf0,0x09,0x00,0x00,0xff,0x13,0x8b,0x05,0x9e,0x71,0x00,0x00,0x89,0xc7,
0x8b,0x05,0x7a,0x71,0x00,0x00,0x89,0xc6,0x8b,0x05,0x8e,0x71,0x00,0x00,0x3b,0x05,
0x44,0x71,0x00,0x00,0x40,0x0f,0x94,0xc5,0x8b,0x05,0x7e,0x71,0x00,0x00,0x89,0xc3,
0x48,0x8b,0x05,0xe9,0x75,0x00,0x00,0x8b,0x40,0x68,0x2b,0x05,0x50,0x71,0x00,0x00,
0x39,0xc3,0x0f,0x94,0xc0,0x48,0x8b,0x4c,0x24,0x78,0x48,0x8d,0x11,0x4c,0x8b,0x84,
0x24,0x70,0x0c,0x00,0x00,0x49,0x8d,0x18,0x4c,0x8d,0x8c,0x24,0xe0,0x12,0x00,0x00,
0x4c,0x8d,0x15,0x91,0x71,0x00,0x00,0x4c,0x8d,0x35,0x92,0x71,0x00,0x00,0x4c,0x8d,
0x2d,0x83,0x71,0x00,0x00,0x89,0xbc,0x24,0xf0,0x12,0x00,0x00,0x4c,0x8d,0xa4,0x24,
0xf0,0x12,0x00,0x00,0x89,0xb4,0x24,0xf4,0x12,0x00,0x00,0x4c,0x8d,0x9c,0x24,0xf4,
0x12,0x00,0x00,0x40,0x88,0xac,0x24,0xf8,0x12,0x00,0x00,0x48,0x8d,0xac,0x24,0xf8,
0x12,0x00,0x00,0x88,0x84,0x24,0xf9,0x12,0x00,0x00,0x48,0x8d,0xb4,0x24,0xf9,0x12,
0x00,0x00,0x48,0x8d,0x84,0x24,0xdc,0x12,0x00,0x00,0x49,0x8d,0xb8,0x38,0x01,0x00,
0x00,0x4d,0x8d,0x78,0x28,0x4d,0x8d,0x40,0x20,0x48,0x8b,0x0d,0x20,0x76,0x00,0x00,
0x4c,0x89,0x74,0x24,0x20,0x4c,0x89,0x6c,0x24,0x28,0x4c,0x89,0x64,0x24,0x30,0x4c,
0x89,0x5c,0x24,0x38,0x48,0x89,0x6c,0x24,0x40,0x48,0x89,0x74,0x24,0x48,0x48,0x89,
0x44,0x24,0x50,0x48,0x89,0x7c,0x24,0x58,0x4c,0x89,0x7c,0x24,0x60,0x4c,0x89,0x44,
0x24,0x68,0x48,0x89,0x8c,0x24,0xe8,0x09,0x00,0x00,0x48,0x89,0x94,0x24,0xd8,0x09,
0x00,0x00,0x4c,0x89,0x8c,0x24,0xc0,0x09,0x00,0x00,0x4c,0x89,0x94,0x24,0xd0,0x09,
0x00,0x00,0x4c,0x8b,0x94,0x24,0xe8,0x09,0x00,0x00,0x48,0x8b,0x8c,0x24,0xd8,0x09,
0x00,0x00,0x48,0x89,0xda,0x4c,0x8b,0x84,0x24,0xc0,0x09,0x00,0x00,0x4c,0x8b,0x8c,
0x24,0xd0,0x09,0x00,0x00,0x41,0xff,0x12,0x48,0x8d,0x84,0x24,0xe0,0x12,0x00,0x00,
0x48,0x8b,0x0d,0x31,0x75,0x00,0x00,0x48,0x89,0x84,0x24,0x88,0x0a,0x00,0x00,0x48,
0x89,0x8c,0x24,0x70,0x0a,0x00,0x00,0x48,0x8b,0x84,0x24,0x70,0x0a,0x00,0x00,0x48,
0x8b,0x8c,0x24,0x88,0x0a,0x00,0x00,0xff,0x10,0x48,0x8b,0x1d,0x38,0x75,0x00,0x00,
0x48,0x8d,0x84,0x24,0xe0,0x12,0x00,0x00,0x48,0x8b,0x0d,0x31,0x75,0x00,0x00,0x48,
0x89,0x84,0x24,0x90,0x0a,0x00,0x00,0x48,0x89,0x8c,0x24,0xa0,0x0a,0x00,0x00,0x48,
0x8b,0x84,0x24,0xa0,0x0a,0x00,0x00,0x48,0x8b,0x8c,0x24,0x90,0x0a,0x00,0x00,0xff,
0x10,0x48,0x8d,0x84,0x24,0xe0,0x12,0x00,0x00,0x48,0x8d,0x0b,0x48,0x8d,0x15,0x45,
0x70,0x00,0x00,0x48,0x8b,0x1d,0xfe,0x74,0x00,0x00,0x48,0x89,0x8c,0x24,0x58,0x0b,
0x00,0x00,0x48,0x89,0x94,0x24,0x50,0x0b,0x00,0x00,0x48,0x89,0xc1,0x48,0x8b,0x94,
0x24,0x58,0x0b,0x00,0x00,0x4c,0x8b,0x84,0x24,0x50,0x0b,0x00,0x00,0xff,0x13,0x8b,
0x05,0x33,0x70,0x00,0x00,0x89,0xc6,0x8b,0x05,0x93,0x6f,0x00,0x00,0x89,0xc7,0x8b,
0x05,0x23,0x70,0x00,0x00,0x3b,0x05,0x5d,0x6f,0x00,0x00,0x40,0x0f,0x94,0xc5,0x8b,
0x05,0x13,0x70,0x00,0x00,0x89,0xc3,0x48,0x8b,0x05,0x02,0x74,0x00,0x00,0x8b,0x40,
0x68,0x2b,0x05,0x69,0x6f,0x00,0x00,0x39,0xc3,0x0f,0x94,0xc0,0x48,0x8b,0x4c,0x24,
0x78,0x48,0x8d,0x11,0x4c,0x8b,0x84,0x24,0x70,0x0c,0x00,0x00,0x49,0x8d,0x18,0x4c,
0x8d,0x8c,0x24,0xe0,0x12,0x00,0x00,0x4c,0x8d,0x15,0xc2,0x6f,0x00,0x00,0x4c,0x8d,
0x2d,0xc3,0x6f,0x00,0x00,0x4c,0x8d,0x35,0xc4,0x6f,0x00,0x00,0x89,0xb4,0x24,0xf0,
0x12,0x00,0x00,0x4c,0x8d,0xa4,0x24,0xf0,0x12,0x00,0x00,0x89,0xbc,0x24,0xf4,0x12,
0x00,0x00,0x4c,0x8d,0x9c,0x24,0xf4,0x12,0x00,0x00,0x40,0x88,0xac,0x24,0xf8,0x12,
0x00,0x00,0x48,0x8d,0xac,0x24,0xf8,0x12,0x00,0x00,0x88,0x84,0x24,0xf9,0x12,0x00,
0x00,0x48,0x8d,0xb4,0x24,0xf9,0x12,0x00,0x00,0x48,0x8d,0x84,0x24,0xdc,0x12,0x00,
0x00,0x49,0x8d,0xb8,0x40,0x01,0x00,0x00,0x4d,0x8d,0x78,0x28,0x4d,0x8d,0x40,0x20,
0x48,0x8b,0x0d,0x39,0x74,0x00,0x00,0x4c,0x89,0x6c,0x24,0x20,0x4c,0x89,0x74,0x24,
0x28,0x4c,0x89,0x64,0x24,0x30,0x4c,0x89,0x5c,0x24,0x38,0x48,0x89,0x6c,0x24,0x40,
0x48,0x89,0x74,0x24,0x48,0x48,0x89,0x44,0x24,0x50,0x48,0x89,0x7c,0x24,0x58,0x4c,
0x89,0x7c,0x24,0x60,0x4c,0x89,0x44,0x24,0x68,0x48,0x89,0xcf,0x48,0x89,0x94,0x24,
0x40,0x0b,0x00,0x00,0x4c,0x89,0x8c,0x24,0x28,0x0b,0x00,0x00,0x48,0x8b,0x8c,0x24,
0x40,0x0b,0x00,0x00,0x48,0x89,0xda,0x4c,0x8b,0x84,0x24,0x28,0x0b,0x00,0x00,0x4d,
0x89,0xd1,0xff,0x17,0x48,0x8d,0x84,0x24,0xe0,0x12,0x00,0x00,0x48,0x8b,0x0d,0x65,
0x73,0x00,0x00,0x48,0x89,0x84,0x24,0x38,0x0b,0x00,0x00,0x48,0x89,0x8c,0x24,0x60,
0x0b,0x00,0x00,0x48,0x8b,0x84,0x24,0x60,0x0b,0x00,0x00,0x48,0x8b,0x8c,0x24,0x38,
0x0b,0x00,0x00,0xff,0x10,0x48,0x8b,0x4c,0x24,0x78,0x48,0x8d,0x01,0x48,0x8b,0x15,
0x84,0x73,0x00,0x00,0x48,0x89,0xc1,0xff,0x12,0x48,0x8b,0x4c,0x24,0x78,0x48,0x8d,
0x01,0x48,0x8b,0x15,0x70,0x73,0x00,0x00,0x48,0x89,0xc1,0xff,0x12,0x48,0x8d,0x84,
0x24,0xe0,0x12,0x00,0x00,0x48,0x8d,0x0d,0xb0,0x6e,0x00,0x00,0x48,0x8b,0x15,0xc5,
0x72,0x00,0x00,0x48,0x89,0x84,0x24,0x48,0x0b,0x00,0x00,0x48,0x89,0x8c,0x24,0x68,
0x0b,0x00,0x00,0x48,0x89,0x94,0x24,0x78,0x0b,0x00,0x00,0x48,0x8b,0x84,0x24,0x78,
0x0b,0x00,0x00,0x48,0x8b,0x8c,0x24,0x48,0x0b,0x00,0x00,0x48,0x8b,0x94,0x24,0x68,
0x0b,0x00,0x00,0xff,0x10,0x48,0x8b,0x3d,0x94,0x72,0x00,0x00,0x48,0x8b,0x35,0xd5,
0x72,0x00,0x00,0x48,0x8b,0x2d,0xd6,0x72,0x00,0x00,0x48,0x8b,0x05,0x57,0x72,0x00,
0x00,0x8b,0x58,0x68,0x8b,0x45,0x00,0x0f,0xaf,0xc3,0x8b,0x1e,0x01,0xc3,0x48,0x8d,
0x84,0x24,0xf0,0x12,0x00,0x00,0x48,0x8d,0x0f,0x89,0x9c,0x24,0xf8,0x12,0x00,0x00,
0x48,0x8d,0x94,0x24,0xf8,0x12,0x00,0x00,0x48,0x8b,0x1d,0x61,0x72,0x00,0x00,0x48,
0x89,0x8c,0x24,0xa0,0x0b,0x00,0x00,0x48,0x89,0x94,0x24,0x98,0x0b,0x00,0x00,0x48,
0x89,0xc1,0x48,0x8b,0x94,0x24,0xa0,0x0b,0x00,0x00,0x4c,0x8b,0x84,0x24,0x98,0x0b,
0x00,0x00,0xff,0x13,0x48,0x8d,0x84,0x24,0xfc,0x12,0x00,0x00,0x48,0x8b,0x0d,0x35,
0x72,0x00,0x00,0x48,0x89,0x84,0x24,0x88,0x0b,0x00,0x00,0x48,0x89,0x8c,0x24,0x70,
0x0b,0x00,0x00,0x48,0x8b,0x84,0x24,0x70,0x0b,0x00,0x00,0x48,0x8b,0x8c,0x24,0x88,
0x0b,0x00,0x00,0xff,0x10,0x48,0x8b,0x4c,0x24,0x78,0x48,0x8d,0x01,0x48,0x8d,0x94,
0x24,0xe0,0x12,0x00,0x00,0x48,0x8d,0x9c,0x24,0xf0,0x12,0x00,0x00,0x48,0x8d,0x2d,
0xf4,0x6c,0x00,0x00,0x48,0x8d,0x35,0xed,0x6c,0x00,0x00,0x48,0x8d,0x3d,0x0e,0x6d,
0x00,0x00,0x4c,0x8d,0x84,0x24,0xfc,0x12,0x00,0x00,0x4c,0x8d,0x0d,0xd7,0x6c,0x00,
0x00,0x4c,0x8d,0x15,0xb9,0x6c,0x00,0x00,0x4c,0x8b,0x1d,0x09,0x72,0x00,0x00,0x48,
0x89,0x74,0x24,0x20,0x48,0x89,0x7c,0x24,0x28,0x4c,0x89,0x44,0x24,0x30,0x4c,0x89,
0x4c,0x24,0x38,0x4c,0x89,0x54,0x24,0x40,0x48,0x89,0xc1,0x49,0x89,0xd8,0x49,0x89,
0xe9,0x41,0xff,0x13,0x48,0x8d,0x84,0x24,0xfc,0x12,0x00,0x00,0x48,0x8b,0x0d,0xad,
0x71,0x00,0x00,0x48,0x89,0x84,0x24,0x80,0x0b,0x00,0x00,0x48,0x89,0x8c,0x24,0x30,
0x0b,0x00,0x00,0x48,0x8b,0x84,0x24,0x30,0x0b,0x00,0x00,0x48,0x8b,0x8c,0x24,0x80,
0x0b,0x00,0x00,0xff,0x10,0x48,0x8d,0x84,0x24,0xf0,0x12,0x00,0x00,0x48,0x8b,0x0d,
0x7c,0x71,0x00,0x00,0x48,0x89,0x84,0x24,0x20,0x0b,0x00,0x00,0x48,0x89,0x8c,0x24,
0x00,0x0b,0x00,0x00,0x48,0x8b,0x84,0x24,0x00,0x0b,0x00,0x00,0x48,0x8b,0x8c,0x24,
0x20,0x0b,0x00,0x00,0xff,0x10,0x48,0x8d,0x84,0x24,0xe0,0x12,0x00,0x00,0x48,0x8b,
0x0d,0x53,0x71,0x00,0x00,0x48,0x89,0x84,0x24,0x18,0x0b,0x00,0x00,0x48,0x89,0x8c,
0x24,0xc8,0x0a,0x00,0x00,0x48,0x8b,0x84,0x24,0xc8,0x0a,0x00,0x00,0x48,0x8b,0x8c,
0x24,0x18,0x0b,0x00,0x00,0xff,0x10,0x48,0x8d,0x84,0x24,0xe0,0x12,0x00,0x00,0x48,
0x8d,0x0d,0xd9,0x6c,0x00,0x00,0x48,0x8b,0x15,0xdb,0x70,0x00,0x00,0x48,0x89,0x84,
0x24,0xc0,0x0a,0x00,0x00,0x48,0x89,0x8c,0x24,0xb0,0x0a,0x00,0x00,0x48,0x89,0x94,
0x24,0x98,0x0a,0x00,0x00,0x48,0x8b,0x84,0x24,0x98,0x0a,0x00,0x00,0x48,0x8b,0x8c,
0x24,0xc0,0x0a,0x00,0x00,0x48,0x8b,0x94,0x24,0xb0,0x0a,0x00,0x00,0xff,0x10,0x48,
0x8b,0x05,0x0a,0x71,0x00,0x00,0x8b,0x00,0x0f,0xaf,0x05,0x79,0x6c,0x00,0x00,0x48,
0x8b,0x1d,0xe2,0x70,0x00,0x00,0x48,0x8d,0x8c,0x24,0xf0,0x12,0x00,0x00,0x89,0x84,
0x24,0xf8,0x12,0x00,0x00,0x48,0x8d,0x84,0x24,0xf8,0x12,0x00,0x00,0x48,0x8d,0x13,
0x48,0x8b,0x1d,0x89,0x70,0x00,0x00,0x48,0x89,0x94,0x24,0xa8,0x0a,0x00,0x00,0x48,
0x89,0xc2,0x4c,0x8b,0x84,0x24,0xa8,0x0a,0x00,0x00,0xff,0x13,0x48,0x8d,0x84,0x24,
0xfc,0x12,0x00,0x00,0x48,0x8b,0x0d,0x6d,0x70,0x00,0x00,0x48,0x89,0x84,0x24,0xd0,
0x0a,0x00,0x00,0x48,0x89,0x8c,0x24,0xb8,0x0a,0x00,0x00,0x48,0x8b,0x84,0x24,0xb8,
0x0a,0x00,0x00,0x48,0x8b,0x8c,0x24,0xd0,0x0a,0x00,0x00,0xff,0x10,0x48,0x8b,0x4c,
0x24,0x78,0x48,0x8d,0x01,0x48,0x8d,0x94,0x24,0xe0,0x12,0x00,0x00,0x48,0x8d,0x9c,
0x24,0xf0,0x12,0x00,0x00,0x4c,0x8d,0x0d,0x2c,0x6b,0x00,0x00,0x48,0x8d,0x35,0x69,
0x6b,0x00,0x00,0x48,0x8d,0x2d,0x1e,0x6b,0x00,0x00,0x48,0x8d,0xbc,0x24,0xfc,0x12,
0x00,0x00,0x4c,0x8d,0x05,0x0f,0x6b,0x00,0x00,0x4c,0x8d,0x15,0xf1,0x6a,0x00,0x00,
0x4c,0x8b,0x1d,0x41,0x70,0x00,0x00,0x48,0x89,0x74,0x24,0x20,0x48,0x89,0x6c,0x24,
0x28,0x48,0x89,0x7c,0x24,0x30,0x4c,0x89,0x44,0x24,0x38,0x4c,0x89,0x54,0x24,0x40,
0x48,0x89,0xc1,0x49,0x89,0xd8,0x41,0xff,0x13,0x48,0x8d,0x84,0x24,0xfc,0x12,0x00,
0x00,0x48,0x8b,0x0d,0xe8,0x6f,0x00,0x00,0x48,0x89,0x84,0x24,0xd8,0x0a,0x00,0x00,
0x48,0x89,0x8c,0x24,0xe8,0x0a,0x00,0x00,0x48,0x8b,0x84,0x24,0xe8,0x0a,0x00,0x00,
0x48,0x8b,0x8c,0x24,0xd8,0x0a,0x00,0x00,0xff,0x10,0x48,0x8d,0x84,0x24,0xf0,0x12,
0x00,0x00,0x48,0x8b,0x0d,0xb7,0x6f,0x00,0x00,0x48,0x89,0x84,0x24,0x10,0x0b,0x00,
0x00,0x48,0x89,0x8c,0x24,0x08,0x0b,0x00,0x00,0x48,0x8b,0x84,0x24,0x08,0x0b,0x00,
0x00,0x48,0x8b,0x8c,0x24,0x10,0x0b,0x00,0x00,0xff,0x10,0x48,0x8d,0x84,0x24,0xe0,
0x12,0x00,0x00,0x48,0x8b,0x0d,0x8e,0x6f,0x00,0x00,0x48,0x89,0x84,0x24,0xf8,0x0a,
0x00,0x00,0x48,0x89,0x8c,0x24,0xe0,0x0a,0x00,0x00,0x48,0x8b,0x84,0x24,0xe0,0x0a,
0x00,0x00,0x48,0x8b,0x8c,0x24,0xf8,0x0a,0x00,0x00,0xff,0x10,0x48,0x8d,0x84,0x24,
0xe0,0x12,0x00,0x00,0x48,0x8d,0x0d,0x2d,0x6b,0x00,0x00,0x48,0x8b,0x15,0x16,0x6f,
0x00,0x00,0x48,0x89,0x84,0x24,0xf0,0x0a,0x00,0x00,0x48,0x89,0x8c,0x24,0xf0,0x0d,
0x00,0x00,0x48,0x89,0x94,0x24,0xd8,0x0d,0x00,0x00,0x48,0x8b,0x84,0x24,0xd8,0x0d,
0x00,0x00,0x48,0x8b,0x8c,0x24,0xf0,0x0a,0x00,0x00,0x48,0x8b,0x94,0x24,0xf0,0x0d,
0x00,0x00,0xff,0x10,0x48,0x8b,0x1d,0x45,0x6f,0x00,0x00,0x48,0x8b,0x05,0x26,0x6f,
0x00,0x00,0x48,0x8d,0x8c,0x24,0xf0,0x12,0x00,0x00,0x48,0x8d,0x13,0x48,0x8d,0x00,
0x48,0x8b,0x1d,0xd9,0x6e,0x00,0x00,0x49,0x89,0xc0,0xff,0x13,0x48,0x8d,0x84,0x24,
0xf8,0x12,0x00,0x00,0x48,0x8b,0x0d,0xcd,0x6e,0x00,0x00,0x48,0x89,0x84,0x24,0xf8,
0x0d,0x00,0x00,0x48,0x89,0x8c,0x24,0x08,0x0e,0x00,0x00,0x48,0x8b,0x84,0x24,0x08,
0x0e,0x00,0x00,0x48,0x8b,0x8c,0x24,0xf8,0x0d,0x00,0x00,0xff,0x10,0x48,0x8b,0x4c,
0x24,0x78,0x48,0x8d,0x01,0x48,0x8d,0x94,0x24,0xe0,0x12,0x00,0x00,0x48,0x8d,0x9c,
0x24,0xf0,0x12,0x00,0x00,0x4c,0x8d,0x0d,0x8c,0x69,0x00,0x00,0x48,0x8d,0x2d,0xc9,
0x69,0x00,0x00,0x48,0x8d,0x35,0x7e,0x69,0x00,0x00,0x48,0x8d,0xbc,0x24,0xf8,0x12,
0x00,0x00,0x4c,0x8d,0x05,0x6f,0x69,0x00,0x00,0x4c,0x8b,0x15,0x78,0x6e,0x00,0x00,
0x48,0x89,0x6c,0x24,0x20,0x48,0x89,0x74,0x24,0x28,0x48,0x89,0x7c,0x24,0x30,0x4c,
0x89,0x44,0x24,0x38,0x48,0x89,0xc1,0x49,0x89,0xd8,0x41,0xff,0x12,0x48,0x8d,0x84,
0x24,0xf8,0x12,0x00,0x00,0x48,0x8b,0x0d,0x54,0x6e,0x00,0x00,0x48,0x89,0x84,0x24,
0x00,0x11,0x00,0x00,0x48,0x89,0x8c,0x24,0xf8,0x10,0x00,0x00,0x48,0x8b,0x84,0x24,
0xf8,0x10,0x00,0x00,0x48,0x8b,0x8c,0x24,0x00,0x11,0x00,0x00,0xff,0x10,0x48,0x8d,
0x84,0x24,0xf0,0x12,0x00,0x00,0x48,0x8b,0x0d,0x23,0x6e,0x00,0x00,0x48,0x89,0x84,
0x24,0xe8,0x10,0x00,0x00,0x48,0x89,0x8c,0x24,0xd0,0x10,0x00,0x00,0x48,0x8b,0x84,
0x24,0xd0,0x10,0x00,0x00,0x48,0x8b,0x8c,0x24,0xe8,0x10,0x00,0x00,0xff,0x10,0x48,
0x8d,0x84,0x24,0xe0,0x12,0x00,0x00,0x48,0x8b,0x0d,0xfa,0x6d,0x00,0x00,0x48,0x89,
0x84,0x24,0xe0,0x10,0x00,0x00,0x48,0x89,0x8c,0x24,0x08,0x11,0x00,0x00,0x48,0x8b,
0x84,0x24,0x08,0x11,0x00,0x00,0x48,0x8b,0x8c,0x24,0xe0,0x10,0x00,0x00,0xff,0x10,
0x48,0x8d,0x84,0x24,0xe0,0x12,0x00,0x00,0x48,0x8d,0x0d,0xb1,0x69,0x00,0x00,0x48,
0x8b,0x15,0x82,0x6d,0x00,0x00,0x48,0x89,0x84,0x24,0xf0,0x10,0x00,0x00,0x48,0x89,
0x8c,0x24,0x10,0x11,0x00,0x00,0x48,0x89,0x94,0x24,0x20,0x11,0x00,0x00,0x48,0x8b,
0x84,0x24,0x20,0x11,0x00,0x00,0x48,0x8b,0x8c,0x24,0xf0,0x10,0x00,0x00,0x48,0x8b,
0x94,0x24,0x10,0x11,0x00,0x00,0xff,0x10,0x48,0x8b,0x1d,0xb9,0x6d,0x00,0x00,0x48,
0x8d,0x84,0x24,0xf0,0x12,0x00,0x00,0x48,0x8b,0x0d,0xb2,0x6d,0x00,0x00,0x48,0x89,
0x84,0x24,0x48,0x11,0x00,0x00,0x48,0x89,0x8c,0x24,0x40,0x11,0x00,0x00,0x48,0x8b,
0x84,0x24,0x40,0x11,0x00,0x00,0x48,0x8b,0x8c,0x24,0x48,0x11,0x00,0x00,0xff,0x10,
0x48,0x8d,0x84,0x24,0xf0,0x12,0x00,0x00,0x48,0x8d,0x0b,0x48,0x8d,0x15,0x42,0x69,
0x00,0x00,0x48,0x8b,0x1d,0x7f,0x6d,0x00,0x00,0x48,0x89,0x8c,0x24,0x30,0x11,0x00,
0x00,0x48,0x89,0x94,0x24,0x18,0x11,0x00,0x00,0x48,0x89,0xc1,0x48,0x8b,0x94,0x24,
0x30,0x11,0x00,0x00,0x4c,0x8b,0x84,0x24,0x18,0x11,0x00,0x00,0xff,0x13,0x48,0x8b,
0x4c,0x24,0x78,0x48,0x8d,0x01,0x48,0x8d,0x94,0x24,0xe0,0x12,0x00,0x00,0x48,0x8d,
0x9c,0x24,0xf0,0x12,0x00,0x00,0x48,0x8b,0x2d,0x43,0x6d,0x00,0x00,0x48,0x89,0xc1,
0x49,0x89,0xd8,0xff,0x55,0x00,0x48,0x8d,0x84,0x24,0xf0,0x12,0x00,0x00,0x48,0x8b,
0x0d,0xe3,0x6c,0x00,0x00,0x48,0x89,0x84,0x24,0x28,0x11,0x00,0x00,0x48,0x89,0x8c,
0x24,0xd8,0x10,0x00,0x00,0x48,0x8b,0x84,0x24,0xd8,0x10,0x00,0x00,0x48,0x8b,0x8c,
0x24,0x28,0x11,0x00,0x00,0xff,0x10,0x48,0x8d,0x84,0x24,0xe0,0x12,0x00,0x00,0x48,
0x8b,0x0d,0xb2,0x6c,0x00,0x00,0x48,0x89,0x84,0x24,0xc8,0x10,0x00,0x00,0x48,0x89,
0x8c,0x24,0xa8,0x10,0x00,0x00,0x48,0x8b,0x84,0x24,0xa8,0x10,0x00,0x00,0x48,0x8b,
0x8c,0x24,0xc8,0x10,0x00,0x00,0xff,0x10,0x48,0x8b,0x4c,0x24,0x78,0x48,0x8d,0x01,
0x48,0x8b,0x15,0xd1,0x6c,0x00,0x00,0x48,0x89,0xc1,0xff,0x12,0x48,0x8d,0x84,0x24,
0xe0,0x12,0x00,0x00,0x48,0x8d,0x0d,0x6d,0x68,0x00,0x00,0x48,0x8b,0x15,0x26,0x6c,
0x00,0x00,0x48,0x89,0x84,0x24,0xc0,0x10,0x00,0x00,0x48,0x89,0x8c,0x24,0x70,0x10,
0x00,0x00,0x48,0x89,0x94,0x24,0x68,0x10,0x00,0x00,0x48,0x8b,0x84,0x24,0x68,0x10,
0x00,0x00,0x48,0x8b,0x8c,0x24,0xc0,0x10,0x00,0x00,0x48,0x8b,0x94,0x24,0x70,0x10,
0x00,0x00,0xff,0x10,0x48,0x8b,0x05,0x55,0x6c,0x00,0x00,0x48,0x8b,0x1d,0x36,0x6c,
0x00,0x00,0x48,0x8d,0x8c,0x24,0xf0,0x12,0x00,0x00,0x48,0x8d,0x00,0x48,0x8d,0x13,
0x48,0x8b,0x1d,0xe9,0x6b,0x00,0x00,0x48,0x89,0x94,0x24,0x58,0x10,0x00,0x00,0x48,
0x89,0xc2,0x4c,0x8b,0x84,0x24,0x58,0x10,0x00,0x00,0xff,0x13,0x48,0x8d,0x84,0x24,
0xf8,0x12,0x00,0x00,0x48,0x8b,0x0d,0xcd,0x6b,0x00,0x00,0x48,0x89,0x84,0x24,0x40,
0x10,0x00,0x00,0x48,0x89,0x8c,0x24,0x50,0x10,0x00,0x00,0x48,0x8b,0x84,0x24,0x50,
0x10,0x00,0x00,0x48,0x8b,0x8c,0x24,0x40,0x10,0x00,0x00,0xff,0x10,0x48,0x8b,0x4c,
0x24,0x78,0x48,0x8d,0x01,0x48,0x8d,0x94,0x24,0xe0,0x12,0x00,0x00,0x48,0x8d,0x9c,
0x24,0xf0,0x12,0x00,0x00,0x4c,0x8d,0x0d,0x8c,0x66,0x00,0x00,0x48,0x8d,0x35,0xc9,
0x66,0x00,0x00,0x48,0x8d,0x3d,0x7e,0x66,0x00,0x00,0x48,0x8d,0xac,0x24,0xf8,0x12,
0x00,0x00,0x4c,0x8d,0x05,0x6f,0x66,0x00,0x00,0x4c,0x8b,0x15,0x78,0x6b,0x00,0x00,
0x48,0x89,0x74,0x24,0x20,0x48,0x89,0x7c,0x24,0x28,0x48,0x89,0x6c,0x24,0x30,0x4c,
0x89,0x44,0x24,0x38,0x48,0x89,0xc1,0x49,0x89,0xd8,0x41,0xff,0x12,0x48,0x8d,0x84,
0x24,0xf8,0x12,0x00,0x00,0x48,0x8b,0x0d,0x54,0x6b,0x00,0x00,0x48,0x89,0x84,0x24,
0x78,0x10,0x00,0x00,0x48,0x89,0x8c,0x24,0x60,0x10,0x00,0x00,0x48,0x8b,0x84,0x24,
0x60,0x10,0x00,0x00,0x48,0x8b,0x8c,0x24,0x78,0x10,0x00,0x00,0xff,0x10,0x48,0x8d,
0x84,0x24,0xf0,0x12,0x00,0x00,0x48,0x8b,0x0d,0x23,0x6b,0x00,0x00,0x48,0x89,0x84,
0x24,0x80,0x10,0x00,0x00,0x48,0x89,0x8c,0x24,0x90,0x10,0x00,0x00,0x48,0x8b,0x84,
0x24,0x90,0x10,0x00,0x00,0x48,0x8b,0x8c,0x24,0x80,0x10,0x00,0x00,0xff,0x10,0x48,
0x8d,0x84,0x24,0xe0,0x12,0x00,0x00,0x48,0x8b,0x0d,0xfa,0x6a,0x00,0x00,0x48,0x89,
0x84,0x24,0xb8,0x10,0x00,0x00,0x48,0x89,0x8c,0x24,0xb0,0x10,0x00,0x00,0x48,0x8b,
0x84,0x24,0xb0,0x10,0x00,0x00,0x48,0x8b,0x8c,0x24,0xb8,0x10,0x00,0x00,0xff,0x10,
0x48,0x8d,0x84,0x24,0xe0,0x12,0x00,0x00,0x48,0x8d,0x0d,0xe0,0x66,0x00,0x00,0x48,
0x8b,0x15,0x82,0x6a,0x00,0x00,0x48,0x89,0x84,0x24,0xa0,0x10,0x00,0x00,0x48,0x89,
0x8c,0x24,0x88,0x10,0x00,0x00,0x48,0x89,0x94,0x24,0x98,0x10,0x00,0x00,0x48,0x8b,
0x84,0x24,0x98,0x10,0x00,0x00,0x48,0x8b,0x8c,0x24,0xa0,0x10,0x00,0x00,0x48,0x8b,
0x94,0x24,0x88,0x10,0x00,0x00,0xff,0x10,0x48,0x8b,0x05,0x99,0x6a,0x00,0x00,0x48,
0x8b,0x1d,0x92,0x6a,0x00,0x00,0x48,0x8d,0x8c,0x24,0xf0,0x12,0x00,0x00,0x48,0x8d,
0x00,0x48,0x8d,0x13,0x48,0x8b,0x1d,0x45,0x6a,0x00,0x00,0x48,0x89,0x94,0x24,0x50,
0x11,0x00,0x00,0x48,0x89,0xc2,0x4c,0x8b,0x84,0x24,0x50,0x11,0x00,0x00,0xff,0x13,
0x48,0x8b,0x4c,0x24,0x78,0x48,0x8d,0x01,0x48,0x8d,0x94,0x24,0xe0,0x12,0x00,0x00,
0x48,0x8d,0x99,0xc0,0x06,0x00,0x00,0x4c,0x8d,0x8c,0x24,0xf0,0x12,0x00,0x00,0x48,
0x8b,0x2d,0xa2,0x6a,0x00,0x00,0x48,0x89,0xc1,0x49,0x89,0xd8,0xff,0x55,0x00,0x48,
0x8d,0x84,0x24,0xf0,0x12,0x00,0x00,0x48,0x8b,0x0d,0x12,0x6a,0x00,0x00,0x48,0x89,
0x84,0x24,0x38,0x11,0x00,0x00,0x48,0x89,0x8c,0x24,0x58,0x11,0x00,0x00,0x48,0x8b,
0x84,0x24,0x58,0x11,0x00,0x00,0x48,0x8b,0x8c,0x24,0x38,0x11,0x00,0x00,0xff,0x10,
0x48,0x8d,0x84,0x24,0xe0,0x12,0x00,0x00,0x48,0x8b,0x0d,0xe9,0x69,0x00,0x00,0x48,
0x89,0x84,0x24,0x68,0x11,0x00,0x00,0x48,0x89,0x8c,0x24,0x20,0x12,0x00,0x00,0x48,
0x8b,0x84,0x24,0x20,0x12,0x00,0x00,0x48,0x8b,0x8c,0x24,0x68,0x11,0x00,0x00,0xff,
0x10,0x48,0x8b,0x4c,0x24,0x78,0x48,0x8d,0x01,0x48,0x8b,0x15,0x08,0x6a,0x00,0x00,
0x48,0x89,0xc1,0xff,0x12,0x48,0x8d,0x84,0x24,0xe0,0x12,0x00,0x00,0x48,0x8d,0x0d,
0xd3,0x65,0x00,0x00,0x48,0x8b,0x15,0x5d,0x69,0x00,0x00,0x48,0x89,0x84,0x24,0x18,
0x12,0x00,0x00,0x48,0x89,0x8c,0x24,0x08,0x12,0x00,0x00,0x48,0x89,0x94,0x24,0xf0,
0x11,0x00,0x00,0x48,0x8b,0x84,0x24,0xf0,0x11,0x00,0x00,0x48,0x8b,0x8c,0x24,0x18,
0x12,0x00,0x00,0x48,0x8b,0x94,0x24,0x08,0x12,0x00,0x00,0xff,0x10,0x48,0x8b,0x05,
0x8c,0x69,0x00,0x00,0x48,0x8b,0x1d,0x6d,0x69,0x00,0x00,0x48,0x8d,0x8c,0x24,0xf0,
0x12,0x00,0x00,0x48,0x8d,0x00,0x48,0x8d,0x13,0x48,0x8b,0x1d,0x20,0x69,0x00,0x00,
0x48,0x89,0x94,0x24,0x00,0x12,0x00,0x00,0x48,0x89,0xc2,0x4c,0x8b,0x84,0x24,0x00,
0x12,0x00,0x00,0xff,0x13,0x48,0x8d,0x84,0x24,0xf8,0x12,0x00,0x00,0x48,0x8b,0x0d,
0x04,0x69,0x00,0x00,0x48,0x89,0x84,0x24,0x28,0x12,0x00,0x00,0x48,0x89,0x8c,0x24,
0x10,0x12,0x00,0x00,0x48,0x8b,0x84,0x24,0x10,0x12,0x00,0x00,0x48,0x8b,0x8c,0x24,
0x28,0x12,0x00,0x00,0xff,0x10,0x48,0x8b,0x4c,0x24,0x78,0x48,0x8d,0x01,0x48,0x8d,
0x94,0x24,0xe0,0x12,0x00,0x00,0x48,0x8d,0x9c,0x24,0xf0,0x12,0x00,0x00,0x4c,0x8d,
0x0d,0xc3,0x63,0x00,0x00,0x48,0x8d,0x2d,0x00,0x64,0x00,0x00,0x48,0x8d,0x3d,0xb5,
0x63,0x00,0x00,0x48,0x8d,0xb4,0x24,0xf8,0x12,0x00,0x00,0x4c,0x8d,0x05,0xa6,0x63,
0x00,0x00,0x4c,0x8b,0x15,0xaf,0x68,0x00,0x00,0x48,0x89,0x6c,0x24,0x20,0x48,0x89,
0x7c,0x24,0x28,0x48,0x89,0x74,0x24,0x30,0x4c,0x89,0x44,0x24,0x38,0x48,0x89,0xc1,
0x49,0x89,0xd8,0x41,0xff,0x12,0x48,0x8d,0x84,0x24,0xf8,0x12,0x00,0x00,0x48,0x8b,
0x0d,0x8b,0x68,0x00,0x00,0x48,0x89,0x84,0x24,0x30,0x12,0x00,0x00,0x48,0x89,0x8c,
0x24,0x40,0x12,0x00,0x00,0x48,0x8b,0x84,0x24,0x40,0x12,0x00,0x00,0x48,0x8b,0x8c,
0x24,0x30,0x12,0x00,0x00,0xff,0x10,0x48,0x8d,0x84,0x24,0xf0,0x12,0x00,0x00,0x48,
0x8b,0x0d,0x5a,0x68,0x00,0x00,0x48,0x89,0x84,0x24,0x20,0x13,0x00,0x00,0x48,0x89,
0x8c,0x24,0x18,0x13,0x00,0x00,0x48,0x8b,0x84,0x24,0x18,0x13,0x00,0x00,0x48,0x8b,
0x8c,0x24,0x20,0x13,0x00,0x00,0xff,0x10,0x48,0x8d,0x84,0x24,0xe0,0x12,0x00,0x00,
0x48,0x8b,0x0d,0x31,0x68,0x00,0x00,0x48,0x89,0x84,0x24,0x58,0x12,0x00,0x00,0x48,
0x89,0x8c,0x24,0x38,0x12,0x00,0x00,0x48,0x8b,0x84,0x24,0x38,0x12,0x00,0x00,0x48,
0x8b,0x8c,0x24,0x58,0x12,0x00,0x00,0xff,0x10,0x48,0x8d,0x84,0x24,0xe0,0x12,0x00,
0x00,0x48,0x8d,0x0d,0x45,0x64,0x00,0x00,0x48,0x8b,0x15,0xb9,0x67,0x00,0x00,0x48,
0x89,0x84,0x24,0x50,0x12,0x00,0x00,0x48,0x89,0x8c,0x24,0x48,0x12,0x00,0x00,0x48,
0x89,0x94,0x24,0xf8,0x11,0x00,0x00,0x48,0x8b,0x84,0x24,0xf8,0x11,0x00,0x00,0x48,
0x8b,0x8c,0x24,0x50,0x12,0x00,0x00,0x48,0x8b,0x94,0x24,0x48,0x12,0x00,0x00,0xff,
0x10,0x48,0x8b,0x05,0xd0,0x67,0x00,0x00,0x48,0x8b,0x1d,0xc9,0x67,0x00,0x00,0x48,
0x8d,0x8c,0x24,0xf0,0x12,0x00,0x00,0x48,0x8d,0x00,0x48,0x8d,0x13,0x48,0x8b,0x1d,
0x7c,0x67,0x00,0x00,0x48,0x89,0x94,0x24,0xe8,0x11,0x00,0x00,0x48,0x89,0xc2,0x4c,
0x8b,0x84,0x24,0xe8,0x11,0x00,0x00,0xff,0x13,0x48,0x8b,0x4c,0x24,0x78,0x48,0x8d,
0x01,0x48,0x8d,0x94,0x24,0xe0,0x12,0x00,0x00,0x48,0x8d,0x99,0xc8,0x06,0x00,0x00,
0x4c,0x8d,0x8c,0x24,0xf0,0x12,0x00,0x00,0x48,0x8b,0x2d,0xd9,0x67,0x00,0x00,0x48,
0x89,0xc1,0x49,0x89,0xd8,0xff,0x55,0x00,0x48,0x8d,0x84,0x24,0xf0,0x12,0x00,0x00,
0x48,0x8b,0x0d,0x49,0x67,0x00,0x00,0x48,0x89,0x84,0x24,0xc8,0x11,0x00,0x00,0x48,
0x89,0x8c,0x24,0xe0,0x11,0x00,0x00,0x48,0x8b,0x84,0x24,0xe0,0x11,0x00,0x00,0x48,
0x8b,0x8c,0x24,0xc8,0x11,0x00,0x00,0xff,0x10,0x48,0x8d,0x84,0x24,0xe0,0x12,0x00,
0x00,0x48,0x8b,0x0d,0x20,0x67,0x00,0x00,0x48,0x89,0x84,0x24,0x90,0x11,0x00,0x00,
0x48,0x89,0x8c,0x24,0x88,0x11,0x00,0x00,0x48,0x8b,0x84,0x24,0x88,0x11,0x00,0x00,
0x48,0x8b,0x8c,0x24,0x90,0x11,0x00,0x00,0xff,0x10,0x48,0x8b,0x4c,0x24,0x78,0x48,
0x8d,0x01,0x48,0x8b,0x15,0x3f,0x67,0x00,0x00,0x48,0x89,0xc1,0xff,0x12,0x48,0x8b,
0x4c,0x24,0x78,0x48,0x8d,0x01,0x48,0x8b,0x15,0x2b,0x67,0x00,0x00,0x48,0x89,0xc1,
0xff,0x12,0x48,0x8d,0x84,0x24,0xe0,0x12,0x00,0x00,0x48,0x8d,0x0d,0x23,0x63,0x00,
0x00,0x48,0x8b,0x15,0x80,0x66,0x00,0x00,0x48,0x89,0x84,0x24,0x78,0x11,0x00,0x00,
0x48,0x89,0x8c,0x24,0x60,0x11,0x00,0x00,0x48,0x89,0x94,0x24,0x70,0x11,0x00,0x00,
0x48,0x8b,0x84,0x24,0x70,0x11,0x00,0x00,0x48,0x8b,0x8c,0x24,0x78,0x11,0x00,0x00,
0x48,0x8b,0x94,0x24,0x60,0x11,0x00,0x00,0xff,0x10,0x48,0x8b,0x1d,0xaf,0x66,0x00,
0x00,0x48,0x8b,0x05,0x98,0x66,0x00,0x00,0x48,0x8d,0x8c,0x24,0xf0,0x12,0x00,0x00,
0x48,0x8d,0x13,0x48,0x8d,0x00,0x48,0x8b,0x1d,0x43,0x66,0x00,0x00,0x49,0x89,0xc0,
0xff,0x13,0x48,0x8b,0x4c,0x24,0x78,0x48,0x8d,0x01,0x48,0x8d,0x94,0x24,0xe0,0x12,
0x00,0x00,0x48,0x8d,0x1d,0xef,0x61,0x00,0x00,0x4c,0x8d,0x8c,0x24,0xf0,0x12,0x00,
0x00,0x48,0x8d,0x2d,0x20,0x61,0x00,0x00,0x48,0x8b,0x35,0x91,0x66,0x00,0x00,0x48,
0x89,0x6c,0x24,0x20,0x48,0x89,0xc1,0x49,0x89,0xd8,0xff,0x16,0x48,0x8d,0x84,0x24,
0xf0,0x12,0x00,0x00,0x48,0x8b,0x0d,0x15,0x66,0x00,0x00,0x48,0x89,0x84,0x24,0x98,
0x11,0x00,0x00,0x48,0x89,0x8c,0x24,0x80,0x11,0x00,0x00,0x48,0x8b,0x84,0x24,0x80,
0x11,0x00,0x00,0x48,0x8b,0x8c,0x24,0x98,0x11,0x00,0x00,0xff,0x10,0x48,0x8d,0x84,
0x24,0xe0,0x12,0x00,0x00,0x48,0x8b,0x0d,0xec,0x65,0x00,0x00,0x48,0x89,0x84,0x24,
0xa0,0x11,0x00,0x00,0x48,0x89,0x8c,0x24,0xb0,0x11,0x00,0x00,0x48,0x8b,0x84,0x24,
0xb0,0x11,0x00,0x00,0x48,0x8b,0x8c,0x24,0xa0,0x11,0x00,0x00,0xff,0x10,0x8b,0x05,
0xcc,0x60,0x00,0x00,0x48,0x8d,0x8c,0x24,0xe0,0x12,0x00,0x00,0x4c,0x8b,0x84,0x24,
0x70,0x0c,0x00,0x00,0x49,0x8d,0x90,0x68,0x01,0x00,0x00,0x89,0x84,0x24,0xe8,0x12,
0x00,0x00,0x48,0x8d,0x84,0x24,0xe8,0x12,0x00,0x00,0x48,0x8b,0x1d,0x0f,0x66,0x00,
0x00,0x49,0x89,0xc0,0xff,0x13,0x4c,0x8b,0x8c,0x24,0xe0,0x12,0x00,0x00,0x48,0x8b,
0x05,0x1b,0x65,0x00,0x00,0x8b,0x58,0x68,0x8b,0x05,0x5a,0x60,0x00,0x00,0x89,0xdd,
0x01,0xc5,0x8b,0x05,0x94,0x60,0x00,0x00,0x89,0xc7,0x8b,0x05,0x48,0x60,0x00,0x00,
0x3b,0x05,0x42,0x60,0x00,0x00,0x40,0x0f,0x94,0xc6,0x8b,0x05,0x38,0x60,0x00,0x00,
0x89,0xc3,0x48,0x8b,0x05,0xef,0x64,0x00,0x00,0x8b,0x40,0x68,0x2b,0x05,0x4e,0x60,
0x00,0x00,0x39,0xc3,0x0f,0x94,0xc0,0x48,0x8b,0x4c,0x24,0x78,0x48,0x8d,0x11,0x49,
0x8d,0x19,0x89,0xac,0x24,0xec,0x12,0x00,0x00,0x48,0x8d,0xac,0x24,0xec,0x12,0x00,
0x00,0x89,0xbc,0x24,0xf0,0x12,0x00,0x00,0x48,0x8d,0xbc,0x24,0xf0,0x12,0x00,0x00,
0x40,0x88,0xb4,0x24,0xf4,0x12,0x00,0x00,0x4c,0x8d,0x8c,0x24,0xf4,0x12,0x00,0x00,
0x88,0x84,0x24,0xf5,0x12,0x00,0x00,0x48,0x8d,0x84,0x24,0xf5,0x12,0x00,0x00,0x48,
0x8d,0xb4,0x24,0xdc,0x12,0x00,0x00,0x4c,0x8b,0x84,0x24,0x70,0x0c,0x00,0x00,0x4d,
0x8d,0x10,0x4c,0x8d,0x9c,0x24,0xd9,0x12,0x00,0x00,0x4c,0x8b,0x25,0x57,0x65,0x00,
0x00,0x4c,0x89,0x4c,0x24,0x20,0x48,0x89,0x44,0x24,0x28,0x48,0x89,0x74,0x24,0x30,
0x4c,0x89,0x54,0x24,0x38,0x4c,0x89,0x5c,0x24,0x40,0x48,0x89,0x94,0x24,0xd8,0x11,
0x00,0x00,0x48,0x8b,0x8c,0x24,0xd8,0x11,0x00,0x00,0x48,0x89,0xda,0x49,0x89,0xe8,
0x49,0x89,0xf9,0x41,0xff,0x14,0x24,0x8b,0x05,0xbf,0x5f,0x00,0x00,0x48,0x8d,0x8c,
0x24,0xe0,0x12,0x00,0x00,0x4c,0x8b,0x84,0x24,0x70,0x0c,0x00,0x00,0x49,0x8d,0x90,
0x68,0x01,0x00,0x00,0x89,0x84,0x24,0xe8,0x12,0x00,0x00,0x48,0x8d,0x84,0x24,0xe8,
0x12,0x00,0x00,0x48,0x8b,0x1d,0xe6,0x64,0x00,0x00,0x49,0x89,0xc0,0xff,0x13,0x4c,
0x8b,0x8c,0x24,0xe0,0x12,0x00,0x00,0x48,0x8b,0x05,0xf2,0x63,0x00,0x00,0x8b,0x58,
0x68,0x8b,0x05,0x59,0x5f,0x00,0x00,0x89,0xdd,0x01,0xc5,0x8b,0x05,0x6b,0x5f,0x00,
0x00,0x89,0xc7,0x8b,0x05,0x47,0x5f,0x00,0x00,0x3b,0x05,0x19,0x5f,0x00,0x00,0x40,
0x0f,0x94,0xc6,0x8b,0x05,0x37,0x5f,0x00,0x00,0x89,0xc3,0x48,0x8b,0x05,0xc6,0x63,
0x00,0x00,0x8b,0x40,0x68,0x2b,0x05,0x25,0x5f,0x00,0x00,0x39,0xc3,0x0f,0x94,0xc0,
0x48,0x8b,0x4c,0x24,0x78,0x48,0x8d,0x11,0x49,0x8d,0x19,0x89,0xac,0x24,0xec,0x12,
0x00,0x00,0x48,0x8d,0xac,0x24,0xec,0x12,0x00,0x00,0x89,0xbc,0x24,0xf0,0x12,0x00,
0x00,0x48,0x8d,0xbc,0x24,0xf0,0x12,0x00,0x00,0x40,0x88,0xb4,0x24,0xf4,0x12,0x00,
0x00,0x4c,0x8d,0x8c,0x24,0xf4,0x12,0x00,0x00,0x88,0x84,0x24,0xf5,0x12,0x00,0x00,
0x48,0x8d,0x84,0x24,0xf5,0x12,0x00,0x00,0x48,0x8d,0xb4,0x24,0xdc,0x12,0x00,0x00,
0x4c,0x8b,0x84,0x24,0x70,0x0c,0x00,0x00,0x4d,0x8d,0x10,0x4c,0x8d,0x9c,0x24,0xd9,
0x12,0x00,0x00,0x4c,0x8b,0x25,0x2e,0x64,0x00,0x00,0x4c,0x89,0x4c,0x24,0x20,0x48,
0x89,0x44,0x24,0x28,0x48,0x89,0x74,0x24,0x30,0x4c,0x89,0x54,0x24,0x38,0x4c,0x89,
0x5c,0x24,0x40,0x48,0x89,0x94,0x24,0xd0,0x11,0x00,0x00,0x48,0x8b,0x8c,0x24,0xd0,
0x11,0x00,0x00,0x48,0x89,0xda,0x49,0x89,0xe8,0x49,0x89,0xf9,0x41,0xff,0x14,0x24,
0x8b,0x05,0x12,0x5f,0x00,0x00,0x48,0x8d,0x8c,0x24,0xe0,0x12,0x00,0x00,0x4c,0x8b,
0x84,0x24,0x70,0x0c,0x00,0x00,0x49,0x8d,0x90,0x68,0x01,0x00,0x00,0x89,0x84,0x24,
0xe8,0x12,0x00,0x00,0x48,0x8d,0x84,0x24,0xe8,0x12,0x00,0x00,0x48,0x8b,0x1d,0xbd,
0x63,0x00,0x00,0x49,0x89,0xc0,0xff,0x13,0x4c,0x8b,0x8c,0x24,0xe0,0x12,0x00,0x00,
0x48,0x8b,0x05,0xc9,0x62,0x00,0x00,0x8b,0x58,0x68,0x8b,0x05,0x4c,0x5e,0x00,0x00,
0x89,0xdd,0x01,0xc5,0x8b,0x05,0x42,0x5e,0x00,0x00,0x89,0xc7,0x8b,0x05,0x3a,0x5e,
0x00,0x00,0x3b,0x05,0xf0,0x5d,0x00,0x00,0x40,0x0f,0x94,0xc6,0x8b,0x05,0x2a,0x5e,
0x00,0x00,0x89,0xc3,0x48,0x8b,0x05,0x9d,0x62,0x00,0x00,0x8b,0x40,0x68,0x2b,0x05,
0xfc,0x5d,0x00,0x00,0x39,0xc3,0x0f,0x94,0xc0,0x48,0x8b,0x4c,0x24,0x78,0x48,0x8d,
0x11,0x49,0x8d,0x19,0x89,0xac,0x24,0xec,0x12,0x00,0x00,0x48,0x8d,0xac,0x24,0xec,
0x12,0x00,0x00,0x89,0xbc,0x24,0xf0,0x12,0x00,0x00,0x48,0x8d,0xbc,0x24,0xf0,0x12,
0x00,0x00,0x40,0x88,0xb4,0x24,0xf4,0x12,0x00,0x00,0x4c,0x8d,0x8c,0x24,0xf4,0x12,
0x00,0x00,0x88,0x84,0x24,0xf5,0x12,0x00,0x00,0x48,0x8d,0xb4,0x24,0xf5,0x12,0x00,
0x00,0x48,0x8d,0x84,0x24,0xdc,0x12,0x00,0x00,0x4c,0x8b,0x84,0x24,0x70,0x0c,0x00,
0x00,0x4d,0x8d,0x10,0x4c,0x8d,0x9c,0x24,0xd9,0x12,0x00,0x00,0x4c,0x8b,0x25,0x05,
0x63,0x00,0x00,0x4c,0x89,0x4c,0x24,0x20,0x48,0x89,0x74,0x24,0x28,0x48,0x89,0x44,
0x24,0x30,0x4c,0x89,0x54,0x24,0x38,0x4c,0x89,0x5c,0x24,0x40,0x48,0x89,0x94,0x24,
0xc0,0x11,0x00,0x00,0x48,0x8b,0x8c,0x24,0xc0,0x11,0x00,0x00,0x48,0x89,0xda,0x49,
0x89,0xe8,0x49,0x89,0xf9,0x41,0xff,0x14,0x24,0x8b,0x05,0xbd,0x5e,0x00,0x00,0x48,
0x8d,0x8c,0x24,0xe0,0x12,0x00,0x00,0x4c,0x8b,0x84,0x24,0x70,0x0c,0x00,0x00,0x49,
0x8d,0x90,0x68,0x01,0x00,0x00,0x89,0x84,0x24,0xe8,0x12,0x00,0x00,0x48,0x8d,0x84,
0x24,0xe8,0x12,0x00,0x00,0x48,0x8b,0x1d,0x94,0x62,0x00,0x00,0x49,0x89,0xc0,0xff,
0x13,0x4c,0x8b,0x8c,0x24,0xe0,0x12,0x00,0x00,0x48,0x8b,0x05,0xa0,0x61,0x00,0x00,
0x8b,0x58,0x68,0x8b,0x05,0x9f,0x5d,0x00,0x00,0x89,0xdd,0x01,0xc5,0x8b,0x05,0x19,
0x5d,0x00,0x00,0x89,0xc7,0x8b,0x05,0x8d,0x5d,0x00,0x00,0x3b,0x05,0xc7,0x5c,0x00,
0x00,0x40,0x0f,0x94,0xc6,0x8b,0x05,0x7d,0x5d,0x00,0x00,0x89,0xc3,0x48,0x8b,0x05,
0x74,0x61,0x00,0x00,0x8b,0x40,0x68,0x2b,0x05,0xd3,0x5c,0x00,0x00,0x39,0xc3,0x0f,
0x94,0xc0,0x48,0x8b,0x4c,0x24,0x78,0x48,0x8d,0x11,0x49,0x8d,0x19,0x89,0xac,0x24,
0xec,0x12,0x00,0x00,0x48,0x8d,0xac,0x24,0xec,0x12,0x00,0x00,0x89,0xbc,0x24,0xf0,
0x12,0x00,0x00,0x48,0x8d,0xbc,0x24,0xf0,0x12,0x00,0x00,0x40,0x88,0xb4,0x24,0xf4,
0x12,0x00,0x00,0x4c,0x8d,0x8c,0x24,0xf4,0x12,0x00,0x00,0x88,0x84,0x24,0xf5,0x12,
0x00,0x00,0x48,0x8d,0x84,0x24,0xf5,0x12,0x00,0x00,0x48,0x8d,0xb4,0x24,0xdc,0x12,
0x00,0x00,0x4c,0x8b,0x84,0x24,0x70,0x0c,0x00,0x00,0x4d,0x8d,0x10,0x4c,0x8d,0x9c,
0x24,0xd9,0x12,0x00,0x00,0x4c,0x8b,0x25,0xdc,0x61,0x00,0x00,0x4c,0x89,0x4c,0x24,
0x20,0x48,0x89,0x44,0x24,0x28,0x48,0x89,0x74,0x24,0x30,0x4c,0x89,0x54,0x24,0x38,
0x4c,0x89,0x5c,0x24,0x40,0x48,0x89,0x94,0x24,0xa8,0x11,0x00,0x00,0x48,0x8b,0x8c,
0x24,0xa8,0x11,0x00,0x00,0x48,0x89,0xda,0x49,0x89,0xe8,0x49,0x89,0xf9,0x41,0xff,
0x14,0x24,0x8b,0x05,0x44,0x5c,0x00,0x00,0x48,0x8d,0x8c,0x24,0xe0,0x12,0x00,0x00,
0x4c,0x8b,0x84,0x24,0x70,0x0c,0x00,0x00,0x49,0x8d,0x90,0x48,0x01,0x00,0x00,0x89,
0x84,0x24,0xe8,0x12,0x00,0x00,0x48,0x8d,0x84,0x24,0xe8,0x12,0x00,0x00,0x48,0x8b,
0x1d,0x7b,0x61,0x00,0x00,0x49,0x89,0xc0,0xff,0x13,0x4c,0x8b,0x8c,0x24,0xe0,0x12,
0x00,0x00,0x48,0x8b,0x05,0x77,0x60,0x00,0x00,0x8b,0x58,0x68,0x8b,0x05,0x4a,0x5d,
0x00,0x00,0x89,0xdd,0x01,0xc5,0x8b,0x05,0xf0,0x5b,0x00,0x00,0x89,0xc7,0x8b,0x05,
0x38,0x5d,0x00,0x00,0x3b,0x05,0x9e,0x5b,0x00,0x00,0x40,0x0f,0x94,0xc6,0x8b,0x05,
0x28,0x5d,0x00,0x00,0x89,0xc3,0x48,0x8b,0x05,0x4b,0x60,0x00,0x00,0x8b,0x40,0x68,
0x2b,0x05,0xaa,0x5b,0x00,0x00,0x39,0xc3,0x0f,0x94,0xc0,0x48,0x8b,0x4c,0x24,0x78,
0x48,0x8d,0x11,0x49,0x8d,0x19,0x89,0xac,0x24,0xec,0x12,0x00,0x00,0x48,0x8d,0xac,
0x24,0xec,0x12,0x00,0x00,0x89,0xbc,0x24,0xf0,0x12,0x00,0x00,0x48,0x8d,0xbc,0x24,
0xf0,0x12,0x00,0x00,0x40,0x88,0xb4,0x24,0xf4,0x12,0x00,0x00,0x4c,0x8d,0x8c,0x24,
0xf4,0x12,0x00,0x00,0x88,0x84,0x24,0xf5,0x12,0x00,0x00,0x48,0x8d,0x84,0x24,0xf5,
0x12,0x00,0x00,0x48,0x8d,0xb4,0x24,0xdc,0x12,0x00,0x00,0x4c,0x8b,0x84,0x24,0x70,
0x0c,0x00,0x00,0x4d,0x8d,0x10,0x4c,0x8d,0x9c,0x24,0xd9,0x12,0x00,0x00,0x4c,0x8b,
0x25,0xc3,0x60,0x00,0x00,0x4c,0x89,0x4c,0x24,0x20,0x48,0x89,0x44,0x24,0x28,0x48,
0x89,0x74,0x24,0x30,0x4c,0x89,0x54,0x24,0x38,0x4c,0x89,0x5c,0x24,0x40,0x48,0x89,
0x94,0x24,0xb8,0x11,0x00,0x00,0x48,0x8b,0x8c,0x24,0xb8,0x11,0x00,0x00,0x48,0x89,
0xda,0x49,0x89,0xe8,0x49,0x89,0xf9,0x41,0xff,0x14,0x24,0x8b,0x05,0xff,0x5a,0x00,
0x00,0x48,0x8d,0x8c,0x24,0xe0,0x12,0x00,0x00,0x4c,0x8b,0x84,0x24,0x70,0x0c,0x00,
0x00,0x49,0x8d,0x90,0x48,0x01,0x00,0x00,0x89,0x84,0x24,0xe8,0x12,0x00,0x00,0x48,
0x8d,0x84,0x24,0xe8,0x12,0x00,0x00,0x48,0x8b,0x1d,0x52,0x60,0x00,0x00,0x49,0x89,
0xc0,0xff,0x13,0x4c,0x8b,0x8c,0x24,0xe0,0x12,0x00,0x00,0x48,0x8b,0x05,0x4e,0x5f,
0x00,0x00,0x8b,0x58,0x68,0x8b,0x05,0x25,0x5c,0x00,0x00,0x89,0xdd,0x01,0xc5,0x8b,
0x05,0xc7,0x5a,0x00,0x00,0x89,0xc7,0x8b,0x05,0x13,0x5c,0x00,0x00,0x3b,0x05,0x75,
0x5a,0x00,0x00,0x40,0x0f,0x94,0xc6,0x8b,0x05,0x03,0x5c,0x00,0x00,0x89,0xc3,0x48,
0x8b,0x05,0x22,0x5f,0x00,0x00,0x8b,0x40,0x68,0x2b,0x05,0x81,0x5a,0x00,0x00,0x39,
0xc3,0x0f,0x94,0xc0,0x48,0x8b,0x4c,0x24,0x78,0x48,0x8d,0x11,0x49,0x8d,0x19,0x89,
0xac,0x24,0xec,0x12,0x00,0x00,0x48,0x8d,0xac,0x24,0xec,0x12,0x00,0x00,0x89,0xbc,
0x24,0xf0,0x12,0x00,0x00,0x48,0x8d,0xbc,0x24,0xf0,0x12,0x00,0x00,0x40,0x88,0xb4,
0x24,0xf4,0x12,0x00,0x00,0x4c,0x8d,0x8c,0x24,0xf4,0x12,0x00,0x00,0x88,0x84,0x24,
0xf5,0x12,0x00,0x00,0x48,0x8d,0x84,0x24,0xf5,0x12,0x00,0x00,0x48,0x8d,0xb4,0x24,
0xdc,0x12,0x00,0x00,0x4c,0x8b,0x84,0x24,0x70,0x0c,0x00,0x00,0x4d,0x8d,0x10,0x4c,
0x8d,0x9c,0x24,0xd9,0x12,0x00,0x00,0x4c,0x8b,0x25,0x9a,0x5f,0x00,0x00,0x4c,0x89,
0x4c,0x24,0x20,0x48,0x89,0x44,0x24,0x28,0x48,0x89,0x74,0x24,0x30,0x4c,0x89,0x54,
0x24,0x38,0x4c,0x89,0x5c,0x24,0x40,0x48,0x89,0x94,0x24,0x48,0x10,0x00,0x00,0x48,
0x8b,0x8c,0x24,0x48,0x10,0x00,0x00,0x48,0x89,0xda,0x49,0x89,0xe8,0x49,0x89,0xf9,
0x41,0xff,0x14,0x24,0x8b,0x05,0x46,0x5b,0x00,0x00,0x48,0x8d,0x8c,0x24,0xe0,0x12,
0x00,0x00,0x4c,0x8b,0x84,0x24,0x70,0x0c,0x00,0x00,0x49,0x8d,0x90,0x48,0x01,0x00,
0x00,0x89,0x84,0x24,0xe8,0x12,0x00,0x00,0x48,0x8d,0x84,0x24,0xe8,0x12,0x00,0x00,
0x48,0x8b,0x1d,0x29,0x5f,0x00,0x00,0x49,0x89,0xc0,0xff,0x13,0x4c,0x8b,0x8c,0x24,
0xe0,0x12,0x00,0x00,0x48,0x8b,0x05,0x25,0x5e,0x00,0x00,0x8b,0x58,0x68,0x8b,0x05,
0x00,0x5b,0x00,0x00,0x89,0xdd,0x01,0xc5,0x8b,0x05,0x9e,0x59,0x00,0x00,0x89,0xc7,
0x8b,0x05,0xee,0x5a,0x00,0x00,0x3b,0x05,0x4c,0x59,0x00,0x00,0x40,0x0f,0x94,0xc6,
0x8b,0x05,0xde,0x5a,0x00,0x00,0x89,0xc3,0x48,0x8b,0x05,0xf9,0x5d,0x00,0x00,0x8b,
0x40,0x68,0x2b,0x05,0x58,0x59,0x00,0x00,0x39,0xc3,0x0f,0x94,0xc0,0x48,0x8b,0x4c,
0x24,0x78,0x48,0x8d,0x11,0x49,0x8d,0x19,0x89,0xac,0x24,0xec,0x12,0x00,0x00,0x48,
0x8d,0xac,0x24,0xec,0x12,0x00,0x00,0x89,0xbc,0x24,0xf0,0x12,0x00,0x00,0x48,0x8d,
0xbc,0x24,0xf0,0x12,0x00,0x00,0x40,0x88,0xb4,0x24,0xf4,0x12,0x00,0x00,0x4c,0x8d,
0x8c,0x24,0xf4,0x12,0x00,0x00,0x88,0x84,0x24,0xf5,0x12,0x00,0x00,0x48,0x8d,0x84,
0x24,0xf5,0x12,0x00,0x00,0x48,0x8d,0xb4,0x24,0xdc,0x12,0x00,0x00,0x4c,0x8b,0x84,
0x24,0x70,0x0c,0x00,0x00,0x4d,0x8d,0x10,0x4c,0x8d,0x9c,0x24,0xd9,0x12,0x00,0x00,
0x4c,0x8b,0x25,0x71,0x5e,0x00,0x00,0x4c,0x89,0x4c,0x24,0x20,0x48,0x89,0x44,0x24,
0x28,0x48,0x89,0x74,0x24,0x30,0x4c,0x89,0x54,0x24,0x38,0x4c,0x89,0x5c,0x24,0x40,
0x48,0x89,0x94,0x24,0x38,0x10,0x00,0x00,0x48,0x8b,0x8c,0x24,0x38,0x10,0x00,0x00,
0x48,0x89,0xda,0x49,0x89,0xe8,0x49,0x89,0xf9,0x41,0xff,0x14,0x24,0x8b,0x05,0x19,
0x5a,0x00,0x00,0x48,0x8d,0x8c,0x24,0xe0,0x12,0x00,0x00,0x4c,0x8b,0x84,0x24,0x70,
0x0c,0x00,0x00,0x49,0x8d,0x90,0x48,0x01,0x00,0x00,0x89,0x84,0x24,0xe8,0x12,0x00,
0x00,0x48,0x8d,0x84,0x24,0xe8,0x12,0x00,0x00,0x48,0x8b,0x1d,0x00,0x5e,0x00,0x00,
0x49,0x89,0xc0,0xff,0x13,0x4c,0x8b,0x8c,0x24,0xe0,0x12,0x00,0x00,0x48,0x8b,0x05,
0xfc,0x5c,0x00,0x00,0x8b,0x58,0x68,0x8b,0x05,0xdb,0x59,0x00,0x00,0x89,0xdd,0x01,
0xc5,0x8b,0x05,0x75,0x58,0x00,0x00,0x89,0xc7,0x8b,0x05,0xc9,0x59,0x00,0x00,0x3b,
0x05,0x23,0x58,0x00,0x00,0x40,0x0f,0x94,0xc6,0x8b,0x05,0xb9,0x59,0x00,0x00,0x89,
0xc3,0x48,0x8b,0x05,0xd0,0x5c,0x00,0x00,0x8b,0x40,0x68,0x2b,0x05,0x2f,0x58,0x00,
0x00,0x39,0xc3,0x0f,0x94,0xc0,0x48,0x8b,0x4c,0x24,0x78,0x48,0x8d,0x11,0x49,0x8d,
0x19,0x89,0xac,0x24,0xec,0x12,0x00,0x00,0x48,0x8d,0xac,0x24,0xec,0x12,0x00,0x00,
0x89,0xbc,0x24,0xf0,0x12,0x00,0x00,0x48,0x8d,0xbc,0x24,0xf0,0x12,0x00,0x00,0x40,
0x88,0xb4,0x24,0xf4,0x12,0x00,0x00,0x4c,0x8d,0x8c,0x24,0xf4,0x12,0x00,0x00,0x88,
0x84,0x24,0xf5,0x12,0x00,0x00,0x48,0x8d,0xb4,0x24,0xf5,0x12,0x00,0x00,0x48,0x8d,
0x84,0x24,0xdc,0x12,0x00,0x00,0x4c,0x8b,0x84,0x24,0x70,0x0c,0x00,0x00,0x4d,0x8d,
0x10,0x4c,0x8d,0x9c,0x24,0xd9,0x12,0x00,0x00,0x4c,0x8b,0x25,0x48,0x5d,0x00,0x00,
0x4c,0x89,0x4c,0x24,0x20,0x48,0x89,0x74,0x24,0x28,0x48,0x89,0x44,0x24,0x30,0x4c,
0x89,0x54,0x24,0x38,0x4c,0x89,0x5c,0x24,0x40,0x48,0x89,0x94,0x24,0x18,0x10,0x00,
0x00,0x48,0x8b,0x8c,0x24,0x18,0x10,0x00,0x00,0x48,0x89,0xda,0x49,0x89,0xe8,0x49,
0x89,0xf9,0x41,0xff,0x14,0x24,0x8b,0x05,0x1c,0x58,0x00,0x00,0x48,0x8d,0x8c,0x24,
0xe0,0x12,0x00,0x00,0x4c,0x8b,0x84,0x24,0x70,0x0c,0x00,0x00,0x49,0x8d,0x90,0x48,
0x01,0x00,0x00,0x89,0x84,0x24,0xe8,0x12,0x00,0x00,0x48,0x8d,0x84,0x24,0xe8,0x12,
0x00,0x00,0x48,0x8b,0x1d,0xd7,0x5c,0x00,0x00,0x49,0x89,0xc0,0xff,0x13,0x4c,0x8b,
0x8c,0x24,0xe0,0x12,0x00,0x00,0x48,0x8b,0x05,0xd3,0x5b,0x00,0x00,0x8b,0x58,0x68,
0x8b,0x05,0xb6,0x58,0x00,0x00,0x89,0xdd,0x01,0xc5,0x8b,0x05,0x4c,0x57,0x00,0x00,
0x89,0xc7,0x8b,0x05,0xa4,0x58,0x00,0x00,0x3b,0x05,0xfa,0x56,0x00,0x00,0x40,0x0f,
0x94,0xc6,0x8b,0x05,0x94,0x58,0x00,0x00,0x89,0xc3,0x48,0x8b,0x05,0xa7,0x5b,0x00,
0x00,0x8b,0x40,0x68,0x2b,0x05,0x06,0x57,0x00,0x00,0x39,0xc3,0x0f,0x94,0xc0,0x48,
0x8b,0x4c,0x24,0x78,0x48,0x8d,0x11,0x49,0x8d,0x19,0x89,0xac,0x24,0xec,0x12,0x00,
0x00,0x48,0x8d,0xac,0x24,0xec,0x12,0x00,0x00,0x89,0xbc,0x24,0xf0,0x12,0x00,0x00,
0x48,0x8d,0xbc,0x24,0xf0,0x12,0x00,0x00,0x40,0x88,0xb4,0x24,0xf4,0x12,0x00,0x00,
0x4c,0x8d,0x8c,0x24,0xf4,0x12,0x00,0x00,0x88,0x84,0x24,0xf5,0x12,0x00,0x00,0x48,
0x8d,0x84,0x24,0xf5,0x12,0x00,0x00,0x48,0x8d,0xb4,0x24,0xdc,0x12,0x00,0x00,0x4c,
0x8b,0x84,0x24,0x70,0x0c,0x00,0x00,0x4d,0x8d,0x10,0x4c,0x8d,0x9c,0x24,0xd9,0x12,
0x00,0x00,0x4c,0x8b,0x25,0x1f,0x5c,0x00,0x00,0x4c,0x89,0x4c,0x24,0x20,0x48,0x89,
0x44,0x24,0x28,0x48,0x89,0x74,0x24,0x30,0x4c,0x89,0x54,0x24,0x38,0x4c,0x89,0x5c,
0x24,0x40,0x48,0x89,0x94,0x24,0x30,0x10,0x00,0x00,0x48,0x8b,0x8c,0x24,0x30,0x10,
0x00,0x00,0x48,0x89,0xda,0x49,0x89,0xe8,0x49,0x89,0xf9,0x41,0xff,0x14,0x24,0x8b,
0x05,0xcf,0x57,0x00,0x00,0x48,0x8d,0x8c,0x24,0xe0,0x12,0x00,0x00,0x4c,0x8b,0x84,
0x24,0x70,0x0c,0x00,0x00,0x49,0x8d,0x90,0x48,0x01,0x00,0x00,0x89,0x84,0x24,0xe8,
0x12,0x00,0x00,0x48,0x8d,0x84,0x24,0xe8,0x12,0x00,0x00,0x48,0x8b,0x1d,0xae,0x5b,
0x00,0x00,0x49,0x89,0xc0,0xff,0x13,0x4c,0x8b,0x8c,0x24,0xe0,0x12,0x00,0x00,0x48,
0x8b,0x05,0xaa,0x5a,0x00,0x00,0x8b,0x58,0x68,0x8b,0x05,0x91,0x57,0x00,0x00,0x89,
0xdd,0x01,0xc5,0x8b,0x05,0x23,0x56,0x00,0x00,0x89,0xc7,0x8b,0x05,0x7f,0x57,0x00,
0x00,0x3b,0x05,0xd1,0x55,0x00,0x00,0x40,0x0f,0x94,0xc6,0x8b,0x05,0x6f,0x57,0x00,
0x00,0x89,0xc3,0x48,0x8b,0x05,0x7e,0x5a,0x00,0x00,0x8b,0x40,0x68,0x2b,0x05,0xdd,
0x55,0x00,0x00,0x39,0xc3,0x0f,0x94,0xc0,0x48,0x8b,0x4c,0x24,0x78,0x48,0x8d,0x11,
0x49,0x8d,0x19,0x89,0xac,0x24,0xec,0x12,0x00,0x00,0x48,0x8d,0xac,0x24,0xec,0x12,
0x00,0x00,0x89,0xbc,0x24,0xf0,0x12,0x00,0x00,0x48,0x8d,0xbc,0x24,0xf0,0x12,0x00,
0x00,0x40,0x88,0xb4,0x24,0xf4,0x12,0x00,0x00,0x4c,0x8d,0x8c,0x24,0xf4,0x12,0x00,
0x00,0x88,0x84,0x24,0xf5,0x12,0x00,0x00,0x48,0x8d,0x84,0x24,0xf5,0x12,0x00,0x00,
0x48,0x8d,0xb4,0x24,0xdc,0x12,0x00,0x00,0x4c,0x8b,0x84,0x24,0x70,0x0c,0x00,0x00,
0x4d,0x8d,0x10,0x4c,0x8d,0x9c,0x24,0xd9,0x12,0x00,0x00,0x4c,0x8b,0x25,0xf6,0x5a,
0x00,0x00,0x4c,0x89,0x4c,0x24,0x20,0x48,0x89,0x44,0x24,0x28,0x48,0x89,0x74,0x24,
0x30,0x4c,0x89,0x54,0x24,0x38,0x4c,0x89,0x5c,0x24,0x40,0x48,0x89,0x94,0x24,0xc0,
0x0e,0x00,0x00,0x48,0x8b,0x8c,0x24,0xc0,0x0e,0x00,0x00,0x48,0x89,0xda,0x49,0x89,
0xe8,0x49,0x89,0xf9,0x41,0xff,0x14,0x24,0x8b,0x05,0xb6,0x56,0x00,0x00,0x48,0x8d,
0x8c,0x24,0xe0,0x12,0x00,0x00,0x4c,0x8b,0x84,0x24,0x70,0x0c,0x00,0x00,0x49,0x8d,
0x90,0x48,0x01,0x00,0x00,0x89,0x84,0x24,0xe8,0x12,0x00,0x00,0x48,0x8d,0x84,0x24,
0xe8,0x12,0x00,0x00,0x48,0x8b,0x1d,0x85,0x5a,0x00,0x00,0x49,0x89,0xc0,0xff,0x13,
0x4c,0x8b,0x8c,0x24,0xe0,0x12,0x00,0x00,0x48,0x8b,0x05,0x81,0x59,0x00,0x00,0x8b,
0x58,0x68,0x8b,0x05,0x70,0x56,0x00,0x00,0x89,0xdd,0x01,0xc5,0x8b,0x05,0xfa,0x54,
0x00,0x00,0x89,0xc7,0x8b,0x05,0x5e,0x56,0x00,0x00,0x3b,0x05,0xa8,0x54,0x00,0x00,
0x40,0x0f,0x94,0xc6,0x8b,0x05,0x4e,0x56,0x00,0x00,0x89,0xc3,0x48,0x8b,0x05,0x55,
0x59,0x00,0x00,0x8b,0x40,0x68,0x2b,0x05,0xb4,0x54,0x00,0x00,0x39,0xc3,0x0f,0x94,
0xc0,0x48,0x8b,0x4c,0x24,0x78,0x48,0x8d,0x11,0x49,0x8d,0x19,0x89,0xac,0x24,0xec,
0x12,0x00,0x00,0x48,0x8d,0xac,0x24,0xec,0x12,0x00,0x00,0x89,0xbc,0x24,0xf0,0x12,
0x00,0x00,0x48,0x8d,0xbc,0x24,0xf0,0x12,0x00,0x00,0x40,0x88,0xb4,0x24,0xf4,0x12,
0x00,0x00,0x4c,0x8d,0x8c,0x24,0xf4,0x12,0x00,0x00,0x88,0x84,0x24,0xf5,0x12,0x00,
0x00,0x48,0x8d,0xb4,0x24,0xf5,0x12,0x00,0x00,0x48,0x8d,0x84,0x24,0xdc,0x12,0x00,
0x00,0x4c,0x8b,0x84,0x24,0x70,0x0c,0x00,0x00,0x4d,0x8d,0x10,0x4c,0x8d,0x9c,0x24,
0xd9,0x12,0x00,0x00,0x4c,0x8b,0x25,0xcd,0x59,0x00,0x00,0x4c,0x89,0x4c,0x24,0x20,
0x48,0x89,0x74,0x24,0x28,0x48,0x89,0x44,0x24,0x30,0x4c,0x89,0x54,0x24,0x38,0x4c,
0x89,0x5c,0x24,0x40,0x48,0x89,0x94,0x24,0xb8,0x0e,0x00,0x00,0x48,0x8b,0x8c,0x24,
0xb8,0x0e,0x00,0x00,0x48,0x89,0xda,0x49,0x89,0xe8,0x49,0x89,0xf9,0x41,0xff,0x14,
0x24,0x8b,0x05,0x95,0x55,0x00,0x00,0x48,0x8d,0x8c,0x24,0xe0,0x12,0x00,0x00,0x4c,
0x8b,0x84,0x24,0x70,0x0c,0x00,0x00,0x49,0x8d,0x90,0x48,0x01,0x00,0x00,0x89,0x84,
0x24,0xe8,0x12,0x00,0x00,0x48,0x8d,0x84,0x24,0xe8,0x12,0x00,0x00,0x48,0x8b,0x1d,
0x5c,0x59,0x00,0x00,0x49,0x89,0xc0,0xff,0x13,0x4c,0x8b,0x8c,0x24,0xe0,0x12,0x00,
0x00,0x48,0x8b,0x05,0x58,0x58,0x00,0x00,0x8b,0x58,0x68,0x8b,0x05,0x4f,0x55,0x00,
0x00,0x89,0xdd,0x01,0xc5,0x8b,0x05,0xd1,0x53,0x00,0x00,0x89,0xc7,0x8b,0x05,0x3d,
0x55,0x00,0x00,0x3b,0x05,0x7f,0x53,0x00,0x00,0x40,0x0f,0x94,0xc6,0x8b,0x05,0x2d,
0x55,0x00,0x00,0x89,0xc3,0x48,0x8b,0x05,0x2c,0x58,0x00,0x00,0x8b,0x40,0x68,0x2b,
0x05,0x8b,0x53,0x00,0x00,0x39,0xc3,0x0f,0x94,0xc0,0x48,0x8b,0x4c,0x24,0x78,0x48,
0x8d,0x11,0x49,0x8d,0x19,0x89,0xac,0x24,0xec,0x12,0x00,0x00,0x48,0x8d,0xac,0x24,
0xec,0x12,0x00,0x00,0x89,0xbc,0x24,0xf0,0x12,0x00,0x00,0x48,0x8d,0xbc,0x24,0xf0,
0x12,0x00,0x00,0x40,0x88,0xb4,0x24,0xf4,0x12,0x00,0x00,0x4c,0x8d,0x8c,0x24,0xf4,
0x12,0x00,0x00,0x88,0x84,0x24,0xf5,0x12,0x00,0x00,0x48,0x8d,0x84,0x24,0xf5,0x12,
0x00,0x00,0x48,0x8d,0xb4,0x24,0xdc,0x12,0x00,0x00,0x4c,0x8b,0x84,0x24,0x70,0x0c,
0x00,0x00,0x4d,0x8d,0x10,0x4c,0x8d,0x9c,0x24,0xd9,0x12,0x00,0x00,0x4c,0x8b,0x25,
0xa4,0x58,0x00,0x00,0x4c,0x89,0x4c,0x24,0x20,0x48,0x89,0x44,0x24,0x28,0x48,0x89,
0x74,0x24,0x30,0x4c,0x89,0x54,0x24,0x38,0x4c,0x89,0x5c,0x24,0x40,0x48,0x89,0x94,
0x24,0xa8,0x0e,0x00,0x00,0x48,0x8b,0x8c,0x24,0xa8,0x0e,0x00,0x00,0x48,0x89,0xda,
0x49,0x89,0xe8,0x49,0x89,0xf9,0x41,0xff,0x14,0x24,0x8b,0x05,0x58,0x54,0x00,0x00,
0x48,0x8d,0x8c,0x24,0xe0,0x12,0x00,0x00,0x4c,0x8b,0x84,0x24,0x70,0x0c,0x00,0x00,
0x49,0x8d,0x90,0x48,0x01,0x00,0x00,0x89,0x84,0x24,0xe8,0x12,0x00,0x00,0x48,0x8d,
0x84,0x24,0xe8,0x12,0x00,0x00,0x48,0x8b,0x1d,0x33,0x58,0x00,0x00,0x49,0x89,0xc0,
0xff,0x13,0x4c,0x8b,0x8c,0x24,0xe0,0x12,0x00,0x00,0x48,0x8b,0x05,0x2f,0x57,0x00,
0x00,0x8b,0x58,0x68,0x8b,0x05,0x2a,0x54,0x00,0x00,0x89,0xdd,0x01,0xc5,0x8b,0x05,
0xa8,0x52,0x00,0x00,0x89,0xc7,0x8b,0x05,0x18,0x54,0x00,0x00,0x3b,0x05,0x56,0x52,
0x00,0x00,0x40,0x0f,0x94,0xc6,0x8b,0x05,0x08,0x54,0x00,0x00,0x89,0xc3,0x48,0x8b,
0x05,0x03,0x57,0x00,0x00,0x8b,0x40,0x68,0x2b,0x05,0x62,0x52,0x00,0x00,0x39,0xc3,
0x0f,0x94,0xc0,0x48,0x8b,0x4c,0x24,0x78,0x48,0x8d,0x11,0x49,0x8d,0x19,0x89,0xac,
0x24,0xec,0x12,0x00,0x00,0x48,0x8d,0xac,0x24,0xec,0x12,0x00,0x00,0x89,0xbc,0x24,
0xf0,0x12,0x00,0x00,0x48,0x8d,0xbc,0x24,0xf0,0x12,0x00,0x00,0x40,0x88,0xb4,0x24,
0xf4,0x12,0x00,0x00,0x4c,0x8d,0x8c,0x24,0xf4,0x12,0x00,0x00,0x88,0x84,0x24,0xf5,
0x12,0x00,0x00,0x48,0x8d,0x84,0x24,0xf5,0x12,0x00,0x00,0x48,0x8d,0xb4,0x24,0xdc,
0x12,0x00,0x00,0x4c,0x8b,0x84,0x24,0x70,0x0c,0x00,0x00,0x4d,0x8d,0x10,0x4c,0x8d,
0x9c,0x24,0xd9,0x12,0x00,0x00,0x4c,0x8b,0x25,0x7b,0x57,0x00,0x00,0x4c,0x89,0x4c,
0x24,0x20,0x48,0x89,0x44,0x24,0x28,0x48,0x89,0x74,0x24,0x30,0x4c,0x89,0x54,0x24,
0x38,0x4c,0x89,0x5c,0x24,0x40,0x48,0x89,0x94,0x24,0x90,0x0e,0x00,0x00,0x48,0x8b,
0x8c,0x24,0x90,0x0e,0x00,0x00,0x48,0x89,0xda,0x49,0x89,0xe8,0x49,0x89,0xf9,0x41,
0xff,0x14,0x24,0x8b,0x05,0x33,0x53,0x00,0x00,0x48,0x8d,0x8c,0x24,0xe0,0x12,0x00,
0x00,0x4c,0x8b,0x84,0x24,0x70,0x0c,0x00,0x00,0x49,0x8d,0x90,0x48,0x01,0x00,0x00,
0x89,0x84,0x24,0xe8,0x12,0x00,0x00,0x48,0x8d,0x84,0x24,0xe8,0x12,0x00,0x00,0x48,
0x8b,0x1d,0x0a,0x57,0x00,0x00,0x49,0x89,0xc0,0xff,0x13,0x4c,0x8b,0x8c,0x24,0xe0,
0x12,0x00,0x00,0x48,0x8b,0x05,0x06,0x56,0x00,0x00,0x8b,0x58,0x68,0x8b,0x05,0x05,
0x53,0x00,0x00,0x89,0xdd,0x01,0xc5,0x8b,0x05,0x7f,0x51,0x00,0x00,0x89,0xc7,0x8b,
0x05,0xf3,0x52,0x00,0x00,0x3b,0x05,0x2d,0x51,0x00,0x00,0x40,0x0f,0x94,0xc6,0x8b,
0x05,0xe3,0x52,0x00,0x00,0x89,0xc3,0x48,0x8b,0x05,0xda,0x55,0x00,0x00,0x8b,0x40,
0x68,0x2b,0x05,0x39,0x51,0x00,0x00,0x39,0xc3,0x0f,0x94,0xc0,0x48,0x8b,0x4c,0x24,
0x78,0x48,0x8d,0x11,0x49,0x8d,0x19,0x89,0xac,0x24,0xec,0x12,0x00,0x00,0x48,0x8d,
0xac,0x24,0xec,0x12,0x00,0x00,0x89,0xbc,0x24,0xf0,0x12,0x00,0x00,0x48,0x8d,0xbc,
0x24,0xf0,0x12,0x00,0x00,0x40,0x88,0xb4,0x24,0xf4,0x12,0x00,0x00,0x4c,0x8d,0x8c,
0x24,0xf4,0x12,0x00,0x00,0x88,0x84,0x24,0xf5,0x12,0x00,0x00,0x48,0x8d,0x84,0x24,
0xf5,0x12,0x00,0x00,0x48,0x8d,0xb4,0x24,0xdc,0x12,0x00,0x00,0x4c,0x8b,0x84,0x24,
0x70,0x0c,0x00,0x00,0x4d,0x8d,0x10,0x4c,0x8d,0x9c,0x24,0xd9,0x12,0x00,0x00,0x4c,
0x8b,0x25,0x52,0x56,0x00,0x00,0x4c,0x89,0x4c,0x24,0x20,0x48,0x89,0x44,0x24,0x28,
0x48,0x89,0x74,0x24,0x30,0x4c,0x89,0x54,0x24,0x38,0x4c,0x89,0x5c,0x24,0x40,0x48,
0x89,0x94,0x24,0xa0,0x0e,0x00,0x00,0x48,0x8b,0x8c,0x24,0xa0,0x0e,0x00,0x00,0x48,
0x89,0xda,0x49,0x89,0xe8,0x49,0x89,0xf9,0x41,0xff,0x14,0x24,0x8b,0x05,0x2a,0x52,
0x00,0x00,0x48,0x8d,0x8c,0x24,0xe0,0x12,0x00,0x00,0x4c,0x8b,0x84,0x24,0x70,0x0c,
0x00,0x00,0x49,0x8d,0x90,0x48,0x01,0x00,0x00,0x89,0x84,0x24,0xe8,0x12,0x00,0x00,
0x48,0x8d,0x84,0x24,0xe8,0x12,0x00,0x00,0x48,0x8b,0x1d,0xe1,0x55,0x00,0x00,0x49,
0x89,0xc0,0xff,0x13,0x4c,0x8b,0x8c,0x24,0xe0,0x12,0x00,0x00,0x48,0x8b,0x05,0xdd,
0x54,0x00,0x00,0x8b,0x58,0x68,0x8b,0x05,0xe4,0x51,0x00,0x00,0x89,0xdd,0x01,0xc5,
0x8b,0x05,0x56,0x50,0x00,0x00,0x89,0xc7,0x8b,0x05,0xd2,0x51,0x00,0x00,0x3b,0x05,
0x04,0x50,0x00,0x00,0x40,0x0f,0x94,0xc6,0x8b,0x05,0xc2,0x51,0x00,0x00,0x89,0xc3,
0x48,0x8b,0x05,0xb1,0x54,0x00,0x00,0x8b,0x40,0x68,0x2b,0x05,0x10,0x50,0x00,0x00,
0x39,0xc3,0x0f,0x94,0xc0,0x48,0x8b,0x4c,0x24,0x78,0x48,0x8d,0x11,0x49,0x8d,0x19,
0x89,0xac,0x24,0xec,0x12,0x00,0x00,0x48,0x8d,0xac,0x24,0xec,0x12,0x00,0x00,0x89,
0xbc,0x24,0xf0,0x12,0x00,0x00,0x48,0x8d,0xbc,0x24,0xf0,0x12,0x00,0x00,0x40,0x88,
0xb4,0x24,0xf4,0x12,0x00,0x00,0x4c,0x8d,0x8c,0x24,0xf4,0x12,0x00,0x00,0x88,0x84,
0x24,0xf5,0x12,0x00,0x00,0x48,0x8d,0x84,0x24,0xf5,0x12,0x00,0x00,0x48,0x8d,0xb4,
0x24,0xdc,0x12,0x00,0x00,0x4c,0x8b,0x84,0x24,0x70,0x0c,0x00,0x00,0x4d,0x8d,0x10,
0x4c,0x8d,0x9c,0x24,0xd9,0x12,0x00,0x00,0x4c,0x8b,0x25,0x29,0x55,0x00,0x00,0x4c,
0x89,0x4c,0x24,0x20,0x48,0x89,0x44,0x24,0x28,0x48,0x89,0x74,0x24,0x30,0x4c,0x89,
0x54,0x24,0x38,0x4c,0x89,0x5c,0x24,0x40,0x48,0x89,0x94,0x24,0xc8,0x0e,0x00,0x00,
0x48,0x8b,0x8c,0x24,0xc8,0x0e,0x00,0x00,0x48,0x89,0xda,0x49,0x89,0xe8,0x49,0x89,
0xf9,0x41,0xff,0x14,0x24,0x8b,0x05,0x09,0x51,0x00,0x00,0x48,0x8d,0x8c,0x24,0xe0,
0x12,0x00,0x00,0x4c,0x8b,0x84,0x24,0x70,0x0c,0x00,0x00,0x49,0x8d,0x90,0x48,0x01,
0x00,0x00,0x89,0x84,0x24,0xe8,0x12,0x00,0x00,0x48,0x8d,0x84,0x24,0xe8,0x12,0x00,
0x00,0x48,0x8b,0x1d,0xb8,0x54,0x00,0x00,0x49,0x89,0xc0,0xff,0x13,0x4c,0x8b,0x8c,
0x24,0xe0,0x12,0x00,0x00,0x48,0x8b,0x05,0xb4,0x53,0x00,0x00,0x8b,0x58,0x68,0x8b,
0x05,0xc3,0x50,0x00,0x00,0x89,0xdd,0x01,0xc5,0x8b,0x05,0x2d,0x4f,0x00,0x00,0x89,
0xc7,0x8b,0x05,0xb1,0x50,0x00,0x00,0x3b,0x05,0xdb,0x4e,0x00,0x00,0x40,0x0f,0x94,
0xc6,0x8b,0x05,0xa1,0x50,0x00,0x00,0x89,0xc3,0x48,0x8b,0x05,0x88,0x53,0x00,0x00,
0x8b,0x40,0x68,0x2b,0x05,0xe7,0x4e,0x00,0x00,0x39,0xc3,0x0f,0x94,0xc0,0x48,0x8b,
0x4c,0x24,0x78,0x48,0x8d,0x11,0x49,0x8d,0x19,0x89,0xac,0x24,0xec,0x12,0x00,0x00,
0x48,0x8d,0xac,0x24,0xec,0x12,0x00,0x00,0x89,0xbc,0x24,0xf0,0x12,0x00,0x00,0x48,
0x8d,0xbc,0x24,0xf0,0x12,0x00,0x00,0x40,0x88,0xb4,0x24,0xf4,0x12,0x00,0x00,0x4c,
0x8d,0x8c,0x24,0xf4,0x12,0x00,0x00,0x88,0x84,0x24,0xf5,0x12,0x00,0x00,0x48,0x8d,
0x84,0x24,0xf5,0x12,0x00,0x00,0x48,0x8d,0xb4,0x24,0xdc,0x12,0x00,0x00,0x4c,0x8b,
0x84,0x24,0x70,0x0c,0x00,0x00,0x4d,0x8d,0x10,0x4c,0x8d,0x9c,0x24,0xd9,0x12,0x00,
0x00,0x4c,0x8b,0x25,0x00,0x54,0x00,0x00,0x4c,0x89,0x4c,0x24,0x20,0x48,0x89,0x44,
0x24,0x28,0x48,0x89,0x74,0x24,0x30,0x4c,0x89,0x54,0x24,0x38,0x4c,0x89,0x5c,0x24,
0x40,0x48,0x89,0x94,0x24,0xb0,0x0e,0x00,0x00,0x48,0x8b,0x8c,0x24,0xb0,0x0e,0x00,
0x00,0x48,0x89,0xda,0x49,0x89,0xe8,0x49,0x89,0xf9,0x41,0xff,0x14,0x24,0x8b,0x05,
0xe8,0x4f,0x00,0x00,0x48,0x8d,0x8c,0x24,0xe0,0x12,0x00,0x00,0x4c,0x8b,0x84,0x24,
0x70,0x0c,0x00,0x00,0x49,0x8d,0x90,0x48,0x01,0x00,0x00,0x89,0x84,0x24,0xe8,0x12,
0x00,0x00,0x48,0x8d,0x84,0x24,0xe8,0x12,0x00,0x00,0x48,0x8b,0x1d,0x8f,0x53,0x00,
0x00,0x49,0x89,0xc0,0xff,0x13,0x4c,0x8b,0x8c,0x24,0xe0,0x12,0x00,0x00,0x48,0x8b,
0x05,0x8b,0x52,0x00,0x00,0x8b,0x58,0x68,0x8b,0x05,0xa2,0x4f,0x00,0x00,0x89,0xdd,
0x01,0xc5,0x8b,0x05,0x04,0x4e,0x00,0x00,0x89,0xc7,0x8b,0x05,0x90,0x4f,0x00,0x00,
0x3b,0x05,0xb2,0x4d,0x00,0x00,0x40,0x0f,0x94,0xc6,0x8b,0x05,0x80,0x4f,0x00,0x00,
0x89,0xc3,0x48,0x8b,0x05,0x5f,0x52,0x00,0x00,0x8b,0x40,0x68,0x2b,0x05,0xbe,0x4d,
0x00,0x00,0x39,0xc3,0x0f,0x94,0xc0,0x48,0x8b,0x4c,0x24,0x78,0x48,0x8d,0x11,0x49,
0x8d,0x19,0x89,0xac,0x24,0xec,0x12,0x00,0x00,0x48,0x8d,0xac,0x24,0xec,0x12,0x00,
0x00,0x89,0xbc,0x24,0xf0,0x12,0x00,0x00,0x48,0x8d,0xbc,0x24,0xf0,0x12,0x00,0x00,
0x40,0x88,0xb4,0x24,0xf4,0x12,0x00,0x00,0x4c,0x8d,0x8c,0x24,0xf4,0x12,0x00,0x00,
0x88,0x84,0x24,0xf5,0x12,0x00,0x00,0x48,0x8d,0x84,0x24,0xf5,0x12,0x00,0x00,0x48,
0x8d,0xb4,0x24,0xdc,0x12,0x00,0x00,0x4c,0x8b,0x84,0x24,0x70,0x0c,0x00,0x00,0x4d,
0x8d,0x10,0x4c,0x8d,0x9c,0x24,0xd9,0x12,0x00,0x00,0x4c,0x8b,0x25,0xd7,0x52,0x00,
0x00,0x4c,0x89,0x4c,0x24,0x20,0x48,0x89,0x44,0x24,0x28,0x48,0x89,0x74,0x24,0x30,
0x4c,0x89,0x54,0x24,0x38,0x4c,0x89,0x5c,0x24,0x40,0x48,0x89,0x94,0x24,0xd0,0x0e,
0x00,0x00,0x48,0x8b,0x8c,0x24,0xd0,0x0e,0x00,0x00,0x48,0x89,0xda,0x49,0x89,0xe8,
0x49,0x89,0xf9,0x41,0xff,0x14,0x24,0x8b,0x05,0xc7,0x4e,0x00,0x00,0x48,0x8d,0x8c,
0x24,0xe0,0x12,0x00,0x00,0x4c,0x8b,0x84,0x24,0x70,0x0c,0x00,0x00,0x49,0x8d,0x90,
0x48,0x01,0x00,0x00,0x89,0x84,0x24,0xe8,0x12,0x00,0x00,0x48,0x8d,0x84,0x24,0xe8,
0x12,0x00,0x00,0x48,0x8b,0x1d,0x66,0x52,0x00,0x00,0x49,0x89,0xc0,0xff,0x13,0x4c,
0x8b,0x8c,0x24,0xe0,0x12,0x00,0x00,0x48,0x8b,0x05,0x62,0x51,0x00,0x00,0x8b,0x58,
0x68,0x8b,0x05,0x81,0x4e,0x00,0x00,0x89,0xdd,0x01,0xc5,0x8b,0x05,0xdb,0x4c,0x00,
0x00,0x89,0xc7,0x8b,0x05,0x6f,0x4e,0x00,0x00,0x3b,0x05,0x89,0x4c,0x00,0x00,0x40,
0x0f,0x94,0xc6,0x8b,0x05,0x5f,0x4e,0x00,0x00,0x89,0xc3,0x48,0x8b,0x05,0x36,0x51,
0x00,0x00,0x8b,0x40,0x68,0x2b,0x05,0x95,0x4c,0x00,0x00,0x39,0xc3,0x0f,0x94,0xc0,
0x48,0x8b,0x4c,0x24,0x78,0x48,0x8d,0x11,0x49,0x8d,0x19,0x89,0xac,0x24,0xec,0x12,
0x00,0x00,0x48,0x8d,0xac,0x24,0xec,0x12,0x00,0x00,0x89,0xbc,0x24,0xf0,0x12,0x00,
0x00,0x48,0x8d,0xbc,0x24,0xf0,0x12,0x00,0x00,0x40,0x88,0xb4,0x24,0xf4,0x12,0x00,
0x00,0x4c,0x8d,0x8c,0x24,0xf4,0x12,0x00,0x00,0x88,0x84,0x24,0xf5,0x12,0x00,0x00,
0x48,0x8d,0x84,0x24,0xf5,0x12,0x00,0x00,0x48,0x8d,0xb4,0x24,0xdc,0x12,0x00,0x00,
0x4c,0x8b,0x84,0x24,0x70,0x0c,0x00,0x00,0x4d,0x8d,0x10,0x4c,0x8d,0x9c,0x24,0xd9,
0x12,0x00,0x00,0x4c,0x8b,0x25,0xae,0x51,0x00,0x00,0x4c,0x89,0x4c,0x24,0x20,0x48,
0x89,0x44,0x24,0x28,0x48,0x89,0x74,0x24,0x30,0x4c,0x89,0x54,0x24,0x38,0x4c,0x89,
0x5c,0x24,0x40,0x48,0x89,0x94,0x24,0xe0,0x0e,0x00,0x00,0x48,0x8b,0x8c,0x24,0xe0,
0x0e,0x00,0x00,0x48,0x89,0xda,0x49,0x89,0xe8,0x49,0x89,0xf9,0x41,0xff,0x14,0x24,
0x8b,0x05,0xa6,0x4d,0x00,0x00,0x48,0x8d,0x8c,0x24,0xe0,0x12,0x00,0x00,0x4c,0x8b,
0x84,0x24,0x70,0x0c,0x00,0x00,0x49,0x8d,0x90,0x48,0x01,0x00,0x00,0x89,0x84,0x24,
0xe8,0x12,0x00,0x00,0x48,0x8d,0x84,0x24,0xe8,0x12,0x00,0x00,0x48,0x8b,0x1d,0x3d,
0x51,0x00,0x00,0x49,0x89,0xc0,0xff,0x13,0x4c,0x8b,0x8c,0x24,0xe0,0x12,0x00,0x00,
0x48,0x8b,0x05,0x39,0x50,0x00,0x00,0x8b,0x58,0x68,0x8b,0x05,0x60,0x4d,0x00,0x00,
0x89,0xdd,0x01,0xc5,0x8b,0x05,0xb2,0x4b,0x00,0x00,0x89,0xc7,0x8b,0x05,0x4e,0x4d,
0x00,0x00,0x3b,0x05,0x60,0x4b,0x00,0x00,0x40,0x0f,0x94,0xc6,0x8b,0x05,0x3e,0x4d,
0x00,0x00,0x89,0xc3,0x48,0x8b,0x05,0x0d,0x50,0x00,0x00,0x8b,0x40,0x68,0x2b,0x05,
0x6c,0x4b,0x00,0x00,0x39,0xc3,0x0f,0x94,0xc0,0x48,0x8b,0x4c,0x24,0x78,0x48,0x8d,
0x11,0x49,0x8d,0x19,0x89,0xac,0x24,0xec,0x12,0x00,0x00,0x48,0x8d,0xac,0x24,0xec,
0x12,0x00,0x00,0x89,0xbc,0x24,0xf0,0x12,0x00,0x00,0x48,0x8d,0xbc,0x24,0xf0,0x12,
0x00,0x00,0x40,0x88,0xb4,0x24,0xf4,0x12,0x00,0x00,0x4c,0x8d,0x8c,0x24,0xf4,0x12,
0x00,0x00,0x88,0x84,0x24,0xf5,0x12,0x00,0x00,0x48,0x8d,0x84,0x24,0xf5,0x12,0x00,
0x00,0x48,0x8d,0xb4,0x24,0xdc,0x12,0x00,0x00,0x4c,0x8b,0x84,0x24,0x70,0x0c,0x00,
0x00,0x4d,0x8d,0x10,0x4c,0x8d,0x9c,0x24,0xd9,0x12,0x00,0x00,0x4c,0x8b,0x25,0x85,
0x50,0x00,0x00,0x4c,0x89,0x4c,0x24,0x20,0x48,0x89,0x44,0x24,0x28,0x48,0x89,0x74,
0x24,0x30,0x4c,0x89,0x54,0x24,0x38,0x4c,0x89,0x5c,0x24,0x40,0x48,0x89,0x94,0x24,
0x08,0x0f,0x00,0x00,0x48,0x8b,0x8c,0x24,0x08,0x0f,0x00,0x00,0x48,0x89,0xda,0x49,
0x89,0xe8,0x49,0x89,0xf9,0x41,0xff,0x14,0x24,0x8b,0x05,0x85,0x4c,0x00,0x00,0x48,
0x8d,0x8c,0x24,0xe0,0x12,0x00,0x00,0x4c,0x8b,0x84,0x24,0x70,0x0c,0x00,0x00,0x49,
0x8d,0x90,0x48,0x01,0x00,0x00,0x89,0x84,0x24,0xe8,0x12,0x00,0x00,0x48,0x8d,0x84,
0x24,0xe8,0x12,0x00,0x00,0x48,0x8b,0x1d,0x14,0x50,0x00,0x00,0x49,0x89,0xc0,0xff,
0x13,0x4c,0x8b,0x8c,0x24,0xe0,0x12,0x00,0x00,0x48,0x8b,0x05,0x10,0x4f,0x00,0x00,
0x8b,0x58,0x68,0x8b,0x05,0x3f,0x4c,0x00,0x00,0x89,0xdd,0x01,0xc5,0x8b,0x05,0x89,
0x4a,0x00,0x00,0x89,0xc7,0x8b,0x05,0x2d,0x4c,0x00,0x00,0x3b,0x05,0x37,0x4a,0x00,
0x00,0x40,0x0f,0x94,0xc6,0x8b,0x05,0x1d,0x4c,0x00,0x00,0x89,0xc3,0x48,0x8b,0x05,
0xe4,0x4e,0x00,0x00,0x8b,0x40,0x68,0x2b,0x05,0x43,0x4a,0x00,0x00,0x39,0xc3,0x0f,
0x94,0xc0,0x48,0x8b,0x4c,0x24,0x78,0x48,0x8d,0x11,0x49,0x8d,0x19,0x89,0xac,0x24,
0xec,0x12,0x00,0x00,0x48,0x8d,0xac,0x24,0xec,0x12,0x00,0x00,0x89,0xbc,0x24,0xf0,
0x12,0x00,0x00,0x48,0x8d,0xbc,0x24,0xf0,0x12,0x00,0x00,0x40,0x88,0xb4,0x24,0xf4,
0x12,0x00,0x00,0x4c,0x8d,0x8c,0x24,0xf4,0x12,0x00,0x00,0x88,0x84,0x24,0xf5,0x12,
0x00,0x00,0x48,0x8d,0xb4,0x24,0xf5,0x12,0x00,0x00,0x48,0x8d,0x84,0x24,0xdc,0x12,
0x00,0x00,0x4c,0x8b,0x84,0x24,0x70,0x0c,0x00,0x00,0x4d,0x8d,0x10,0x4c,0x8d,0x9c,
0x24,0xd9,0x12,0x00,0x00,0x4c,0x8b,0x25,0x5c,0x4f,0x00,0x00,0x4c,0x89,0x4c,0x24,
0x20,0x48,0x89,0x74,0x24,0x28,0x48,0x89,0x44,0x24,0x30,0x4c,0x89,0x54,0x24,0x38,
0x4c,0x89,0x5c,0x24,0x40,0x48,0x89,0x94,0x24,0x00,0x0f,0x00,0x00,0x48,0x8b,0x8c,
0x24,0x00,0x0f,0x00,0x00,0x48,0x89,0xda,0x49,0x89,0xe8,0x49,0x89,0xf9,0x41,0xff,
0x14,0x24,0x8b,0x05,0x64,0x4b,0x00,0x00,0x48,0x8d,0x8c,0x24,0xe0,0x12,0x00,0x00,
0x4c,0x8b,0x84,0x24,0x70,0x0c,0x00,0x00,0x49,0x8d,0x90,0x48,0x01,0x00,0x00,0x89,
0x84,0x24,0xe8,0x12,0x00,0x00,0x48,0x8d,0x84,0x24,0xe8,0x12,0x00,0x00,0x48,0x8b,
0x1d,0xeb,0x4e,0x00,0x00,0x49,0x89,0xc0,0xff,0x13,0x4c,0x8b,0x8c,0x24,0xe0,0x12,
0x00,0x00,0x48,0x8b,0x05,0xe7,0x4d,0x00,0x00,0x8b,0x58,0x68,0x8b,0x05,0x1e,0x4b,
0x00,0x00,0x89,0xdd,0x01,0xc5,0x8b,0x05,0x60,0x49,0x00,0x00,0x89,0xc7,0x8b,0x05,
0x0c,0x4b,0x00,0x00,0x3b,0x05,0x0e,0x49,0x00,0x00,0x40,0x0f,0x94,0xc6,0x8b,0x05,
0xfc,0x4a,0x00,0x00,0x89,0xc3,0x48,0x8b,0x05,0xbb,0x4d,0x00,0x00,0x8b,0x40,0x68,
0x2b,0x05,0x1a,0x49,0x00,0x00,0x39,0xc3,0x0f,0x94,0xc0,0x48,0x8b,0x4c,0x24,0x78,
0x48,0x8d,0x11,0x49,0x8d,0x19,0x89,0xac,0x24,0xec,0x12,0x00,0x00,0x48,0x8d,0xac,
0x24,0xec,0x12,0x00,0x00,0x89,0xbc,0x24,0xf0,0x12,0x00,0x00,0x48,0x8d,0xbc,0x24,
0xf0,0x12,0x00,0x00,0x40,0x88,0xb4,0x24,0xf4,0x12,0x00,0x00,0x4c,0x8d,0x8c,0x24,
0xf4,0x12,0x00,0x00,0x88,0x84,0x24,0xf5,0x12,0x00,0x00,0x48,0x8d,0x84,0x24,0xf5,
0x12,0x00,0x00,0x48,0x8d,0xb4,0x24,0xdc,0x12,0x00,0x00,0x4c,0x8b,0x84,0x24,0x70,
0x0c,0x00,0x00,0x4d,0x8d,0x10,0x4c,0x8d,0x9c,0x24,0xd9,0x12,0x00,0x00,0x4c,0x8b,
0x25,0x33,0x4e,0x00,0x00,0x4c,0x89,0x4c,0x24,0x20,0x48,0x89,0x44,0x24,0x28,0x48,
0x89,0x74,0x24,0x30,0x4c,0x89,0x54,0x24,0x38,0x4c,0x89,0x5c,0x24,0x40,0x48,0x89,
0x94,0x24,0xf0,0x0e,0x00,0x00,0x48,0x8b,0x8c,0x24,0xf0,0x0e,0x00,0x00,0x48,0x89,
0xda,0x49,0x89,0xe8,0x49,0x89,0xf9,0x41,0xff,0x14,0x24,0x8b,0x05,0x43,0x4a,0x00,
0x00,0x48,0x8d,0x8c,0x24,0xe0,0x12,0x00,0x00,0x4c,0x8b,0x84,0x24,0x70,0x0c,0x00,
0x00,0x49,0x8d,0x90,0x48,0x01,0x00,0x00,0x89,0x84,0x24,0xe8,0x12,0x00,0x00,0x48,
0x8d,0x84,0x24,0xe8,0x12,0x00,0x00,0x48,0x8b,0x1d,0xc2,0x4d,0x00,0x00,0x49,0x89,
0xc0,0xff,0x13,0x4c,0x8b,0x8c,0x24,0xe0,0x12,0x00,0x00,0x48,0x8b,0x05,0xbe,0x4c,
0x00,0x00,0x8b,0x58,0x68,0x8b,0x05,0xfd,0x49,0x00,0x00,0x89,0xdd,0x01,0xc5,0x8b,
0x05,0x37,0x48,0x00,0x00,0x89,0xc7,0x8b,0x05,0xeb,0x49,0x00,0x00,0x3b,0x05,0xe5,
0x47,0x00,0x00,0x40,0x0f,0x94,0xc6,0x8b,0x05,0xdb,0x49,0x00,0x00,0x89,0xc3,0x48,
0x8b,0x05,0x92,0x4c,0x00,0x00,0x8b,0x40,0x68,0x2b,0x05,0xf1,0x47,0x00,0x00,0x39,
0xc3,0x0f,0x94,0xc0,0x48,0x8b,0x4c,0x24,0x78,0x48,0x8d,0x11,0x49,0x8d,0x19,0x89,
0xac,0x24,0xec,0x12,0x00,0x00,0x48,0x8d,0xac,0x24,0xec,0x12,0x00,0x00,0x89,0xbc,
0x24,0xf0,0x12,0x00,0x00,0x48,0x8d,0xbc,0x24,0xf0,0x12,0x00,0x00,0x40,0x88,0xb4,
0x24,0xf4,0x12,0x00,0x00,0x4c,0x8d,0x8c,0x24,0xf4,0x12,0x00,0x00,0x88,0x84,0x24,
0xf5,0x12,0x00,0x00,0x48,0x8d,0x84,0x24,0xf5,0x12,0x00,0x00,0x48,0x8d,0xb4,0x24,
0xdc,0x12,0x00,0x00,0x4c,0x8b,0x84,0x24,0x70,0x0c,0x00,0x00,0x4d,0x8d,0x10,0x4c,
0x8d,0x9c,0x24,0xd9,0x12,0x00,0x00,0x4c,0x8b,0x25,0x0a,0x4d,0x00,0x00,0x4c,0x89,
0x4c,0x24,0x20,0x48,0x89,0x44,0x24,0x28,0x48,0x89,0x74,0x24,0x30,0x4c,0x89,0x54,
0x24,0x38,0x4c,0x89,0x5c,0x24,0x40,0x48,0x89,0x94,0x24,0xd8,0x0e,0x00,0x00,0x48,
0x8b,0x8c,0x24,0xd8,0x0e,0x00,0x00,0x48,0x89,0xda,0x49,0x89,0xe8,0x49,0x89,0xf9,
0x41,0xff,0x14,0x24,0x8b,0x05,0x22,0x49,0x00,0x00,0x48,0x8d,0x8c,0x24,0xe0,0x12,
0x00,0x00,0x4c,0x8b,0x84,0x24,0x70,0x0c,0x00,0x00,0x49,0x8d,0x90,0x48,0x01,0x00,
0x00,0x89,0x84,0x24,0xe8,0x12,0x00,0x00,0x48,0x8d,0x84,0x24,0xe8,0x12,0x00,0x00,
0x48,0x8b,0x1d,0x99,0x4c,0x00,0x00,0x49,0x89,0xc0,0xff,0x13,0x4c,0x8b,0x8c,0x24,
0xe0,0x12,0x00,0x00,0x48,0x8b,0x05,0x95,0x4b,0x00,0x00,0x8b,0x58,0x68,0x8b,0x05,
0xdc,0x48,0x00,0x00,0x89,0xdd,0x01,0xc5,0x8b,0x05,0x0e,0x47,0x00,0x00,0x89,0xc7,
0x8b,0x05,0xca,0x48,0x00,0x00,0x3b,0x05,0xbc,0x46,0x00,0x00,0x40,0x0f,0x94,0xc6,
0x8b,0x05,0xba,0x48,0x00,0x00,0x89,0xc3,0x48,0x8b,0x05,0x69,0x4b,0x00,0x00,0x8b,
0x40,0x68,0x2b,0x05,0xc8,0x46,0x00,0x00,0x39,0xc3,0x0f,0x94,0xc0,0x48,0x8b,0x4c,
0x24,0x78,0x48,0x8d,0x11,0x49,0x8d,0x19,0x89,0xac,0x24,0xec,0x12,0x00,0x00,0x48,
0x8d,0xac,0x24,0xec,0x12,0x00,0x00,0x89,0xbc,0x24,0xf0,0x12,0x00,0x00,0x48,0x8d,
0xbc,0x24,0xf0,0x12,0x00,0x00,0x40,0x88,0xb4,0x24,0xf4,0x12,0x00,0x00,0x4c,0x8d,
0x8c,0x24,0xf4,0x12,0x00,0x00,0x88,0x84,0x24,0xf5,0x12,0x00,0x00,0x48,0x8d,0x84,
0x24,0xf5,0x12,0x00,0x00,0x48,0x8d,0xb4,0x24,0xdc,0x12,0x00,0x00,0x4c,0x8b,0x84,
0x24,0x70,0x0c,0x00,0x00,0x4d,0x8d,0x10,0x4c,0x8d,0x9c,0x24,0xd9,0x12,0x00,0x00,
0x4c,0x8b,0x25,0xe1,0x4b,0x00,0x00,0x4c,0x89,0x4c,0x24,0x20,0x48,0x89,0x44,0x24,
0x28,0x48,0x89,0x74,0x24,0x30,0x4c,0x89,0x54,0x24,0x38,0x4c,0x89,0x5c,0x24,0x40,
0x48,0x89,0x94,0x24,0xe8,0x0e,0x00,0x00,0x48,0x8b,0x8c,0x24,0xe8,0x0e,0x00,0x00,
0x48,0x89,0xda,0x49,0x89,0xe8,0x49,0x89,0xf9,0x41,0xff,0x14,0x24,0x8b,0x05,0x01,
0x48,0x00,0x00,0x48,0x8d,0x8c,0x24,0xe0,0x12,0x00,0x00,0x4c,0x8b,0x84,0x24,0x70,
0x0c,0x00,0x00,0x49,0x8d,0x90,0x48,0x01,0x00,0x00,0x89,0x84,0x24,0xe8,0x12,0x00,
0x00,0x48,0x8d,0x84,0x24,0xe8,0x12,0x00,0x00,0x48,0x8b,0x1d,0x70,0x4b,0x00,0x00,
0x49,0x89,0xc0,0xff,0x13,0x4c,0x8b,0x8c,0x24,0xe0,0x12,0x00,0x00,0x48,0x8b,0x05,
0x6c,0x4a,0x00,0x00,0x8b,0x58,0x68,0x8b,0x05,0xbb,0x47,0x00,0x00,0x89,0xdd,0x01,
0xc5,0x8b,0x05,0xe5,0x45,0x00,0x00,0x89,0xc7,0x8b,0x05,0xa9,0x47,0x00,0x00,0x3b,
0x05,0x93,0x45,0x00,0x00,0x40,0x0f,0x94,0xc6,0x8b,0x05,0x99,0x47,0x00,0x00,0x89,
0xc3,0x48,0x8b,0x05,0x40,0x4a,0x00,0x00,0x8b,0x40,0x68,0x2b,0x05,0x9f,0x45,0x00,
0x00,0x39,0xc3,0x0f,0x94,0xc0,0x48,0x8b,0x4c,0x24,0x78,0x48,0x8d,0x11,0x49,0x8d,
0x19,0x89,0xac,0x24,0xec,0x12,0x00,0x00,0x48,0x8d,0xac,0x24,0xec,0x12,0x00,0x00,
0x89,0xbc,0x24,0xf0,0x12,0x00,0x00,0x48,0x8d,0xbc,0x24,0xf0,0x12,0x00,0x00,0x40,
0x88,0xb4,0x24,0xf4,0x12,0x00,0x00,0x4c,0x8d,0x8c,0x24,0xf4,0x12,0x00,0x00,0x88,
0x84,0x24,0xf5,0x12,0x00,0x00,0x48,0x8d,0x84,0x24,0xf5,0x12,0x00,0x00,0x48,0x8d,
0xb4,0x24,0xdc,0x12,0x00,0x00,0x4c,0x8b,0x84,0x24,0x70,0x0c,0x00,0x00,0x4d,0x8d,
0x10,0x4c,0x8d,0x9c,0x24,0xd9,0x12,0x00,0x00,0x4c,0x8b,0x25,0xb8,0x4a,0x00,0x00,
0x4c,0x89,0x4c,0x24,0x20,0x48,0x89,0x44,0x24,0x28,0x48,0x89,0x74,0x24,0x30,0x4c,
0x89,0x54,0x24,0x38,0x4c,0x89,0x5c,0x24,0x40,0x48,0x89,0x94,0x24,0x98,0x0e,0x00,
0x00,0x48,0x8b,0x8c,0x24,0x98,0x0e,0x00,0x00,0x48,0x89,0xda,0x49,0x89,0xe8,0x49,
0x89,0xf9,0x41,0xff,0x14,0x24,0x8b,0x05,0xdc,0x46,0x00,0x00,0x48,0x8d,0x8c,0x24,
0xe0,0x12,0x00,0x00,0x4c,0x8b,0x84,0x24,0x70,0x0c,0x00,0x00,0x49,0x8d,0x90,0x48,
0x01,0x00,0x00,0x89,0x84,0x24,0xe8,0x12,0x00,0x00,0x48,0x8d,0x84,0x24,0xe8,0x12,
0x00,0x00,0x48,0x8b,0x1d,0x47,0x4a,0x00,0x00,0x49,0x89,0xc0,0xff,0x13,0x4c,0x8b,
0x8c,0x24,0xe0,0x12,0x00,0x00,0x48,0x8b,0x05,0x43,0x49,0x00,0x00,0x8b,0x58,0x68,
0x8b,0x05,0x96,0x46,0x00,0x00,0x89,0xdd,0x01,0xc5,0x8b,0x05,0xbc,0x44,0x00,0x00,
0x89,0xc7,0x8b,0x05,0x84,0x46,0x00,0x00,0x3b,0x05,0x6a,0x44,0x00,0x00,0x40,0x0f,
0x94,0xc6,0x8b,0x05,0x74,0x46,0x00,0x00,0x89,0xc3,0x48,0x8b,0x05,0x17,0x49,0x00,
0x00,0x8b,0x40,0x68,0x2b,0x05,0x76,0x44,0x00,0x00,0x39,0xc3,0x0f,0x94,0xc0,0x48,
0x8b,0x4c,0x24,0x78,0x48,0x8d,0x11,0x49,0x8d,0x19,0x89,0xac,0x24,0xec,0x12,0x00,
0x00,0x48,0x8d,0xac,0x24,0xec,0x12,0x00,0x00,0x89,0xbc,0x24,0xf0,0x12,0x00,0x00,
0x48,0x8d,0xbc,0x24,0xf0,0x12,0x00,0x00,0x40,0x88,0xb4,0x24,0xf4,0x12,0x00,0x00,
0x4c,0x8d,0x8c,0x24,0xf4,0x12,0x00,0x00,0x88,0x84,0x24,0xf5,0x12,0x00,0x00,0x48,
0x8d,0xb4,0x24,0xf5,0x12,0x00,0x00,0x48,0x8d,0x84,0x24,0xdc,0x12,0x00,0x00,0x4c,
0x8b,0x84,0x24,0x70,0x0c,0x00,0x00,0x4d,0x8d,0x10,0x4c,0x8d,0x9c,0x24,0xd9,0x12,
0x00,0x00,0x4c,0x8b,0x25,0x8f,0x49,0x00,0x00,0x4c,0x89,0x4c,0x24,0x20,0x48,0x89,
0x74,0x24,0x28,0x48,0x89,0x44,0x24,0x30,0x4c,0x89,0x54,0x24,0x38,0x4c,0x89,0x5c,
0x24,0x40,0x48,0x89,0x94,0x24,0x88,0x0e,0x00,0x00,0x48,0x8b,0x8c,0x24,0x88,0x0e,
0x00,0x00,0x48,0x89,0xda,0x49,0x89,0xe8,0x49,0x89,0xf9,0x41,0xff,0x14,0x24,0x8b,
0x05,0xbb,0x45,0x00,0x00,0x48,0x8d,0x8c,0x24,0xe0,0x12,0x00,0x00,0x4c,0x8b,0x84,
0x24,0x70,0x0c,0x00,0x00,0x49,0x8d,0x90,0x48,0x01,0x00,0x00,0x89,0x84,0x24,0xe8,
0x12,0x00,0x00,0x48,0x8d,0x84,0x24,0xe8,0x12,0x00,0x00,0x48,0x8b,0x1d,0x1e,0x49,
0x00,0x00,0x49,0x89,0xc0,0xff,0x13,0x4c,0x8b,0x8c,0x24,0xe0,0x12,0x00,0x00,0x48,
0x8b,0x05,0x1a,0x48,0x00,0x00,0x8b,0x58,0x68,0x8b,0x05,0x05,0x45,0x00,0x00,0x89,
0xdd,0x01,0xc5,0x8b,0x05,0x93,0x43,0x00,0x00,0x89,0xc7,0x8b,0x05,0xf3,0x44,0x00,
0x00,0x3b,0x05,0x41,0x43,0x00,0x00,0x40,0x0f,0x94,0xc6,0x8b,0x05,0xe3,0x44,0x00,
0x00,0x89,0xc3,0x48,0x8b,0x05,0xee,0x47,0x00,0x00,0x8b,0x40,0x68,0x2b,0x05,0x4d,
0x43,0x00,0x00,0x39,0xc3,0x0f,0x94,0xc0,0x48,0x8b,0x4c,0x24,0x78,0x48,0x8d,0x11,
0x49,0x8d,0x19,0x89,0xac,0x24,0xec,0x12,0x00,0x00,0x48,0x8d,0xac,0x24,0xec,0x12,
0x00,0x00,0x89,0xbc,0x24,0xf0,0x12,0x00,0x00,0x48,0x8d,0xbc,0x24,0xf0,0x12,0x00,
0x00,0x40,0x88,0xb4,0x24,0xf4,0x12,0x00,0x00,0x4c,0x8d,0x8c,0x24,0xf4,0x12,0x00,
0x00,0x88,0x84,0x24,0xf5,0x12,0x00,0x00,0x48,0x8d,0x84,0x24,0xf5,0x12,0x00,0x00,
0x48,0x8d,0xb4,0x24,0xdc,0x12,0x00,0x00,0x4c,0x8b,0x84,0x24,0x70,0x0c,0x00,0x00,
0x4d,0x8d,0x10,0x4c,0x8d,0x9c,0x24,0xd9,0x12,0x00,0x00,0x4c,0x8b,0x25,0x66,0x48,
0x00,0x00,0x4c,0x89,0x4c,0x24,0x20,0x48,0x89,0x44,0x24,0x28,0x48,0x89,0x74,0x24,
0x30,0x4c,0x89,0x54,0x24,0x38,0x4c,0x89,0x5c,0x24,0x40,0x48,0x89,0x94,0x24,0x68,
0x0e,0x00,0x00,0x48,0x8b,0x8c,0x24,0x68,0x0e,0x00,0x00,0x48,0x89,0xda,0x49,0x89,
0xe8,0x49,0x89,0xf9,0x41,0xff,0x14,0x24,0x8b,0x05,0x96,0x44,0x00,0x00,0x48,0x8d,
0x8c,0x24,0xe0,0x12,0x00,0x00,0x4c,0x8b,0x84,0x24,0x70,0x0c,0x00,0x00,0x49,0x8d,
0x90,0x48,0x01,0x00,0x00,0x89,0x84,0x24,0xe8,0x12,0x00,0x00,0x48,0x8d,0x84,0x24,
0xe8,0x12,0x00,0x00,0x48,0x8b,0x1d,0xf5,0x47,0x00,0x00,0x49,0x89,0xc0,0xff,0x13,
0x4c,0x8b,0x8c,0x24,0xe0,0x12,0x00,0x00,0x48,0x8b,0x05,0xf1,0x46,0x00,0x00,0x8b,
0x58,0x68,0x8b,0x05,0xe4,0x43,0x00,0x00,0x89,0xdd,0x01,0xc5,0x8b,0x05,0x6a,0x42,
0x00,0x00,0x89,0xc7,0x8b,0x05,0xd2,0x43,0x00,0x00,0x3b,0x05,0x18,0x42,0x00,0x00,
0x40,0x0f,0x94,0xc6,0x8b,0x05,0xc2,0x43,0x00,0x00,0x89,0xc3,0x48,0x8b,0x05,0xc5,
0x46,0x00,0x00,0x8b,0x40,0x68,0x2b,0x05,0x24,0x42,0x00,0x00,0x39,0xc3,0x0f,0x94,
0xc0,0x48,0x8b,0x4c,0x24,0x78,0x48,0x8d,0x11,0x49,0x8d,0x19,0x89,0xac,0x24,0xec,
0x12,0x00,0x00,0x48,0x8d,0xac,0x24,0xec,0x12,0x00,0x00,0x89,0xbc,0x24,0xf0,0x12,
0x00,0x00,0x48,0x8d,0xbc,0x24,0xf0,0x12,0x00,0x00,0x40,0x88,0xb4,0x24,0xf4,0x12,
0x00,0x00,0x4c,0x8d,0x8c,0x24,0xf4,0x12,0x00,0x00,0x88,0x84,0x24,0xf5,0x12,0x00,
0x00,0x48,0x8d,0x84,0x24,0xf5,0x12,0x00,0x00,0x48,0x8d,0xb4,0x24,0xdc,0x12,0x00,
0x00,0x4c,0x8b,0x84,0x24,0x70,0x0c,0x00,0x00,0x4d,0x8d,0x10,0x4c,0x8d,0x9c,0x24,
0xd9,0x12,0x00,0x00,0x4c,0x8b,0x25,0x3d,0x47,0x00,0x00,0x4c,0x89,0x4c,0x24,0x20,
0x48,0x89,0x44,0x24,0x28,0x48,0x89,0x74,0x24,0x30,0x4c,0x89,0x54,0x24,0x38,0x4c,
0x89,0x5c,0x24,0x40,0x48,0x89,0x94,0x24,0x80,0x0e,0x00,0x00,0x48,0x8b,0x8c,0x24,
0x80,0x0e,0x00,0x00,0x48,0x89,0xda,0x49,0x89,0xe8,0x49,0x89,0xf9,0x41,0xff,0x14,
0x24,0x8b,0x05,0x19,0x43,0x00,0x00,0x48,0x8d,0x8c,0x24,0xe0,0x12,0x00,0x00,0x4c,
0x8b,0x84,0x24,0x70,0x0c,0x00,0x00,0x49,0x8d,0x90,0x48,0x01,0x00,0x00,0x89,0x84,
0x24,0xe8,0x12,0x00,0x00,0x48,0x8d,0x84,0x24,0xe8,0x12,0x00,0x00,0x48,0x8b,0x1d,
0xcc,0x46,0x00,0x00,0x49,0x89,0xc0,0xff,0x13,0x4c,0x8b,0x8c,0x24,0xe0,0x12,0x00,
0x00,0x48,0x8b,0x05,0xc8,0x45,0x00,0x00,0x8b,0x58,0x68,0x8b,0x05,0xd3,0x42,0x00,
0x00,0x89,0xdd,0x01,0xc5,0x8b,0x05,0x41,0x41,0x00,0x00,0x89,0xc7,0x8b,0x05,0xc1,
0x42,0x00,0x00,0x3b,0x05,0xef,0x40,0x00,0x00,0x40,0x0f,0x94,0xc6,0x8b,0x05,0xb1,
0x42,0x00,0x00,0x89,0xc3,0x48,0x8b,0x05,0x9c,0x45,0x00,0x00,0x8b,0x40,0x68,0x2b,
0x05,0xfb,0x40,0x00,0x00,0x39,0xc3,0x0f,0x94,0xc0,0x48,0x8b,0x4c,0x24,0x78,0x48,
0x8d,0x11,0x49,0x8d,0x19,0x89,0xac,0x24,0xec,0x12,0x00,0x00,0x48,0x8d,0xac,0x24,
0xec,0x12,0x00,0x00,0x89,0xbc,0x24,0xf0,0x12,0x00,0x00,0x48,0x8d,0xbc,0x24,0xf0,
0x12,0x00,0x00,0x40,0x88,0xb4,0x24,0xf4,0x12,0x00,0x00,0x4c,0x8d,0x8c,0x24,0xf4,
0x12,0x00,0x00,0x88,0x84,0x24,0xf5,0x12,0x00,0x00,0x48,0x8d,0x84,0x24,0xf5,0x12,
0x00,0x00,0x48,0x8d,0xb4,0x24,0xdc,0x12,0x00,0x00,0x4c,0x8b,0x84,0x24,0x70,0x0c,
0x00,0x00,0x4d,0x8d,0x10,0x4c,0x8d,0x9c,0x24,0xd9,0x12,0x00,0x00,0x4c,0x8b,0x25,
0x14,0x46,0x00,0x00,0x4c,0x89,0x4c,0x24,0x20,0x48,0x89,0x44,0x24,0x28,0x48,0x89,
0x74,0x24,0x30,0x4c,0x89,0x54,0x24,0x38,0x4c,0x89,0x5c,0x24,0x40,0x48,0x89,0x94,
0x24,0x30,0x0e,0x00,0x00,0x48,0x8b,0x8c,0x24,0x30,0x0e,0x00,0x00,0x48,0x89,0xda,
0x49,0x89,0xe8,0x49,0x89,0xf9,0x41,0xff,0x14,0x24,0x48,0x8b,0x4c,0x24,0x78,0x48,
0x8d,0x01,0x48,0x8b,0x15,0x8f,0x45,0x00,0x00,0x48,0x89,0xc1,0xff,0x12,0x48,0x8b,
0x4c,0x24,0x78,0x48,0x8d,0x01,0x48,0x8b,0x15,0x7b,0x45,0x00,0x00,0x48,0x89,0xc1,
0xff,0x12,0x48,0x8d,0x84,0x24,0xe0,0x12,0x00,0x00,0x48,0x8d,0x0d,0x17,0x42,0x00,
0x00,0x48,0x8b,0x15,0xd0,0x44,0x00,0x00,0x48,0x89,0x84,0x24,0x28,0x0e,0x00,0x00,
0x48,0x89,0x8c,0x24,0x18,0x0e,0x00,0x00,0x48,0x89,0x94,0x24,0x00,0x0e,0x00,0x00,
0x48,0x8b,0x84,0x24,0x00,0x0e,0x00,0x00,0x48,0x8b,0x8c,0x24,0x28,0x0e,0x00,0x00,
0x48,0x8b,0x94,0x24,0x18,0x0e,0x00,0x00,0xff,0x10,0x48,0x8b,0x3d,0x9f,0x44,0x00,
0x00,0x48,0x8b,0x35,0xe0,0x44,0x00,0x00,0x48,0x8b,0x2d,0xe1,0x44,0x00,0x00,0x48,
0x8b,0x05,0x6a,0x44,0x00,0x00,0x8b,0x58,0x68,0x8b,0x45,0x00,0x0f,0xaf,0xc3,0x8b,
0x1e,0x01,0xc3,0x48,0x8d,0x84,0x24,0xf0,0x12,0x00,0x00,0x48,0x8d,0x0f,0x89,0x9c,
0x24,0xf8,0x12,0x00,0x00,0x48,0x8d,0x94,0x24,0xf8,0x12,0x00,0x00,0x48,0x8b,0x1d,
0x6c,0x44,0x00,0x00,0x48,0x89,0x8c,0x24,0x10,0x0e,0x00,0x00,0x48,0x89,0x94,0x24,
0x38,0x0e,0x00,0x00,0x48,0x89,0xc1,0x48,0x8b,0x94,0x24,0x10,0x0e,0x00,0x00,0x4c,
0x8b,0x84,0x24,0x38,0x0e,0x00,0x00,0xff,0x13,0x48,0x8d,0x84,0x24,0xfc,0x12,0x00,
0x00,0x48,0x8b,0x0d,0x40,0x44,0x00,0x00,0x48,0x89,0x84,0x24,0x20,0x0e,0x00,0x00,
0x48,0x89,0x8c,0x24,0x40,0x0e,0x00,0x00,0x48,0x8b,0x84,0x24,0x40,0x0e,0x00,0x00,
0x48,0x8b,0x8c,0x24,0x20,0x0e,0x00,0x00,0xff,0x10,0x48,0x8b,0x4c,0x24,0x78,0x48,
0x8d,0x01,0x48,0x8d,0x94,0x24,0xe0,0x12,0x00,0x00,0x48,0x8d,0x9c,0x24,0xf0,0x12,
0x00,0x00,0x4c,0x8d,0x0d,0xff,0x3e,0x00,0x00,0x48,0x8d,0x2d,0xf8,0x3e,0x00,0x00,
0x48,0x8d,0x35,0x19,0x3f,0x00,0x00,0x48,0x8d,0xbc,0x24,0xfc,0x12,0x00,0x00,0x4c,
0x8d,0x05,0xe2,0x3e,0x00,0x00,0x4c,0x8d,0x15,0xc4,0x3e,0x00,0x00,0x4c,0x8b,0x1d,
0x14,0x44,0x00,0x00,0x48,0x89,0x6c,0x24,0x20,0x48,0x89,0x74,0x24,0x28,0x48,0x89,
0x7c,0x24,0x30,0x4c,0x89,0x44,0x24,0x38,0x4c,0x89,0x54,0x24,0x40,0x48,0x89,0xc1,
0x49,0x89,0xd8,0x41,0xff,0x13,0x48,0x8d,0x84,0x24,0xfc,0x12,0x00,0x00,0x48,0x8b,
0x0d,0xbb,0x43,0x00,0x00,0x48,0x89,0x84,0x24,0x50,0x0e,0x00,0x00,0x48,0x89,0x8c,
0x24,0x78,0x0e,0x00,0x00,0x48,0x8b,0x84,0x24,0x78,0x0e,0x00,0x00,0x48,0x8b,0x8c,
0x24,0x50,0x0e,0x00,0x00,0xff,0x10,0x48,0x8d,0x84,0x24,0xf0,0x12,0x00,0x00,0x48,
0x8b,0x0d,0x8a,0x43,0x00,0x00,0x48,0x89,0x84,0x24,0x70,0x0e,0x00,0x00,0x48,0x89,
0x8c,0x24,0x60,0x0e,0x00,0x00,0x48,0x8b,0x84,0x24,0x60,0x0e,0x00,0x00,0x48,0x8b,
0x8c,0x24,0x70,0x0e,0x00,0x00,0xff,0x10,0x48,0x8d,0x84,0x24,0xe0,0x12,0x00,0x00,
0x48,0x8b,0x0d,0x61,0x43,0x00,0x00,0x48,0x89,0x84,0x24,0x48,0x0e,0x00,0x00,0x48,
0x89,0x8c,0x24,0x58,0x0e,0x00,0x00,0x48,0x8b,0x84,0x24,0x58,0x0e,0x00,0x00,0x48,
0x8b,0x8c,0x24,0x48,0x0e,0x00,0x00,0xff,0x10,0x48,0x8d,0x84,0x24,0xe0,0x12,0x00,
0x00,0x48,0x8d,0x0d,0x41,0x40,0x00,0x00,0x48,0x8b,0x15,0xe9,0x42,0x00,0x00,0x48,
0x89,0x84,0x24,0x10,0x0f,0x00,0x00,0x48,0x89,0x8c,0x24,0xf8,0x0e,0x00,0x00,0x48,
0x89,0x94,0x24,0x18,0x0f,0x00,0x00,0x48,0x8b,0x84,0x24,0x18,0x0f,0x00,0x00,0x48,
0x8b,0x8c,0x24,0x10,0x0f,0x00,0x00,0x48,0x8b,0x94,0x24,0xf8,0x0e,0x00,0x00,0xff,
0x10,0x48,0x8b,0x05,0x18,0x43,0x00,0x00,0x8b,0x00,0x0f,0xaf,0x05,0x87,0x3e,0x00,
0x00,0x48,0x8b,0x1d,0xf0,0x42,0x00,0x00,0x48,0x8d,0x8c,0x24,0xf0,0x12,0x00,0x00,
0x89,0x84,0x24,0xf8,0x12,0x00,0x00,0x48,0x8d,0x84,0x24,0xf8,0x12,0x00,0x00,0x48,
0x8d,0x13,0x48,0x8b,0x1d,0x97,0x42,0x00,0x00,0x48,0x89,0x94,0x24,0x28,0x0f,0x00,
0x00,0x48,0x89,0xc2,0x4c,0x8b,0x84,0x24,0x28,0x0f,0x00,0x00,0xff,0x13,0x48,0x8d,
0x84,0x24,0xfc,0x12,0x00,0x00,0x48,0x8b,0x0d,0x7b,0x42,0x00,0x00,0x48,0x89,0x84,
0x24,0xe0,0x0f,0x00,0x00,0x48,0x89,0x8c,0x24,0xd8,0x0f,0x00,0x00,0x48,0x8b,0x84,
0x24,0xd8,0x0f,0x00,0x00,0x48,0x8b,0x8c,0x24,0xe0,0x0f,0x00,0x00,0xff,0x10,0x48,
0x8b,0x4c,0x24,0x78,0x48,0x8d,0x01,0x48,0x8d,0x94,0x24,0xe0,0x12,0x00,0x00,0x48,
0x8d,0x9c,0x24,0xf0,0x12,0x00,0x00,0x48,0x8d,0x2d,0x3a,0x3d,0x00,0x00,0x48,0x8d,
0x3d,0x77,0x3d,0x00,0x00,0x4c,0x8d,0x0d,0x2c,0x3d,0x00,0x00,0x48,0x8d,0xb4,0x24,
0xfc,0x12,0x00,0x00,0x4c,0x8d,0x05,0x1d,0x3d,0x00,0x00,0x4c,0x8d,0x15,0xff,0x3c,
0x00,0x00,0x4c,0x8b,0x1d,0x4f,0x42,0x00,0x00,0x48,0x89,0x7c,0x24,0x20,0x4c,0x89,
0x4c,0x24,0x28,0x48,0x89,0x74,0x24,0x30,0x4c,0x89,0x44,0x24,0x38,0x4c,0x89,0x54,
0x24,0x40,0x48,0x89,0xc1,0x49,0x89,0xd8,0x49,0x89,0xe9,0x41,0xff,0x13,0x48,0x8d,
0x84,0x24,0xfc,0x12,0x00,0x00,0x48,0x8b,0x0d,0xf3,0x41,0x00,0x00,0x48,0x89,0x84,
0x24,0xc8,0x0f,0x00,0x00,0x48,0x89,0x8c,0x24,0xb0,0x0f,0x00,0x00,0x48,0x8b,0x84,
0x24,0xb0,0x0f,0x00,0x00,0x48,0x8b,0x8c,0x24,0xc8,0x0f,0x00,0x00,0xff,0x10,0x48,
0x8d,0x84,0x24,0xf0,0x12,0x00,0x00,0x48,0x8b,0x0d,0xc2,0x41,0x00,0x00,0x48,0x89,
0x84,0x24,0xc0,0x0f,0x00,0x00,0x48,0x89,0x8c,0x24,0xe8,0x0f,0x00,0x00,0x48,0x8b,
0x84,0x24,0xe8,0x0f,0x00,0x00,0x48,0x8b,0x8c,0x24,0xc0,0x0f,0x00,0x00,0xff,0x10,
0x48,0x8d,0x84,0x24,0xe0,0x12,0x00,0x00,0x48,0x8b,0x0d,0x99,0x41,0x00,0x00,0x48,
0x89,0x84,0x24,0xd0,0x0f,0x00,0x00,0x48,0x89,0x8c,0x24,0xf0,0x0f,0x00,0x00,0x48,
0x8b,0x84,0x24,0xf0,0x0f,0x00,0x00,0x48,0x8b,0x8c,0x24,0xd0,0x0f,0x00,0x00,0xff,
0x10,0x48,0x8d,0x84,0x24,0xe0,0x12,0x00,0x00,0x48,0x8d,0x0d,0x90,0x3e,0x00,0x00,
0x48,0x8b,0x15,0x21,0x41,0x00,0x00,0x48,0x89,0x84,0x24,0x00,0x10,0x00,0x00,0x48,
0x89,0x8c,0x24,0x28,0x10,0x00,0x00,0x48,0x89,0x94,0x24,0x20,0x10,0x00,0x00,0x48,
0x8b,0x84,0x24,0x20,0x10,0x00,0x00,0x48,0x8b,0x8c,0x24,0x00,0x10,0x00,0x00,0x48,
0x8b,0x94,0x24,0x28,0x10,0x00,0x00,0xff,0x10,0x48,0x8b,0x1d,0x50,0x41,0x00,0x00,
0x48,0x8b,0x05,0x31,0x41,0x00,0x00,0x48,0x8d,0x8c,0x24,0xf0,0x12,0x00,0x00,0x48,
0x8d,0x13,0x48,0x8d,0x00,0x48,0x8b,0x1d,0xe4,0x40,0x00,0x00,0x49,0x89,0xc0,0xff,
0x13,0x48,0x8d,0x84,0x24,0xf8,0x12,0x00,0x00,0x48,0x8b,0x0d,0xd8,0x40,0x00,0x00,
0x48,0x89,0x84,0x24,0x10,0x10,0x00,0x00,0x48,0x89,0x8c,0x24,0xf8,0x0f,0x00,0x00,
0x48,0x8b,0x84,0x24,0xf8,0x0f,0x00,0x00,0x48,0x8b,0x8c,0x24,0x10,0x10,0x00,0x00,
0xff,0x10,0x48,0x8b,0x4c,0x24,0x78,0x48,0x8d,0x01,0x48,0x8d,0x94,0x24,0xe0,0x12,
0x00,0x00,0x48,0x8d,0x9c,0x24,0xf0,0x12,0x00,0x00,0x4c,0x8d,0x0d,0x97,0x3b,0x00,
0x00,0x48,0x8d,0x2d,0xd4,0x3b,0x00,0x00,0x48,0x8d,0x35,0x89,0x3b,0x00,0x00,0x48,
0x8d,0xbc,0x24,0xf8,0x12,0x00,0x00,0x4c,0x8d,0x05,0x7a,0x3b,0x00,0x00,0x4c,0x8b,
0x15,0x83,0x40,0x00,0x00,0x48,0x89,0x6c,0x24,0x20,0x48,0x89,0x74,0x24,0x28,0x48,
0x89,0x7c,0x24,0x30,0x4c,0x89,0x44,0x24,0x38,0x48,0x89,0xc1,0x49,0x89,0xd8,0x41,
0xff,0x12,0x48,0x8d,0x84,0x24,0xf8,0x12,0x00,0x00,0x48,0x8b,0x0d,0x5f,0x40,0x00,
0x00,0x48,0x89,0x84,0x24,0x08,0x10,0x00,0x00,0x48,0x89,0x8c,0x24,0xb8,0x0f,0x00,
0x00,0x48,0x8b,0x84,0x24,0xb8,0x0f,0x00,0x00,0x48,0x8b,0x8c,0x24,0x08,0x10,0x00,
0x00,0xff,0x10,0x48,0x8d,0x84,0x24,0xf0,0x12,0x00,0x00,0x48,0x8b,0x0d,0x2e,0x40,
0x00,0x00,0x48,0x89,0x84,0x24,0xa8,0x0f,0x00,0x00,0x48,0x89,0x8c,0x24,0x88,0x0f,
0x00,0x00,0x48,0x8b,0x84,0x24,0x88,0x0f,0x00,0x00,0x48,0x8b,0x8c,0x24,0xa8,0x0f,
0x00,0x00,0xff,0x10,0x48,0x8d,0x84,0x24,0xe0,0x12,0x00,0x00,0x48,0x8b,0x0d,0x05,
0x40,0x00,0x00,0x48,0x89,0x84,0x24,0xa0,0x0f,0x00,0x00,0x48,0x89,0x8c,0x24,0x50,
0x0f,0x00,0x00,0x48,0x8b,0x84,0x24,0x50,0x0f,0x00,0x00,0x48,0x8b,0x8c,0x24,0xa0,
0x0f,0x00,0x00,0xff,0x10,0x48,0x8d,0x84,0x24,0xe0,0x12,0x00,0x00,0x48,0x8d,0x0d,
0x12,0x3d,0x00,0x00,0x48,0x8b,0x15,0x8d,0x3f,0x00,0x00,0x48,0x89,0x84,0x24,0x48,
0x0f,0x00,0x00,0x48,0x89,0x8c,0x24,0x38,0x0f,0x00,0x00,0x48,0x89,0x94,0x24,0x20,
0x0f,0x00,0x00,0x48,0x8b,0x84,0x24,0x20,0x0f,0x00,0x00,0x48,0x8b,0x8c,0x24,0x48,
0x0f,0x00,0x00,0x48,0x8b,0x94,0x24,0x38,0x0f,0x00,0x00,0xff,0x10,0x48,0x8b,0x1d,
0xc4,0x3f,0x00,0x00,0x48,0x8d,0x84,0x24,0xf0,0x12,0x00,0x00,0x48,0x8b,0x0d,0xbd,
0x3f,0x00,0x00,0x48,0x89,0x84,0x24,0x30,0x0f,0x00,0x00,0x48,0x89,0x8c,0x24,0x58,
0x0f,0x00,0x00,0x48,0x8b,0x84,0x24,0x58,0x0f,0x00,0x00,0x48,0x8b,0x8c,0x24,0x30,
0x0f,0x00,0x00,0xff,0x10,0x48,0x8d,0x84,0x24,0xf0,0x12,0x00,0x00,0x48,0x8d,0x0b,
0x48,0x8d,0x15,0xa1,0x3c,0x00,0x00,0x48,0x8b,0x1d,0x8a,0x3f,0x00,0x00,0x48,0x89,
0x8c,0x24,0x40,0x0f,0x00,0x00,0x48,0x89,0x94,0x24,0x60,0x0f,0x00,0x00,0x48,0x89,
0xc1,0x48,0x8b,0x94,0x24,0x40,0x0f,0x00,0x00,0x4c,0x8b,0x84,0x24,0x60,0x0f,0x00,
0x00,0xff,0x13,0x48,0x8b,0x4c,0x24,0x78,0x48,0x8d,0x01,0x48,0x8d,0x94,0x24,0xe0,
0x12,0x00,0x00,0x48,0x8d,0x9c,0x24,0xf0,0x12,0x00,0x00,0x48,0x8b,0x2d,0x4e,0x3f,
0x00,0x00,0x48,0x89,0xc1,0x49,0x89,0xd8,0xff,0x55,0x00,0x48,0x8d,0x84,0x24,0xf0,
0x12,0x00,0x00,0x48,0x8b,0x0d,0xee,0x3e,0x00,0x00,0x48,0x89,0x84,0x24,0x70,0x0f,
0x00,0x00,0x48,0x89,0x8c,0x24,0x98,0x0f,0x00,0x00,0x48,0x8b,0x84,0x24,0x98,0x0f,
0x00,0x00,0x48,0x8b,0x8c,0x24,0x70,0x0f,0x00,0x00,0xff,0x10,0x48,0x8d,0x84,0x24,
0xe0,0x12,0x00,0x00,0x48,0x8b,0x0d,0xbd,0x3e,0x00,0x00,0x48,0x89,0x84,0x24,0x90,
0x0f,0x00,0x00,0x48,0x89,0x8c,0x24,0x80,0x0f,0x00,0x00,0x48,0x8b,0x84,0x24,0x80,
0x0f,0x00,0x00,0x48,0x8b,0x8c,0x24,0x90,0x0f,0x00,0x00,0xff,0x10,0x48,0x8b,0x4c,
0x24,0x78,0x48,0x8d,0x01,0x48,0x8b,0x15,0xdc,0x3e,0x00,0x00,0x48,0x89,0xc1,0xff,
0x12,0x48,0x8d,0x84,0x24,0xe0,0x12,0x00,0x00,0x48,0x8d,0x0d,0x78,0x3a,0x00,0x00,
0x48,0x8b,0x15,0x31,0x3e,0x00,0x00,0x48,0x89,0x84,0x24,0x68,0x0f,0x00,0x00,0x48,
0x89,0x8c,0x24,0x78,0x0f,0x00,0x00,0x48,0x89,0x94,0x24,0x80,0x09,0x00,0x00,0x48,
0x8b,0x84,0x24,0x80,0x09,0x00,0x00,0x48,0x8b,0x8c,0x24,0x68,0x0f,0x00,0x00,0x48,
0x8b,0x94,0x24,0x78,0x0f,0x00,0x00,0xff,0x10,0x48,0x8b,0x05,0x60,0x3e,0x00,0x00,
0x48,0x8b,0x1d,0x41,0x3e,0x00,0x00,0x48,0x8d,0x8c,0x24,0xf0,0x12,0x00,0x00,0x48,
0x8d,0x00,0x48,0x8d,0x13,0x48,0x8b,0x1d,0xf4,0x3d,0x00,0x00,0x48,0x89,0x94,0x24,
0x70,0x09,0x00,0x00,0x48,0x89,0xc2,0x4c,0x8b,0x84,0x24,0x70,0x09,0x00,0x00,0xff,
0x13,0x48,0x8d,0x84,0x24,0xf8,0x12,0x00,0x00,0x48,0x8b,0x0d,0xd8,0x3d,0x00,0x00,
0x48,0x89,0x84,0x24,0x50,0x09,0x00,0x00,0x48,0x89,0x8c,0x24,0x68,0x09,0x00,0x00,
0x48,0x8b,0x84,0x24,0x68,0x09,0x00,0x00,0x48,0x8b,0x8c,0x24,0x50,0x09,0x00,0x00,
0xff,0x10,0x48,0x8b,0x4c,0x24,0x78,0x48,0x8d,0x01,0x48,0x8d,0x94,0x24,0xe0,0x12,
0x00,0x00,0x48,0x8d,0x9c,0x24,0xf0,0x12,0x00,0x00,0x4c,0x8d,0x0d,0x97,0x38,0x00,
0x00,0x48,0x8d,0x2d,0xd4,0x38,0x00,0x00,0x48,0x8d,0x3d,0x89,0x38,0x00,0x00,0x48,
0x8d,0xb4,0x24,0xf8,0x12,0x00,0x00,0x4c,0x8d,0x05,0x7a,0x38,0x00,0x00,0x4c,0x8b,
0x15,0x83,0x3d,0x00,0x00,0x48,0x89,0x6c,0x24,0x20,0x48,0x89,0x7c,0x24,0x28,0x48,
0x89,0x74,0x24,0x30,0x4c,0x89,0x44,0x24,0x38,0x48,0x89,0xc1,0x49,0x89,0xd8,0x41,
0xff,0x12,0x48,0x8d,0x84,0x24,0xf8,0x12,0x00,0x00,0x48,0x8b,0x0d,0x5f,0x3d,0x00,
0x00,0x48,0x89,0x84,0x24,0x70,0x03,0x00,0x00,0x48,0x89,0x8c,0x24,0x68,0x03,0x00,
0x00,0x48,0x8b,0x84,0x24,0x68,0x03,0x00,0x00,0x48,0x8b,0x8c,0x24,0x70,0x03,0x00,
0x00,0xff,0x10,0x48,0x8d,0x84,0x24,0xf0,0x12,0x00,0x00,0x48,0x8b,0x0d,0x2e,0x3d,
0x00,0x00,0x48,0x89,0x84,0x24,0x58,0x03,0x00,0x00,0x48,0x89,0x8c,0x24,0x40,0x03,
0x00,0x00,0x48,0x8b,0x84,0x24,0x40,0x03,0x00,0x00,0x48,0x8b,0x8c,0x24,0x58,0x03,
0x00,0x00,0xff,0x10,0x48,0x8d,0x84,0x24,0xe0,0x12,0x00,0x00,0x48,0x8b,0x0d,0x05,
0x3d,0x00,0x00,0x48,0x89,0x84,0x24,0x50,0x03,0x00,0x00,0x48,0x89,0x8c,0x24,0x78,
0x03,0x00,0x00,0x48,0x8b,0x84,0x24,0x78,0x03,0x00,0x00,0x48,0x8b,0x8c,0x24,0x50,
0x03,0x00,0x00,0xff,0x10,0x48,0x8d,0x84,0x24,0xe0,0x12,0x00,0x00,0x48,0x8d,0x0d,
0x28,0x3a,0x00,0x00,0x48,0x8b,0x15,0x8d,0x3c,0x00,0x00,0x48,0x89,0x84,0x24,0x60,
0x03,0x00,0x00,0x48,0x89,0x8c,0x24,0x80,0x03,0x00,0x00,0x48,0x89,0x94,0x24,0x90,
0x03,0x00,0x00,0x48,0x8b,0x84,0x24,0x90,0x03,0x00,0x00,0x48,0x8b,0x8c,0x24,0x60,
0x03,0x00,0x00,0x48,0x8b,0x94,0x24,0x80,0x03,0x00,0x00,0xff,0x10,0x48,0x8b,0x1d,
0xa4,0x3c,0x00,0x00,0x48,0x8b,0x05,0x9d,0x3c,0x00,0x00,0x48,0x8d,0x8c,0x24,0xf0,
0x12,0x00,0x00,0x48,0x8d,0x13,0x48,0x8d,0x00,0x48,0x8b,0x1d,0x50,0x3c,0x00,0x00,
0x49,0x89,0xc0,0xff,0x13,0x48,0x8b,0x4c,0x24,0x78,0x48,0x8d,0x01,0x48,0x8d,0x94,
0x24,0xe0,0x12,0x00,0x00,0x48,0x8d,0x99,0xc0,0x06,0x00,0x00,0x4c,0x8d,0x8c,0x24,
0xf0,0x12,0x00,0x00,0x48,0x8b,0x2d,0xbd,0x3c,0x00,0x00,0x48,0x89,0xc1,0x49,0x89,
0xd8,0xff,0x55,0x00,0x48,0x8d,0x84,0x24,0xf0,0x12,0x00,0x00,0x48,0x8b,0x0d,0x2d,
0x3c,0x00,0x00,0x48,0x89,0x84,0x24,0xb8,0x03,0x00,0x00,0x48,0x89,0x8c,0x24,0xb0,
0x03,0x00,0x00,0x48,0x8b,0x84,0x24,0xb0,0x03,0x00,0x00,0x48,0x8b,0x8c,0x24,0xb8,
0x03,0x00,0x00,0xff,0x10,0x48,0x8d,0x84,0x24,0xe0,0x12,0x00,0x00,0x48,0x8b,0x0d,
0x04,0x3c,0x00,0x00,0x48,0x89,0x84,0x24,0xa0,0x03,0x00,0x00,0x48,0x89,0x8c,0x24,
0x88,0x03,0x00,0x00,0x48,0x8b,0x84,0x24,0x88,0x03,0x00,0x00,0x48,0x8b,0x8c,0x24,
0xa0,0x03,0x00,0x00,0xff,0x10,0x48,0x8b,0x4c,0x24,0x78,0x48,0x8d,0x01,0x48,0x8b,
0x15,0x23,0x3c,0x00,0x00,0x48,0x89,0xc1,0xff,0x12,0x48,0x8d,0x84,0x24,0xe0,0x12,
0x00,0x00,0x48,0x8d,0x0d,0xee,0x37,0x00,0x00,0x48,0x8b,0x15,0x78,0x3b,0x00,0x00,
0x48,0x89,0x84,0x24,0x98,0x03,0x00,0x00,0x48,0x89,0x8c,0x24,0x48,0x03,0x00,0x00,
0x48,0x89,0x94,0x24,0x38,0x03,0x00,0x00,0x48,0x8b,0x84,0x24,0x38,0x03,0x00,0x00,
0x48,0x8b,0x8c,0x24,0x98,0x03,0x00,0x00,0x48,0x8b,0x94,0x24,0x48,0x03,0x00,0x00,
0xff,0x10,0x48,0x8b,0x1d,0xa7,0x3b,0x00,0x00,0x48,0x8b,0x05,0x88,0x3b,0x00,0x00,
0x48,0x8d,0x8c,0x24,0xf0,0x12,0x00,0x00,0x48,0x8d,0x13,0x48,0x8d,0x00,0x48,0x8b,
0x1d,0x3b,0x3b,0x00,0x00,0x49,0x89,0xc0,0xff,0x13,0x48,0x8d,0x84,0x24,0xf8,0x12,
0x00,0x00,0x48,0x8b,0x0d,0x2f,0x3b,0x00,0x00,0x48,0x89,0x84,0x24,0x18,0x03,0x00,
0x00,0x48,0x89,0x8c,0x24,0x30,0x03,0x00,0x00,0x48,0x8b,0x84,0x24,0x30,0x03,0x00,
0x00,0x48,0x8b,0x8c,0x24,0x18,0x03,0x00,0x00,0xff,0x10,0x48,0x8b,0x4c,0x24,0x78,
0x48,0x8d,0x01,0x48,0x8d,0x94,0x24,0xe0,0x12,0x00,0x00,0x48,0x8d,0x9c,0x24,0xf0,
0x12,0x00,0x00,0x4c,0x8d,0x0d,0xee,0x35,0x00,0x00,0x48,0x8d,0x2d,0x2b,0x36,0x00,
0x00,0x48,0x8d,0x3d,0xe0,0x35,0x00,0x00,0x48,0x8d,0xb4,0x24,0xf8,0x12,0x00,0x00,
0x4c,0x8d,0x05,0xd1,0x35,0x00,0x00,0x4c,0x8b,0x15,0xda,0x3a,0x00,0x00,0x48,0x89,
0x6c,0x24,0x20,0x48,0x89,0x7c,0x24,0x28,0x48,0x89,0x74,0x24,0x30,0x4c,0x89,0x44,
0x24,0x38,0x48,0x89,0xc1,0x49,0x89,0xd8,0x41,0xff,0x12,0x48,0x8d,0x84,0x24,0xf8,
0x12,0x00,0x00,0x48,0x8b,0x0d,0xb6,0x3a,0x00,0x00,0x48,0x89,0x84,0x24,0xe0,0x02,
0x00,0x00,0x48,0x89,0x8c,0x24,0xd8,0x02,0x00,0x00,0x48,0x8b,0x84,0x24,0xd8,0x02,
0x00,0x00,0x48,0x8b,0x8c,0x24,0xe0,0x02,0x00,0x00,0xff,0x10,0x48,0x8d,0x84,0x24,
0xf0,0x12,0x00,0x00,0x48,0x8b,0x0d,0x85,0x3a,0x00,0x00,0x48,0x89,0x84,0x24,0xc8,
0x02,0x00,0x00,0x48,0x89,0x8c,0x24,0xb0,0x02,0x00,0x00,0x48,0x8b,0x84,0x24,0xb0,
0x02,0x00,0x00,0x48,0x8b,0x8c,0x24,0xc8,0x02,0x00,0x00,0xff,0x10,0x48,0x8d,0x84,
0x24,0xe0,0x12,0x00,0x00,0x48,0x8b,0x0d,0x5c,0x3a,0x00,0x00,0x48,0x89,0x84,0x24,
0xc0,0x02,0x00,0x00,0x48,0x89,0x8c,0x24,0xe8,0x02,0x00,0x00,0x48,0x8b,0x84,0x24,
0xe8,0x02,0x00,0x00,0x48,0x8b,0x8c,0x24,0xc0,0x02,0x00,0x00,0xff,0x10,0x48,0x8d,
0x84,0x24,0xe0,0x12,0x00,0x00,0x48,0x8d,0x0d,0x95,0x37,0x00,0x00,0x48,0x8b,0x15,
0xe4,0x39,0x00,0x00,0x48,0x89,0x84,0x24,0xd0,0x02,0x00,0x00,0x48,0x89,0x8c,0x24,
0xf0,0x02,0x00,0x00,0x48,0x89,0x94,0x24,0x00,0x03,0x00,0x00,0x48,0x8b,0x84,0x24,
0x00,0x03,0x00,0x00,0x48,0x8b,0x8c,0x24,0xd0,0x02,0x00,0x00,0x48,0x8b,0x94,0x24,
0xf0,0x02,0x00,0x00,0xff,0x10,0x48,0x8b,0x1d,0xfb,0x39,0x00,0x00,0x48,0x8b,0x05,
0xf4,0x39,0x00,0x00,0x48,0x8d,0x8c,0x24,0xf0,0x12,0x00,0x00,0x48,0x8d,0x13,0x48,
0x8d,0x00,0x48,0x8b,0x1d,0xa7,0x39,0x00,0x00,0x49,0x89,0xc0,0xff,0x13,0x48,0x8b,
0x4c,0x24,0x78,0x48,0x8d,0x01,0x48,0x8d,0x94,0x24,0xe0,0x12,0x00,0x00,0x48,0x8d,
0x99,0xc8,0x06,0x00,0x00,0x4c,0x8d,0x8c,0x24,0xf0,0x12,0x00,0x00,0x48,0x8b,0x2d,
0x14,0x3a,0x00,0x00,0x48,0x89,0xc1,0x49,0x89,0xd8,0xff,0x55,0x00,0x48,0x8d,0x84,
0x24,0xf0,0x12,0x00,0x00,0x48,0x8b,0x0d,0x84,0x39,0x00,0x00,0x48,0x89,0x84,0x24,
0x28,0x03,0x00,0x00,0x48,0x89,0x8c,0x24,0x20,0x03,0x00,0x00,0x48,0x8b,0x84,0x24,
0x20,0x03,0x00,0x00,0x48,0x8b,0x8c,0x24,0x28,0x03,0x00,0x00,0xff,0x10,0x48,0x8d,
0x84,0x24,0xe0,0x12,0x00,0x00,0x48,0x8b,0x0d,0x5b,0x39,0x00,0x00,0x48,0x89,0x84,
0x24,0x10,0x03,0x00,0x00,0x48,0x89,0x8c,0x24,0xf8,0x02,0x00,0x00,0x48,0x8b,0x84,
0x24,0xf8,0x02,0x00,0x00,0x48,0x8b,0x8c,0x24,0x10,0x03,0x00,0x00,0xff,0x10,0x48,
0x8b,0x4c,0x24,0x78,0x48,0x8d,0x01,0x48,0x8b,0x15,0x7a,0x39,0x00,0x00,0x48,0x89,
0xc1,0xff,0x12,0x48,0x8b,0x4c,0x24,0x78,0x48,0x8d,0x01,0x48,0x8b,0x15,0x66,0x39,
0x00,0x00,0x48,0x89,0xc1,0xff,0x12,0x48,0x8d,0x84,0x24,0xe0,0x12,0x00,0x00,0x48,
0x8d,0x0d,0x81,0x36,0x00,0x00,0x48,0x8b,0x15,0xbb,0x38,0x00,0x00,0x48,0x89,0x84,
0x24,0x08,0x03,0x00,0x00,0x48,0x89,0x8c,0x24,0xc0,0x03,0x00,0x00,0x48,0x89,0x94,
0x24,0xa8,0x03,0x00,0x00,0x48,0x8b,0x84,0x24,0xa8,0x03,0x00,0x00,0x48,0x8b,0x8c,
0x24,0x08,0x03,0x00,0x00,0x48,0x8b,0x94,0x24,0xc0,0x03,0x00,0x00,0xff,0x10,0x48,
0x8b,0x05,0xea,0x38,0x00,0x00,0x48,0x8b,0x1d,0xd3,0x38,0x00,0x00,0x48,0x8d,0x8c,
0x24,0xf0,0x12,0x00,0x00,0x48,0x8d,0x00,0x48,0x8d,0x13,0x48,0x8b,0x1d,0x7e,0x38,
0x00,0x00,0x48,0x89,0x94,0x24,0xc8,0x03,0x00,0x00,0x48,0x89,0xc2,0x4c,0x8b,0x84,
0x24,0xc8,0x03,0x00,0x00,0xff,0x13,0x48,0x8b,0x4c,0x24,0x78,0x48,0x8d,0x01,0x48,
0x8d,0x94,0x24,0xe0,0x12,0x00,0x00,0x48,0x8d,0x1d,0x1a,0x34,0x00,0x00,0x4c,0x8d,
0x8c,0x24,0xf0,0x12,0x00,0x00,0x48,0x8d,0x2d,0x4b,0x33,0x00,0x00,0x48,0x8b,0x35,
0xbc,0x38,0x00,0x00,0x48,0x89,0x6c,0x24,0x20,0x48,0x89,0xc1,0x49,0x89,0xd8,0xff,
0x16,0x48,0x8d,0x84,0x24,0xf0,0x12,0x00,0x00,0x48,0x8b,0x0d,0x40,0x38,0x00,0x00,
0x48,0x89,0x84,0x24,0xd8,0x03,0x00,0x00,0x48,0x89,0x8c,0x24,0x90,0x04,0x00,0x00,
0x48,0x8b,0x84,0x24,0x90,0x04,0x00,0x00,0x48,0x8b,0x8c,0x24,0xd8,0x03,0x00,0x00,
0xff,0x10,0x48,0x8d,0x84,0x24,0xe0,0x12,0x00,0x00,0x48,0x8b,0x0d,0x17,0x38,0x00,
0x00,0x48,0x89,0x84,0x24,0x88,0x04,0x00,0x00,0x48,0x89,0x8c,0x24,0x78,0x04,0x00,
0x00,0x48,0x8b,0x84,0x24,0x78,0x04,0x00,0x00,0x48,0x8b,0x8c,0x24,0x88,0x04,0x00,
0x00,0xff,0x10,0x8b,0x05,0x87,0x35,0x00,0x00,0x48,0x8d,0x8c,0x24,0xe0,0x12,0x00,
0x00,0x4c,0x8b,0x84,0x24,0x70,0x0c,0x00,0x00,0x49,0x8d,0x90,0x48,0x01,0x00,0x00,
0x89,0x84,0x24,0xe8,0x12,0x00,0x00,0x48,0x8d,0x84,0x24,0xe8,0x12,0x00,0x00,0x48,
0x8b,0x1d,0x4a,0x38,0x00,0x00,0x49,0x89,0xc0,0xff,0x13,0x4c,0x8b,0x8c,0x24,0xe0,
0x12,0x00,0x00,0x48,0x8b,0x05,0x46,0x37,0x00,0x00,0x8b,0x58,0x68,0x48,0x8b,0x05,
0x44,0x37,0x00,0x00,0x8b,0x40,0x68,0x01,0xc3,0x8b,0x05,0x79,0x32,0x00,0x00,0x89,
0xdd,0x01,0xc5,0x8b,0x05,0x2f,0x33,0x00,0x00,0x89,0xc7,0x8b,0x05,0x67,0x32,0x00,
0x00,0x3b,0x05,0x61,0x32,0x00,0x00,0x40,0x0f,0x94,0xc6,0x8b,0x05,0x57,0x32,0x00,
0x00,0x89,0xc3,0x48,0x8b,0x05,0x16,0x37,0x00,0x00,0x8b,0x40,0x68,0x2b,0x05,0x6d,
0x32,0x00,0x00,0x39,0xc3,0x0f,0x94,0xc0,0x48,0x8b,0x4c,0x24,0x78,0x48,0x8d,0x11,
0x49,0x8d,0x19,0x89,0xac,0x24,0xec,0x12,0x00,0x00,0x48,0x8d,0xac,0x24,0xec,0x12,
0x00,0x00,0x89,0xbc,0x24,0xf0,0x12,0x00,0x00,0x48,0x8d,0xbc,0x24,0xf0,0x12,0x00,
0x00,0x40,0x88,0xb4,0x24,0xf4,0x12,0x00,0x00,0x4c,0x8d,0x8c,0x24,0xf4,0x12,0x00,
0x00,0x88,0x84,0x24,0xf5,0x12,0x00,0x00,0x48,0x8d,0x84,0x24,0xf5,0x12,0x00,0x00,
0x48,0x8d,0xb4,0x24,0xdc,0x12,0x00,0x00,0x4c,0x8b,0x84,0x24,0x70,0x0c,0x00,0x00,
0x4d,0x8d,0x10,0x4c,0x8d,0x9c,0x24,0xd9,0x12,0x00,0x00,0x4c,0x8b,0x25,0x86,0x37,
0x00,0x00,0x4c,0x89,0x4c,0x24,0x20,0x48,0x89,0x44,0x24,0x28,0x48,0x89,0x74,0x24,
0x30,0x4c,0x89,0x54,0x24,0x38,0x4c,0x89,0x5c,0x24,0x40,0x48,0x89,0x94,0x24,0x60,
0x04,0x00,0x00,0x48,0x8b,0x8c,0x24,0x60,0x04,0x00,0x00,0x48,0x89,0xda,0x49,0x89,
0xe8,0x49,0x89,0xf9,0x41,0xff,0x14,0x24,0x8b,0x05,0x56,0x34,0x00,0x00,0x48,0x8d,
0x8c,0x24,0xe0,0x12,0x00,0x00,0x4c,0x8b,0x84,0x24,0x70,0x0c,0x00,0x00,0x49,0x8d,
0x90,0x48,0x01,0x00,0x00,0x89,0x84,0x24,0xe8,0x12,0x00,0x00,0x48,0x8d,0x84,0x24,
0xe8,0x12,0x00,0x00,0x48,0x8b,0x1d,0x15,0x37,0x00,0x00,0x49,0x89,0xc0,0xff,0x13,
0x4c,0x8b,0x8c,0x24,0xe0,0x12,0x00,0x00,0x48,0x8b,0x05,0x11,0x36,0x00,0x00,0x8b,
0x58,0x68,0x48,0x8b,0x05,0x0f,0x36,0x00,0x00,0x8b,0x40,0x68,0x01,0xc3,0x8b,0x05,
0x6c,0x31,0x00,0x00,0x89,0xdd,0x01,0xc5,0x8b,0x05,0xfa,0x31,0x00,0x00,0x89,0xc7,
0x8b,0x05,0x5a,0x31,0x00,0x00,0x3b,0x05,0x2c,0x31,0x00,0x00,0x40,0x0f,0x94,0xc6,
0x8b,0x05,0x4a,0x31,0x00,0x00,0x89,0xc3,0x48,0x8b,0x05,0xe1,0x35,0x00,0x00,0x8b,
0x40,0x68,0x2b,0x05,0x38,0x31,0x00,0x00,0x39,0xc3,0x0f,0x94,0xc0,0x48,0x8b,0x4c,
0x24,0x78,0x48,0x8d,0x11,0x49,0x8d,0x19,0x89,0xac,0x24,0xec,0x12,0x00,0x00,0x48,
0x8d,0xac,0x24,0xec,0x12,0x00,0x00,0x89,0xbc,0x24,0xf0,0x12,0x00,0x00,0x48,0x8d,
0xbc,0x24,0xf0,0x12,0x00,0x00,0x40,0x88,0xb4,0x24,0xf4,0x12,0x00,0x00,0x4c,0x8d,
0x8c,0x24,0xf4,0x12,0x00,0x00,0x88,0x84,0x24,0xf5,0x12,0x00,0x00,0x48,0x8d,0x84,
0x24,0xf5,0x12,0x00,0x00,0x48,0x8d,0xb4,0x24,0xdc,0x12,0x00,0x00,0x4c,0x8b,0x84,
0x24,0x70,0x0c,0x00,0x00,0x4d,0x8d,0x10,0x4c,0x8d,0x9c,0x24,0xd9,0x12,0x00,0x00,
0x4c,0x8b,0x25,0x51,0x36,0x00,0x00,0x4c,0x89,0x4c,0x24,0x20,0x48,0x89,0x44,0x24,
0x28,0x48,0x89,0x74,0x24,0x30,0x4c,0x89,0x54,0x24,0x38,0x4c,0x89,0x5c,0x24,0x40,
0x48,0x89,0x94,0x24,0x70,0x04,0x00,0x00,0x48,0x8b,0x8c,0x24,0x70,0x04,0x00,0x00,
0x48,0x89,0xda,0x49,0x89,0xe8,0x49,0x89,0xf9,0x41,0xff,0x14,0x24,0x8b,0x05,0x25,
0x33,0x00,0x00,0x48,0x8d,0x8c,0x24,0xe0,0x12,0x00,0x00,0x4c,0x8b,0x84,0x24,0x70,
0x0c,0x00,0x00,0x49,0x8d,0x90,0x48,0x01,0x00,0x00,0x89,0x84,0x24,0xe8,0x12,0x00,
0x00,0x48,0x8d,0x84,0x24,0xe8,0x12,0x00,0x00,0x48,0x8b,0x1d,0xe0,0x35,0x00,0x00,
0x49,0x89,0xc0,0xff,0x13,0x4c,0x8b,0x8c,0x24,0xe0,0x12,0x00,0x00,0x48,0x8b,0x05,
0xdc,0x34,0x00,0x00,0x8b,0x58,0x68,0x48,0x8b,0x05,0xda,0x34,0x00,0x00,0x8b,0x40,
0x68,0x01,0xc3,0x8b,0x05,0x53,0x30,0x00,0x00,0x89,0xdd,0x01,0xc5,0x8b,0x05,0xc5,
0x30,0x00,0x00,0x89,0xc7,0x8b,0x05,0x41,0x30,0x00,0x00,0x3b,0x05,0xf7,0x2f,0x00,
0x00,0x40,0x0f,0x94,0xc6,0x8b,0x05,0x31,0x30,0x00,0x00,0x89,0xc3,0x48,0x8b,0x05,
0xac,0x34,0x00,0x00,0x8b,0x40,0x68,0x2b,0x05,0x03,0x30,0x00,0x00,0x39,0xc3,0x0f,
0x94,0xc0,0x48,0x8b,0x4c,0x24,0x78,0x48,0x8d,0x11,0x49,0x8d,0x19,0x89,0xac,0x24,
0xec,0x12,0x00,0x00,0x48,0x8d,0xac,0x24,0xec,0x12,0x00,0x00,0x89,0xbc,0x24,0xf0,
0x12,0x00,0x00,0x48,0x8d,0xbc,0x24,0xf0,0x12,0x00,0x00,0x40,0x88,0xb4,0x24,0xf4,
0x12,0x00,0x00,0x4c,0x8d,0x8c,0x24,0xf4,0x12,0x00,0x00,0x88,0x84,0x24,0xf5,0x12,
0x00,0x00,0x48,0x8d,0x84,0x24,0xf5,0x12,0x00,0x00,0x48,0x8d,0xb4,0x24,0xdc,0x12,
0x00,0x00,0x4c,0x8b,0x84,0x24,0x70,0x0c,0x00,0x00,0x4d,0x8d,0x10,0x4c,0x8d,0x9c,
0x24,0xd9,0x12,0x00,0x00,0x4c,0x8b,0x25,0x1c,0x35,0x00,0x00,0x4c,0x89,0x4c,0x24,
0x20,0x48,0x89,0x44,0x24,0x28,0x48,0x89,0x74,0x24,0x30,0x4c,0x89,0x54,0x24,0x38,
0x4c,0x89,0x5c,0x24,0x40,0x48,0x89,0x94,0x24,0x98,0x04,0x00,0x00,0x48,0x8b,0x8c,
0x24,0x98,0x04,0x00,0x00,0x48,0x89,0xda,0x49,0x89,0xe8,0x49,0x89,0xf9,0x41,0xff,
0x14,0x24,0x8b,0x05,0xf4,0x31,0x00,0x00,0x48,0x8d,0x8c,0x24,0xe0,0x12,0x00,0x00,
0x4c,0x8b,0x84,0x24,0x70,0x0c,0x00,0x00,0x49,0x8d,0x90,0x48,0x01,0x00,0x00,0x89,
0x84,0x24,0xe8,0x12,0x00,0x00,0x48,0x8d,0x84,0x24,0xe8,0x12,0x00,0x00,0x48,0x8b,
0x1d,0xab,0x34,0x00,0x00,0x49,0x89,0xc0,0xff,0x13,0x4c,0x8b,0x8c,0x24,0xe0,0x12,
0x00,0x00,0x48,0x8b,0x05,0xa7,0x33,0x00,0x00,0x8b,0x58,0x68,0x48,0x8b,0x05,0xa5,
0x33,0x00,0x00,0x8b,0x40,0x68,0x01,0xc3,0x8b,0x05,0x9a,0x2f,0x00,0x00,0x89,0xdd,
0x01,0xc5,0x8b,0x05,0x90,0x2f,0x00,0x00,0x89,0xc7,0x8b,0x05,0x88,0x2f,0x00,0x00,
0x3b,0x05,0xc2,0x2e,0x00,0x00,0x40,0x0f,0x94,0xc6,0x8b,0x05,0x78,0x2f,0x00,0x00,
0x89,0xc3,0x48,0x8b,0x05,0x77,0x33,0x00,0x00,0x8b,0x40,0x68,0x2b,0x05,0xce,0x2e,
0x00,0x00,0x39,0xc3,0x0f,0x94,0xc0,0x48,0x8b,0x4c,0x24,0x78,0x48,0x8d,0x11,0x49,
0x8d,0x19,0x89,0xac,0x24,0xec,0x12,0x00,0x00,0x48,0x8d,0xac,0x24,0xec,0x12,0x00,
0x00,0x89,0xbc,0x24,0xf0,0x12,0x00,0x00,0x48,0x8d,0xbc,0x24,0xf0,0x12,0x00,0x00,
0x40,0x88,0xb4,0x24,0xf4,0x12,0x00,0x00,0x4c,0x8d,0x8c,0x24,0xf4,0x12,0x00,0x00,
0x88,0x84,0x24,0xf5,0x12,0x00,0x00,0x48,0x8d,0x84,0x24,0xf5,0x12,0x00,0x00,0x48,
0x8d,0xb4,0x24,0xdc,0x12,0x00,0x00,0x4c,0x8b,0x84,0x24,0x70,0x0c,0x00,0x00,0x4d,
0x8d,0x10,0x4c,0x8d,0x9c,0x24,0xd9,0x12,0x00,0x00,0x4c,0x8b,0x25,0xe7,0x33,0x00,
0x00,0x4c,0x89,0x4c,0x24,0x20,0x48,0x89,0x44,0x24,0x28,0x48,0x89,0x74,0x24,0x30,
0x4c,0x89,0x54,0x24,0x38,0x4c,0x89,0x5c,0x24,0x40,0x48,0x89,0x94,0x24,0x80,0x04,
0x00,0x00,0x48,0x8b,0x8c,0x24,0x80,0x04,0x00,0x00,0x48,0x89,0xda,0x49,0x89,0xe8,
0x49,0x89,0xf9,0x41,0xff,0x14,0x24,0x48,0x8b,0x4c,0x24,0x78,0x48,0x8d,0x01,0x48,
0x8b,0x15,0x62,0x33,0x00,0x00,0x48,0x89,0xc1,0xff,0x12,0x48,0x8b,0x4c,0x24,0x78,
0x48,0x8d,0x01,0x48,0x8b,0x15,0x4e,0x33,0x00,0x00,0x48,0x89,0xc1,0xff,0x12,0x48,
0x8d,0x84,0x24,0xe0,0x12,0x00,0x00,0x48,0x8d,0x0d,0x92,0x30,0x00,0x00,0x48,0x8b,
0x15,0xa3,0x32,0x00,0x00,0x48,0x89,0x84,0x24,0xa0,0x04,0x00,0x00,0x48,0x89,0x8c,
0x24,0xb0,0x04,0x00,0x00,0x48,0x89,0x94,0x24,0xd8,0x04,0x00,0x00,0x48,0x8b,0x84,
0x24,0xd8,0x04,0x00,0x00,0x48,0x8b,0x8c,0x24,0xa0,0x04,0x00,0x00,0x48,0x8b,0x94,
0x24,0xb0,0x04,0x00,0x00,0xff,0x10,0x48,0x8b,0x3d,0x72,0x32,0x00,0x00,0x48,0x8b,
0x35,0xb3,0x32,0x00,0x00,0x48,0x8b,0x2d,0xb4,0x32,0x00,0x00,0x48,0x8b,0x05,0x45,
0x32,0x00,0x00,0x8b,0x58,0x68,0x8b,0x45,0x00,0x0f,0xaf,0xc3,0x8b,0x1e,0x01,0xc3,
0x48,0x8d,0x84,0x24,0xf0,0x12,0x00,0x00,0x48,0x8d,0x0f,0x89,0x9c,0x24,0xf8,0x12,
0x00,0x00,0x48,0x8d,0x94,0x24,0xf8,0x12,0x00,0x00,0x48,0x8b,0x1d,0x3f,0x32,0x00,
0x00,0x48,0x89,0x8c,0x24,0xd0,0x04,0x00,0x00,0x48,0x89,0x94,0x24,0xc0,0x04,0x00,
0x00,0x48,0x89,0xc1,0x48,0x8b,0x94,0x24,0xd0,0x04,0x00,0x00,0x4c,0x8b,0x84,0x24,
0xc0,0x04,0x00,0x00,0xff,0x13,0x48,0x8d,0x84,0x24,0xfc,0x12,0x00,0x00,0x48,0x8b,
0x0d,0x13,0x32,0x00,0x00,0x48,0x89,0x84,0x24,0xa8,0x04,0x00,0x00,0x48,0x89,0x8c,
0x24,0xb8,0x04,0x00,0x00,0x48,0x8b,0x84,0x24,0xb8,0x04,0x00,0x00,0x48,0x8b,0x8c,
0x24,0xa8,0x04,0x00,0x00,0xff,0x10,0x48,0x8b,0x4c,0x24,0x78,0x48,0x8d,0x01,0x48,
0x8d,0x94,0x24,0xe0,0x12,0x00,0x00,0x48,0x8d,0x9c,0x24,0xf0,0x12,0x00,0x00,0x4c,
0x8d,0x0d,0xd2,0x2c,0x00,0x00,0x48,0x8d,0x2d,0xcb,0x2c,0x00,0x00,0x48,0x8d,0x35,
0xec,0x2c,0x00,0x00,0x48,0x8d,0xbc,0x24,0xfc,0x12,0x00,0x00,0x4c,0x8d,0x05,0xb5,
0x2c,0x00,0x00,0x4c,0x8d,0x15,0x97,0x2c,0x00,0x00,0x4c,0x8b,0x1d,0xe7,0x31,0x00,
0x00,0x48,0x89,0x6c,0x24,0x20,0x48,0x89,0x74,0x24,0x28,0x48,0x89,0x7c,0x24,0x30,
0x4c,0x89,0x44,0x24,0x38,0x4c,0x89,0x54,0x24,0x40,0x48,0x89,0xc1,0x49,0x89,0xd8,
0x41,0xff,0x13,0x48,0x8d,0x84,0x24,0xfc,0x12,0x00,0x00,0x48,0x8b,0x0d,0x8e,0x31,
0x00,0x00,0x48,0x89,0x84,0x24,0x68,0x04,0x00,0x00,0x48,0x89,0x8c,0x24,0x58,0x04,
0x00,0x00,0x48,0x8b,0x84,0x24,0x58,0x04,0x00,0x00,0x48,0x8b,0x8c,0x24,0x68,0x04,
0x00,0x00,0xff,0x10,0x48,0x8d,0x84,0x24,0xf0,0x12,0x00,0x00,0x48,0x8b,0x0d,0x5d,
0x31,0x00,0x00,0x48,0x89,0x84,0x24,0x38,0x04,0x00,0x00,0x48,0x89,0x8c,0x24,0x50,
0x04,0x00,0x00,0x48,0x8b,0x84,0x24,0x50,0x04,0x00,0x00,0x48,0x8b,0x8c,0x24,0x38,
0x04,0x00,0x00,0xff,0x10,0x48,0x8d,0x84,0x24,0xe0,0x12,0x00,0x00,0x48,0x8b,0x0d,
0x34,0x31,0x00,0x00,0x48,0x89,0x84,0x24,0x00,0x04,0x00,0x00,0x48,0x89,0x8c,0x24,
0xf8,0x03,0x00,0x00,0x48,0x8b,0x84,0x24,0xf8,0x03,0x00,0x00,0x48,0x8b,0x8c,0x24,
0x00,0x04,0x00,0x00,0xff,0x10,0x48,0x8d,0x84,0x24,0xe0,0x12,0x00,0x00,0x48,0x8d,
0x0d,0xc5,0x2e,0x00,0x00,0x48,0x8b,0x15,0xbc,0x30,0x00,0x00,0x48,0x89,0x84,0x24,
0xe8,0x03,0x00,0x00,0x48,0x89,0x8c,0x24,0xd0,0x03,0x00,0x00,0x48,0x89,0x94,0x24,
0xe0,0x03,0x00,0x00,0x48,0x8b,0x84,0x24,0xe0,0x03,0x00,0x00,0x48,0x8b,0x8c,0x24,
0xe8,0x03,0x00,0x00,0x48,0x8b,0x94,0x24,0xd0,0x03,0x00,0x00,0xff,0x10,0x48,0x8b,
0x05,0xeb,0x30,0x00,0x00,0x8b,0x00,0x0f,0xaf,0x05,0x5a,0x2c,0x00,0x00,0x48,0x8b,
0x1d,0xc3,0x30,0x00,0x00,0x48,0x8d,0x8c,0x24,0xf0,0x12,0x00,0x00,0x89,0x84,0x24,
0xf8,0x12,0x00,0x00,0x48,0x8d,0x84,0x24,0xf8,0x12,0x00,0x00,0x48,0x8d,0x13,0x48,
0x8b,0x1d,0x6a,0x30,0x00,0x00,0x48,0x89,0x94,0x24,0x08,0x04,0x00,0x00,0x48,0x89,
0xc2,0x4c,0x8b,0x84,0x24,0x08,0x04,0x00,0x00,0xff,0x13,0x48,0x8d,0x84,0x24,0xfc,
0x12,0x00,0x00,0x48,0x8b,0x0d,0x4e,0x30,0x00,0x00,0x48,0x89,0x84,0x24,0xf0,0x03,
0x00,0x00,0x48,0x89,0x8c,0x24,0x10,0x04,0x00,0x00,0x48,0x8b,0x84,0x24,0x10,0x04,
0x00,0x00,0x48,0x8b,0x8c,0x24,0xf0,0x03,0x00,0x00,0xff,0x10,0x48,0x8b,0x4c,0x24,
0x78,0x48,0x8d,0x01,0x48,0x8d,0x94,0x24,0xe0,0x12,0x00,0x00,0x48,0x8d,0x9c,0x24,
0xf0,0x12,0x00,0x00,0x48,0x8d,0x2d,0x0d,0x2b,0x00,0x00,0x4c,0x8d,0x0d,0x4a,0x2b,
0x00,0x00,0x48,0x8d,0x3d,0xff,0x2a,0x00,0x00,0x48,0x8d,0xb4,0x24,0xfc,0x12,0x00,
0x00,0x4c,0x8d,0x05,0xf0,0x2a,0x00,0x00,0x4c,0x8d,0x15,0xd2,0x2a,0x00,0x00,0x4c,
0x8b,0x1d,0x22,0x30,0x00,0x00,0x4c,0x89,0x4c,0x24,0x20,0x48,0x89,0x7c,0x24,0x28,
0x48,0x89,0x74,0x24,0x30,0x4c,0x89,0x44,0x24,0x38,0x4c,0x89,0x54,0x24,0x40,0x48,
0x89,0xc1,0x49,0x89,0xd8,0x49,0x89,0xe9,0x41,0xff,0x13,0x48,0x8d,0x84,0x24,0xfc,
0x12,0x00,0x00,0x48,0x8b,0x0d,0xc6,0x2f,0x00,0x00,0x48,0x89,0x84,0x24,0x20,0x04,
0x00,0x00,0x48,0x89,0x8c,0x24,0x48,0x04,0x00,0x00,0x48,0x8b,0x84,0x24,0x48,0x04,
0x00,0x00,0x48,0x8b,0x8c,0x24,0x20,0x04,0x00,0x00,0xff,0x10,0x48,0x8d,0x84,0x24,
0xf0,0x12,0x00,0x00,0x48,0x8b,0x0d,0x95,0x2f,0x00,0x00,0x48,0x89,0x84,0x24,0x40,
0x04,0x00,0x00,0x48,0x89,0x8c,0x24,0x30,0x04,0x00,0x00,0x48,0x8b,0x84,0x24,0x30,
0x04,0x00,0x00,0x48,0x8b,0x8c,0x24,0x40,0x04,0x00,0x00,0xff,0x10,0x48,0x8d,0x84,
0x24,0xe0,0x12,0x00,0x00,0x48,0x8b,0x0d,0x6c,0x2f,0x00,0x00,0x48,0x89,0x84,0x24,
0x18,0x04,0x00,0x00,0x48,0x89,0x8c,0x24,0x28,0x04,0x00,0x00,0x48,0x8b,0x84,0x24,
0x28,0x04,0x00,0x00,0x48,0x8b,0x8c,0x24,0x18,0x04,0x00,0x00,0xff,0x10,0x48,0x8d,
0x84,0x24,0xe0,0x12,0x00,0x00,0x48,0x8d,0x0d,0x1d,0x2d,0x00,0x00,0x48,0x8b,0x15,
0xf4,0x2e,0x00,0x00,0x48,0x89,0x84,0x24,0xb8,0x02,0x00,0x00,0x48,0x89,0x8c,0x24,
0xa8,0x02,0x00,0x00,0x48,0x89,0x94,0x24,0x88,0x02,0x00,0x00,0x48,0x8b,0x84,0x24,
0x88,0x02,0x00,0x00,0x48,0x8b,0x8c,0x24,0xb8,0x02,0x00,0x00,0x48,0x8b,0x94,0x24,
0xa8,0x02,0x00,0x00,0xff,0x10,0x48,0x8b,0x1d,0x23,0x2f,0x00,0x00,0x48,0x8b,0x05,
0x04,0x2f,0x00,0x00,0x48,0x8d,0x8c,0x24,0xf0,0x12,0x00,0x00,0x48,0x8d,0x13,0x48,
0x8d,0x00,0x48,0x8b,0x1d,0xb7,0x2e,0x00,0x00,0x49,0x89,0xc0,0xff,0x13,0x48,0x8d,
0x84,0x24,0xf8,0x12,0x00,0x00,0x48,0x8b,0x0d,0xab,0x2e,0x00,0x00,0x48,0x89,0x84,
0x24,0xa0,0x02,0x00,0x00,0x48,0x89,0x8c,0x24,0x30,0x01,0x00,0x00,0x48,0x8b,0x84,
0x24,0x30,0x01,0x00,0x00,0x48,0x8b,0x8c,0x24,0xa0,0x02,0x00,0x00,0xff,0x10,0x48,
0x8b,0x4c,0x24,0x78,0x48,0x8d,0x01,0x48,0x8d,0x94,0x24,0xe0,0x12,0x00,0x00,0x48,
0x8d,0x9c,0x24,0xf0,0x12,0x00,0x00,0x4c,0x8d,0x0d,0x6a,0x29,0x00,0x00,0x48,0x8d,
0x2d,0xa7,0x29,0x00,0x00,0x48,0x8d,0x35,0x5c,0x29,0x00,0x00,0x48,0x8d,0xbc,0x24,
0xf8,0x12,0x00,0x00,0x4c,0x8d,0x05,0x4d,0x29,0x00,0x00,0x4c,0x8b,0x15,0x56,0x2e,
0x00,0x00,0x48,0x89,0x6c,0x24,0x20,0x48,0x89,0x74,0x24,0x28,0x48,0x89,0x7c,0x24,
0x30,0x4c,0x89,0x44,0x24,0x38,0x48,0x89,0xc1,0x49,0x89,0xd8,0x41,0xff,0x12,0x48,
0x8d,0x84,0x24,0xf8,0x12,0x00,0x00,0x48,0x8b,0x0d,0x32,0x2e,0x00,0x00,0x48,0x89,
0x84,0x24,0x28,0x01,0x00,0x00,0x48,0x89,0x8c,0x24,0x18,0x01,0x00,0x00,0x48,0x8b,
0x84,0x24,0x18,0x01,0x00,0x00,0x48,0x8b,0x8c,0x24,0x28,0x01,0x00,0x00,0xff,0x10,
0x48,0x8d,0x84,0x24,0xf0,0x12,0x00,0x00,0x48,0x8b,0x0d,0x01,0x2e,0x00,0x00,0x48,
0x89,0x84,0x24,0x00,0x01,0x00,0x00,0x48,0x89,0x8c,0x24,0x10,0x01,0x00,0x00,0x48,
0x8b,0x84,0x24,0x10,0x01,0x00,0x00,0x48,0x8b,0x8c,0x24,0x00,0x01,0x00,0x00,0xff,
0x10,0x48,0x8d,0x84,0x24,0xe0,0x12,0x00,0x00,0x48,0x8b,0x0d,0xd8,0x2d,0x00,0x00,
0x48,0x89,0x84,0x24,0x38,0x01,0x00,0x00,0x48,0x89,0x8c,0x24,0x20,0x01,0x00,0x00,
0x48,0x8b,0x84,0x24,0x20,0x01,0x00,0x00,0x48,0x8b,0x8c,0x24,0x38,0x01,0x00,0x00,
0xff,0x10,0x48,0x8d,0x84,0x24,0xe0,0x12,0x00,0x00,0x48,0x8d,0x0d,0xa8,0x2b,0x00,
0x00,0x48,0x8b,0x15,0x60,0x2d,0x00,0x00,0x48,0x89,0x84,0x24,0x40,0x01,0x00,0x00,
0x48,0x89,0x8c,0x24,0x50,0x01,0x00,0x00,0x48,0x89,0x94,0x24,0x78,0x01,0x00,0x00,
0x48,0x8b,0x84,0x24,0x78,0x01,0x00,0x00,0x48,0x8b,0x8c,0x24,0x40,0x01,0x00,0x00,
0x48,0x8b,0x94,0x24,0x50,0x01,0x00,0x00,0xff,0x10,0x48,0x8b,0x1d,0x97,0x2d,0x00,
0x00,0x48,0x8d,0x84,0x24,0xf0,0x12,0x00,0x00,0x48,0x8b,0x0d,0x90,0x2d,0x00,0x00,
0x48,0x89,0x84,0x24,0x70,0x01,0x00,0x00,0x48,0x89,0x8c,0x24,0x60,0x01,0x00,0x00,
0x48,0x8b,0x84,0x24,0x60,0x01,0x00,0x00,0x48,0x8b,0x8c,0x24,0x70,0x01,0x00,0x00,
0xff,0x10,0x48,0x8d,0x84,0x24,0xf0,0x12,0x00,0x00,0x48,0x8d,0x0b,0x48,0x8d,0x15,
0x40,0x2b,0x00,0x00,0x48,0x8b,0x1d,0x5d,0x2d,0x00,0x00,0x48,0x89,0x8c,0x24,0x48,
0x01,0x00,0x00,0x48,0x89,0x94,0x24,0x58,0x01,0x00,0x00,0x48,0x89,0xc1,0x48,0x8b,
0x94,0x24,0x48,0x01,0x00,0x00,0x4c,0x8b,0x84,0x24,0x58,0x01,0x00,0x00,0xff,0x13,
0x48,0x8b,0x4c,0x24,0x78,0x48,0x8d,0x01,0x48,0x8d,0x94,0x24,0xe0,0x12,0x00,0x00,
0x48,0x8d,0x9c,0x24,0xf0,0x12,0x00,0x00,0x48,0x8b,0x2d,0x21,0x2d,0x00,0x00,0x48,
0x89,0xc1,0x49,0x89,0xd8,0xff,0x55,0x00,0x48,0x8d,0x84,0x24,0xf0,0x12,0x00,0x00,
0x48,0x8b,0x0d,0xc1,0x2c,0x00,0x00,0x48,0x89,0x84,0x24,0x08,0x01,0x00,0x00,0x48,
0x89,0x8c,0x24,0xf8,0x00,0x00,0x00,0x48,0x8b,0x84,0x24,0xf8,0x00,0x00,0x00,0x48,
0x8b,0x8c,0x24,0x08,0x01,0x00,0x00,0xff,0x10,0x48,0x8d,0x84,0x24,0xe0,0x12,0x00,
0x00,0x48,0x8b,0x0d,0x90,0x2c,0x00,0x00,0x48,0x89,0x84,0x24,0xd8,0x00,0x00,0x00,
0x48,0x89,0x8c,0x24,0xf0,0x00,0x00,0x00,0x48,0x8b,0x84,0x24,0xf0,0x00,0x00,0x00,
0x48,0x8b,0x8c,0x24,0xd8,0x00,0x00,0x00,0xff,0x10,0x48,0x8b,0x4c,0x24,0x78,0x48,
0x8d,0x01,0x48,0x8b,0x15,0xaf,0x2c,0x00,0x00,0x48,0x89,0xc1,0xff,0x12,0x48,0x8d,
0x84,0x24,0xe0,0x12,0x00,0x00,0x48,0x8d,0x0d,0x4b,0x28,0x00,0x00,0x48,0x8b,0x15,
0x04,0x2c,0x00,0x00,0x48,0x89,0x84,0x24,0xa0,0x00,0x00,0x00,0x48,0x89,0x8c,0x24,
0x98,0x00,0x00,0x00,0x48,0x89,0x94,0x24,0x88,0x00,0x00,0x00,0x48,0x8b,0x84,0x24,
0x88,0x00,0x00,0x00,0x48,0x8b,0x8c,0x24,0xa0,0x00,0x00,0x00,0x48,0x8b,0x94,0x24,
0x98,0x00,0x00,0x00,0xff,0x10,0x48,0x8b,0x1d,0x33,0x2c,0x00,0x00,0x48,0x8b,0x05,
0x14,0x2c,0x00,0x00,0x48,0x8d,0x8c,0x24,0xf0,0x12,0x00,0x00,0x48,0x8d,0x13,0x48,
0x8d,0x00,0x48,0x8b,0x1d,0xc7,0x2b,0x00,0x00,0x49,0x89,0xc0,0xff,0x13,0x48,0x8d,
0x84,0x24,0xf8,0x12,0x00,0x00,0x48,0x8b,0x0d,0xbb,0x2b,0x00,0x00,0x48,0x89,0x44,
0x24,0x70,0x48,0x89,0x8c,0x24,0x80,0x00,0x00,0x00,0x48,0x8b,0x84,0x24,0x80,0x00,
0x00,0x00,0x48,0x8b,0x4c,0x24,0x70,0xff,0x10,0x48,0x8b,0x4c,0x24,0x78,0x48,0x8d,
0x01,0x48,0x8d,0x94,0x24,0xe0,0x12,0x00,0x00,0x48,0x8d,0x9c,0x24,0xf0,0x12,0x00,
0x00,0x4c,0x8d,0x0d,0x80,0x26,0x00,0x00,0x48,0x8d,0x2d,0xbd,0x26,0x00,0x00,0x48,
0x8d,0x35,0x72,0x26,0x00,0x00,0x48,0x8d,0xbc,0x24,0xf8,0x12,0x00,0x00,0x4c,0x8d,
0x05,0x63,0x26,0x00,0x00,0x4c,0x8b,0x15,0x6c,0x2b,0x00,0x00,0x48,0x89,0x6c,0x24,
0x20,0x48,0x89,0x74,0x24,0x28,0x48,0x89,0x7c,0x24,0x30,0x4c,0x89,0x44,0x24,0x38,
0x48,0x89,0xc1,0x49,0x89,0xd8,0x41,0xff,0x12,0x48,0x8d,0x84,0x24,0xf8,0x12,0x00,
0x00,0x48,0x8b,0x0d,0x48,0x2b,0x00,0x00,0x48,0x89,0x84,0x24,0xa8,0x00,0x00,0x00,
0x48,0x89,0x8c,0x24,0x90,0x00,0x00,0x00,0x48,0x8b,0x84,0x24,0x90,0x00,0x00,0x00,
0x48,0x8b,0x8c,0x24,0xa8,0x00,0x00,0x00,0xff,0x10,0x48,0x8d,0x84,0x24,0xf0,0x12,
0x00,0x00,0x48,0x8b,0x0d,0x17,0x2b,0x00,0x00,0x48,0x89,0x84,0x24,0xb0,0x00,0x00,
0x00,0x48,0x89,0x8c,0x24,0xc0,0x00,0x00,0x00,0x48,0x8b,0x84,0x24,0xc0,0x00,0x00,
0x00,0x48,0x8b,0x8c,0x24,0xb0,0x00,0x00,0x00,0xff,0x10,0x48,0x8d,0x84,0x24,0xe0,
0x12,0x00,0x00,0x48,0x8b,0x0d,0xee,0x2a,0x00,0x00,0x48,0x89,0x84,0x24,0xe8,0x00,
0x00,0x00,0x48,0x89,0x8c,0x24,0xe0,0x00,0x00,0x00,0x48,0x8b,0x84,0x24,0xe0,0x00,
0x00,0x00,0x48,0x8b,0x8c,0x24,0xe8,0x00,0x00,0x00,0xff,0x10,0x48,0x8d,0x84,0x24,
0xe0,0x12,0x00,0x00,0x48,0x8d,0x0d,0xdd,0x28,0x00,0x00,0x48,0x8b,0x15,0x76,0x2a,
0x00,0x00,0x48,0x89,0x84,0x24,0xd0,0x00,0x00,0x00,0x48,0x89,0x8c,0x24,0xb8,0x00,
0x00,0x00,0x48,0x89,0x94,0x24,0xc8,0x00,0x00,0x00,0x48,0x8b,0x84,0x24,0xc8,0x00,
0x00,0x00,0x48,0x8b,0x8c,0x24,0xd0,0x00,0x00,0x00,0x48,0x8b,0x94,0x24,0xb8,0x00,
0x00,0x00,0xff,0x10,0x48,0x8b,0x05,0x8d,0x2a,0x00,0x00,0x48,0x8b,0x1d,0x86,0x2a,
0x00,0x00,0x48,0x8d,0x8c,0x24,0xf0,0x12,0x00,0x00,0x48,0x8d,0x00,0x48,0x8d,0x13,
0x48,0x8b,0x1d,0x39,0x2a,0x00,0x00,0x48,0x89,0x94,0x24,0x80,0x01,0x00,0x00,0x48,
0x89,0xc2,0x4c,0x8b,0x84,0x24,0x80,0x01,0x00,0x00,0xff,0x13,0x48,0x8b,0x4c,0x24,
0x78,0x48,0x8d,0x01,0x48,0x8d,0x94,0x24,0xe0,0x12,0x00,0x00,0x48,0x8d,0x99,0xc0,
0x06,0x00,0x00,0x4c,0x8d,0x8c,0x24,0xf0,0x12,0x00,0x00,0x48,0x8b,0x2d,0x96,0x2a,
0x00,0x00,0x48,0x89,0xc1,0x49,0x89,0xd8,0xff,0x55,0x00,0x48,0x8d,0x84,0x24,0xf0,
0x12,0x00,0x00,0x48,0x8b,0x0d,0x06,0x2a,0x00,0x00,0x48,0x89,0x84,0x24,0x68,0x01,
0x00,0x00,0x48,0x89,0x8c,0x24,0x88,0x01,0x00,0x00,0x48,0x8b,0x84,0x24,0x88,0x01,
0x00,0x00,0x48,0x8b,0x8c,0x24,0x68,0x01,0x00,0x00,0xff,0x10,0x48,0x8d,0x84,0x24,
0xe0,0x12,0x00,0x00,0x48,0x8b,0x0d,0xdd,0x29,0x00,0x00,0x48,0x89,0x84,0x24,0x98,
0x01,0x00,0x00,0x48,0x89,0x8c,0x24,0x50,0x02,0x00,0x00,0x48,0x8b,0x84,0x24,0x50,
0x02,0x00,0x00,0x48,0x8b,0x8c,0x24,0x98,0x01,0x00,0x00,0xff,0x10,0x48,0x8b,0x4c,
0x24,0x78,0x48,0x8d,0x01,0x48,0x8b,0x15,0xfc,0x29,0x00,0x00,0x48,0x89,0xc1,0xff,
0x12,0x48,0x8d,0x84,0x24,0xe0,0x12,0x00,0x00,0x48,0x8d,0x0d,0xc7,0x25,0x00,0x00,
0x48,0x8b,0x15,0x51,0x29,0x00,0x00,0x48,0x89,0x84,0x24,0x48,0x02,0x00,0x00,0x48,
0x89,0x8c,0x24,0x38,0x02,0x00,0x00,0x48,0x89,0x94,0x24,0x20,0x02,0x00,0x00,0x48,
0x8b,0x84,0x24,0x20,0x02,0x00,0x00,0x48,0x8b,0x8c,0x24,0x48,0x02,0x00,0x00,0x48,
0x8b,0x94,0x24,0x38,0x02,0x00,0x00,0xff,0x10,0x48,0x8b,0x05,0x80,0x29,0x00,0x00,
0x48,0x8b,0x1d,0x61,0x29,0x00,0x00,0x48,0x8d,0x8c,0x24,0xf0,0x12,0x00,0x00,0x48,
0x8d,0x00,0x48,0x8d,0x13,0x48,0x8b,0x1d,0x14,0x29,0x00,0x00,0x48,0x89,0x94,0x24,
0x30,0x02,0x00,0x00,0x48,0x89,0xc2,0x4c,0x8b,0x84,0x24,0x30,0x02,0x00,0x00,0xff,
0x13,0x48,0x8d,0x84,0x24,0xf8,0x12,0x00,0x00,0x48,0x8b,0x0d,0xf8,0x28,0x00,0x00,
0x48,0x89,0x84,0x24,0x58,0x02,0x00,0x00,0x48,0x89,0x8c,0x24,0x40,0x02,0x00,0x00,
0x48,0x8b,0x84,0x24,0x40,0x02,0x00,0x00,0x48,0x8b,0x8c,0x24,0x58,0x02,0x00,0x00,
0xff,0x10,0x48,0x8b,0x4c,0x24,0x78,0x48,0x8d,0x01,0x48,0x8d,0x94,0x24,0xe0,0x12,
0x00,0x00,0x48,0x8d,0x9c,0x24,0xf0,0x12,0x00,0x00,0x4c,0x8d,0x0d,0xb7,0x23,0x00,
0x00,0x48,0x8d,0x2d,0xf4,0x23,0x00,0x00,0x48,0x8d,0x35,0xa9,0x23,0x00,0x00,0x48,
0x8d,0xbc,0x24,0xf8,0x12,0x00,0x00,0x4c,0x8d,0x05,0x9a,0x23,0x00,0x00,0x4c,0x8b,
0x15,0xa3,0x28,0x00,0x00,0x48,0x89,0x6c,0x24,0x20,0x48,0x89,0x74,0x24,0x28,0x48,
0x89,0x7c,0x24,0x30,0x4c,0x89,0x44,0x24,0x38,0x48,0x89,0xc1,0x49,0x89,0xd8,0x41,
0xff,0x12,0x48,0x8d,0x84,0x24,0xf8,0x12,0x00,0x00,0x48,0x8b,0x0d,0x7f,0x28,0x00,
0x00,0x48,0x89,0x84,0x24,0x60,0x02,0x00,0x00,0x48,0x89,0x8c,0x24,0x70,0x02,0x00,
0x00,0x48,0x8b,0x84,0x24,0x70,0x02,0x00,0x00,0x48,0x8b,0x8c,0x24,0x60,0x02,0x00,
0x00,0xff,0x10,0x48,0x8d,0x84,0x24,0xf0,0x12,0x00,0x00,0x48,0x8b,0x0d,0x4e,0x28,
0x00,0x00,0x48,0x89,0x84,0x24,0x98,0x02,0x00,0x00,0x48,0x89,0x8c,0x24,0x90,0x02,
0x00,0x00,0x48,0x8b,0x84,0x24,0x90,0x02,0x00,0x00,0x48,0x8b,0x8c,0x24,0x98,0x02,
0x00,0x00,0xff,0x10,0x48,0x8d,0x84,0x24,0xe0,0x12,0x00,0x00,0x48,0x8b,0x0d,0x25,
0x28,0x00,0x00,0x48,0x89,0x84,0x24,0x80,0x02,0x00,0x00,0x48,0x89,0x8c,0x24,0x68,
0x02,0x00,0x00,0x48,0x8b,0x84,0x24,0x68,0x02,0x00,0x00,0x48,0x8b,0x8c,0x24,0x80,
0x02,0x00,0x00,0xff,0x10,0x48,0x8d,0x84,0x24,0xe0,0x12,0x00,0x00,0x48,0x8d,0x0d,
0x33,0x26,0x00,0x00,0x48,0x8b,0x15,0xad,0x27,0x00,0x00,0x48,0x89,0x84,0x24,0x78,
0x02,0x00,0x00,0x48,0x89,0x8c,0x24,0x28,0x02,0x00,0x00,0x48,0x89,0x94,0x24,0x18,
0x02,0x00,0x00,0x48,0x8b,0x84,0x24,0x18,0x02,0x00,0x00,0x48,0x8b,0x8c,0x24,0x78,
0x02,0x00,0x00,0x48,0x8b,0x94,0x24,0x28,0x02,0x00,0x00,0xff,0x10,0x48,0x8b,0x1d,
0xc4,0x27,0x00,0x00,0x48,0x8b,0x05,0xbd,0x27,0x00,0x00,0x48,0x8d,0x8c,0x24,0xf0,
0x12,0x00,0x00,0x48,0x8d,0x13,0x48,0x8d,0x00,0x48,0x8b,0x1d,0x70,0x27,0x00,0x00,
0x49,0x89,0xc0,0xff,0x13,0x48,0x8b,0x4c,0x24,0x78,0x48,0x8d,0x01,0x48,0x8d,0x94,
0x24,0xe0,0x12,0x00,0x00,0x48,0x8d,0x99,0xc8,0x06,0x00,0x00,0x4c,0x8d,0x8c,0x24,
0xf0,0x12,0x00,0x00,0x48,0x8b,0x2d,0xdd,0x27,0x00,0x00,0x48,0x89,0xc1,0x49,0x89,
0xd8,0xff,0x55,0x00,0x48,0x8d,0x84,0x24,0xf0,0x12,0x00,0x00,0x48,0x8b,0x0d,0x4d,
0x27,0x00,0x00,0x48,0x89,0x84,0x24,0xf8,0x01,0x00,0x00,0x48,0x89,0x8c,0x24,0x10,
0x02,0x00,0x00,0x48,0x8b,0x84,0x24,0x10,0x02,0x00,0x00,0x48,0x8b,0x8c,0x24,0xf8,
0x01,0x00,0x00,0xff,0x10,0x48,0x8d,0x84,0x24,0xe0,0x12,0x00,0x00,0x48,0x8b,0x0d,
0x24,0x27,0x00,0x00,0x48,0x89,0x84,0x24,0xc0,0x01,0x00,0x00,0x48,0x89,0x8c,0x24,
0xb8,0x01,0x00,0x00,0x48,0x8b,0x84,0x24,0xb8,0x01,0x00,0x00,0x48,0x8b,0x8c,0x24,
0xc0,0x01,0x00,0x00,0xff,0x10,0x48,0x8b,0x4c,0x24,0x78,0x48,0x8d,0x01,0x48,0x8b,
0x15,0x43,0x27,0x00,0x00,0x48,0x89,0xc1,0xff,0x12,0x48,0x8b,0x4c,0x24,0x78,0x48,
0x8d,0x01,0x48,0x8b,0x15,0x2f,0x27,0x00,0x00,0x48,0x89,0xc1,0xff,0x12,0x48,0x8d,
0x84,0x24,0xe0,0x12,0x00,0x00,0x48,0x8d,0x0d,0x28,0x25,0x00,0x00,0x48,0x8b,0x15,
0x84,0x26,0x00,0x00,0x48,0x89,0x84,0x24,0xa8,0x01,0x00,0x00,0x48,0x89,0x8c,0x24,
0x90,0x01,0x00,0x00,0x48,0x89,0x94,0x24,0xa0,0x01,0x00,0x00,0x48,0x8b,0x84,0x24,
0xa0,0x01,0x00,0x00,0x48,0x8b,0x8c,0x24,0xa8,0x01,0x00,0x00,0x48,0x8b,0x94,0x24,
0x90,0x01,0x00,0x00,0xff,0x10,0x48,0x8b,0x05,0xb3,0x26,0x00,0x00,0x48,0x8b,0x1d,
0x9c,0x26,0x00,0x00,0x48,0x8d,0x8c,0x24,0xf0,0x12,0x00,0x00,0x48,0x8d,0x00,0x48,
0x8d,0x13,0x48,0x8b,0x1d,0x47,0x26,0x00,0x00,0x48,0x89,0x94,0x24,0xc8,0x01,0x00,
0x00,0x48,0x89,0xc2,0x4c,0x8b,0x84,0x24,0xc8,0x01,0x00,0x00,0xff,0x13,0x48,0x8b,
0x4c,0x24,0x78,0x48,0x8d,0x01,0x48,0x8d,0x94,0x24,0xe0,0x12,0x00,0x00,0x48,0x8d,
0x1d,0xe3,0x21,0x00,0x00,0x4c,0x8d,0x8c,0x24,0xf0,0x12,0x00,0x00,0x48,0x8d,0x2d,
0x14,0x21,0x00,0x00,0x48,0x8b,0x35,0x85,0x26,0x00,0x00,0x48,0x89,0x6c,0x24,0x20,
0x48,0x89,0xc1,0x49,0x89,0xd8,0xff,0x16,0x48,0x8d,0x84,0x24,0xf0,0x12,0x00,0x00,
0x48,0x8b,0x0d,0x09,0x26,0x00,0x00,0x48,0x89,0x84,0x24,0xb0,0x01,0x00,0x00,0x48,
0x89,0x8c,0x24,0xd0,0x01,0x00,0x00,0x48,0x8b,0x84,0x24,0xd0,0x01,0x00,0x00,0x48,
0x8b,0x8c,0x24,0xb0,0x01,0x00,0x00,0xff,0x10,0x48,0x8d,0x84,0x24,0xe0,0x12,0x00,
0x00,0x48,0x8b,0x0d,0xe0,0x25,0x00,0x00,0x48,0x89,0x84,0x24,0xe0,0x01,0x00,0x00,
0x48,0x89,0x8c,0x24,0x08,0x02,0x00,0x00,0x48,0x8b,0x84,0x24,0x08,0x02,0x00,0x00,
0x48,0x8b,0x8c,0x24,0xe0,0x01,0x00,0x00,0xff,0x10,0x8b,0x05,0x30,0x22,0x00,0x00,
0x48,0x8d,0x8c,0x24,0xe0,0x12,0x00,0x00,0x4c,0x8b,0x84,0x24,0x70,0x0c,0x00,0x00,
0x49,0x8d,0x90,0x68,0x01,0x00,0x00,0x89,0x84,0x24,0xe8,0x12,0x00,0x00,0x48,0x8d,
0x84,0x24,0xe8,0x12,0x00,0x00,0x48,0x8b,0x1d,0x03,0x26,0x00,0x00,0x49,0x89,0xc0,
0xff,0x13,0x4c,0x8b,0x8c,0x24,0xe0,0x12,0x00,0x00,0x48,0x8b,0x05,0x0f,0x25,0x00,
0x00,0x8b,0x58,0x68,0x48,0x8b,0x05,0x0d,0x25,0x00,0x00,0x8b,0x40,0x68,0x01,0xc3,
0x48,0x8b,0x05,0x09,0x25,0x00,0x00,0x8b,0x40,0x68,0x01,0xc3,0x8b,0x05,0x36,0x20,
0x00,0x00,0x89,0xdd,0x01,0xc5,0x8b,0x05,0xc0,0x21,0x00,0x00,0x89,0xc7,0x8b,0x05,
0x24,0x20,0x00,0x00,0x3b,0x05,0x1e,0x20,0x00,0x00,0x40,0x0f,0x94,0xc6,0x8b,0x05,
0x14,0x20,0x00,0x00,0x89,0xc3,0x48,0x8b,0x05,0xdb,0x24,0x00,0x00,0x8b,0x40,0x68,
0x2b,0x05,0x2a,0x20,0x00,0x00,0x39,0xc3,0x0f,0x94,0xc0,0x48,0x8b,0x4c,0x24,0x78,
0x48,0x8d,0x11,0x49,0x8d,0x19,0x89,0xac,0x24,0xec,0x12,0x00,0x00,0x48,0x8d,0xac,
0x24,0xec,0x12,0x00,0x00,0x89,0xbc,0x24,0xf0,0x12,0x00,0x00,0x48,0x8d,0xbc,0x24,
0xf0,0x12,0x00,0x00,0x40,0x88,0xb4,0x24,0xf4,0x12,0x00,0x00,0x4c,0x8d,0x8c,0x24,
0xf4,0x12,0x00,0x00,0x88,0x84,0x24,0xf5,0x12,0x00,0x00,0x48,0x8d,0x84,0x24,0xf5,
0x12,0x00,0x00,0x48,0x8d,0xb4,0x24,0xdc,0x12,0x00,0x00,0x4c,0x8b,0x84,0x24,0x70,
0x0c,0x00,0x00,0x4d,0x8d,0x10,0x4c,0x8d,0x9c,0x24,0xd9,0x12,0x00,0x00,0x4c,0x8b,
0x25,0x33,0x25,0x00,0x00,0x4c,0x89,0x4c,0x24,0x20,0x48,0x89,0x44,0x24,0x28,0x48,
0x89,0x74,0x24,0x30,0x4c,0x89,0x54,0x24,0x38,0x4c,0x89,0x5c,0x24,0x40,0x48,0x89,
0x94,0x24,0x00,0x02,0x00,0x00,0x48,0x8b,0x8c,0x24,0x00,0x02,0x00,0x00,0x48,0x89,
0xda,0x49,0x89,0xe8,0x49,0x89,0xf9,0x41,0xff,0x14,0x24,0x8b,0x05,0xf7,0x20,0x00,
0x00,0x48,0x8d,0x8c,0x24,0xe0,0x12,0x00,0x00,0x4c,0x8b,0x84,0x24,0x70,0x0c,0x00,
0x00,0x49,0x8d,0x90,0x68,0x01,0x00,0x00,0x89,0x84,0x24,0xe8,0x12,0x00,0x00,0x48,
0x8d,0x84,0x24,0xe8,0x12,0x00,0x00,0x48,0x8b,0x1d,0xc2,0x24,0x00,0x00,0x49,0x89,
0xc0,0xff,0x13,0x4c,0x8b,0x8c,0x24,0xe0,0x12,0x00,0x00,0x48,0x8b,0x05,0xce,0x23,
0x00,0x00,0x8b,0x58,0x68,0x48,0x8b,0x05,0xcc,0x23,0x00,0x00,0x8b,0x40,0x68,0x01,
0xc3,0x48,0x8b,0x05,0xc8,0x23,0x00,0x00,0x8b,0x40,0x68,0x01,0xc3,0x8b,0x05,0x1d,
0x1f,0x00,0x00,0x89,0xdd,0x01,0xc5,0x8b,0x05,0x7f,0x20,0x00,0x00,0x89,0xc7,0x8b,
0x05,0x0b,0x1f,0x00,0x00,0x3b,0x05,0xdd,0x1e,0x00,0x00,0x40,0x0f,0x94,0xc6,0x8b,
0x05,0xfb,0x1e,0x00,0x00,0x89,0xc3,0x48,0x8b,0x05,0x9a,0x23,0x00,0x00,0x8b,0x40,
0x68,0x2b,0x05,0xe9,0x1e,0x00,0x00,0x39,0xc3,0x0f,0x94,0xc0,0x48,0x8b,0x4c,0x24,
0x78,0x48,0x8d,0x11,0x49,0x8d,0x19,0x89,0xac,0x24,0xec,0x12,0x00,0x00,0x48,0x8d,
0xac,0x24,0xec,0x12,0x00,0x00,0x89,0xbc,0x24,0xf0,0x12,0x00,0x00,0x48,0x8d,0xbc,
0x24,0xf0,0x12,0x00,0x00,0x40,0x88,0xb4,0x24,0xf4,0x12,0x00,0x00,0x4c,0x8d,0x8c,
0x24,0xf4,0x12,0x00,0x00,0x88,0x84,0x24,0xf5,0x12,0x00,0x00,0x48,0x8d,0xb4,0x24,
0xf5,0x12,0x00,0x00,0x48,0x8d,0x84,0x24,0xdc,0x12,0x00,0x00,0x4c,0x8b,0x84,0x24,
0x70,0x0c,0x00,0x00,0x4d,0x8d,0x10,0x4c,0x8d,0x9c,0x24,0xd9,0x12,0x00,0x00,0x4c,
0x8b,0x25,0xf2,0x23,0x00,0x00,0x4c,0x89,0x4c,0x24,0x20,0x48,0x89,0x74,0x24,0x28,
0x48,0x89,0x44,0x24,0x30,0x4c,0x89,0x54,0x24,0x38,0x4c,0x89,0x5c,0x24,0x40,0x48,
0x89,0x94,0x24,0xf0,0x01,0x00,0x00,0x48,0x8b,0x8c,0x24,0xf0,0x01,0x00,0x00,0x48,
0x89,0xda,0x49,0x89,0xe8,0x49,0x89,0xf9,0x41,0xff,0x14,0x24,0x8b,0x05,0xba,0x1f,
0x00,0x00,0x48,0x8d,0x8c,0x24,0xe0,0x12,0x00,0x00,0x4c,0x8b,0x84,0x24,0x70,0x0c,
0x00,0x00,0x49,0x8d,0x90,0x68,0x01,0x00,0x00,0x89,0x84,0x24,0xe8,0x12,0x00,0x00,
0x48,0x8d,0x84,0x24,0xe8,0x12,0x00,0x00,0x48,0x8b,0x1d,0x81,0x23,0x00,0x00,0x49,
0x89,0xc0,0xff,0x13,0x4c,0x8b,0x8c,0x24,0xe0,0x12,0x00,0x00,0x48,0x8b,0x05,0x8d,
0x22,0x00,0x00,0x8b,0x58,0x68,0x48,0x8b,0x05,0x8b,0x22,0x00,0x00,0x8b,0x40,0x68,
0x01,0xc3,0x48,0x8b,0x05,0x87,0x22,0x00,0x00,0x8b,0x40,0x68,0x01,0xc3,0x8b,0x05,
0xf8,0x1d,0x00,0x00,0x89,0xdd,0x01,0xc5,0x8b,0x05,0x3e,0x1f,0x00,0x00,0x89,0xc7,
0x8b,0x05,0xe6,0x1d,0x00,0x00,0x3b,0x05,0x9c,0x1d,0x00,0x00,0x40,0x0f,0x94,0xc6,
0x8b,0x05,0xd6,0x1d,0x00,0x00,0x89,0xc3,0x48,0x8b,0x05,0x59,0x22,0x00,0x00,0x8b,
0x40,0x68,0x2b,0x05,0xa8,0x1d,0x00,0x00,0x39,0xc3,0x0f,0x94,0xc0,0x48,0x8b,0x4c,
0x24,0x78,0x48,0x8d,0x11,0x49,0x8d,0x19,0x89,0xac,0x24,0xec,0x12,0x00,0x00,0x48,
0x8d,0xac,0x24,0xec,0x12,0x00,0x00,0x89,0xbc,0x24,0xf0,0x12,0x00,0x00,0x48,0x8d,
0xbc,0x24,0xf0,0x12,0x00,0x00,0x40,0x88,0xb4,0x24,0xf4,0x12,0x00,0x00,0x4c,0x8d,
0x8c,0x24,0xf4,0x12,0x00,0x00,0x88,0x84,0x24,0xf5,0x12,0x00,0x00,0x48,0x8d,0x84,
0x24,0xf5,0x12,0x00,0x00,0x48,0x8d,0xb4,0x24,0xdc,0x12,0x00,0x00,0x4c,0x8b,0x84,
0x24,0x70,0x0c,0x00,0x00,0x4d,0x8d,0x10,0x4c,0x8d,0x9c,0x24,0xd9,0x12,0x00,0x00,
0x4c,0x8b,0x25,0xb1,0x22,0x00,0x00,0x4c,0x89,0x4c,0x24,0x20,0x48,0x89,0x44,0x24,
0x28,0x48,0x89,0x74,0x24,0x30,0x4c,0x89,0x54,0x24,0x38,0x4c,0x89,0x5c,0x24,0x40,
0x48,0x89,0x94,0x24,0xd8,0x01,0x00,0x00,0x48,0x8b,0x8c,0x24,0xd8,0x01,0x00,0x00,
0x48,0x89,0xda,0x49,0x89,0xe8,0x49,0x89,0xf9,0x41,0xff,0x14,0x24,0x48,0x8b,0x4c,
0x24,0x78,0x48,0x8d,0x01,0x48,0x8b,0x15,0x3c,0x22,0x00,0x00,0x48,0x89,0xc1,0xff,
0x12,0x48,0x8b,0x4c,0x24,0x78,0x48,0x8d,0x01,0x48,0x8b,0x15,0x28,0x22,0x00,0x00,
0x48,0x89,0xc1,0xff,0x12,0x48,0x8d,0x84,0x24,0xe0,0x12,0x00,0x00,0x48,0x8d,0x0d,
0x40,0x20,0x00,0x00,0x48,0x8b,0x15,0x7d,0x21,0x00,0x00,0x48,0x89,0x84,0x24,0xe8,
0x01,0x00,0x00,0x48,0x89,0x8c,0x24,0xe0,0x04,0x00,0x00,0x48,0x89,0x94,0x24,0xc8,
0x04,0x00,0x00,0x48,0x8b,0x84,0x24,0xc8,0x04,0x00,0x00,0x48,0x8b,0x8c,0x24,0xe8,
0x01,0x00,0x00,0x48,0x8b,0x94,0x24,0xe0,0x04,0x00,0x00,0xff,0x10,0x48,0x8b,0x3d,
0x4c,0x21,0x00,0x00,0x48,0x8b,0x35,0x8d,0x21,0x00,0x00,0x48,0x8b,0x2d,0x8e,0x21,
0x00,0x00,0x48,0x8b,0x05,0x27,0x21,0x00,0x00,0x8b,0x58,0x68,0x8b,0x45,0x00,0x0f,
0xaf,0xc3,0x8b,0x1e,0x01,0xc3,0x48,0x8d,0x84,0x24,0xf0,0x12,0x00,0x00,0x48,0x8d,
0x0f,0x89,0x9c,0x24,0xf8,0x12,0x00,0x00,0x48,0x8d,0x94,0x24,0xf8,0x12,0x00,0x00,
0x48,0x8b,0x1d,0x19,0x21,0x00,0x00,0x48,0x89,0x8c,0x24,0xe8,0x04,0x00,0x00,0x48,
0x89,0x94,0x24,0xf8,0x04,0x00,0x00,0x48,0x89,0xc1,0x48,0x8b,0x94,0x24,0xe8,0x04,
0x00,0x00,0x4c,0x8b,0x84,0x24,0xf8,0x04,0x00,0x00,0xff,0x13,0x48,0x8d,0x84,0x24,
0xfc,0x12,0x00,0x00,0x48,0x8b,0x0d,0xed,0x20,0x00,0x00,0x48,0x89,0x84,0x24,0xf0,
0x07,0x00,0x00,0x48,0x89,0x8c,0x24,0xe8,0x07,0x00,0x00,0x48,0x8b,0x84,0x24,0xe8,
0x07,0x00,0x00,0x48,0x8b,0x8c,0x24,0xf0,0x07,0x00,0x00,0xff,0x10,0x48,0x8b,0x4c,
0x24,0x78,0x48,0x8d,0x01,0x48,0x8d,0x94,0x24,0xe0,0x12,0x00,0x00,0x48,0x8d,0x9c,
0x24,0xf0,0x12,0x00,0x00,0x4c,0x8d,0x0d,0xac,0x1b,0x00,0x00,0x48,0x8d,0x2d,0xa5,
0x1b,0x00,0x00,0x48,0x8d,0x35,0xc6,0x1b,0x00,0x00,0x48,0x8d,0xbc,0x24,0xfc,0x12,
0x00,0x00,0x4c,0x8d,0x05,0x8f,0x1b,0x00,0x00,0x4c,0x8d,0x15,0x71,0x1b,0x00,0x00,
0x4c,0x8b,0x1d,0xc1,0x20,0x00,0x00,0x48,0x89,0x6c,0x24,0x20,0x48,0x89,0x74,0x24,
0x28,0x48,0x89,0x7c,0x24,0x30,0x4c,0x89,0x44,0x24,0x38,0x4c,0x89,0x54,0x24,0x40,
0x48,0x89,0xc1,0x49,0x89,0xd8,0x41,0xff,0x13,0x48,0x8d,0x84,0x24,0xfc,0x12,0x00,
0x00,0x48,0x8b,0x0d,0x68,0x20,0x00,0x00,0x48,0x89,0x84,0x24,0xd8,0x07,0x00,0x00,
0x48,0x89,0x8c,0x24,0xc0,0x07,0x00,0x00,0x48,0x8b,0x84,0x24,0xc0,0x07,0x00,0x00,
0x48,0x8b,0x8c,0x24,0xd8,0x07,0x00,0x00,0xff,0x10,0x48,0x8d,0x84,0x24,0xf0,0x12,
0x00,0x00,0x48,0x8b,0x0d,0x37,0x20,0x00,0x00,0x48,0x89,0x84,0x24,0xd0,0x07,0x00,
0x00,0x48,0x89,0x8c,0x24,0xf8,0x07,0x00,0x00,0x48,0x8b,0x84,0x24,0xf8,0x07,0x00,
0x00,0x48,0x8b,0x8c,0x24,0xd0,0x07,0x00,0x00,0xff,0x10,0x48,0x8d,0x84,0x24,0xe0,
0x12,0x00,0x00,0x48,0x8b,0x0d,0x0e,0x20,0x00,0x00,0x48,0x89,0x84,0x24,0xe0,0x07,
0x00,0x00,0x48,0x89,0x8c,0x24,0x00,0x08,0x00,0x00,0x48,0x8b,0x84,0x24,0x00,0x08,
0x00,0x00,0x48,0x8b,0x8c,0x24,0xe0,0x07,0x00,0x00,0xff,0x10,0x48,0x8d,0x84,0x24,
0xe0,0x12,0x00,0x00,0x48,0x8d,0x0d,0x71,0x1e,0x00,0x00,0x48,0x8b,0x15,0x96,0x1f,
0x00,0x00,0x48,0x89,0x84,0x24,0x10,0x08,0x00,0x00,0x48,0x89,0x8c,0x24,0x38,0x08,
0x00,0x00,0x48,0x89,0x94,0x24,0x30,0x08,0x00,0x00,0x48,0x8b,0x84,0x24,0x30,0x08,
0x00,0x00,0x48,0x8b,0x8c,0x24,0x10,0x08,0x00,0x00,0x48,0x8b,0x94,0x24,0x38,0x08,
0x00,0x00,0xff,0x10,0x48,0x8b,0x05,0xc5,0x1f,0x00,0x00,0x8b,0x00,0x0f,0xaf,0x05,
0x34,0x1b,0x00,0x00,0x48,0x8b,0x1d,0x9d,0x1f,0x00,0x00,0x48,0x8d,0x8c,0x24,0xf0,
0x12,0x00,0x00,0x89,0x84,0x24,0xf8,0x12,0x00,0x00,0x48,0x8d,0x84,0x24,0xf8,0x12,
0x00,0x00,0x48,0x8d,0x13,0x48,0x8b,0x1d,0x44,0x1f,0x00,0x00,0x48,0x89,0x94,0x24,
0x20,0x08,0x00,0x00,0x48,0x89,0xc2,0x4c,0x8b,0x84,0x24,0x20,0x08,0x00,0x00,0xff,
0x13,0x48,0x8d,0x84,0x24,0xfc,0x12,0x00,0x00,0x48,0x8b,0x0d,0x28,0x1f,0x00,0x00,
0x48,0x89,0x84,0x24,0x08,0x08,0x00,0x00,0x48,0x89,0x8c,0x24,0x18,0x08,0x00,0x00,
0x48,0x8b,0x84,0x24,0x18,0x08,0x00,0x00,0x48,0x8b,0x8c,0x24,0x08,0x08,0x00,0x00,
0xff,0x10,0x48,0x8b,0x4c,0x24,0x78,0x48,0x8d,0x01,0x48,0x8d,0x94,0x24,0xe0,0x12,
0x00,0x00,0x48,0x8d,0x9c,0x24,0xf0,0x12,0x00,0x00,0x48,0x8d,0x2d,0xe7,0x19,0x00,
0x00,0x48,0x8d,0x35,0x24,0x1a,0x00,0x00,0x48,0x8d,0x3d,0xd9,0x19,0x00,0x00,0x4c,
0x8d,0x8c,0x24,0xfc,0x12,0x00,0x00,0x4c,0x8d,0x05,0xca,0x19,0x00,0x00,0x4c,0x8d,
0x15,0xac,0x19,0x00,0x00,0x4c,0x8b,0x1d,0xfc,0x1e,0x00,0x00,0x48,0x89,0x74,0x24,
0x20,0x48,0x89,0x7c,0x24,0x28,0x4c,0x89,0x4c,0x24,0x30,0x4c,0x89,0x44,0x24,0x38,
0x4c,0x89,0x54,0x24,0x40,0x48,0x89,0xc1,0x49,0x89,0xd8,0x49,0x89,0xe9,0x41,0xff,
0x13,0x48,0x8d,0x84,0x24,0xfc,0x12,0x00,0x00,0x48,0x8b,0x0d,0xa0,0x1e,0x00,0x00,
0x48,0x89,0x84,0x24,0xc8,0x07,0x00,0x00,0x48,0x89,0x8c,0x24,0xb8,0x07,0x00,0x00,
0x48,0x8b,0x84,0x24,0xb8,0x07,0x00,0x00,0x48,0x8b,0x8c,0x24,0xc8,0x07,0x00,0x00,
0xff,0x10,0x48,0x8d,0x84,0x24,0xf0,0x12,0x00,0x00,0x48,0x8b,0x0d,0x6f,0x1e,0x00,
0x00,0x48,0x89,0x84,0x24,0x98,0x07,0x00,0x00,0x48,0x89,0x8c,0x24,0xb0,0x07,0x00,
0x00,0x48,0x8b,0x84,0x24,0xb0,0x07,0x00,0x00,0x48,0x8b,0x8c,0x24,0x98,0x07,0x00,
0x00,0xff,0x10,0x48,0x8d,0x84,0x24,0xe0,0x12,0x00,0x00,0x48,0x8b,0x0d,0x46,0x1e,
0x00,0x00,0x48,0x89,0x84,0x24,0x60,0x07,0x00,0x00,0x48,0x89,0x8c,0x24,0x58,0x07,
0x00,0x00,0x48,0x8b,0x84,0x24,0x58,0x07,0x00,0x00,0x48,0x8b,0x8c,0x24,0x60,0x07,
0x00,0x00,0xff,0x10,0x48,0x8d,0x84,0x24,0xe0,0x12,0x00,0x00,0x48,0x8d,0x0d,0xc7,
0x1c,0x00,0x00,0x48,0x8b,0x15,0xce,0x1d,0x00,0x00,0x48,0x89,0x84,0x24,0x48,0x07,
0x00,0x00,0x48,0x89,0x8c,0x24,0x30,0x07,0x00,0x00,0x48,0x89,0x94,0x24,0x40,0x07,
0x00,0x00,0x48,0x8b,0x84,0x24,0x40,0x07,0x00,0x00,0x48,0x8b,0x8c,0x24,0x48,0x07,
0x00,0x00,0x48,0x8b,0x94,0x24,0x30,0x07,0x00,0x00,0xff,0x10,0x48,0x8b,0x1d,0xfd,
0x1d,0x00,0x00,0x48,0x8b,0x05,0xde,0x1d,0x00,0x00,0x48,0x8d,0x8c,0x24,0xf0,0x12,
0x00,0x00,0x48,0x8d,0x13,0x48,0x8d,0x00,0x48,0x8b,0x1d,0x91,0x1d,0x00,0x00,0x49,
0x89,0xc0,0xff,0x13,0x48,0x8d,0x84,0x24,0xf8,0x12,0x00,0x00,0x48,0x8b,0x0d,0x85,
0x1d,0x00,0x00,0x48,0x89,0x84,0x24,0x68,0x07,0x00,0x00,0x48,0x89,0x8c,0x24,0x50,
0x07,0x00,0x00,0x48,0x8b,0x84,0x24,0x50,0x07,0x00,0x00,0x48,0x8b,0x8c,0x24,0x68,
0x07,0x00,0x00,0xff,0x10,0x48,0x8b,0x4c,0x24,0x78,0x48,0x8d,0x01,0x48,0x8d,0x94,
0x24,0xe0,0x12,0x00,0x00,0x48,0x8d,0x9c,0x24,0xf0,0x12,0x00,0x00,0x4c,0x8d,0x0d,
0x44,0x18,0x00,0x00,0x48,0x8d,0x2d,0x81,0x18,0x00,0x00,0x48,0x8d,0x3d,0x36,0x18,
0x00,0x00,0x48,0x8d,0xb4,0x24,0xf8,0x12,0x00,0x00,0x4c,0x8d,0x05,0x27,0x18,0x00,
0x00,0x4c,0x8b,0x15,0x30,0x1d,0x00,0x00,0x48,0x89,0x6c,0x24,0x20,0x48,0x89,0x7c,
0x24,0x28,0x48,0x89,0x74,0x24,0x30,0x4c,0x89,0x44,0x24,0x38,0x48,0x89,0xc1,0x49,
0x89,0xd8,0x41,0xff,0x12,0x48,0x8d,0x84,0x24,0xf8,0x12,0x00,0x00,0x48,0x8b,0x0d,
0x0c,0x1d,0x00,0x00,0x48,0x89,0x84,0x24,0x70,0x07,0x00,0x00,0x48,0x89,0x8c,0x24,
0x80,0x07,0x00,0x00,0x48,0x8b,0x84,0x24,0x80,0x07,0x00,0x00,0x48,0x8b,0x8c,0x24,
0x70,0x07,0x00,0x00,0xff,0x10,0x48,0x8d,0x84,0x24,0xf0,0x12,0x00,0x00,0x48,0x8b,
0x0d,0xdb,0x1c,0x00,0x00,0x48,0x89,0x84,0x24,0xa8,0x07,0x00,0x00,0x48,0x89,0x8c,
0x24,0xa0,0x07,0x00,0x00,0x48,0x8b,0x84,0x24,0xa0,0x07,0x00,0x00,0x48,0x8b,0x8c,
0x24,0xa8,0x07,0x00,0x00,0xff,0x10,0x48,0x8d,0x84,0x24,0xe0,0x12,0x00,0x00,0x48,
0x8b,0x0d,0xb2,0x1c,0x00,0x00,0x48,0x89,0x84,0x24,0x90,0x07,0x00,0x00,0x48,0x89,
0x8c,0x24,0x78,0x07,0x00,0x00,0x48,0x8b,0x84,0x24,0x78,0x07,0x00,0x00,0x48,0x8b,
0x8c,0x24,0x90,0x07,0x00,0x00,0xff,0x10,0x48,0x8d,0x84,0x24,0xe0,0x12,0x00,0x00,
0x48,0x8d,0x0d,0x50,0x1b,0x00,0x00,0x48,0x8b,0x15,0x3a,0x1c,0x00,0x00,0x48,0x89,
0x84,0x24,0x88,0x07,0x00,0x00,0x48,0x89,0x8c,0x24,0x40,0x08,0x00,0x00,0x48,0x89,
0x94,0x24,0x28,0x08,0x00,0x00,0x48,0x8b,0x84,0x24,0x28,0x08,0x00,0x00,0x48,0x8b,
0x8c,0x24,0x88,0x07,0x00,0x00,0x48,0x8b,0x94,0x24,0x40,0x08,0x00,0x00,0xff,0x10,
0x48,0x8b,0x1d,0x71,0x1c,0x00,0x00,0x48,0x8d,0x84,0x24,0xf0,0x12,0x00,0x00,0x48,
0x8b,0x0d,0x6a,0x1c,0x00,0x00,0x48,0x89,0x84,0x24,0x48,0x08,0x00,0x00,0x48,0x89,
0x8c,0x24,0x58,0x08,0x00,0x00,0x48,0x8b,0x84,0x24,0x58,0x08,0x00,0x00,0x48,0x8b,
0x8c,0x24,0x48,0x08,0x00,0x00,0xff,0x10,0x48,0x8d,0x84,0x24,0xf0,0x12,0x00,0x00,
0x48,0x8d,0x0b,0x48,0x8d,0x15,0x4a,0x19,0x00,0x00,0x48,0x8b,0x1d,0x37,0x1c,0x00,
0x00,0x48,0x89,0x8c,0x24,0x10,0x09,0x00,0x00,0x48,0x89,0x94,0x24,0x08,0x09,0x00,
0x00,0x48,0x89,0xc1,0x48,0x8b,0x94,0x24,0x10,0x09,0x00,0x00,0x4c,0x8b,0x84,0x24,
0x08,0x09,0x00,0x00,0xff,0x13,0x48,0x8b,0x4c,0x24,0x78,0x48,0x8d,0x01,0x48,0x8d,
0x94,0x24,0xe0,0x12,0x00,0x00,0x48,0x8d,0x9c,0x24,0xf0,0x12,0x00,0x00,0x48,0x8b,
0x2d,0xfb,0x1b,0x00,0x00,0x48,0x89,0xc1,0x49,0x89,0xd8,0xff,0x55,0x00,0x48,0x8d,
0x84,0x24,0xf0,0x12,0x00,0x00,0x48,0x8b,0x0d,0x9b,0x1b,0x00,0x00,0x48,0x89,0x84,
0x24,0xf8,0x08,0x00,0x00,0x48,0x89,0x8c,0x24,0xe0,0x08,0x00,0x00,0x48,0x8b,0x84,
0x24,0xe0,0x08,0x00,0x00,0x48,0x8b,0x8c,0x24,0xf8,0x08,0x00,0x00,0xff,0x10,0x48,
0x8d,0x84,0x24,0xe0,0x12,0x00,0x00,0x48,0x8b,0x0d,0x6a,0x1b,0x00,0x00,0x48,0x89,
0x84,0x24,0xf0,0x08,0x00,0x00,0x48,0x89,0x8c,0x24,0x18,0x09,0x00,0x00,0x48,0x8b,
0x84,0x24,0x18,0x09,0x00,0x00,0x48,0x8b,0x8c,0x24,0xf0,0x08,0x00,0x00,0xff,0x10,
0x48,0x8b,0x4c,0x24,0x78,0x48,0x8d,0x01,0x48,0x8b,0x15,0x89,0x1b,0x00,0x00,0x48,
0x89,0xc1,0xff,0x12,0x48,0x8d,0x84,0x24,0xe0,0x12,0x00,0x00,0x48,0x8d,0x0d,0x25,
0x17,0x00,0x00,0x48,0x8b,0x15,0xde,0x1a,0x00,0x00,0x48,0x89,0x84,0x24,0x00,0x09,
0x00,0x00,0x48,0x89,0x8c,0x24,0x20,0x09,0x00,0x00,0x48,0x89,0x94,0x24,0x30,0x09,
0x00,0x00,0x48,0x8b,0x84,0x24,0x30,0x09,0x00,0x00,0x48,0x8b,0x8c,0x24,0x00,0x09,
0x00,0x00,0x48,0x8b,0x94,0x24,0x20,0x09,0x00,0x00,0xff,0x10,0x48,0x8b,0x1d,0x0d,
0x1b,0x00,0x00,0x48,0x8b,0x05,0xee,0x1a,0x00,0x00,0x48,0x8d,0x8c,0x24,0xf0,0x12,
0x00,0x00,0x48,0x8d,0x13,0x48,0x8d,0x00,0x48,0x8b,0x1d,0xa1,0x1a,0x00,0x00,0x49,
0x89,0xc0,0xff,0x13,0x48,0x8d,0x84,0x24,0xf8,0x12,0x00,0x00,0x48,0x8b,0x0d,0x95,
0x1a,0x00,0x00,0x48,0x89,0x84,0x24,0x60,0x09,0x00,0x00,0x48,0x89,0x8c,0x24,0x58,
0x09,0x00,0x00,0x48,0x8b,0x84,0x24,0x58,0x09,0x00,0x00,0x48,0x8b,0x8c,0x24,0x60,
0x09,0x00,0x00,0xff,0x10,0x48,0x8b,0x4c,0x24,0x78,0x48,0x8d,0x01,0x48,0x8d,0x94,
0x24,0xe0,0x12,0x00,0x00,0x48,0x8d,0x9c,0x24,0xf0,0x12,0x00,0x00,0x4c,0x8d,0x0d,
0x54,0x15,0x00,0x00,0x48,0x8d,0x35,0x91,0x15,0x00,0x00,0x48,0x8d,0x2d,0x46,0x15,
0x00,0x00,0x48,0x8d,0xbc,0x24,0xf8,0x12,0x00,0x00,0x4c,0x8d,0x05,0x37,0x15,0x00,
0x00,0x4c,0x8b,0x15,0x40,0x1a,0x00,0x00,0x48,0x89,0x74,0x24,0x20,0x48,0x89,0x6c,
0x24,0x28,0x48,0x89,0x7c,0x24,0x30,0x4c,0x89,0x44,0x24,0x38,0x48,0x89,0xc1,0x49,
0x89,0xd8,0x41,0xff,0x12,0x48,0x8d,0x84,0x24,0xf8,0x12,0x00,0x00,0x48,0x8b,0x0d,
0x1c,0x1a,0x00,0x00,0x48,0x89,0x84,0x24,0x48,0x09,0x00,0x00,0x48,0x89,0x8c,0x24,
0x28,0x09,0x00,0x00,0x48,0x8b,0x84,0x24,0x28,0x09,0x00,0x00,0x48,0x8b,0x8c,0x24,
0x48,0x09,0x00,0x00,0xff,0x10,0x48,0x8d,0x84,0x24,0xf0,0x12,0x00,0x00,0x48,0x8b,
0x0d,0xeb,0x19,0x00,0x00,0x48,0x89,0x84,0x24,0x40,0x09,0x00,0x00,0x48,0x89,0x8c,
0x24,0x38,0x09,0x00,0x00,0x48,0x8b,0x84,0x24,0x38,0x09,0x00,0x00,0x48,0x8b,0x8c,
0x24,0x40,0x09,0x00,0x00,0xff,0x10,0x48,0x8d,0x84,0x24,0xe0,0x12,0x00,0x00,0x48,
0x8b,0x0d,0xc2,0x19,0x00,0x00,0x48,0x89,0x84,0x24,0xe8,0x08,0x00,0x00,0x48,0x89,
0x8c,0x24,0xd8,0x08,0x00,0x00,0x48,0x8b,0x84,0x24,0xd8,0x08,0x00,0x00,0x48,0x8b,
0x8c,0x24,0xe8,0x08,0x00,0x00,0xff,0x10,0x48,0x8d,0x84,0x24,0xe0,0x12,0x00,0x00,
0x48,0x8d,0x0d,0x77,0x18,0x00,0x00,0x48,0x8b,0x15,0x4a,0x19,0x00,0x00,0x48,0x89,
0x84,0x24,0xb8,0x08,0x00,0x00,0x48,0x89,0x8c,0x24,0xd0,0x08,0x00,0x00,0x48,0x89,
0x94,0x24,0x80,0x08,0x00,0x00,0x48,0x8b,0x84,0x24,0x80,0x08,0x00,0x00,0x48,0x8b,
0x8c,0x24,0xb8,0x08,0x00,0x00,0x48,0x8b,0x94,0x24,0xd0,0x08,0x00,0x00,0xff,0x10,
0x48,0x8b,0x1d,0x61,0x19,0x00,0x00,0x48,0x8b,0x05,0x5a,0x19,0x00,0x00,0x48,0x8d,
0x8c,0x24,0xf0,0x12,0x00,0x00,0x48,0x8d,0x13,0x48,0x8d,0x00,0x48,0x8b,0x1d,0x0d,
0x19,0x00,0x00,0x49,0x89,0xc0,0xff,0x13,0x48,0x8b,0x4c,0x24,0x78,0x48,0x8d,0x01,
0x48,0x8d,0x94,0x24,0xe0,0x12,0x00,0x00,0x48,0x8d,0x99,0xc0,0x06,0x00,0x00,0x4c,
0x8d,0x8c,0x24,0xf0,0x12,0x00,0x00,0x48,0x8b,0x2d,0x7a,0x19,0x00,0x00,0x48,0x89,
0xc1,0x49,0x89,0xd8,0xff,0x55,0x00,0x48,0x8d,0x84,0x24,0xf0,0x12,0x00,0x00,0x48,
0x8b,0x0d,0xea,0x18,0x00,0x00,0x48,0x89,0x84,0x24,0x78,0x08,0x00,0x00,0x48,0x89,
0x8c,0x24,0x68,0x08,0x00,0x00,0x48,0x8b,0x84,0x24,0x68,0x08,0x00,0x00,0x48,0x8b,
0x8c,0x24,0x78,0x08,0x00,0x00,0xff,0x10,0x48,0x8d,0x84,0x24,0xe0,0x12,0x00,0x00,
0x48,0x8b,0x0d,0xc1,0x18,0x00,0x00,0x48,0x89,0x84,0x24,0x50,0x08,0x00,0x00,0x48,
0x89,0x8c,0x24,0x60,0x08,0x00,0x00,0x48,0x8b,0x84,0x24,0x60,0x08,0x00,0x00,0x48,
0x8b,0x8c,0x24,0x50,0x08,0x00,0x00,0xff,0x10,0x48,0x8b,0x4c,0x24,0x78,0x48,0x8d,
0x01,0x48,0x8b,0x15,0xe0,0x18,0x00,0x00,0x48,0x89,0xc1,0xff,0x12,0x48,0x8d,0x84,
0x24,0xe0,0x12,0x00,0x00,0x48,0x8d,0x0d,0xab,0x14,0x00,0x00,0x48,0x8b,0x15,0x35,
0x18,0x00,0x00,0x48,0x89,0x84,0x24,0x88,0x08,0x00,0x00,0x48,0x89,0x8c,0x24,0x70,
0x08,0x00,0x00,0x48,0x89,0x94,0x24,0x90,0x08,0x00,0x00,0x48,0x8b,0x84,0x24,0x90,
0x08,0x00,0x00,0x48,0x8b,0x8c,0x24,0x88,0x08,0x00,0x00,0x48,0x8b,0x94,0x24,0x70,
0x08,0x00,0x00,0xff,0x10,0x48,0x8b,0x05,0x64,0x18,0x00,0x00,0x48,0x8b,0x1d,0x45,
0x18,0x00,0x00,0x48,0x8d,0x8c,0x24,0xf0,0x12,0x00,0x00,0x48,0x8d,0x00,0x48,0x8d,
0x13,0x48,0x8b,0x1d,0xf8,0x17,0x00,0x00,0x48,0x89,0x94,0x24,0xa0,0x08,0x00,0x00,
0x48,0x89,0xc2,0x4c,0x8b,0x84,0x24,0xa0,0x08,0x00,0x00,0xff,0x13,0x48,0x8d,0x84,
0x24,0xf8,0x12,0x00,0x00,0x48,0x8b,0x0d,0xdc,0x17,0x00,0x00,0x48,0x89,0x84,0x24,
0xc8,0x08,0x00,0x00,0x48,0x89,0x8c,0x24,0xc0,0x08,0x00,0x00,0x48,0x8b,0x84,0x24,
0xc0,0x08,0x00,0x00,0x48,0x8b,0x8c,0x24,0xc8,0x08,0x00,0x00,0xff,0x10,0x48,0x8b,
0x4c,0x24,0x78,0x48,0x8d,0x01,0x48,0x8d,0x94,0x24,0xe0,0x12,0x00,0x00,0x48,0x8d,
0x9c,0x24,0xf0,0x12,0x00,0x00,0x4c,0x8d,0x0d,0x9b,0x12,0x00,0x00,0x48,0x8d,0x2d,
0xd8,0x12,0x00,0x00,0x48,0x8d,0x35,0x8d,0x12,0x00,0x00,0x48,0x8d,0xbc,0x24,0xf8,
0x12,0x00,0x00,0x4c,0x8d,0x05,0x7e,0x12,0x00,0x00,0x4c,0x8b,0x15,0x87,0x17,0x00,
0x00,0x48,0x89,0x6c,0x24,0x20,0x48,0x89,0x74,0x24,0x28,0x48,0x89,0x7c,0x24,0x30,
0x4c,0x89,0x44,0x24,0x38,0x48,0x89,0xc1,0x49,0x89,0xd8,0x41,0xff,0x12,0x48,0x8d,
0x84,0x24,0xf8,0x12,0x00,0x00,0x48,0x8b,0x0d,0x63,0x17,0x00,0x00,0x48,0x89,0x84,
0x24,0xb0,0x08,0x00,0x00,0x48,0x89,0x8c,0x24,0x98,0x08,0x00,0x00,0x48,0x8b,0x84,
0x24,0x98,0x08,0x00,0x00,0x48,0x8b,0x8c,0x24,0xb0,0x08,0x00,0x00,0xff,0x10,0x48,
0x8d,0x84,0x24,0xf0,0x12,0x00,0x00,0x48,0x8b,0x0d,0x32,0x17,0x00,0x00,0x48,0x89,
0x84,0x24,0xa8,0x08,0x00,0x00,0x48,0x89,0x8c,0x24,0x38,0x07,0x00,0x00,0x48,0x8b,
0x84,0x24,0x38,0x07,0x00,0x00,0x48,0x8b,0x8c,0x24,0xa8,0x08,0x00,0x00,0xff,0x10,
0x48,0x8d,0x84,0x24,0xe0,0x12,0x00,0x00,0x48,0x8b,0x0d,0x09,0x17,0x00,0x00,0x48,
0x89,0x84,0x24,0x28,0x07,0x00,0x00,0x48,0x89,0x8c,0x24,0x08,0x07,0x00,0x00,0x48,
0x8b,0x84,0x24,0x08,0x07,0x00,0x00,0x48,0x8b,0x8c,0x24,0x28,0x07,0x00,0x00,0xff,
0x10,0x48,0x8d,0x84,0x24,0xe0,0x12,0x00,0x00,0x48,0x8d,0x0d,0xdb,0x15,0x00,0x00,
0x48,0x8b,0x15,0x91,0x16,0x00,0x00,0x48,0x89,0x84,0x24,0x20,0x07,0x00,0x00,0x48,
0x89,0x8c,0x24,0xb0,0x05,0x00,0x00,0x48,0x89,0x94,0x24,0xa8,0x05,0x00,0x00,0x48,
0x8b,0x84,0x24,0xa8,0x05,0x00,0x00,0x48,0x8b,0x8c,0x24,0x20,0x07,0x00,0x00,0x48,
0x8b,0x94,0x24,0xb0,0x05,0x00,0x00,0xff,0x10,0x48,0x8b,0x05,0xa8,0x16,0x00,0x00,
0x48,0x8b,0x1d,0xa1,0x16,0x00,0x00,0x48,0x8d,0x8c,0x24,0xf0,0x12,0x00,0x00,0x48,
0x8d,0x00,0x48,0x8d,0x13,0x48,0x8b,0x1d,0x54,0x16,0x00,0x00,0x48,0x89,0x94,0x24,
0x98,0x05,0x00,0x00,0x48,0x89,0xc2,0x4c,0x8b,0x84,0x24,0x98,0x05,0x00,0x00,0xff,
0x13,0x48,0x8b,0x4c,0x24,0x78,0x48,0x8d,0x01,0x48,0x8d,0x94,0x24,0xe0,0x12,0x00,
0x00,0x48,0x8d,0x99,0xc8,0x06,0x00,0x00,0x4c,0x8d,0x8c,0x24,0xf0,0x12,0x00,0x00,
0x48,0x8b,0x2d,0xb1,0x16,0x00,0x00,0x48,0x89,0xc1,0x49,0x89,0xd8,0xff,0x55,0x00,
0x48,0x8d,0x84,0x24,0xf0,0x12,0x00,0x00,0x48,0x8b,0x0d,0x21,0x16,0x00,0x00,0x48,
0x89,0x84,0x24,0x80,0x05,0x00,0x00,0x48,0x89,0x8c,0x24,0x90,0x05,0x00,0x00,0x48,
0x8b,0x84,0x24,0x90,0x05,0x00,0x00,0x48,0x8b,0x8c,0x24,0x80,0x05,0x00,0x00,0xff,
0x10,0x48,0x8d,0x84,0x24,0xe0,0x12,0x00,0x00,0x48,0x8b,0x0d,0xf8,0x15,0x00,0x00,
0x48,0x89,0x84,0x24,0xb8,0x05,0x00,0x00,0x48,0x89,0x8c,0x24,0xa0,0x05,0x00,0x00,
0x48,0x8b,0x84,0x24,0xa0,0x05,0x00,0x00,0x48,0x8b,0x8c,0x24,0xb8,0x05,0x00,0x00,
0xff,0x10,0x48,0x8b,0x4c,0x24,0x78,0x48,0x8d,0x01,0x48,0x8b,0x15,0x17,0x16,0x00,
0x00,0x48,0x89,0xc1,0xff,0x12,0x48,0x8b,0x4c,0x24,0x78,0x48,0x8d,0x01,0x48,0x8b,
0x15,0x03,0x16,0x00,0x00,0x48,0x89,0xc1,0xff,0x12,0x48,0x8d,0x84,0x24,0xe0,0x12,
0x00,0x00,0x48,0x8d,0x0d,0xbe,0x14,0x00,0x00,0x48,0x8b,0x15,0x58,0x15,0x00,0x00,
0x48,0x89,0x84,0x24,0xc0,0x05,0x00,0x00,0x48,0x89,0x8c,0x24,0xd0,0x05,0x00,0x00,
0x48,0x89,0x94,0x24,0xf8,0x05,0x00,0x00,0x48,0x8b,0x84,0x24,0xf8,0x05,0x00,0x00,
0x48,0x8b,0x8c,0x24,0xc0,0x05,0x00,0x00,0x48,0x8b,0x94,0x24,0xd0,0x05,0x00,0x00,
0xff,0x10,0x48,0x8b,0x05,0x87,0x15,0x00,0x00,0x48,0x8b,0x1d,0x70,0x15,0x00,0x00,
0x48,0x8d,0x8c,0x24,0xf0,0x12,0x00,0x00,0x48,0x8d,0x00,0x48,0x8d,0x13,0x48,0x8b,
0x1d,0x1b,0x15,0x00,0x00,0x48,0x89,0x94,0x24,0xf0,0x05,0x00,0x00,0x48,0x89,0xc2,
0x4c,0x8b,0x84,0x24,0xf0,0x05,0x00,0x00,0xff,0x13,0x48,0x8b,0x4c,0x24,0x78,0x48,
0x8d,0x01,0x48,0x8d,0x94,0x24,0xe0,0x12,0x00,0x00,0x48,0x8d,0x1d,0xb7,0x10,0x00,
0x00,0x4c,0x8d,0x8c,0x24,0xf0,0x12,0x00,0x00,0x48,0x8d,0x2d,0xe8,0x0f,0x00,0x00,
0x48,0x8b,0x35,0x59,0x15,0x00,0x00,0x48,0x89,0x6c,0x24,0x20,0x48,0x89,0xc1,0x49,
0x89,0xd8,0xff,0x16,0x48,0x8d,0x84,0x24,0xf0,0x12,0x00,0x00,0x48,0x8b,0x0d,0xdd,
0x14,0x00,0x00,0x48,0x89,0x84,0x24,0xe0,0x05,0x00,0x00,0x48,0x89,0x8c,0x24,0xc8,
0x05,0x00,0x00,0x48,0x8b,0x84,0x24,0xc8,0x05,0x00,0x00,0x48,0x8b,0x8c,0x24,0xe0,
0x05,0x00,0x00,0xff,0x10,0x48,0x8d,0x84,0x24,0xe0,0x12,0x00,0x00,0x48,0x8b,0x0d,
0xb4,0x14,0x00,0x00,0x48,0x89,0x84,0x24,0xd8,0x05,0x00,0x00,0x48,0x89,0x8c,0x24,
0x88,0x05,0x00,0x00,0x48,0x8b,0x84,0x24,0x88,0x05,0x00,0x00,0x48,0x8b,0x8c,0x24,
0xd8,0x05,0x00,0x00,0xff,0x10,0x8b,0x05,0x2c,0x11,0x00,0x00,0x48,0x8d,0x8c,0x24,
0xe0,0x12,0x00,0x00,0x4c,0x8b,0x84,0x24,0x70,0x0c,0x00,0x00,0x49,0x8d,0x90,0x68,
0x01,0x00,0x00,0x89,0x84,0x24,0xe8,0x12,0x00,0x00,0x48,0x8d,0x84,0x24,0xe8,0x12,
0x00,0x00,0x48,0x8b,0x1d,0xd7,0x14,0x00,0x00,0x49,0x89,0xc0,0xff,0x13,0x4c,0x8b,
0x8c,0x24,0xe0,0x12,0x00,0x00,0x48,0x8b,0x05,0xe3,0x13,0x00,0x00,0x8b,0x58,0x68,
0x48,0x8b,0x05,0xe1,0x13,0x00,0x00,0x8b,0x40,0x68,0x01,0xc3,0x48,0x8b,0x05,0xdd,
0x13,0x00,0x00,0x8b,0x40,0x68,0x01,0xc3,0x48,0x8b,0x05,0xd9,0x13,0x00,0x00,0x8b,
0x40,0x68,0x01,0xc3,0x8b,0x05,0xfe,0x0e,0x00,0x00,0x89,0xdd,0x01,0xc5,0x8b,0x05,
0x8c,0x10,0x00,0x00,0x89,0xc7,0x8b,0x05,0xec,0x0e,0x00,0x00,0x3b,0x05,0xe6,0x0e,
0x00,0x00,0x40,0x0f,0x94,0xc6,0x8b,0x05,0xdc,0x0e,0x00,0x00,0x89,0xc3,0x48,0x8b,
0x05,0xab,0x13,0x00,0x00,0x8b,0x40,0x68,0x2b,0x05,0xf2,0x0e,0x00,0x00,0x39,0xc3,
0x0f,0x94,0xc0,0x48,0x8b,0x4c,0x24,0x78,0x48,0x8d,0x11,0x49,0x8d,0x19,0x89,0xac,
0x24,0xec,0x12,0x00,0x00,0x48,0x8d,0xac,0x24,0xec,0x12,0x00,0x00,0x89,0xbc,0x24,
0xf0,0x12,0x00,0x00,0x48,0x8d,0xbc,0x24,0xf0,0x12,0x00,0x00,0x40,0x88,0xb4,0x24,
0xf4,0x12,0x00,0x00,0x4c,0x8d,0x8c,0x24,0xf4,0x12,0x00,0x00,0x88,0x84,0x24,0xf5,
0x12,0x00,0x00,0x48,0x8d,0x84,0x24,0xf5,0x12,0x00,0x00,0x48,0x8d,0xb4,0x24,0xdc,
0x12,0x00,0x00,0x4c,0x8b,0x84,0x24,0x70,0x0c,0x00,0x00,0x4d,0x8d,0x10,0x4c,0x8d,
0x9c,0x24,0xd9,0x12,0x00,0x00,0x4c,0x8b,0x25,0xfb,0x13,0x00,0x00,0x4c,0x89,0x4c,
0x24,0x20,0x48,0x89,0x44,0x24,0x28,0x48,0x89,0x74,0x24,0x30,0x4c,0x89,0x54,0x24,
0x38,0x4c,0x89,0x5c,0x24,0x40,0x48,0x89,0x94,0x24,0x78,0x05,0x00,0x00,0x48,0x8b,
0x8c,0x24,0x78,0x05,0x00,0x00,0x48,0x89,0xda,0x49,0x89,0xe8,0x49,0x89,0xf9,0x41,
0xff,0x14,0x24,0x8b,0x05,0xe7,0x0f,0x00,0x00,0x48,0x8d,0x8c,0x24,0xe0,0x12,0x00,
0x00,0x4c,0x8b,0x84,0x24,0x70,0x0c,0x00,0x00,0x49,0x8d,0x90,0x68,0x01,0x00,0x00,
0x89,0x84,0x24,0xe8,0x12,0x00,0x00,0x48,0x8d,0x84,0x24,0xe8,0x12,0x00,0x00,0x48,
0x8b,0x1d,0x8a,0x13,0x00,0x00,0x49,0x89,0xc0,0xff,0x13,0x4c,0x8b,0x8c,0x24,0xe0,
0x12,0x00,0x00,0x48,0x8b,0x05,0x96,0x12,0x00,0x00,0x8b,0x58,0x68,0x48,0x8b,0x05,
0x94,0x12,0x00,0x00,0x8b,0x40,0x68,0x01,0xc3,0x48,0x8b,0x05,0x90,0x12,0x00,0x00,
0x8b,0x40,0x68,0x01,0xc3,0x48,0x8b,0x05,0x8c,0x12,0x00,0x00,0x8b,0x40,0x68,0x01,
0xc3,0x8b,0x05,0xd9,0x0d,0x00,0x00,0x89,0xdd,0x01,0xc5,0x8b,0x05,0x3f,0x0f,0x00,
0x00,0x89,0xc7,0x8b,0x05,0xc7,0x0d,0x00,0x00,0x3b,0x05,0x99,0x0d,0x00,0x00,0x40,
0x0f,0x94,0xc6,0x8b,0x05,0xb7,0x0d,0x00,0x00,0x89,0xc3,0x48,0x8b,0x05,0x5e,0x12,
0x00,0x00,0x8b,0x40,0x68,0x2b,0x05,0xa5,0x0d,0x00,0x00,0x39,0xc3,0x0f,0x94,0xc0,
0x48,0x8b,0x4c,0x24,0x78,0x48,0x8d,0x11,0x49,0x8d,0x19,0x89,0xac,0x24,0xec,0x12,
0x00,0x00,0x48,0x8d,0xac,0x24,0xec,0x12,0x00,0x00,0x89,0xbc,0x24,0xf0,0x12,0x00,
0x00,0x48,0x8d,0xbc,0x24,0xf0,0x12,0x00,0x00,0x40,0x88,0xb4,0x24,0xf4,0x12,0x00,
0x00,0x4c,0x8d,0x8c,0x24,0xf4,0x12,0x00,0x00,0x88,0x84,0x24,0xf5,0x12,0x00,0x00,
0x48,0x8d,0x84,0x24,0xf5,0x12,0x00,0x00,0x48,0x8d,0xb4,0x24,0xdc,0x12,0x00,0x00,
0x4c,0x8b,0x84,0x24,0x70,0x0c,0x00,0x00,0x4d,0x8d,0x10,0x4c,0x8d,0x9c,0x24,0xd9,
0x12,0x00,0x00,0x4c,0x8b,0x25,0xae,0x12,0x00,0x00,0x4c,0x89,0x4c,0x24,0x20,0x48,
0x89,0x44,0x24,0x28,0x48,0x89,0x74,0x24,0x30,0x4c,0x89,0x54,0x24,0x38,0x4c,0x89,
0x5c,0x24,0x40,0x48,0x89,0x94,0x24,0x58,0x05,0x00,0x00,0x48,0x8b,0x8c,0x24,0x58,
0x05,0x00,0x00,0x48,0x89,0xda,0x49,0x89,0xe8,0x49,0x89,0xf9,0x41,0xff,0x14,0x24,
0x8b,0x05,0xa2,0x0e,0x00,0x00,0x48,0x8d,0x8c,0x24,0xe0,0x12,0x00,0x00,0x4c,0x8b,
0x84,0x24,0x70,0x0c,0x00,0x00,0x49,0x8d,0x90,0x68,0x01,0x00,0x00,0x89,0x84,0x24,
0xe8,0x12,0x00,0x00,0x48,0x8d,0x84,0x24,0xe8,0x12,0x00,0x00,0x48,0x8b,0x1d,0x3d,
0x12,0x00,0x00,0x49,0x89,0xc0,0xff,0x13,0x4c,0x8b,0x8c,0x24,0xe0,0x12,0x00,0x00,
0x48,0x8b,0x05,0x49,0x11,0x00,0x00,0x8b,0x58,0x68,0x48,0x8b,0x05,0x47,0x11,0x00,
0x00,0x8b,0x40,0x68,0x01,0xc3,0x48,0x8b,0x05,0x43,0x11,0x00,0x00,0x8b,0x40,0x68,
0x01,0xc3,0x48,0x8b,0x05,0x3f,0x11,0x00,0x00,0x8b,0x40,0x68,0x01,0xc3,0x8b,0x05,
0xa8,0x0c,0x00,0x00,0x89,0xdd,0x01,0xc5,0x8b,0x05,0xf2,0x0d,0x00,0x00,0x89,0xc7,
0x8b,0x05,0x96,0x0c,0x00,0x00,0x3b,0x05,0x4c,0x0c,0x00,0x00,0x40,0x0f,0x94,0xc6,
0x8b,0x05,0x86,0x0c,0x00,0x00,0x89,0xc3,0x48,0x8b,0x05,0x11,0x11,0x00,0x00,0x8b,
0x40,0x68,0x2b,0x05,0x58,0x0c,0x00,0x00,0x39,0xc3,0x0f,0x94,0xc0,0x48,0x8b,0x4c,
0x24,0x78,0x48,0x8d,0x11,0x49,0x8d,0x19,0x89,0xac,0x24,0xec,0x12,0x00,0x00,0x48,
0x8d,0xac,0x24,0xec,0x12,0x00,0x00,0x89,0xbc,0x24,0xf0,0x12,0x00,0x00,0x48,0x8d,
0xbc,0x24,0xf0,0x12,0x00,0x00,0x40,0x88,0xb4,0x24,0xf4,0x12,0x00,0x00,0x4c,0x8d,
0x8c,0x24,0xf4,0x12,0x00,0x00,0x88,0x84,0x24,0xf5,0x12,0x00,0x00,0x48,0x8d,0x84,
0x24,0xf5,0x12,0x00,0x00,0x48,0x8d,0xb4,0x24,0xdc,0x12,0x00,0x00,0x4c,0x8b,0x84,
0x24,0x70,0x0c,0x00,0x00,0x4d,0x8d,0x10,0x4c,0x8d,0x9c,0x24,0xd9,0x12,0x00,0x00,
0x4c,0x8b,0x25,0x61,0x11,0x00,0x00,0x4c,0x89,0x4c,0x24,0x20,0x48,0x89,0x44,0x24,
0x28,0x48,0x89,0x74,0x24,0x30,0x4c,0x89,0x54,0x24,0x38,0x4c,0x89,0x5c,0x24,0x40,
0x48,0x89,0x94,0x24,0x70,0x05,0x00,0x00,0x48,0x8b,0x8c,0x24,0x70,0x05,0x00,0x00,
0x48,0x89,0xda,0x49,0x89,0xe8,0x49,0x89,0xf9,0x41,0xff,0x14,0x24,0x8b,0x05,0x5d,
0x0d,0x00,0x00,0x48,0x8d,0x8c,0x24,0xe0,0x12,0x00,0x00,0x4c,0x8b,0x84,0x24,0x70,
0x0c,0x00,0x00,0x49,0x8d,0x90,0x68,0x01,0x00,0x00,0x89,0x84,0x24,0xe8,0x12,0x00,
0x00,0x48,0x8d,0x84,0x24,0xe8,0x12,0x00,0x00,0x48,0x8b,0x1d,0xf0,0x10,0x00,0x00,
0x49,0x89,0xc0,0xff,0x13,0x4c,0x8b,0x8c,0x24,0xe0,0x12,0x00,0x00,0x48,0x8b,0x05,
0xfc,0x0f,0x00,0x00,0x8b,0x58,0x68,0x48,0x8b,0x05,0xfa,0x0f,0x00,0x00,0x8b,0x40,
0x68,0x01,0xc3,0x48,0x8b,0x05,0xf6,0x0f,0x00,0x00,0x8b,0x40,0x68,0x01,0xc3,0x48,
0x8b,0x05,0xf2,0x0f,0x00,0x00,0x8b,0x40,0x68,0x01,0xc3,0x8b,0x05,0xd7,0x0b,0x00,
0x00,0x89,0xdd,0x01,0xc5,0x8b,0x05,0xa5,0x0c,0x00,0x00,0x89,0xc7,0x8b,0x05,0xc5,
0x0b,0x00,0x00,0x3b,0x05,0xff,0x0a,0x00,0x00,0x40,0x0f,0x94,0xc6,0x8b,0x05,0xb5,
0x0b,0x00,0x00,0x89,0xc3,0x48,0x8b,0x05,0xc4,0x0f,0x00,0x00,0x8b,0x40,0x68,0x2b,
0x05,0x0b,0x0b,0x00,0x00,0x39,0xc3,0x0f,0x94,0xc0,0x48,0x8b,0x4c,0x24,0x78,0x48,
0x8d,0x11,0x49,0x8d,0x19,0x89,0xac,0x24,0xec,0x12,0x00,0x00,0x48,0x8d,0xac,0x24,
0xec,0x12,0x00,0x00,0x89,0xbc,0x24,0xf0,0x12,0x00,0x00,0x48,0x8d,0xbc,0x24,0xf0,
0x12,0x00,0x00,0x40,0x88,0xb4,0x24,0xf4,0x12,0x00,0x00,0x4c,0x8d,0x8c,0x24,0xf4,
0x12,0x00,0x00,0x88,0x84,0x24,0xf5,0x12,0x00,0x00,0x48,0x8d,0x84,0x24,0xf5,0x12,
0x00,0x00,0x48,0x8d,0xb4,0x24,0xdc,0x12,0x00,0x00,0x4c,0x8b,0x84,0x24,0x70,0x0c,
0x00,0x00,0x4d,0x8d,0x10,0x4c,0x8d,0x9c,0x24,0xd9,0x12,0x00,0x00,0x4c,0x8b,0x25,
0x14,0x10,0x00,0x00,0x4c,0x89,0x4c,0x24,0x20,0x48,0x89,0x44,0x24,0x28,0x48,0x89,
0x74,0x24,0x30,0x4c,0x89,0x54,0x24,0x38,0x4c,0x89,0x5c,0x24,0x40,0x48,0x89,0x94,
0x24,0x20,0x05,0x00,0x00,0x48,0x8b,0x8c,0x24,0x20,0x05,0x00,0x00,0x48,0x89,0xda,
0x49,0x89,0xe8,0x49,0x89,0xf9,0x41,0xff,0x14,0x24,0x48,0x8b,0x4c,0x24,0x78,0x48,
0x8d,0x01,0x48,0x8b,0x15,0x9f,0x0f,0x00,0x00,0x48,0x89,0xc1,0xff,0x12,0x48,0x8b,
0x4c,0x24,0x78,0x48,0x8d,0x01,0x48,0x8b,0x15,0x8b,0x0f,0x00,0x00,0x48,0x89,0xc1,
0xff,0x12,0x48,0x8b,0x4c,0x24,0x78,0x48,0x8d,0x01,0x48,0x8b,0x15,0x77,0x0f,0x00,
0x00,0x48,0x89,0xc1,0xff,0x12,0x48,0x8b,0x4c,0x24,0x78,0x48,0x8d,0x01,0x48,0x8b,
0x15,0x63,0x0f,0x00,0x00,0x48,0x89,0xc1,0xff,0x12,0x48,0x8d,0x84,0x24,0xe0,0x12,
0x00,0x00,0x48,0x8d,0x0d,0x3b,0x0e,0x00,0x00,0x48,0x8b,0x15,0xb8,0x0e,0x00,0x00,
0x48,0x89,0x84,0x24,0x18,0x05,0x00,0x00,0x48,0x89,0x8c,0x24,0x08,0x05,0x00,0x00,
0x48,0x89,0x94,0x24,0xf0,0x04,0x00,0x00,0x48,0x8b,0x84,0x24,0xf0,0x04,0x00,0x00,
0x48,0x8b,0x8c,0x24,0x18,0x05,0x00,0x00,0x48,0x8b,0x94,0x24,0x08,0x05,0x00,0x00,
0xff,0x10,0x48,0x8b,0x1d,0x87,0x0e,0x00,0x00,0x48,0x8b,0x05,0xc8,0x0e,0x00,0x00,
0x48,0x8d,0x8c,0x24,0xf0,0x12,0x00,0x00,0x48,0x8d,0x13,0x48,0x8d,0x00,0x48,0x8b,
0x1d,0x7b,0x0e,0x00,0x00,0x49,0x89,0xc0,0xff,0x13,0x48,0x8d,0x84,0x24,0xf8,0x12,
0x00,0x00,0x48,0x8b,0x0d,0x6f,0x0e,0x00,0x00,0x48,0x89,0x84,0x24,0x00,0x05,0x00,
0x00,0x48,0x89,0x8c,0x24,0x28,0x05,0x00,0x00,0x48,0x8b,0x84,0x24,0x28,0x05,0x00,
0x00,0x48,0x8b,0x8c,0x24,0x00,0x05,0x00,0x00,0xff,0x10,0x48,0x8b,0x4c,0x24,0x78,
0x48,0x8d,0x01,0x48,0x8d,0x94,0x24,0xe0,0x12,0x00,0x00,0x48,0x8d,0x9c,0x24,0xf0,
0x12,0x00,0x00,0x4c,0x8d,0x0d,0x72,0x09,0x00,0x00,0x48,0x8d,0x2d,0x6b,0x09,0x00,
0x00,0x48,0x8d,0x35,0x64,0x09,0x00,0x00,0x48,0x8d,0xbc,0x24,0xf8,0x12,0x00,0x00,
0x4c,0x8d,0x05,0x11,0x09,0x00,0x00,0x4c,0x8b,0x15,0x1a,0x0e,0x00,0x00,0x48,0x89,
0x6c,0x24,0x20,0x48,0x89,0x74,0x24,0x28,0x48,0x89,0x7c,0x24,0x30,0x4c,0x89,0x44,
0x24,0x38,0x48,0x89,0xc1,0x49,0x89,0xd8,0x41,0xff,0x12,0x48,0x8d,0x84,0x24,0xf8,
0x12,0x00,0x00,0x48,0x8b,0x0d,0xf6,0x0d,0x00,0x00,0x48,0x89,0x84,0x24,0x10,0x05,
0x00,0x00,0x48,0x89,0x8c,0x24,0x30,0x05,0x00,0x00,0x48,0x8b,0x84,0x24,0x30,0x05,
0x00,0x00,0x48,0x8b,0x8c,0x24,0x10,0x05,0x00,0x00,0xff,0x10,0x48,0x8d,0x84,0x24,
0xf0,0x12,0x00,0x00,0x48,0x8b,0x0d,0xc5,0x0d,0x00,0x00,0x48,0x89,0x84,0x24,0x40,
0x05,0x00,0x00,0x48,0x89,0x8c,0x24,0x68,0x05,0x00,0x00,0x48,0x8b,0x84,0x24,0x68,
0x05,0x00,0x00,0x48,0x8b,0x8c,0x24,0x40,0x05,0x00,0x00,0xff,0x10,0x48,0x8d,0x84,
0x24,0xe0,0x12,0x00,0x00,0x48,0x8b,0x0d,0x9c,0x0d,0x00,0x00,0x48,0x89,0x84,0x24,
0x60,0x05,0x00,0x00,0x48,0x89,0x8c,0x24,0x50,0x05,0x00,0x00,0x48,0x8b,0x84,0x24,
0x50,0x05,0x00,0x00,0x48,0x8b,0x8c,0x24,0x60,0x05,0x00,0x00,0xff,0x10,0x48,0x8b,
0x4c,0x24,0x78,0x8a,0x81,0xc8,0x00,0x00,0x00,0x3c,0x00,0x0f,0x84,0x16,0x05,0x00,
0x00,0x48,0x8d,0x84,0x24,0xe8,0x12,0x00,0x00,0x48,0x8d,0x15,0x9f,0x0c,0x00,0x00,
0x48,0x8b,0x1d,0x11,0x0d,0x00,0x00,0x48,0x89,0xc1,0xff,0x13,0x48,0x8b,0x1d,0x75,
0x0d,0x00,0x00,0x48,0x8d,0x84,0x24,0xf8,0x12,0x00,0x00,0x48,0x8b,0x0d,0x6e,0x0d,
0x00,0x00,0x48,0x89,0x84,0x24,0x38,0x05,0x00,0x00,0x48,0x89,0x8c,0x24,0x48,0x05,
0x00,0x00,0x48,0x8b,0x84,0x24,0x48,0x05,0x00,0x00,0x48,0x8b,0x8c,0x24,0x38,0x05,
0x00,0x00,0xff,0x10,0x48,0x8d,0x84,0x24,0xf8,0x12,0x00,0x00,0x48,0x8d,0x0b,0x48,
0x8d,0x15,0xba,0x09,0x00,0x00,0x48,0x8b,0x1d,0x3b,0x0d,0x00,0x00,0x48,0x89,0x8c,
0x24,0x00,0x06,0x00,0x00,0x48,0x89,0x94,0x24,0xe8,0x05,0x00,0x00,0x48,0x89,0xc1,
0x48,0x8b,0x94,0x24,0x00,0x06,0x00,0x00,0x4c,0x8b,0x84,0x24,0xe8,0x05,0x00,0x00,
0xff,0x13,0x48,0x8b,0x1d,0x67,0x0d,0x00,0x00,0x48,0x8b,0x05,0xd8,0x0c,0x00,0x00,
0x48,0x8d,0x8c,0x24,0x08,0x13,0x00,0x00,0x48,0x8d,0x13,0x48,0x8d,0x00,0x48,0x8b,
0x1d,0x8b,0x0c,0x00,0x00,0x49,0x89,0xc0,0xff,0x13,0x8a,0x84,0x24,0xd8,0x12,0x00,
0x00,0x3a,0x05,0x6a,0x07,0x00,0x00,0x0f,0x94,0xc0,0x48,0x8d,0x8c,0x24,0xe0,0x12,
0x00,0x00,0x48,0x89,0x8c,0x24,0x08,0x06,0x00,0x00,0x48,0x8b,0x4c,0x24,0x78,0x48,
0x8d,0x11,0x48,0x8d,0x9c,0x24,0xe8,0x12,0x00,0x00,0x4c,0x8d,0x8c,0x24,0xf8,0x12,
0x00,0x00,0x48,0x8d,0xbc,0x24,0x08,0x13,0x00,0x00,0x48,0x8d,0xb1,0xe0,0x04,0x00,
0x00,0x88,0x84,0x24,0x10,0x13,0x00,0x00,0x48,0x8d,0xac,0x24,0x10,0x13,0x00,0x00,
0x48,0x8d,0x05,0x19,0x07,0x00,0x00,0x4c,0x8b,0x05,0xea,0x0c,0x00,0x00,0x48,0x89,
0x7c,0x24,0x20,0x48,0x89,0x74,0x24,0x28,0x48,0x89,0x6c,0x24,0x30,0x48,0x89,0x44,
0x24,0x38,0x4c,0x89,0xc0,0x48,0x8b,0x8c,0x24,0x08,0x06,0x00,0x00,0x49,0x89,0xd8,
0xff,0x10,0x8a,0x9c,0x24,0xe0,0x12,0x00,0x00,0x48,0x8d,0x84,0x24,0x08,0x13,0x00,
0x00,0x48,0x8b,0x0d,0x08,0x0c,0x00,0x00,0x48,0x89,0x84,0x24,0x18,0x06,0x00,0x00,
0x48,0x89,0x8c,0x24,0xd0,0x06,0x00,0x00,0x48,0x8b,0x84,0x24,0xd0,0x06,0x00,0x00,
0x48,0x8b,0x8c,0x24,0x18,0x06,0x00,0x00,0xff,0x10,0x48,0x8d,0x84,0x24,0xf8,0x12,
0x00,0x00,0x48,0x8b,0x0d,0xdf,0x0b,0x00,0x00,0x48,0x89,0x84,0x24,0xc8,0x06,0x00,
0x00,0x48,0x89,0x8c,0x24,0xb8,0x06,0x00,0x00,0x48,0x8b,0x84,0x24,0xb8,0x06,0x00,
0x00,0x48,0x8b,0x8c,0x24,0xc8,0x06,0x00,0x00,0xff,0x10,0x48,0x8d,0x84,0x24,0xe8,
0x12,0x00,0x00,0x48,0x8b,0x0d,0xae,0x0b,0x00,0x00,0x48,0x89,0x84,0x24,0xa0,0x06,
0x00,0x00,0x48,0x89,0x8c,0x24,0xb0,0x06,0x00,0x00,0x48,0x8b,0x84,0x24,0xb0,0x06,
0x00,0x00,0x48,0x8b,0x8c,0x24,0xa0,0x06,0x00,0x00,0xff,0x10,0x80,0xfb,0x00,0x0f,
0x84,0x60,0x00,0x00,0x00,0x48,0x8d,0x84,0x24,0xe0,0x12,0x00,0x00,0x48,0x8b,0x4c,
0x24,0x78,0x48,0x8d,0x11,0x48,0x8b,0x1d,0x14,0x0c,0x00,0x00,0x48,0x89,0xc1,0xff,
0x13,0x8a,0x84,0x24,0xe0,0x12,0x00,0x00,0x3c,0x00,0x0f,0x84,0x30,0x00,0x00,0x00,
0x48,0x8b,0x4c,0x24,0x78,0x48,0x8d,0x01,0x4c,0x8b,0x84,0x24,0x70,0x0c,0x00,0x00,
0x49,0x8d,0x10,0x48,0x8d,0x9c,0x24,0xd8,0x12,0x00,0x00,0x48,0x8b,0x2d,0xe6,0x0b,
0x00,0x00,0x48,0x89,0xc1,0x49,0x89,0xd8,0xff,0x55,0x00,0xe9,0x00,0x00,0x00,0x00,
0xe9,0x00,0x00,0x00,0x00,0x48,0x8d,0x84,0x24,0xe8,0x12,0x00,0x00,0x48,0x8d,0x0d,
0x73,0x0a,0x00,0x00,0x48,0x8b,0x15,0xcd,0x0a,0x00,0x00,0x48,0x89,0x84,0x24,0xd8,
0x06,0x00,0x00,0x48,0x89,0x8c,0x24,0xc0,0x06,0x00,0x00,0x48,0x89,0x94,0x24,0xe0,
0x06,0x00,0x00,0x48,0x8b,0x84,0x24,0xe0,0x06,0x00,0x00,0x48,0x8b,0x8c,0x24,0xd8,
0x06,0x00,0x00,0x48,0x8b,0x94,0x24,0xc0,0x06,0x00,0x00,0xff,0x10,0x48,0x8b,0x1d,
0x04,0x0b,0x00,0x00,0x48,0x8d,0x84,0x24,0xf8,0x12,0x00,0x00,0x48,0x8b,0x0d,0xfd,
0x0a,0x00,0x00,0x48,0x89,0x84,0x24,0xf0,0x06,0x00,0x00,0x48,0x89,0x8c,0x24,0x18,
0x07,0x00,0x00,0x48,0x8b,0x84,0x24,0x18,0x07,0x00,0x00,0x48,0x8b,0x8c,0x24,0xf0,
0x06,0x00,0x00,0xff,0x10,0x48,0x8d,0x84,0x24,0xf8,0x12,0x00,0x00,0x48,0x8d,0x0b,
0x48,0x8d,0x15,0x41,0x07,0x00,0x00,0x48,0x8b,0x1d,0xca,0x0a,0x00,0x00,0x48,0x89,
0x8c,0x24,0x10,0x07,0x00,0x00,0x48,0x89,0x94,0x24,0x00,0x07,0x00,0x00,0x48,0x89,
0xc1,0x48,0x8b,0x94,0x24,0x10,0x07,0x00,0x00,0x4c,0x8b,0x84,0x24,0x00,0x07,0x00,
0x00,0xff,0x13,0x48,0x8b,0x05,0xf6,0x0a,0x00,0x00,0x48,0x8b,0x1d,0x67,0x0a,0x00,
0x00,0x48,0x8d,0x8c,0x24,0x08,0x13,0x00,0x00,0x48,0x8d,0x00,0x48,0x8d,0x13,0x48,
0x8b,0x1d,0x1a,0x0a,0x00,0x00,0x48,0x89,0x94,0x24,0xe8,0x06,0x00,0x00,0x48,0x89,
0xc2,0x4c,0x8b,0x84,0x24,0xe8,0x06,0x00,0x00,0xff,0x13,0x8a,0x84,0x24,0x78,0x12,
0x00,0x00,0x3a,0x05,0xe8,0x04,0x00,0x00,0x0f,0x94,0xc0,0x3c,0x00,0x0f,0x85,0x26,
0x00,0x00,0x00,0x8a,0x84,0x24,0xd9,0x12,0x00,0x00,0x3a,0x05,0xd0,0x04,0x00,0x00,
0x0f,0x94,0xc0,0x3c,0x00,0x0f,0x85,0x07,0x00,0x00,0x00,0xb0,0x00,0xe9,0x0e,0x00,
0x00,0x00,0xb0,0x01,0xe9,0x07,0x00,0x00,0x00,0xb0,0x01,0xe9,0x00,0x00,0x00,0x00,
0x48,0x8d,0x8c,0x24,0xe0,0x12,0x00,0x00,0x48,0x89,0x8c,0x24,0xf8,0x06,0x00,0x00,
0x48,0x8b,0x4c,0x24,0x78,0x48,0x8d,0x11,0x48,0x8d,0x9c,0x24,0xe8,0x12,0x00,0x00,
0x4c,0x8d,0x8c,0x24,0xf8,0x12,0x00,0x00,0x48,0x8d,0xbc,0x24,0x08,0x13,0x00,0x00,
0x48,0x8d,0xb1,0x60,0x04,0x00,0x00,0x88,0x84,0x24,0x10,0x13,0x00,0x00,0x48,0x8d,
0xac,0x24,0x10,0x13,0x00,0x00,0x48,0x8d,0x05,0x63,0x04,0x00,0x00,0x4c,0x8b,0x05,
0x34,0x0a,0x00,0x00,0x48,0x89,0x7c,0x24,0x20,0x48,0x89,0x74,0x24,0x28,0x48,0x89,
0x6c,0x24,0x30,0x48,0x89,0x44,0x24,0x38,0x4c,0x89,0xc0,0x48,0x8b,0x8c,0x24,0xf8,
0x06,0x00,0x00,0x49,0x89,0xd8,0xff,0x10,0x8a,0x9c,0x24,0xe0,0x12,0x00,0x00,0x48,
0x8d,0x84,0x24,0x08,0x13,0x00,0x00,0x48,0x8b,0x0d,0x52,0x09,0x00,0x00,0x48,0x89,
0x84,0x24,0xa8,0x06,0x00,0x00,0x48,0x89,0x8c,0x24,0x98,0x06,0x00,0x00,0x48,0x8b,
0x84,0x24,0x98,0x06,0x00,0x00,0x48,0x8b,0x8c,0x24,0xa8,0x06,0x00,0x00,0xff,0x10,
0x48,0x8d,0x84,0x24,0xf8,0x12,0x00,0x00,0x48,0x8b,0x0d,0x29,0x09,0x00,0x00,0x48,
0x89,0x84,0x24,0x78,0x06,0x00,0x00,0x48,0x89,0x8c,0x24,0x90,0x06,0x00,0x00,0x48,
0x8b,0x84,0x24,0x90,0x06,0x00,0x00,0x48,0x8b,0x8c,0x24,0x78,0x06,0x00,0x00,0xff,
0x10,0x48,0x8d,0x84,0x24,0xe8,0x12,0x00,0x00,0x48,0x8b,0x0d,0xf8,0x08,0x00,0x00,
0x48,0x89,0x84,0x24,0x40,0x06,0x00,0x00,0x48,0x89,0x8c,0x24,0x38,0x06,0x00,0x00,
0x48,0x8b,0x84,0x24,0x38,0x06,0x00,0x00,0x48,0x8b,0x8c,0x24,0x40,0x06,0x00,0x00,
0xff,0x10,0x80,0xfb,0x00,0x0f,0x84,0x77,0x00,0x00,0x00,0x48,0x8d,0x84,0x24,0xe0,
0x12,0x00,0x00,0x48,0x8b,0x4c,0x24,0x78,0x48,0x8d,0x11,0x48,0x8b,0x1d,0x5e,0x09,
0x00,0x00,0x48,0x89,0xc1,0xff,0x13,0x8a,0x84,0x24,0xe0,0x12,0x00,0x00,0x3c,0x00,
0x0f,0x84,0x47,0x00,0x00,0x00,0x48,0x8b,0x4c,0x24,0x78,0x48,0x8d,0x01,0x48,0x8b,
0x94,0x24,0x78,0x0c,0x00,0x00,0x48,0x8d,0x12,0x4c,0x8b,0x84,0x24,0x70,0x0c,0x00,
0x00,0x49,0x8d,0x18,0x4c,0x8d,0x8c,0x24,0x78,0x12,0x00,0x00,0x48,0x8d,0xac,0x24,
0xd9,0x12,0x00,0x00,0x48,0x8b,0x35,0x25,0x09,0x00,0x00,0x48,0x89,0x6c,0x24,0x20,
0x48,0x89,0xc1,0x49,0x89,0xd8,0xff,0x16,0xe9,0x00,0x00,0x00,0x00,0xe9,0x00,0x00,
0x00,0x00,0xe9,0x15,0x01,0x00,0x00,0x8a,0x84,0x24,0xd8,0x12,0x00,0x00,0x3a,0x05,
0x0c,0x03,0x00,0x00,0x0f,0x94,0xc3,0x80,0xbc,0x24,0x78,0x12,0x00,0x00,0x00,0x0f,
0x84,0x1c,0x00,0x00,0x00,0x80,0xbc,0x24,0xd9,0x12,0x00,0x00,0x00,0x0f,0x84,0x07,
0x00,0x00,0x00,0xb0,0x01,0xe9,0x0e,0x00,0x00,0x00,0xb0,0x00,0xe9,0x07,0x00,0x00,
0x00,0xb0,0x00,0xe9,0x00,0x00,0x00,0x00,0x48,0x8d,0x11,0x88,0x9c,0x24,0xe0,0x12,
0x00,0x00,0x48,0x8d,0x9c,0x24,0xe0,0x12,0x00,0x00,0x88,0x84,0x24,0xe1,0x12,0x00,
0x00,0x48,0x8d,0x84,0x24,0xe1,0x12,0x00,0x00,0x48,0x8b,0x2d,0xa8,0x08,0x00,0x00,
0x48,0x89,0x94,0x24,0x60,0x06,0x00,0x00,0x48,0x8b,0x8c,0x24,0x60,0x06,0x00,0x00,
0x48,0x89,0xda,0x49,0x89,0xc0,0xff,0x55,0x00,0x48,0x8b,0x4c,0x24,0x78,0x8a,0x81,
0x19,0x08,0x00,0x00,0x3c,0x00,0x0f,0x84,0x30,0x00,0x00,0x00,0x48,0x8d,0x01,0x4c,
0x8b,0x84,0x24,0x70,0x0c,0x00,0x00,0x49,0x8d,0x10,0x48,0x8d,0x9c,0x24,0xd8,0x12,
0x00,0x00,0x48,0x8b,0x2d,0x4f,0x08,0x00,0x00,0x48,0x89,0xc1,0x49,0x89,0xd8,0xff,
0x55,0x00,0x48,0x8b,0x4c,0x24,0x78,0xe9,0x00,0x00,0x00,0x00,0x8a,0x81,0x1a,0x08,
0x00,0x00,0x3c,0x00,0x0f,0x84,0x42,0x00,0x00,0x00,0x48,0x8d,0x01,0x48,0x8b,0x94,
0x24,0x78,0x0c,0x00,0x00,0x48,0x8d,0x12,0x4c,0x8b,0x84,0x24,0x70,0x0c,0x00,0x00,
0x49,0x8d,0x18,0x4c,0x8d,0x8c,0x24,0x78,0x12,0x00,0x00,0x48,0x8d,0xac,0x24,0xd9,
0x12,0x00,0x00,0x48,0x8b,0x35,0x06,0x08,0x00,0x00,0x48,0x89,0x6c,0x24,0x20,0x48,
0x89,0xc1,0x49,0x89,0xd8,0xff,0x16,0xe9,0x00,0x00,0x00,0x00,0x8a,0x84,0x24,0xd9,
0x12,0x00,0x00,0x3a,0x05,0xf7,0x01,0x00,0x00,0x0f,0x94,0xc0,0x3c,0x00,0x0f,0x84,
0xda,0x00,0x00,0x00,0x48,0x8b,0x15,0x4d,0x07,0x00,0x00,0x48,0x8d,0x84,0x24,0xe8,
0x12,0x00,0x00,0x48,0x8b,0x0d,0x46,0x07,0x00,0x00,0x48,0x89,0x84,0x24,0x28,0x06,
0x00,0x00,0x48,0x89,0x8c,0x24,0x10,0x06,0x00,0x00,0x48,0x8b,0x84,0x24,0x10,0x06,
0x00,0x00,0x48,0x8b,0x8c,0x24,0x28,0x06,0x00,0x00,0x48,0x89,0x94,0x24,0x20,0x06,
0x00,0x00,0xff,0x10,0x48,0x8d,0x84,0x24,0xe8,0x12,0x00,0x00,0x48,0x8b,0x94,0x24,
0x20,0x06,0x00,0x00,0x48,0x8d,0x12,0x48,0x8d,0x0d,0x42,0x06,0x00,0x00,0x48,0x8b,
0x1d,0x03,0x07,0x00,0x00,0x48,0x89,0x8c,0x24,0x48,0x06,0x00,0x00,0x48,0x89,0xc1,
0x4c,0x8b,0x84,0x24,0x48,0x06,0x00,0x00,0xff,0x13,0x48,0x8b,0x4c,0x24,0x78,0x48,
0x8d,0x01,0x4c,0x8b,0x84,0x24,0x70,0x0c,0x00,0x00,0x49,0x8d,0x10,0x4c,0x8d,0x05,
0x5d,0x01,0x00,0x00,0x4c,0x8d,0x8c,0x24,0xe8,0x12,0x00,0x00,0x48,0x8b,0x1d,0x4d,
0x07,0x00,0x00,0x48,0x89,0xc1,0xff,0x13,0x48,0x8d,0x84,0x24,0xe8,0x12,0x00,0x00,
0x48,0x8b,0x0d,0x71,0x06,0x00,0x00,0x48,0x89,0x84,0x24,0x30,0x06,0x00,0x00,0x48,
0x89,0x8c,0x24,0x50,0x06,0x00,0x00,0x48,0x8b,0x84,0x24,0x50,0x06,0x00,0x00,0x48,
0x8b,0x8c,0x24,0x30,0x06,0x00,0x00,0xff,0x10,0xe9,0xd6,0x00,0x00,0x00,0x48,0x8b,
0x15,0x73,0x06,0x00,0x00,0x48,0x8d,0x84,0x24,0xe8,0x12,0x00,0x00,0x48,0x8b,0x0d,
0x6c,0x06,0x00,0x00,0x48,0x89,0x84,0x24,0x88,0x06,0x00,0x00,0x48,0x89,0x8c,0x24,
0x80,0x06,0x00,0x00,0x48,0x8b,0x84,0x24,0x80,0x06,0x00,0x00,0x48,0x8b,0x8c,0x24,
0x88,0x06,0x00,0x00,0x48,0x89,0x94,0x24,0x70,0x06,0x00,0x00,0xff,0x10,0x48,0x8d,
0x84,0x24,0xe8,0x12,0x00,0x00,0x48,0x8b,0x94,0x24,0x70,0x06,0x00,0x00,0x48,0x8d,
0x12,0x48,0x8d,0x0d,0x6c,0x05,0x00,0x00,0x48,0x8b,0x1d,0x29,0x06,0x00,0x00,0x48,
0x89,0x8c,0x24,0x58,0x06,0x00,0x00,0x48,0x89,0xc1,0x4c,0x8b,0x84,0x24,0x58,0x06,
0x00,0x00,0xff,0x13,0x48,0x8b,0x4c,0x24,0x78,0x48,0x8d,0x01,0x4c,0x8b,0x84,0x24,
0x70,0x0c,0x00,0x00,0x49,0x8d,0x10,0x4c,0x8d,0x84,0x24,0x78,0x12,0x00,0x00,0x4c,
0x8d,0x8c,0x24,0xe8,0x12,0x00,0x00,0x48,0x8b,0x1d,0x72,0x06,0x00,0x00,0x48,0x89,
0xc1,0xff,0x13,0x48,0x8d,0x84,0x24,0xe8,0x12,0x00,0x00,0x48,0x8b,0x0d,0x96,0x05,
0x00,0x00,0x48,0x89,0x84,0x24,0x68,0x06,0x00,0x00,0x48,0x89,0x8c,0x24,0x28,0x13,
0x00,0x00,0x48,0x8b,0x84,0x24,0x28,0x13,0x00,0x00,0x48,0x8b,0x8c,0x24,0x68,0x06,
0x00,0x00,0xff,0x10,0x48,0x8b,0x4c,0x24,0x78,0x48,0x8d,0x09,0x48,0x8b,0x05,0xb5,
0x05,0x00,0x00,0xff,0x10,0x48,0x8d,0x8c,0x24,0x80,0x12,0x00,0x00,0x48,0x8b,0x05,
0x24,0x06,0x00,0x00,0xff,0x10,0x48,0x81,0xc4,0x38,0x13,0x00,0x00,0x41,0x5f,0x41,
0x5e,0x41,0x5d,0x41,0x5c,0x5f,0x5e,0x5d,0x5b,0xc3,0x00,0x00,0x00,0x00,0x00,0x00,
0x00,0x01,0x69,0x5f,0xff,0xff,0xff,0xff,0x75,0x69,0x5f,0x63,0x6f,0x6e,0x74,0x61,
0x69,0x6e,0x65,0x72,0x00,0x75,0x64,0x69,0x00,0x00,0x00,0x00,0x63,0x6f,0x6e,0x74,
0x72,0x6f,0x6c,0x5f,0x62,0x69,0x6e,0x64,0x5f,0x73,0x63,0x72,0x6f,0x6c,0x6c,0x00,
0x6d,0x6f,0x75,0x73,0x65,0x5f,0x73,0x65,0x74,0x74,0x69,0x6e,0x67,0x73,0x00,0x68,
0x01,0x00,0x00,0x00,0x6d,0x6f,0x75,0x73,0x65,0x5f,0x68,0x65,0x61,0x64,0x69,0x6e,
0x67,0x73,0x5f,0x61,0x6c,0x69,0x67,0x6e,0x00,0x65,0x5f,0x68,0x02,0x00,0x00,0x00,
0x6d,0x6f,0x75,0x73,0x65,0x5f,0x68,0x65,0x61,0x64,0x69,0x6e,0x67,0x5f,0x61,0x6c,
0x69,0x67,0x6e,0x00,0x6d,0x6f,0x75,0x73,0x65,0x5f,0x68,0x65,0x61,0x64,0x69,0x6e,
0x67,0x00,0x73,0x5f,0x5f,0x00,0x00,0x00,0x6d,0x6f,0x75,0x73,0x65,0x5f,0x6f,0x70,
0x74,0x69,0x6f,0x6e,0x73,0x5f,0x74,0x61,0x62,0x6c,0x65,0x00,0x61,0x00,0x00,0x00,
0x60,0x00,0x00,0x00,0x62,0x00,0x00,0x00,0x00,0x00,0x00,0x00,0x00,0x00,0xf0,0x3f,
0x00,0x00,0x00,0x00,0x00,0x00,0x59,0x40,0x63,0x00,0x00,0x00,0x69,0x6e,0x70,0x75,
0x00,0x00,0x00,0x00,0x00,0x00,0xe0,0x3f,0x00,0x00,0x00,0x00,0x00,0x00,0x00,0x40,
0x9a,0x99,0x99,0x99,0x99,0x99,0xb9,0x3f,0x03,0x00,0x00,0x00,0x63,0x68,0x61,0x72,
0x61,0x63,0x74,0x65,0x72,0x5f,0x73,0x65,0x74,0x74,0x69,0x6e,0x67,0x73,0x00,0x63,
0x68,0x61,0x72,0x61,0x63,0x74,0x65,0x72,0x5f,0x68,0x65,0x61,0x64,0x69,0x6e,0x67,
0x73,0x5f,0x61,0x6c,0x69,0x67,0x6e,0x00,0x63,0x68,0x61,0x72,0x61,0x63,0x74,0x65,
0x72,0x5f,0x68,0x65,0x61,0x64,0x69,0x6e,0x67,0x5f,0x61,0x6c,0x69,0x67,0x6e,0x00,
0x63,0x68,0x61,0x72,0x61,0x63,0x74,0x65,0x72,0x5f,0x68,0x65,0x61,0x64,0x69,0x6e,
0x67,0x00,0x74,0x74,0x64,0x00,0x00,0x00,0x6b,0x65,0x79,0x62,0x6f,0x61,0x72,0x64,
0x5f,0x68,0x65,0x61,0x64,0x69,0x6e,0x67,0x5f,0x61,0x6c,0x69,0x67,0x6e,0x00,0x63,
0x68,0x61,0x72,0x61,0x63,0x74,0x65,0x72,0x5f,0x6b,0x65,0x79,0x62,0x6f,0x61,0x72,
0x64,0x5f,0x69,0x63,0x6f,0x6e,0x00,0x67,0x61,0x6d,0x65,0x70,0x61,0x64,0x5f,0x68,
0x65,0x61,0x64,0x69,0x6e,0x67,0x5f,0x61,0x6c,0x69,0x67,0x6e,0x00,0x63,0x68,0x61,
0x72,0x61,0x63,0x74,0x65,0x72,0x5f,0x67,0x61,0x6d,0x65,0x70,0x61,0x64,0x5f,0x69,
0x63,0x6f,0x6e,0x00,0x63,0x68,0x61,0x72,0x61,0x63,0x74,0x65,0x72,0x5f,0x6f,0x70,
0x74,0x69,0x6f,0x6e,0x73,0x5f,0x74,0x61,0x62,0x6c,0x65,0x00,0x04,0x00,0x00,0x00,
0x05,0x00,0x00,0x00,0x06,0x00,0x00,0x00,0x07,0x00,0x00,0x00,0x08,0x00,0x00,0x00,
0x09,0x00,0x00,0x00,0x19,0x00,0x00,0x00,0x0a,0x00,0x00,0x00,0x1a,0x00,0x00,0x00,
0x0b,0x00,0x00,0x00,0x0c,0x00,0x00,0x00,0x0d,0x00,0x00,0x00,0x1c,0x00,0x00,0x00,
0x0e,0x00,0x00,0x00,0x1b,0x00,0x00,0x00,0x0f,0x00,0x00,0x00,0x1d,0x00,0x00,0x00,
0x10,0x00,0x00,0x00,0x1e,0x00,0x00,0x00,0x11,0x00,0x00,0x00,0x1f,0x00,0x00,0x00,
0x12,0x00,0x00,0x00,0x20,0x00,0x00,0x00,0x13,0x00,0x00,0x00,0x31,0x00,0x00,0x00,
0x14,0x00,0x00,0x00,0x32,0x00,0x00,0x00,0x15,0x00,0x00,0x00,0x33,0x00,0x00,0x00,
0x16,0x00,0x00,0x00,0x34,0x00,0x00,0x00,0x17,0x00,0x00,0x00,0x18,0x00,0x00,0x00,
0x27,0x00,0x00,0x00,0x28,0x00,0x00,0x00,0x76,0x65,0x68,0x69,0x63,0x6c,0x65,0x5f,
0x73,0x65,0x74,0x74,0x69,0x6e,0x67,0x73,0x00,0x76,0x65,0x68,0x69,0x63,0x6c,0x65,
0x5f,0x68,0x65,0x61,0x64,0x69,0x6e,0x67,0x73,0x5f,0x61,0x6c,0x69,0x67,0x6e,0x00,
0x76,0x65,0x68,0x69,0x63,0x6c,0x65,0x5f,0x68,0x65,0x61,0x64,0x69,0x6e,0x67,0x5f,
0x61,0x6c,0x69,0x67,0x6e,0x00,0x76,0x65,0x68,0x69,0x63,0x6c,0x65,0x5f,0x68,0x65,
0x61,0x64,0x69,0x6e,0x67,0x00,0x00,0x00,0x65,0x00,0x00,0x00,0x76,0x65,0x68,0x69,
0x63,0x6c,0x65,0x5f,0x6b,0x65,0x79,0x62,0x6f,0x61,0x72,0x64,0x5f,0x69,0x63,0x6f,
0x6e,0x00,0x76,0x65,0x68,0x69,0x63,0x6c,0x65,0x5f,0x67,0x61,0x6d,0x65,0x70,0x61,
0x64,0x5f,0x69,0x63,0x6f,0x6e,0x00,0x76,0x65,0x68,0x69,0x63,0x6c,0x65,0x5f,0x6f,
0x70,0x74,0x69,0x6f,0x6e,0x73,0x5f,0x74,0x61,0x62,0x6c,0x65,0x00,0x02,0x00,0x00,
0x26,0x00,0x00,0x00,0x29,0x00,0x00,0x00,0x2a,0x00,0x00,0x00,0x2b,0x00,0x00,0x00,
0x76,0x65,0x68,0x69,0x63,0x6c,0x65,0x5f,0x73,0x74,0x65,0x65,0x72,0x69,0x6e,0x67,
0x5f,0x73,0x65,0x74,0x74,0x69,0x6e,0x67,0x73,0x00,0x76,0x65,0x68,0x69,0x63,0x6c,
0x65,0x5f,0x73,0x74,0x65,0x65,0x72,0x69,0x6e,0x67,0x5f,0x68,0x65,0x61,0x64,0x69,
0x6e,0x67,0x73,0x5f,0x61,0x6c,0x69,0x67,0x6e,0x00,0x76,0x65,0x68,0x69,0x63,0x6c,
0x65,0x5f,0x73,0x74,0x65,0x65,0x72,0x69,0x6e,0x67,0x5f,0x68,0x65,0x61,0x64,0x69,
0x6e,0x67,0x5f,0x61,0x6c,0x69,0x67,0x6e,0x00,0x76,0x65,0x68,0x69,0x63,0x6c,0x65,
0x5f,0x73,0x74,0x65,0x65,0x72,0x69,0x6e,0x67,0x5f,0x68,0x65,0x61,0x64,0x69,0x6e,
0x67,0x00,0x0a,0x57,0x66,0x00,0x00,0x00,0x76,0x65,0x68,0x69,0x63,0x6c,0x65,0x5f,
0x73,0x74,0x65,0x65,0x72,0x69,0x6e,0x67,0x5f,0x6b,0x65,0x79,0x62,0x6f,0x61,0x72,
0x64,0x5f,0x69,0x63,0x6f,0x6e,0x00,0x76,0x65,0x68,0x69,0x63,0x6c,0x65,0x5f,0x73,
0x74,0x65,0x65,0x72,0x69,0x6e,0x67,0x5f,0x67,0x61,0x6d,0x65,0x70,0x61,0x64,0x5f,
0x69,0x63,0x6f,0x6e,0x00,0x76,0x65,0x68,0x69,0x63,0x6c,0x65,0x5f,0x73,0x74,0x65,
0x65,0x72,0x69,0x6e,0x67,0x5f,0x6f,0x70,0x74,0x69,0x6f,0x6e,0x73,0x5f,0x74,0x61,
0x62,0x6c,0x65,0x00,0x76,0x65,0x68,0x69,0x63,0x6c,0x65,0x5f,0x66,0x6c,0x69,0x67,
0x68,0x74,0x5f,0x73,0x65,0x74,0x74,0x69,0x6e,0x67,0x73,0x00,0x76,0x65,0x68,0x69,
0x63,0x6c,0x65,0x5f,0x66,0x6c,0x69,0x67,0x68,0x74,0x5f,0x68,0x65,0x61,0x64,0x69,
0x6e,0x67,0x73,0x5f,0x61,0x6c,0x69,0x67,0x6e,0x00,0x76,0x65,0x68,0x69,0x63,0x6c,
0x65,0x5f,0x66,0x6c,0x69,0x67,0x68,0x74,0x5f,0x68,0x65,0x61,0x64,0x69,0x6e,0x67,
0x5f,0x61,0x6c,0x69,0x67,0x6e,0x00,0x76,0x65,0x68,0x69,0x63,0x6c,0x65,0x5f,0x66,
0x6c,0x69,0x67,0x68,0x74,0x5f,0x68,0x65,0x61,0x64,0x69,0x6e,0x67,0x00,0x76,0x65,
0x68,0x69,0x63,0x6c,0x65,0x5f,0x66,0x6c,0x69,0x67,0x68,0x74,0x5f,0x6b,0x65,0x79,
0x62,0x6f,0x61,0x72,0x64,0x5f,0x69,0x63,0x6f,0x6e,0x00,0x76,0x65,0x68,0x69,0x63,
0x6c,0x65,0x5f,0x66,0x6c,0x69,0x67,0x68,0x74,0x5f,0x67,0x61,0x6d,0x65,0x70,0x61,
0x64,0x5f,0x69,0x63,0x6f,0x6e,0x00,0x76,0x65,0x68,0x69,0x63,0x6c,0x65,0x5f,0x66,
0x6c,0x69,0x67,0x68,0x74,0x5f,0x6f,0x70,0x74,0x69,0x6f,0x6e,0x73,0x5f,0x74,0x61,
0x62,0x6c,0x65,0x00,0x66,0x6f,0x6f,0x74,0x65,0x72,0x5f,0x62,0x61,0x72,0x00,0x72,
0x65,0x76,0x65,0x72,0x73,0x65,0x5f,0x73,0x65,0x74,0x74,0x69,0x6e,0x67,0x73,0x5f,
0x62,0x75,0x74,0x74,0x6f,0x6e,0x00,0x61,0x70,0x70,0x6c,0x79,0x5f,0x73,0x65,0x74,
0x74,0x69,0x6e,0x67,0x73,0x5f,0x62,0x75,0x74,0x74,0x6f,0x6e,0x00,0x02,0x00,0x00,
0x93,0x00,0x00,0x00,0x94,0x00,0x00,0x00,
};
static const unsigned char MENU_EQUAL[]={
0x53,0x55,0x56,0x48,0x81,0xec,0xe0,0x00,0x00,0x00,0x48,0x89,0x8c,0x24,0x98,0x00,
0x00,0x00,0x48,0x89,0x94,0x24,0xa0,0x00,0x00,0x00,0x4c,0x89,0x84,0x24,0xa8,0x00,
0x00,0x00,0x8a,0x02,0x41,0x3a,0x00,0x0f,0x95,0xc0,0x3c,0x00,0x0f,0x85,0x20,0x00,
0x00,0x00,0x8a,0x42,0x01,0x41,0x3a,0x40,0x01,0x0f,0x95,0xc0,0x3c,0x00,0x0f,0x85,
0x07,0x00,0x00,0x00,0xb0,0x00,0xe9,0x0e,0x00,0x00,0x00,0xb0,0x01,0xe9,0x07,0x00,
0x00,0x00,0xb0,0x01,0xe9,0x00,0x00,0x00,0x00,0x3c,0x00,0x0f,0x85,0x34,0x00,0x00,
0x00,0xf2,0x0f,0x10,0x42,0x08,0x66,0x41,0x0f,0x2e,0x40,0x08,0x9f,0xf6,0xc4,0x44,
0x0f,0x8b,0x07,0x00,0x00,0x00,0xb0,0x01,0xe9,0x02,0x00,0x00,0x00,0xb0,0x00,0x3c,
0x00,0x0f,0x85,0x07,0x00,0x00,0x00,0xb0,0x00,0xe9,0x0e,0x00,0x00,0x00,0xb0,0x01,
0xe9,0x07,0x00,0x00,0x00,0xb0,0x01,0xe9,0x00,0x00,0x00,0x00,0x3c,0x00,0x0f,0x85,
0x34,0x00,0x00,0x00,0xf2,0x0f,0x10,0x42,0x10,0x66,0x41,0x0f,0x2e,0x40,0x10,0x9f,
0xf6,0xc4,0x44,0x0f,0x8b,0x07,0x00,0x00,0x00,0xb0,0x01,0xe9,0x02,0x00,0x00,0x00,
0xb0,0x00,0x3c,0x00,0x0f,0x85,0x07,0x00,0x00,0x00,0xb0,0x00,0xe9,0x0e,0x00,0x00,
0x00,0xb0,0x01,0xe9,0x07,0x00,0x00,0x00,0xb0,0x01,0xe9,0x00,0x00,0x00,0x00,0x3c,
0x00,0x0f,0x84,0x0d,0x00,0x00,0x00,0x8a,0x05,0x93,0x03,0x00,0x00,0x88,0x01,0xe9,
0x7d,0x03,0x00,0x00,0x48,0x8d,0x84,0x24,0xb0,0x00,0x00,0x00,0x48,0x8d,0x5a,0x18,
0x48,0x8b,0x2d,0x89,0x03,0x00,0x00,0x48,0x89,0x4c,0x24,0x28,0x48,0x89,0x94,0x24,
0x80,0x00,0x00,0x00,0x48,0x89,0xc1,0x48,0x89,0xda,0x4c,0x89,0x84,0x24,0x88,0x00,
0x00,0x00,0xff,0x55,0x00,0x48,0x8d,0x84,0x24,0xb4,0x00,0x00,0x00,0x4c,0x8b,0x84,
0x24,0x88,0x00,0x00,0x00,0x49,0x8d,0x48,0x18,0x48,0x8b,0x15,0x50,0x03,0x00,0x00,
0x48,0x89,0x44,0x24,0x70,0x48,0x89,0x8c,0x24,0x90,0x00,0x00,0x00,0x48,0x89,0x94,
0x24,0xc8,0x00,0x00,0x00,0x48,0x8b,0x84,0x24,0xc8,0x00,0x00,0x00,0x48,0x8b,0x4c,
0x24,0x70,0x48,0x8b,0x94,0x24,0x90,0x00,0x00,0x00,0xff,0x10,0x8b,0x84,0x24,0xb0,
0x00,0x00,0x00,0x3b,0x84,0x24,0xb4,0x00,0x00,0x00,0x0f,0x95,0xc0,0x3c,0x00,0x0f,
0x84,0x12,0x00,0x00,0x00,0x8a,0x05,0xf5,0x02,0x00,0x00,0x48,0x8b,0x4c,0x24,0x28,
0x88,0x01,0xe9,0xda,0x02,0x00,0x00,0x48,0x8d,0x84,0x24,0xb0,0x00,0x00,0x00,0x48,
0x8b,0x94,0x24,0x80,0x00,0x00,0x00,0x48,0x8d,0x4a,0x38,0x48,0x8b,0x1d,0xe6,0x02,
0x00,0x00,0x48,0x89,0x8c,0x24,0xd0,0x00,0x00,0x00,0x48,0x89,0xc1,0x48,0x8b,0x94,
0x24,0xd0,0x00,0x00,0x00,0xff,0x13,0x48,0x8d,0x84,0x24,0xb4,0x00,0x00,0x00,0x4c,
0x8b,0x84,0x24,0x88,0x00,0x00,0x00,0x49,0x8d,0x48,0x38,0x48,0x8b,0x15,0xb6,0x02,
0x00,0x00,0x48,0x89,0x44,0x24,0x78,0x48,0x89,0x4c,0x24,0x68,0x48,0x89,0x54,0x24,
0x48,0x48,0x8b,0x44,0x24,0x48,0x48,0x8b,0x4c,0x24,0x78,0x48,0x8b,0x54,0x24,0x68,
0xff,0x10,0x8b,0x84,0x24,0xb0,0x00,0x00,0x00,0x3b,0x84,0x24,0xb4,0x00,0x00,0x00,
0x0f,0x95,0xc0,0x3c,0x00,0x0f,0x84,0x12,0x00,0x00,0x00,0x8a,0x05,0x5f,0x02,0x00,
0x00,0x48,0x8b,0x4c,0x24,0x28,0x88,0x01,0xe9,0x44,0x02,0x00,0x00,0x8b,0x05,0x51,
0x02,0x00,0x00,0x89,0x84,0x24,0xb0,0x00,0x00,0x00,0x48,0x8d,0x84,0x24,0xb4,0x00,
0x00,0x00,0x48,0x8b,0x94,0x24,0x80,0x00,0x00,0x00,0x48,0x8d,0x4a,0x18,0x48,0x8b,
0x1d,0x3b,0x02,0x00,0x00,0x48,0x89,0x4c,0x24,0x60,0x48,0x89,0xc1,0x48,0x8b,0x54,
0x24,0x60,0xff,0x13,0x8b,0xac,0x24,0xb4,0x00,0x00,0x00,0x39,0xac,0x24,0xb0,0x00,
0x00,0x00,0x0f,0x8d,0xcb,0x00,0x00,0x00,0x48,0x8d,0x84,0x24,0xb8,0x00,0x00,0x00,
0x48,0x8b,0x94,0x24,0x80,0x00,0x00,0x00,0x48,0x8d,0x4a,0x18,0x48,0x8d,0x9c,0x24,
0xb0,0x00,0x00,0x00,0x48,0x8b,0x35,0x05,0x02,0x00,0x00,0x48,0x89,0x4c,0x24,0x30,
0x48,0x89,0xc1,0x48,0x8b,0x54,0x24,0x30,0x49,0x89,0xd8,0xff,0x16,0x48,0x8b,0x9c,
0x24,0xb8,0x00,0x00,0x00,0x48,0x8d,0x84,0x24,0xc0,0x00,0x00,0x00,0x4c,0x8b,0x84,
0x24,0x88,0x00,0x00,0x00,0x49,0x8d,0x48,0x18,0x48,0x8d,0x94,0x24,0xb0,0x00,0x00,
0x00,0x48,0x8b,0x35,0xc8,0x01,0x00,0x00,0x48,0x89,0x4c,0x24,0x38,0x48,0x89,0x54,
0x24,0x20,0x48,0x89,0xc1,0x48,0x8b,0x54,0x24,0x38,0x4c,0x8b,0x44,0x24,0x20,0xff,
0x16,0x48,0x8b,0x84,0x24,0xc0,0x00,0x00,0x00,0x48,0x8d,0x8c,0x24,0xb4,0x00,0x00,
0x00,0x48,0x8d,0x13,0x48,0x8d,0x00,0x48,0x8b,0x1d,0x9a,0x01,0x00,0x00,0x49,0x89,
0xc0,0xff,0x13,0x8a,0x84,0x24,0xb4,0x00,0x00,0x00,0x34,0x01,0x3c,0x00,0x0f,0x84,
0x12,0x00,0x00,0x00,0x8a,0x05,0x56,0x01,0x00,0x00,0x48,0x8b,0x4c,0x24,0x28,0x88,
0x01,0xe9,0x3b,0x01,0x00,0x00,0x83,0x84,0x24,0xb0,0x00,0x00,0x00,0x01,0xe9,0x28,
0xff,0xff,0xff,0x8b,0x05,0x3b,0x01,0x00,0x00,0x89,0x84,0x24,0xb0,0x00,0x00,0x00,
0x48,0x8d,0x84,0x24,0xb4,0x00,0x00,0x00,0x48,0x8b,0x94,0x24,0x80,0x00,0x00,0x00,
0x48,0x8d,0x4a,0x38,0x48,0x8b,0x1d,0x2d,0x01,0x00,0x00,0x48,0x89,0x4c,0x24,0x40,
0x48,0x89,0xc1,0x48,0x8b,0x54,0x24,0x40,0xff,0x13,0x8b,0xac,0x24,0xb4,0x00,0x00,
0x00,0x39,0xac,0x24,0xb0,0x00,0x00,0x00,0x0f,0x8d,0xd1,0x00,0x00,0x00,0x48,0x8d,
0x84,0x24,0xb8,0x00,0x00,0x00,0x48,0x8b,0x94,0x24,0x80,0x00,0x00,0x00,0x48,0x8d,
0x4a,0x38,0x48,0x8d,0x9c,0x24,0xb0,0x00,0x00,0x00,0x48,0x8b,0x35,0xff,0x00,0x00,
0x00,0x48,0x89,0x4c,0x24,0x50,0x48,0x89,0xc1,0x48,0x8b,0x54,0x24,0x50,0x49,0x89,
0xd8,0xff,0x16,0x48,0x8b,0x9c,0x24,0xb8,0x00,0x00,0x00,0x48,0x8d,0x84,0x24,0xc0,
0x00,0x00,0x00,0x4c,0x8b,0x84,0x24,0x88,0x00,0x00,0x00,0x49,0x8d,0x48,0x38,0x48,
0x8d,0x94,0x24,0xb0,0x00,0x00,0x00,0x48,0x8b,0x35,0xc2,0x00,0x00,0x00,0x48,0x89,
0x4c,0x24,0x58,0x48,0x89,0x94,0x24,0xd8,0x00,0x00,0x00,0x48,0x89,0xc1,0x48,0x8b,
0x54,0x24,0x58,0x4c,0x8b,0x84,0x24,0xd8,0x00,0x00,0x00,0xff,0x16,0x48,0x8b,0x84,
0x24,0xc0,0x00,0x00,0x00,0x48,0x8d,0x8c,0x24,0xb4,0x00,0x00,0x00,0x48,0x8d,0x13,
0x48,0x8d,0x00,0x48,0x8b,0x1d,0x8e,0x00,0x00,0x00,0x49,0x89,0xc0,0xff,0x13,0x8a,
0x84,0x24,0xb4,0x00,0x00,0x00,0x34,0x01,0x3c,0x00,0x0f,0x84,0x12,0x00,0x00,0x00,
0x8a,0x05,0x3a,0x00,0x00,0x00,0x48,0x8b,0x4c,0x24,0x28,0x88,0x01,0xe9,0x1f,0x00,
0x00,0x00,0x83,0x84,0x24,0xb0,0x00,0x00,0x00,0x01,0xe9,0x22,0xff,0xff,0xff,0x8a,
0x05,0x23,0x00,0x00,0x00,0x48,0x8b,0x4c,0x24,0x28,0x88,0x01,0xe9,0x00,0x00,0x00,
0x00,0x48,0x81,0xc4,0xe0,0x00,0x00,0x00,0x5e,0x5d,0x5b,0xc3,0x00,0x00,0x00,0x00,
0x00,0x1e,0xa1,0x72,0x00,0x00,0x00,0x00,0x01,0x00,0x00,0x00,0x00,0x00,0x00,0x00,
};
static const unsigned char MENU_HEADING[]={0x48,0x83,0xec,0x38,0x48,0x89,0x4c,0x24,0x20,0x48,0x89,0x54,0x24,0x28,0x4c,0x89,0x44,0x24,0x30,0x48,0x8d,0x09,0x48,0x8d,0x12,0x4d,0x8d,0x00,0x4c,0x8d,0x0d,0x15,0x00,0x00,0x00,0x48,0x8b,0x05,0x16,0x00,0x00,0x00,0xff,0x10,0x48,0x83,0xc4,0x38,0xc3,0x00,0x00,0x00,0x00,0x00,0x00,0x00,0x00,0x00,0x00,0x00,0x00,0x00,0x00,0x00};
static const unsigned char MENU_TABLE[]={0x53,0x55,0x56,0x48,0x81,0xec,0x90,0x00,0x00,0x00,0x48,0x8b,0x9c,0x24,0xd0,0x00,0x00,0x00,0x48,0x89,0x4c,0x24,0x20,0x48,0x89,0x54,0x24,0x28,0x4c,0x89,0x44,0x24,0x30,0x4c,0x89,0x4c,0x24,0x38,0x48,0x89,0x5c,0x24,0x40,0x48,0xc7,0x44,0x24,0x48,0x00,0x00,0x00,0x00,0x48,0xc7,0x44,0x24,0x50,0x00,0x00,0x00,0x00,0x48,0x8d,0x44,0x24,0x48,0x48,0x8d,0x29,0x48,0x8d,0x12,0x48,0x8b,0x35,0xa1,0x00,0x00,0x00,0x48,0x89,0x4c,0x24,0x58,0x48,0x89,0x54,0x24,0x60,0x4c,0x89,0x44,0x24,0x68,0x48,0x89,0xc1,0x48,0x89,0xea,0x4c,0x8b,0x44,0x24,0x60,0x4c,0x89,0x4c,0x24,0x70,0xff,0x16,0x48,0x8b,0x54,0x24,0x50,0x4c,0x8b,0x44,0x24,0x68,0x41,0x8b,0x00,0x89,0x42,0x78,0x48,0x8b,0x44,0x24,0x50,0x48,0x8d,0x40,0x7c,0x4c,0x8b,0x4c,0x24,0x70,0x49,0x8d,0x11,0x48,0x8b,0x0d,0x60,0x00,0x00,0x00,0x48,0x89,0x44,0x24,0x78,0x48,0x89,0x8c,0x24,0x80,0x00,0x00,0x00,0x48,0x8b,0x84,0x24,0x80,0x00,0x00,0x00,0x48,0x8b,0x4c,0x24,0x78,0xff,0x10,0x48,0x8b,0x54,0x24,0x50,0x8b,0x03,0x89,0x82,0x84,0x00,0x00,0x00,0x48,0x8b,0x4c,0x24,0x58,0x48,0x8d,0x09,0x48,0x8d,0x54,0x24,0x48,0x48,0x8b,0x05,0x2b,0x00,0x00,0x00,0xff,0x10,0x48,0x8d,0x4c,0x24,0x48,0x48,0x8b,0x05,0x25,0x00,0x00,0x00,0xff,0x10,0x48,0x81,0xc4,0x90,0x00,0x00,0x00,0x5e,0x5d,0x5b,0xc3};
static const unsigned char MENU_BUTTON[]={0x53,0x55,0x56,0x57,0x48,0x81,0xec,0x98,0x00,0x00,0x00,0x48,0x8b,0x9c,0x24,0xe0,0x00,0x00,0x00,0x48,0x8b,0xac,0x24,0xe8,0x00,0x00,0x00,0x48,0x8b,0xbc,0x24,0xf0,0x00,0x00,0x00,0x4c,0x8b,0x94,0x24,0xf8,0x00,0x00,0x00,0x48,0x89,0x4c,0x24,0x50,0x48,0x89,0x54,0x24,0x58,0x4c,0x89,0x44,0x24,0x60,0x4c,0x89,0x4c,0x24,0x68,0x48,0x89,0x5c,0x24,0x70,0x48,0x89,0x6c,0x24,0x78,0x48,0x89,0xbc,0x24,0x80,0x00,0x00,0x00,0x4c,0x89,0x94,0x24,0x88,0x00,0x00,0x00,0x48,0x8b,0x05,0x50,0x00,0x00,0x00,0x48,0x8d,0x09,0x48,0x8d,0x12,0x4d,0x8d,0x00,0x4d,0x8d,0x09,0x48,0x8d,0x33,0x48,0x8d,0x6d,0x00,0x48,0x8d,0x18,0x48,0x8d,0x07,0x49,0x8d,0x3a,0x4c,0x8b,0x15,0x35,0x00,0x00,0x00,0x48,0x89,0x74,0x24,0x20,0x48,0x89,0x6c,0x24,0x28,0x48,0x89,0x5c,0x24,0x30,0x48,0x89,0x44,0x24,0x38,0x48,0x89,0x7c,0x24,0x40,0x41,0xff,0x12,0xe9,0x00,0x00,0x00,0x00,0x48,0x81,0xc4,0x98,0x00,0x00,0x00,0x5f,0x5e,0x5d,0x5b,0xc3};
static const unsigned char MENU_END[]={0x48,0x83,0xec,0x28,0x48,0x89,0x4c,0x24,0x20,0x48,0x8d,0x09,0x48,0x8b,0x05,0x0d,0x00,0x00,0x00,0xff,0x10,0x48,0x83,0xc4,0x28,0xc3,0x00,0x00,0x00,0x00,0x00,0x00};
static const unsigned char MENU_APPLY[]={0x53,0x48,0x81,0xec,0xa0,0x00,0x00,0x00,0x48,0x8b,0x9c,0x24,0xd0,0x00,0x00,0x00,0x48,0x89,0x4c,0x24,0x20,0x48,0x89,0x54,0x24,0x28,0x4c,0x89,0x44,0x24,0x30,0x4c,0x89,0x4c,0x24,0x38,0x48,0x89,0x5c,0x24,0x40,0x41,0x8a,0x01,0x3a,0x05,0x26,0x01,0x00,0x00,0x0f,0x94,0xc0,0x3c,0x00,0x0f,0x84,0x21,0x00,0x00,0x00,0x8a,0x03,0x3a,0x05,0x13,0x01,0x00,0x00,0x0f,0x94,0xc0,0x3c,0x00,0x0f,0x84,0x07,0x00,0x00,0x00,0xb0,0x01,0xe9,0x0e,0x00,0x00,0x00,0xb0,0x00,0xe9,0x07,0x00,0x00,0x00,0xb0,0x00,0xe9,0x00,0x00,0x00,0x00,0x3c,0x00,0x0f,0x84,0xdd,0x00,0x00,0x00,0x48,0x8d,0x8a,0x98,0x00,0x00,0x00,0x49,0x8d,0x80,0x30,0x01,0x00,0x00,0x48,0x8b,0x1d,0xee,0x00,0x00,0x00,0x48,0x89,0x54,0x24,0x70,0x48,0x89,0xc2,0xff,0x13,0x48,0x8d,0x4c,0x24,0x60,0x48,0x8d,0x05,0xc8,0x00,0x00,0x00,0x48,0x8b,0x15,0xd9,0x00,0x00,0x00,0x48,0x89,0x44,0x24,0x78,0x48,0x89,0x94,0x24,0x80,0x00,0x00,0x00,0x48,0x8b,0x84,0x24,0x80,0x00,0x00,0x00,0x48,0x8b,0x54,0x24,0x78,0xff,0x10,0x48,0x8d,0x4c,0x24,0x48,0x48,0x8d,0x05,0x95,0x00,0x00,0x00,0x4c,0x8d,0x44,0x24,0x60,0x48,0x8b,0x15,0xad,0x00,0x00,0x00,0x48,0x89,0x84,0x24,0x88,0x00,0x00,0x00,0x48,0x89,0x94,0x24,0x90,0x00,0x00,0x00,0x48,0x8b,0x84,0x24,0x90,0x00,0x00,0x00,0x48,0x8b,0x94,0x24,0x88,0x00,0x00,0x00,0xff,0x10,0x48,0x8b,0x54,0x24,0x70,0x48,0x8d,0x0a,0x48,0x8d,0x44,0x24,0x48,0x48,0x8b,0x1d,0x7f,0x00,0x00,0x00,0x48,0x89,0xc2,0xff,0x13,0x48,0x8d,0x4c,0x24,0x60,0x48,0x8b,0x05,0x76,0x00,0x00,0x00,0xff,0x10,0x48,0x8d,0x4c,0x24,0x48,0x48,0x8b,0x05,0x70,0x00,0x00,0x00,0xff,0x10,0x48,0x8b,0x05,0x6f,0x00,0x00,0x00,0x48,0x8d,0x08,0x48,0x8b,0x54,0x24,0x70,0x48,0x8d,0x12,0x48,0x8b,0x05,0x65,0x00,0x00,0x00,0xff,0x10,0xe9,0x00,0x00,0x00,0x00,0x48,0x81,0xc4,0xa0,0x00,0x00,0x00,0x5b,0xc3,0x00,0x00,0x00,0x00,0x00,0x01,0x00,0x00,0x00,0x03,0x00,0x00,0x00,0x73,0x65,0x74,0x74,0x69,0x6e,0x67,0x73,0x2e,0x6a,0x73,0x6f,0x6e,0x00,0x00,0x00};
static const unsigned char MENU_RESET[]={0x48,0x83,0xec,0x38,0x48,0x89,0x4c,0x24,0x20,0x48,0x89,0x54,0x24,0x28,0x4c,0x89,0x44,0x24,0x30,0x41,0x8a,0x00,0x3a,0x05,0x2c,0x00,0x00,0x00,0x0f,0x94,0xc0,0x3c,0x00,0x0f,0x84,0x15,0x00,0x00,0x00,0x48,0x8d,0x8a,0x30,0x01,0x00,0x00,0x48,0x8b,0x05,0x1b,0x00,0x00,0x00,0xff,0x10,0xe9,0x00,0x00,0x00,0x00,0x48,0x83,0xc4,0x38,0xc3,0x00,0x00,0x00,0x00,0x00,0x00,0x00,0x00,0x00,0x00,0x00,0x00,0x00,0x00,0x00};
static const unsigned char MENU_FOOTER[]={
0x53,0x55,0x56,0x57,0x48,0x81,0xec,0xa8,0x01,0x00,0x00,0x48,0x89,0x8c,0x24,0x40,
0x01,0x00,0x00,0x48,0x89,0x94,0x24,0x48,0x01,0x00,0x00,0x4c,0x89,0x84,0x24,0x50,
0x01,0x00,0x00,0x4c,0x89,0x8c,0x24,0x58,0x01,0x00,0x00,0x48,0x8b,0x1d,0xb6,0x05,
0x00,0x00,0x48,0x8b,0x05,0xb7,0x05,0x00,0x00,0x8b,0x00,0x0f,0xaf,0x05,0x66,0x05,
0x00,0x00,0x8b,0x2b,0x29,0xc5,0x48,0x8b,0x05,0xab,0x05,0x00,0x00,0x8b,0x18,0x0f,
0xaf,0x1d,0x56,0x05,0x00,0x00,0x89,0xe8,0x29,0xd8,0x89,0x84,0x24,0x60,0x01,0x00,
0x00,0x48,0x8d,0x84,0x24,0x68,0x01,0x00,0x00,0x48,0x8d,0x1d,0x40,0x05,0x00,0x00,
0x48,0x8b,0x2d,0x89,0x05,0x00,0x00,0x48,0x89,0x4c,0x24,0x48,0x48,0x89,0x94,0x24,
0x00,0x01,0x00,0x00,0x48,0x89,0xc1,0x48,0x89,0xda,0x4c,0x89,0x84,0x24,0xf8,0x00,
0x00,0x00,0x4c,0x89,0x8c,0x24,0xe8,0x00,0x00,0x00,0xff,0x55,0x00,0x48,0x8b,0x05,
0x64,0x05,0x00,0x00,0x48,0x8d,0x8c,0x24,0x78,0x01,0x00,0x00,0x48,0x8d,0x94,0x24,
0x60,0x01,0x00,0x00,0x48,0x8d,0x00,0x48,0x8b,0x1d,0x52,0x05,0x00,0x00,0x49,0x89,
0xc0,0xff,0x13,0x48,0x8d,0x84,0x24,0x80,0x01,0x00,0x00,0x48,0x8b,0x0d,0x46,0x05,
0x00,0x00,0x48,0x89,0x84,0x24,0xd0,0x00,0x00,0x00,0x48,0x89,0x8c,0x24,0xe0,0x00,
0x00,0x00,0x48,0x8b,0x84,0x24,0xe0,0x00,0x00,0x00,0x48,0x8b,0x8c,0x24,0xd0,0x00,
0x00,0x00,0xff,0x10,0x48,0x8b,0x4c,0x24,0x48,0x48,0x8d,0x01,0x48,0x8d,0x94,0x24,
0x68,0x01,0x00,0x00,0x48,0x8d,0x9c,0x24,0x78,0x01,0x00,0x00,0x48,0x8d,0x2d,0x95,
0x04,0x00,0x00,0x48,0x8d,0x35,0x8e,0x04,0x00,0x00,0x48,0x8d,0x3d,0x87,0x04,0x00,
0x00,0x4c,0x8d,0x84,0x24,0x80,0x01,0x00,0x00,0x4c,0x8d,0x0d,0x90,0x04,0x00,0x00,
0x4c,0x8b,0x15,0xe9,0x04,0x00,0x00,0x48,0x89,0x74,0x24,0x20,0x48,0x89,0x7c,0x24,
0x28,0x4c,0x89,0x44,0x24,0x30,0x4c,0x89,0x4c,0x24,0x38,0x48,0x89,0xc1,0x49,0x89,
0xd8,0x49,0x89,0xe9,0x41,0xff,0x12,0x48,0x8d,0x84,0x24,0x80,0x01,0x00,0x00,0x48,
0x8b,0x0d,0xc2,0x04,0x00,0x00,0x48,0x89,0x84,0x24,0x08,0x01,0x00,0x00,0x48,0x89,
0x8c,0x24,0xf0,0x00,0x00,0x00,0x48,0x8b,0x84,0x24,0xf0,0x00,0x00,0x00,0x48,0x8b,
0x8c,0x24,0x08,0x01,0x00,0x00,0xff,0x10,0x48,0x8d,0x84,0x24,0x78,0x01,0x00,0x00,
0x48,0x8b,0x0d,0x91,0x04,0x00,0x00,0x48,0x89,0x84,0x24,0x10,0x01,0x00,0x00,0x48,
0x89,0x8c,0x24,0x20,0x01,0x00,0x00,0x48,0x8b,0x84,0x24,0x20,0x01,0x00,0x00,0x48,
0x8b,0x8c,0x24,0x10,0x01,0x00,0x00,0xff,0x10,0x48,0x8d,0x84,0x24,0x68,0x01,0x00,
0x00,0x48,0x8b,0x0d,0x68,0x04,0x00,0x00,0x48,0x89,0x84,0x24,0x98,0x01,0x00,0x00,
0x48,0x89,0x8c,0x24,0x90,0x01,0x00,0x00,0x48,0x8b,0x84,0x24,0x90,0x01,0x00,0x00,
0x48,0x8b,0x8c,0x24,0x98,0x01,0x00,0x00,0xff,0x10,0x4c,0x8b,0x84,0x24,0xf8,0x00,
0x00,0x00,0x41,0x8a,0x00,0x3a,0x05,0xc9,0x03,0x00,0x00,0x0f,0x94,0xc0,0x3c,0x00,
0x0f,0x84,0x42,0x01,0x00,0x00,0x48,0x8d,0x84,0x24,0x68,0x01,0x00,0x00,0x48,0x8d,
0x0d,0xb0,0x03,0x00,0x00,0x48,0x8b,0x15,0xe4,0x03,0x00,0x00,0x48,0x89,0x84,0x24,
0x38,0x01,0x00,0x00,0x48,0x89,0x8c,0x24,0x18,0x01,0x00,0x00,0x48,0x89,0x94,0x24,
0x30,0x01,0x00,0x00,0x48,0x8b,0x84,0x24,0x30,0x01,0x00,0x00,0x48,0x8b,0x8c,0x24,
0x38,0x01,0x00,0x00,0x48,0x8b,0x94,0x24,0x18,0x01,0x00,0x00,0xff,0x10,0x48,0x8b,
0x05,0xe3,0x03,0x00,0x00,0x48,0x8b,0x1d,0xac,0x03,0x00,0x00,0x48,0x8d,0x8c,0x24,
0x78,0x01,0x00,0x00,0x48,0x8d,0x00,0x4c,0x8d,0x03,0x48,0x8b,0x15,0x9f,0x03,0x00,
0x00,0x48,0x89,0x84,0x24,0x28,0x01,0x00,0x00,0x48,0x89,0x94,0x24,0xd8,0x00,0x00,
0x00,0x48,0x8b,0x84,0x24,0xd8,0x00,0x00,0x00,0x48,0x8b,0x94,0x24,0x28,0x01,0x00,
0x00,0xff,0x10,0x48,0x8b,0x05,0xa6,0x03,0x00,0x00,0x48,0x8b,0x4c,0x24,0x48,0x48,
0x8d,0x11,0x48,0x8d,0x9c,0x24,0x68,0x01,0x00,0x00,0x4c,0x8b,0x8c,0x24,0xe8,0x00,
0x00,0x00,0x4d,0x8d,0x01,0x4c,0x8d,0x8c,0x24,0x78,0x01,0x00,0x00,0x48,0x8d,0x2d,
0xe4,0x02,0x00,0x00,0x48,0x8d,0x00,0x48,0x8b,0x35,0x7a,0x03,0x00,0x00,0x48,0x89,
0x6c,0x24,0x20,0x48,0x89,0x44,0x24,0x28,0x48,0x89,0x94,0x24,0xc8,0x00,0x00,0x00,
0x48,0x8b,0x8c,0x24,0xc8,0x00,0x00,0x00,0x48,0x89,0xda,0xff,0x16,0x48,0x8d,0x84,
0x24,0x78,0x01,0x00,0x00,0x48,0x8b,0x0d,0x2c,0x03,0x00,0x00,0x48,0x89,0x84,0x24,
0xa8,0x00,0x00,0x00,0x48,0x89,0x8c,0x24,0xc0,0x00,0x00,0x00,0x48,0x8b,0x84,0x24,
0xc0,0x00,0x00,0x00,0x48,0x8b,0x8c,0x24,0xa8,0x00,0x00,0x00,0xff,0x10,0x48,0x8d,
0x84,0x24,0x68,0x01,0x00,0x00,0x48,0x8b,0x0d,0x03,0x03,0x00,0x00,0x48,0x89,0x44,
0x24,0x70,0x48,0x89,0x4c,0x24,0x68,0x48,0x8b,0x44,0x24,0x68,0x48,0x8b,0x4c,0x24,
0x70,0xff,0x10,0xe9,0x00,0x00,0x00,0x00,0x48,0x8b,0x4c,0x24,0x48,0x48,0x8d,0x01,
0x48,0x8b,0x15,0xf9,0x02,0x00,0x00,0x48,0x89,0xc1,0xff,0x12,0x48,0x8b,0x4c,0x24,
0x48,0x8a,0x81,0xc8,0x00,0x00,0x00,0x3c,0x00,0x0f,0x84,0x1c,0x02,0x00,0x00,0x48,
0x8d,0x84,0x24,0x68,0x01,0x00,0x00,0x48,0x8d,0x15,0x54,0x02,0x00,0x00,0x48,0x8b,
0x1d,0x7b,0x02,0x00,0x00,0x48,0x89,0xc1,0xff,0x13,0x48,0x8b,0x1d,0xc7,0x02,0x00,
0x00,0x48,0x8d,0x84,0x24,0x78,0x01,0x00,0x00,0x48,0x8b,0x0d,0xc0,0x02,0x00,0x00,
0x48,0x89,0x44,0x24,0x58,0x48,0x89,0x4c,0x24,0x40,0x48,0x8b,0x44,0x24,0x40,0x48,
0x8b,0x4c,0x24,0x58,0xff,0x10,0x48,0x8d,0x84,0x24,0x78,0x01,0x00,0x00,0x48,0x8d,
0x0b,0x4c,0x8d,0x05,0x18,0x02,0x00,0x00,0x48,0x8b,0x15,0x99,0x02,0x00,0x00,0x48,
0x89,0x44,0x24,0x50,0x48,0x89,0x4c,0x24,0x78,0x48,0x89,0x54,0x24,0x60,0x48,0x8b,
0x44,0x24,0x60,0x48,0x8b,0x4c,0x24,0x50,0x48,0x8b,0x54,0x24,0x78,0xff,0x10,0x48,
0x8b,0x05,0x02,0x02,0x00,0x00,0x48,0x8b,0x1d,0x0b,0x02,0x00,0x00,0x48,0x8d,0x8c,
0x24,0x88,0x01,0x00,0x00,0x48,0x8d,0x00,0x4c,0x8d,0x03,0x48,0x8b,0x15,0xfe,0x01,
0x00,0x00,0x48,0x89,0x84,0x24,0x80,0x00,0x00,0x00,0x48,0x89,0x94,0x24,0x90,0x00,
0x00,0x00,0x48,0x8b,0x84,0x24,0x90,0x00,0x00,0x00,0x48,0x8b,0x94,0x24,0x80,0x00,
0x00,0x00,0xff,0x10,0x48,0x8d,0x84,0x24,0x64,0x01,0x00,0x00,0x48,0x8b,0x4c,0x24,
0x48,0x48,0x8d,0x11,0x4c,0x8d,0x84,0x24,0x68,0x01,0x00,0x00,0x4c,0x8d,0x8c,0x24,
0x78,0x01,0x00,0x00,0x48,0x8d,0x9c,0x24,0x88,0x01,0x00,0x00,0x48,0x8d,0xb9,0x58,
0x04,0x00,0x00,0x48,0x8d,0x35,0x3f,0x01,0x00,0x00,0x48,0x8d,0x2d,0x38,0x01,0x00,
0x00,0x4c,0x8b,0x15,0xf8,0x01,0x00,0x00,0x48,0x89,0x5c,0x24,0x20,0x48,0x89,0x7c,
0x24,0x28,0x48,0x89,0x74,0x24,0x30,0x48,0x89,0x6c,0x24,0x38,0x48,0x89,0xc1,0x41,
0xff,0x12,0x8a,0x9c,0x24,0x64,0x01,0x00,0x00,0x48,0x8d,0x84,0x24,0x88,0x01,0x00,
0x00,0x48,0x8b,0x0d,0x80,0x01,0x00,0x00,0x48,0x89,0x84,0x24,0xb8,0x00,0x00,0x00,
0x48,0x89,0x8c,0x24,0xb0,0x00,0x00,0x00,0x48,0x8b,0x84,0x24,0xb0,0x00,0x00,0x00,
0x48,0x8b,0x8c,0x24,0xb8,0x00,0x00,0x00,0xff,0x10,0x48,0x8d,0x84,0x24,0x78,0x01,
0x00,0x00,0x48,0x8b,0x0d,0x57,0x01,0x00,0x00,0x48,0x89,0x84,0x24,0xa0,0x00,0x00,
0x00,0x48,0x89,0x8c,0x24,0x88,0x00,0x00,0x00,0x48,0x8b,0x84,0x24,0x88,0x00,0x00,
0x00,0x48,0x8b,0x8c,0x24,0xa0,0x00,0x00,0x00,0xff,0x10,0x48,0x8d,0x84,0x24,0x68,
0x01,0x00,0x00,0x48,0x8b,0x0d,0x26,0x01,0x00,0x00,0x48,0x89,0x84,0x24,0x98,0x00,
0x00,0x00,0x48,0x89,0x8c,0x24,0xa0,0x01,0x00,0x00,0x48,0x8b,0x84,0x24,0xa0,0x01,
0x00,0x00,0x48,0x8b,0x8c,0x24,0x98,0x00,0x00,0x00,0xff,0x10,0x80,0xfb,0x00,0x0f,
0x84,0x51,0x00,0x00,0x00,0x48,0x8d,0x84,0x24,0x64,0x01,0x00,0x00,0x48,0x8b,0x4c,
0x24,0x48,0x48,0x8d,0x11,0x48,0x8b,0x1d,0x2c,0x01,0x00,0x00,0x48,0x89,0xc1,0xff,
0x13,0x8a,0x84,0x24,0x64,0x01,0x00,0x00,0x3c,0x00,0x0f,0x84,0x21,0x00,0x00,0x00,
0x48,0x8b,0x4c,0x24,0x48,0x48,0x8d,0x09,0x48,0x8b,0x94,0x24,0x00,0x01,0x00,0x00,
0x48,0x8d,0x12,0x48,0x8b,0x05,0x06,0x01,0x00,0x00,0xff,0x10,0xe9,0x00,0x00,0x00,
0x00,0xe9,0x00,0x00,0x00,0x00,0xe9,0x0c,0x00,0x00,0x00,0x48,0x8d,0x09,0x48,0x8b,
0x05,0xf3,0x00,0x00,0x00,0xff,0x10,0x48,0x81,0xc4,0xa8,0x01,0x00,0x00,0x5f,0x5e,
0x5d,0x5b,0xc3,0x00,0x00,0x00,0x00,0x00,0x02,0x00,0x00,0x00,0x03,0x00,0x00,0x00,
0x74,0x65,0x78,0x74,0x5f,0x63,0x6f,0x6e,0x74,0x61,0x69,0x6e,0x65,0x72,0x00,0x69,
0x00,0x00,0x00,0x00,0x01,0x77,0x61,0x72,0x6e,0x69,0x6e,0x67,0x5f,0x74,0x65,0x78,
0x74,0x00,0x62,0x61,0x63,0x6b,0x5f,0x62,0x75,0x74,0x74,0x6f,0x6e,0x00,0x73,0x65,
0x0b,0x00,0x00,0x00,0x00,0x00,0x00,0x00,
};
static const unsigned char MENU_CLOSE[]={0x48,0x83,0xec,0x38,0x48,0x89,0x4c,0x24,0x20,0x48,0x89,0x54,0x24,0x28,0x48,0x8b,0x05,0x4b,0x00,0x00,0x00,0x48,0x83,0x78,0x08,0x00,0x0f,0x95,0xc0,0x3c,0x00,0x0f,0x84,0x18,0x00,0x00,0x00,0x48,0x8d,0x09,0x48,0x8d,0x15,0x29,0x00,0x00,0x00,0x48,0x8b,0x05,0x32,0x00,0x00,0x00,0xff,0x10,0xe9,0x13,0x00,0x00,0x00,0x48,0x8d,0x09,0x48,0x8d,0x15,0x15,0x00,0x00,0x00,0x48,0x8b,0x05,0x1a,0x00,0x00,0x00,0xff,0x10,0x48,0x83,0xc4,0x38,0xc3,0x00,0x00,0x00,0x0d,0x00,0x00,0x00,0x05,0x00,0x00,0x00};
static const unsigned char MENU_UPDATE[]={
0x53,0x55,0x56,0x57,0x48,0x81,0xec,0x28,0x03,0x00,0x00,0x48,0x89,0x8c,0x24,0xb8,
0x02,0x00,0x00,0x48,0x89,0x94,0x24,0xc0,0x02,0x00,0x00,0x4c,0x89,0x84,0x24,0xc8,
0x02,0x00,0x00,0x4c,0x89,0x8c,0x24,0xd0,0x02,0x00,0x00,0x48,0x8d,0x84,0x24,0xd8,
0x02,0x00,0x00,0x48,0x8d,0x19,0x48,0x8d,0x2d,0x3b,0x0e,0x00,0x00,0x48,0x8d,0x12,
0x48,0x8b,0x35,0xb1,0x0e,0x00,0x00,0x48,0x89,0x4c,0x24,0x58,0x48,0x89,0x94,0x24,
0xf8,0x01,0x00,0x00,0x4c,0x89,0x84,0x24,0x00,0x02,0x00,0x00,0x4c,0x89,0x8c,0x24,
0xe8,0x01,0x00,0x00,0x48,0x89,0xc1,0x48,0x89,0xda,0x49,0x89,0xe8,0x4c,0x8b,0x8c,
0x24,0xf8,0x01,0x00,0x00,0xff,0x16,0x8a,0x84,0x24,0xd8,0x02,0x00,0x00,0x3c,0x00,
0x0f,0x84,0xce,0x0d,0x00,0x00,0x48,0x8b,0x05,0x73,0x0e,0x00,0x00,0x48,0x8b,0x4c,
0x24,0x58,0x48,0x8d,0x11,0x48,0x8d,0x00,0x48,0x8b,0x1d,0x69,0x0e,0x00,0x00,0x48,
0x89,0x94,0x24,0x08,0x02,0x00,0x00,0x48,0x8b,0x8c,0x24,0x08,0x02,0x00,0x00,0x48,
0x89,0xc2,0xff,0x13,0x48,0x8d,0x84,0x24,0xd8,0x02,0x00,0x00,0x48,0x8d,0x15,0xb9,
0x0d,0x00,0x00,0x48,0x8b,0x0d,0x46,0x0e,0x00,0x00,0x48,0x89,0x84,0x24,0x18,0x02,
0x00,0x00,0x48,0x89,0x8c,0x24,0x20,0x02,0x00,0x00,0x48,0x8b,0x84,0x24,0x20,0x02,
0x00,0x00,0x48,0x8b,0x8c,0x24,0x18,0x02,0x00,0x00,0xff,0x10,0x48,0x8b,0x15,0x25,
0x0e,0x00,0x00,0x48,0x8b,0x05,0x1e,0x0e,0x00,0x00,0x48,0x8d,0x8c,0x24,0xe8,0x02,
0x00,0x00,0x48,0x8d,0x12,0x48,0x8d,0x00,0x48,0x8b,0x1d,0x11,0x0e,0x00,0x00,0x49,
0x89,0xc0,0xff,0x13,0x48,0x8b,0x4c,0x24,0x58,0x48,0x8d,0x01,0x48,0x8d,0x94,0x24,
0xd8,0x02,0x00,0x00,0x48,0x8d,0x9c,0x24,0xe8,0x02,0x00,0x00,0x48,0x8d,0x2d,0x55,
0x0d,0x00,0x00,0x48,0x8d,0x35,0x4e,0x0d,0x00,0x00,0x48,0x8d,0x3d,0x47,0x0d,0x00,
0x00,0x4c,0x8d,0x05,0x40,0x0d,0x00,0x00,0x4c,0x8d,0x0d,0x39,0x0d,0x00,0x00,0x4c,
0x8d,0x15,0x32,0x0d,0x00,0x00,0x4c,0x8b,0x1d,0xcb,0x0d,0x00,0x00,0x48,0x89,0x74,
0x24,0x20,0x48,0x89,0x7c,0x24,0x28,0x4c,0x89,0x44,0x24,0x30,0x4c,0x89,0x4c,0x24,
0x38,0x4c,0x89,0x54,0x24,0x40,0x48,0x89,0xc1,0x49,0x89,0xd8,0x49,0x89,0xe9,0x41,
0xff,0x13,0x48,0x8d,0x84,0x24,0xe8,0x02,0x00,0x00,0x48,0x8b,0x0d,0x9f,0x0d,0x00,
0x00,0x48,0x89,0x84,0x24,0x28,0x02,0x00,0x00,0x48,0x89,0x8c,0x24,0xf0,0x01,0x00,
0x00,0x48,0x8b,0x84,0x24,0xf0,0x01,0x00,0x00,0x48,0x8b,0x8c,0x24,0x28,0x02,0x00,
0x00,0xff,0x10,0x48,0x8d,0x84,0x24,0xd8,0x02,0x00,0x00,0x48,0x8b,0x0d,0x76,0x0d,
0x00,0x00,0x48,0x89,0x84,0x24,0xe0,0x01,0x00,0x00,0x48,0x89,0x8c,0x24,0xc0,0x01,
0x00,0x00,0x48,0x8b,0x84,0x24,0xc0,0x01,0x00,0x00,0x48,0x8b,0x8c,0x24,0xe0,0x01,
0x00,0x00,0xff,0x10,0x48,0x8d,0x84,0x24,0xd8,0x02,0x00,0x00,0x48,0x8d,0x15,0x99,
0x0c,0x00,0x00,0x48,0x8b,0x0d,0x16,0x0d,0x00,0x00,0x48,0x89,0x84,0x24,0xd8,0x01,
0x00,0x00,0x48,0x89,0x8c,0x24,0xa8,0x01,0x00,0x00,0x48,0x8b,0x84,0x24,0xa8,0x01,
0x00,0x00,0x48,0x8b,0x8c,0x24,0xd8,0x01,0x00,0x00,0xff,0x10,0x48,0x8b,0x15,0x1d,
0x0d,0x00,0x00,0x48,0x8b,0x05,0x1e,0x0d,0x00,0x00,0x48,0x8d,0x8c,0x24,0xe8,0x02,
0x00,0x00,0x48,0x8d,0x12,0x48,0x8d,0x00,0x48,0x8b,0x1d,0xe1,0x0c,0x00,0x00,0x49,
0x89,0xc0,0xff,0x13,0x48,0x8b,0x15,0x05,0x0d,0x00,0x00,0x48,0x8b,0x05,0x06,0x0d,
0x00,0x00,0x48,0x8d,0x8c,0x24,0xf0,0x02,0x00,0x00,0x48,0x8d,0x12,0x48,0x8d,0x00,
0x48,0x8b,0x1d,0xb9,0x0c,0x00,0x00,0x49,0x89,0xc0,0xff,0x13,0x48,0x8b,0x15,0xed,
0x0c,0x00,0x00,0x48,0x8b,0x4c,0x24,0x58,0x48,0x8d,0x01,0x48,0x8d,0x9c,0x24,0xd8,
0x02,0x00,0x00,0x48,0x8d,0xac,0x24,0xe8,0x02,0x00,0x00,0x48,0x8d,0x35,0x02,0x0c,
0x00,0x00,0x48,0x8d,0x3d,0xfb,0x0b,0x00,0x00,0x4c,0x8d,0x05,0xe8,0x0b,0x00,0x00,
0x4c,0x8d,0x8c,0x24,0xf0,0x02,0x00,0x00,0x48,0x8d,0x12,0x4c,0x8b,0x15,0xb6,0x0c,
0x00,0x00,0x48,0x89,0x7c,0x24,0x20,0x4c,0x89,0x44,0x24,0x28,0x4c,0x89,0x4c,0x24,
0x30,0x48,0x89,0x54,0x24,0x38,0x48,0x89,0xc1,0x48,0x89,0xda,0x49,0x89,0xe8,0x49,
0x89,0xf1,0x41,0xff,0x12,0x48,0x8d,0x84,0x24,0xf0,0x02,0x00,0x00,0x48,0x8b,0x0d,
0x4c,0x0c,0x00,0x00,0x48,0x89,0x84,0x24,0xb0,0x01,0x00,0x00,0x48,0x89,0x8c,0x24,
0x98,0x01,0x00,0x00,0x48,0x8b,0x84,0x24,0x98,0x01,0x00,0x00,0x48,0x8b,0x8c,0x24,
0xb0,0x01,0x00,0x00,0xff,0x10,0x48,0x8d,0x84,0x24,0xe8,0x02,0x00,0x00,0x48,0x8b,
0x0d,0x1b,0x0c,0x00,0x00,0x48,0x89,0x84,0x24,0xb8,0x01,0x00,0x00,0x48,0x89,0x8c,
0x24,0xc8,0x01,0x00,0x00,0x48,0x8b,0x84,0x24,0xc8,0x01,0x00,0x00,0x48,0x8b,0x8c,
0x24,0xb8,0x01,0x00,0x00,0xff,0x10,0x48,0x8d,0x84,0x24,0xd8,0x02,0x00,0x00,0x48,
0x8b,0x0d,0xf2,0x0b,0x00,0x00,0x48,0x89,0x84,0x24,0xd0,0x01,0x00,0x00,0x48,0x89,
0x8c,0x24,0x30,0x02,0x00,0x00,0x48,0x8b,0x84,0x24,0x30,0x02,0x00,0x00,0x48,0x8b,
0x8c,0x24,0xd0,0x01,0x00,0x00,0xff,0x10,0x48,0x8d,0x84,0x24,0xd8,0x02,0x00,0x00,
0x48,0x8d,0x15,0x21,0x0b,0x00,0x00,0x48,0x8b,0x0d,0x92,0x0b,0x00,0x00,0x48,0x89,
0x84,0x24,0x10,0x02,0x00,0x00,0x48,0x89,0x8c,0x24,0x38,0x02,0x00,0x00,0x48,0x8b,
0x84,0x24,0x38,0x02,0x00,0x00,0x48,0x8b,0x8c,0x24,0x10,0x02,0x00,0x00,0xff,0x10,
0x48,0x8b,0x05,0x71,0x0b,0x00,0x00,0x48,0x8b,0x1d,0xc2,0x0b,0x00,0x00,0x48,0x8d,
0x8c,0x24,0xe8,0x02,0x00,0x00,0x48,0x8d,0x10,0x48,0x8d,0x03,0x48,0x8b,0x1d,0x5d,
0x0b,0x00,0x00,0x49,0x89,0xc0,0xff,0x13,0x48,0x8d,0x84,0x24,0xf0,0x02,0x00,0x00,
0x48,0x8b,0x0d,0xa1,0x0b,0x00,0x00,0x48,0x89,0x84,0x24,0x48,0x02,0x00,0x00,0x48,
0x89,0x8c,0x24,0xa0,0x02,0x00,0x00,0x48,0x8b,0x84,0x24,0xa0,0x02,0x00,0x00,0x48,
0x8b,0x8c,0x24,0x48,0x02,0x00,0x00,0xff,0x10,0x48,0x8b,0x4c,0x24,0x58,0x48,0x8d,
0x01,0x48,0x8d,0x94,0x24,0xd8,0x02,0x00,0x00,0x48,0x8d,0x9c,0x24,0xe8,0x02,0x00,
0x00,0x48,0x8d,0x2d,0x7c,0x0a,0x00,0x00,0x48,0x8d,0x35,0x85,0x0a,0x00,0x00,0x48,
0x8d,0x3d,0x6e,0x0a,0x00,0x00,0x4c,0x8d,0x84,0x24,0xf0,0x02,0x00,0x00,0x4c,0x8d,
0x0d,0x5f,0x0a,0x00,0x00,0x4c,0x8b,0x15,0x2c,0x0b,0x00,0x00,0x48,0x89,0x74,0x24,
0x20,0x48,0x89,0x7c,0x24,0x28,0x4c,0x89,0x44,0x24,0x30,0x4c,0x89,0x4c,0x24,0x38,
0x48,0x89,0xc1,0x49,0x89,0xd8,0x49,0x89,0xe9,0x41,0xff,0x12,0x48,0x8d,0x84,0x24,
0xf0,0x02,0x00,0x00,0x48,0x8b,0x0d,0xc5,0x0a,0x00,0x00,0x48,0x89,0x84,0x24,0xa8,
0x02,0x00,0x00,0x48,0x89,0x8c,0x24,0x90,0x02,0x00,0x00,0x48,0x8b,0x84,0x24,0x90,
0x02,0x00,0x00,0x48,0x8b,0x8c,0x24,0xa8,0x02,0x00,0x00,0xff,0x10,0x48,0x8d,0x84,
0x24,0xe8,0x02,0x00,0x00,0x48,0x8b,0x0d,0x94,0x0a,0x00,0x00,0x48,0x89,0x84,0x24,
0xb0,0x02,0x00,0x00,0x48,0x89,0x8c,0x24,0x08,0x03,0x00,0x00,0x48,0x8b,0x84,0x24,
0x08,0x03,0x00,0x00,0x48,0x8b,0x8c,0x24,0xb0,0x02,0x00,0x00,0xff,0x10,0x48,0x8d,
0x84,0x24,0xd8,0x02,0x00,0x00,0x48,0x8b,0x0d,0x6b,0x0a,0x00,0x00,0x48,0x89,0x84,
0x24,0x10,0x03,0x00,0x00,0x48,0x89,0x8c,0x24,0x18,0x03,0x00,0x00,0x48,0x8b,0x84,
0x24,0x18,0x03,0x00,0x00,0x48,0x8b,0x8c,0x24,0x10,0x03,0x00,0x00,0xff,0x10,0x48,
0x8d,0x84,0x24,0xe0,0x02,0x00,0x00,0x48,0x8d,0x15,0xaa,0x09,0x00,0x00,0x48,0x8b,
0x0d,0x0b,0x0a,0x00,0x00,0x48,0x89,0x84,0x24,0x98,0x02,0x00,0x00,0x48,0x89,0x8c,
0x24,0x88,0x02,0x00,0x00,0x48,0x8b,0x84,0x24,0x88,0x02,0x00,0x00,0x48,0x8b,0x8c,
0x24,0x98,0x02,0x00,0x00,0xff,0x10,0x48,0x8b,0x15,0x52,0x0a,0x00,0x00,0x48,0x8d,
0x84,0x24,0xf0,0x02,0x00,0x00,0x48,0x8b,0x0d,0x4b,0x0a,0x00,0x00,0x48,0x89,0x84,
0x24,0x68,0x02,0x00,0x00,0x48,0x89,0x8c,0x24,0x80,0x02,0x00,0x00,0x48,0x8b,0x84,
0x24,0x80,0x02,0x00,0x00,0x48,0x8b,0x8c,0x24,0x68,0x02,0x00,0x00,0x48,0x89,0x94,
0x24,0x50,0x02,0x00,0x00,0xff,0x10,0x48,0x8d,0x84,0x24,0xf0,0x02,0x00,0x00,0x48,
0x8b,0x94,0x24,0x50,0x02,0x00,0x00,0x48,0x8d,0x12,0x48,0x8d,0x0d,0x33,0x09,0x00,
0x00,0x48,0x8b,0x1d,0x08,0x0a,0x00,0x00,0x48,0x89,0x8c,0x24,0x58,0x02,0x00,0x00,
0x48,0x89,0xc1,0x4c,0x8b,0x84,0x24,0x58,0x02,0x00,0x00,0xff,0x13,0x48,0x8b,0x15,
0xf4,0x09,0x00,0x00,0x4c,0x8b,0x8c,0x24,0xe8,0x01,0x00,0x00,0x41,0x8b,0x01,0x3b,
0x05,0xdf,0x08,0x00,0x00,0x0f,0x94,0xc0,0x48,0x8d,0x8c,0x24,0xd8,0x02,0x00,0x00,
0x48,0x89,0x8c,0x24,0x40,0x02,0x00,0x00,0x48,0x8b,0x4c,0x24,0x58,0x48,0x8d,0x19,
0x48,0x8d,0xac,0x24,0xe0,0x02,0x00,0x00,0x48,0x8d,0xb4,0x24,0xf0,0x02,0x00,0x00,
0x48,0x8d,0x12,0x48,0x8d,0xb9,0xb8,0x02,0x00,0x00,0x88,0x84,0x24,0x00,0x03,0x00,
0x00,0x48,0x8d,0x84,0x24,0x00,0x03,0x00,0x00,0x4c,0x8b,0x05,0xa0,0x09,0x00,0x00,
0x48,0x89,0x54,0x24,0x20,0x48,0x89,0x7c,0x24,0x28,0x48,0x89,0x44,0x24,0x30,0x48,
0x89,0x9c,0x24,0x60,0x02,0x00,0x00,0x4c,0x89,0x84,0x24,0x70,0x02,0x00,0x00,0x48,
0x8b,0x9c,0x24,0x70,0x02,0x00,0x00,0x48,0x8b,0x8c,0x24,0x40,0x02,0x00,0x00,0x48,
0x8b,0x94,0x24,0x60,0x02,0x00,0x00,0x49,0x89,0xe8,0x49,0x89,0xf1,0xff,0x13,0x8a,
0x94,0x24,0xd8,0x02,0x00,0x00,0x48,0x8d,0x84,0x24,0xf0,0x02,0x00,0x00,0x48,0x8b,
0x0d,0xe3,0x08,0x00,0x00,0x48,0x89,0x84,0x24,0x78,0x02,0x00,0x00,0x48,0x89,0x8c,
0x24,0xa0,0x01,0x00,0x00,0x48,0x8b,0x84,0x24,0xa0,0x01,0x00,0x00,0x48,0x8b,0x8c,
0x24,0x78,0x02,0x00,0x00,0x88,0x94,0x24,0x90,0x01,0x00,0x00,0xff,0x10,0x48,0x8d,
0x84,0x24,0xe0,0x02,0x00,0x00,0x48,0x8b,0x0d,0xab,0x08,0x00,0x00,0x48,0x89,0x84,
0x24,0x68,0x01,0x00,0x00,0x48,0x89,0x8c,0x24,0x88,0x01,0x00,0x00,0x48,0x8b,0x84,
0x24,0x88,0x01,0x00,0x00,0x48,0x8b,0x8c,0x24,0x68,0x01,0x00,0x00,0xff,0x10,0x80,
0xbc,0x24,0x90,0x01,0x00,0x00,0x00,0x0f,0x84,0x46,0x00,0x00,0x00,0x48,0x8d,0x84,
0x24,0xd8,0x02,0x00,0x00,0x48,0x8b,0x4c,0x24,0x58,0x48,0x8d,0x11,0x48,0x8b,0x1d,
0xd4,0x08,0x00,0x00,0x48,0x89,0xc1,0xff,0x13,0x8a,0x84,0x24,0xd8,0x02,0x00,0x00,
0x3c,0x00,0x0f,0x84,0x16,0x00,0x00,0x00,0x8b,0x05,0xa6,0x07,0x00,0x00,0x4c,0x8b,
0x8c,0x24,0xe8,0x01,0x00,0x00,0x41,0x89,0x01,0xe9,0x00,0x00,0x00,0x00,0xe9,0x00,
0x00,0x00,0x00,0x48,0x8d,0x84,0x24,0xe0,0x02,0x00,0x00,0x48,0x8d,0x15,0xa6,0x07,
0x00,0x00,0x48,0x8b,0x0d,0xf7,0x07,0x00,0x00,0x48,0x89,0x84,0x24,0xb0,0x00,0x00,
0x00,0x48,0x89,0x8c,0x24,0xb8,0x00,0x00,0x00,0x48,0x8b,0x84,0x24,0xb8,0x00,0x00,
0x00,0x48,0x8b,0x8c,0x24,0xb0,0x00,0x00,0x00,0xff,0x10,0x48,0x8b,0x15,0x3e,0x08,
0x00,0x00,0x48,0x8d,0x84,0x24,0xf0,0x02,0x00,0x00,0x48,0x8b,0x0d,0x37,0x08,0x00,
0x00,0x48,0x89,0x84,0x24,0xa0,0x00,0x00,0x00,0x48,0x89,0x8c,0x24,0xc0,0x00,0x00,
0x00,0x48,0x8b,0x84,0x24,0xc0,0x00,0x00,0x00,0x48,0x8b,0x8c,0x24,0xa0,0x00,0x00,
0x00,0x48,0x89,0x94,0x24,0xd0,0x00,0x00,0x00,0xff,0x10,0x48,0x8d,0x84,0x24,0xf0,
0x02,0x00,0x00,0x48,0x8b,0x94,0x24,0xd0,0x00,0x00,0x00,0x48,0x8d,0x12,0x48,0x8d,
0x0d,0x33,0x07,0x00,0x00,0x48,0x8b,0x1d,0xf4,0x07,0x00,0x00,0x48,0x89,0x8c,0x24,
0xd8,0x00,0x00,0x00,0x48,0x89,0xc1,0x4c,0x8b,0x84,0x24,0xd8,0x00,0x00,0x00,0xff,
0x13,0x48,0x8b,0x15,0xe0,0x07,0x00,0x00,0x4c,0x8b,0x8c,0x24,0xe8,0x01,0x00,0x00,
0x41,0x8b,0x01,0x3b,0x05,0xbf,0x06,0x00,0x00,0x0f,0x94,0xc0,0x48,0x8d,0x8c,0x24,
0xd8,0x02,0x00,0x00,0x48,0x89,0x8c,0x24,0xa8,0x00,0x00,0x00,0x48,0x8b,0x4c,0x24,
0x58,0x48,0x8d,0x19,0x48,0x8d,0xac,0x24,0xe0,0x02,0x00,0x00,0x48,0x8d,0xb4,0x24,
0xf0,0x02,0x00,0x00,0x48,0x8d,0x12,0x48,0x8d,0xb9,0x90,0x04,0x00,0x00,0x88,0x84,
0x24,0x00,0x03,0x00,0x00,0x48,0x8d,0x84,0x24,0x00,0x03,0x00,0x00,0x4c,0x8b,0x05,
0x8c,0x07,0x00,0x00,0x48,0x89,0x54,0x24,0x20,0x48,0x89,0x7c,0x24,0x28,0x48,0x89,
0x44,0x24,0x30,0x4c,0x89,0xc0,0x48,0x8b,0x8c,0x24,0xa8,0x00,0x00,0x00,0x48,0x89,
0xda,0x49,0x89,0xe8,0x49,0x89,0xf1,0xff,0x10,0x8a,0x94,0x24,0xd8,0x02,0x00,0x00,
0x48,0x8d,0x84,0x24,0xf0,0x02,0x00,0x00,0x48,0x8b,0x0d,0xe9,0x06,0x00,0x00,0x48,
0x89,0x84,0x24,0x98,0x00,0x00,0x00,0x48,0x89,0x4c,0x24,0x78,0x48,0x8b,0x44,0x24,
0x78,0x48,0x8b,0x8c,0x24,0x98,0x00,0x00,0x00,0x88,0x94,0x24,0x90,0x00,0x00,0x00,
0xff,0x10,0x48,0x8d,0x84,0x24,0xe0,0x02,0x00,0x00,0x48,0x8b,0x0d,0xb7,0x06,0x00,
0x00,0x48,0x89,0x44,0x24,0x60,0x48,0x89,0x4c,0x24,0x68,0x48,0x8b,0x44,0x24,0x68,
0x48,0x8b,0x4c,0x24,0x60,0xff,0x10,0x80,0xbc,0x24,0x90,0x00,0x00,0x00,0x00,0x0f,
0x84,0x46,0x00,0x00,0x00,0x48,0x8d,0x84,0x24,0xd8,0x02,0x00,0x00,0x48,0x8b,0x4c,
0x24,0x58,0x48,0x8d,0x11,0x48,0x8b,0x1d,0xec,0x06,0x00,0x00,0x48,0x89,0xc1,0xff,
0x13,0x8a,0x84,0x24,0xd8,0x02,0x00,0x00,0x3c,0x00,0x0f,0x84,0x16,0x00,0x00,0x00,
0x8b,0x05,0xb2,0x05,0x00,0x00,0x4c,0x8b,0x8c,0x24,0xe8,0x01,0x00,0x00,0x41,0x89,
0x01,0xe9,0x00,0x00,0x00,0x00,0xe9,0x00,0x00,0x00,0x00,0x48,0x8d,0x84,0x24,0xe0,
0x02,0x00,0x00,0x48,0x8d,0x15,0xd2,0x05,0x00,0x00,0x48,0x8b,0x0d,0x0f,0x06,0x00,
0x00,0x48,0x89,0x44,0x24,0x50,0x48,0x89,0x4c,0x24,0x70,0x48,0x8b,0x44,0x24,0x70,
0x48,0x8b,0x4c,0x24,0x50,0xff,0x10,0x48,0x8b,0x15,0x62,0x06,0x00,0x00,0x48,0x8d,
0x84,0x24,0xf0,0x02,0x00,0x00,0x48,0x8b,0x0d,0x5b,0x06,0x00,0x00,0x48,0x89,0x84,
0x24,0x80,0x00,0x00,0x00,0x48,0x89,0x8c,0x24,0x88,0x00,0x00,0x00,0x48,0x8b,0x84,
0x24,0x88,0x00,0x00,0x00,0x48,0x8b,0x8c,0x24,0x80,0x00,0x00,0x00,0x48,0x89,0x94,
0x24,0xe0,0x00,0x00,0x00,0xff,0x10,0x48,0x8d,0x84,0x24,0xf0,0x02,0x00,0x00,0x48,
0x8b,0x94,0x24,0xe0,0x00,0x00,0x00,0x48,0x8d,0x12,0x48,0x8d,0x0d,0x67,0x05,0x00,
0x00,0x48,0x8b,0x1d,0x18,0x06,0x00,0x00,0x48,0x89,0x8c,0x24,0xc8,0x00,0x00,0x00,
0x48,0x89,0xc1,0x4c,0x8b,0x84,0x24,0xc8,0x00,0x00,0x00,0xff,0x13,0x48,0x8b,0x15,
0x04,0x06,0x00,0x00,0x4c,0x8b,0x8c,0x24,0xe8,0x01,0x00,0x00,0x41,0x8b,0x01,0x3b,
0x05,0xff,0x04,0x00,0x00,0x0f,0x94,0xc0,0x48,0x8d,0x8c,0x24,0xd8,0x02,0x00,0x00,
0x48,0x89,0x8c,0x24,0xe8,0x00,0x00,0x00,0x48,0x8b,0x4c,0x24,0x58,0x48,0x8d,0x19,
0x48,0x8d,0xac,0x24,0xe0,0x02,0x00,0x00,0x48,0x8d,0xb4,0x24,0xf0,0x02,0x00,0x00,
0x48,0x8d,0x12,0x48,0x8d,0xb9,0x98,0x04,0x00,0x00,0x88,0x84,0x24,0x00,0x03,0x00,
0x00,0x48,0x8d,0x84,0x24,0x00,0x03,0x00,0x00,0x4c,0x8b,0x05,0xb0,0x05,0x00,0x00,
0x48,0x89,0x54,0x24,0x20,0x48,0x89,0x7c,0x24,0x28,0x48,0x89,0x44,0x24,0x30,0x48,
0x89,0x9c,0x24,0xf8,0x00,0x00,0x00,0x4c,0x89,0x84,0x24,0x50,0x01,0x00,0x00,0x48,
0x8b,0x9c,0x24,0x50,0x01,0x00,0x00,0x48,0x8b,0x8c,0x24,0xe8,0x00,0x00,0x00,0x48,
0x8b,0x94,0x24,0xf8,0x00,0x00,0x00,0x49,0x89,0xe8,0x49,0x89,0xf1,0xff,0x13,0x8a,
0x94,0x24,0xd8,0x02,0x00,0x00,0x48,0x8d,0x84,0x24,0xf0,0x02,0x00,0x00,0x48,0x8b,
0x0d,0xf3,0x04,0x00,0x00,0x48,0x89,0x84,0x24,0x58,0x01,0x00,0x00,0x48,0x89,0x8c,
0x24,0x40,0x01,0x00,0x00,0x48,0x8b,0x84,0x24,0x40,0x01,0x00,0x00,0x48,0x8b,0x8c,
0x24,0x58,0x01,0x00,0x00,0x88,0x94,0x24,0x60,0x01,0x00,0x00,0xff,0x10,0x48,0x8d,
0x84,0x24,0xe0,0x02,0x00,0x00,0x48,0x8b,0x0d,0xbb,0x04,0x00,0x00,0x48,0x89,0x84,
0x24,0x70,0x01,0x00,0x00,0x48,0x89,0x8c,0x24,0x78,0x01,0x00,0x00,0x48,0x8b,0x84,
0x24,0x78,0x01,0x00,0x00,0x48,0x8b,0x8c,0x24,0x70,0x01,0x00,0x00,0xff,0x10,0x80,
0xbc,0x24,0x60,0x01,0x00,0x00,0x00,0x0f,0x84,0x46,0x00,0x00,0x00,0x48,0x8d,0x84,
0x24,0xd8,0x02,0x00,0x00,0x48,0x8b,0x4c,0x24,0x58,0x48,0x8d,0x11,0x48,0x8b,0x1d,
0xe4,0x04,0x00,0x00,0x48,0x89,0xc1,0xff,0x13,0x8a,0x84,0x24,0xd8,0x02,0x00,0x00,
0x3c,0x00,0x0f,0x84,0x16,0x00,0x00,0x00,0x8b,0x05,0xc6,0x03,0x00,0x00,0x4c,0x8b,
0x8c,0x24,0xe8,0x01,0x00,0x00,0x41,0x89,0x01,0xe9,0x00,0x00,0x00,0x00,0xe9,0x00,
0x00,0x00,0x00,0x48,0x8d,0x84,0x24,0xe0,0x02,0x00,0x00,0x48,0x8d,0x15,0xda,0x03,
0x00,0x00,0x48,0x8b,0x0d,0x07,0x04,0x00,0x00,0x48,0x89,0x84,0x24,0x80,0x01,0x00,
0x00,0x48,0x89,0x8c,0x24,0x48,0x01,0x00,0x00,0x48,0x8b,0x84,0x24,0x48,0x01,0x00,
0x00,0x48,0x8b,0x8c,0x24,0x80,0x01,0x00,0x00,0xff,0x10,0x48,0x8b,0x15,0x4e,0x04,
0x00,0x00,0x48,0x8d,0x84,0x24,0xf0,0x02,0x00,0x00,0x48,0x8b,0x0d,0x47,0x04,0x00,
0x00,0x48,0x89,0x84,0x24,0x38,0x01,0x00,0x00,0x48,0x89,0x8c,0x24,0x18,0x01,0x00,
0x00,0x48,0x8b,0x84,0x24,0x18,0x01,0x00,0x00,0x48,0x8b,0x8c,0x24,0x38,0x01,0x00,
0x00,0x48,0x89,0x94,0x24,0x30,0x01,0x00,0x00,0xff,0x10,0x48,0x8d,0x84,0x24,0xf0,
0x02,0x00,0x00,0x48,0x8b,0x94,0x24,0x30,0x01,0x00,0x00,0x48,0x8d,0x12,0x48,0x8d,
0x0d,0x67,0x03,0x00,0x00,0x48,0x8b,0x1d,0x04,0x04,0x00,0x00,0x48,0x89,0x8c,0x24,
0x00,0x01,0x00,0x00,0x48,0x89,0xc1,0x4c,0x8b,0x84,0x24,0x00,0x01,0x00,0x00,0xff,
0x13,0x48,0x8b,0x15,0xf0,0x03,0x00,0x00,0x4c,0x8b,0x8c,0x24,0xe8,0x01,0x00,0x00,
0x41,0x8b,0x01,0x3b,0x05,0x37,0x03,0x00,0x00,0x0f,0x94,0xc0,0x48,0x8d,0x8c,0x24,
0xd8,0x02,0x00,0x00,0x48,0x89,0x8c,0x24,0x08,0x01,0x00,0x00,0x48,0x8b,0x4c,0x24,
0x58,0x48,0x8d,0x19,0x48,0x8d,0xac,0x24,0xe0,0x02,0x00,0x00,0x48,0x8d,0xb4,0x24,
0xf0,0x02,0x00,0x00,0x48,0x8d,0x12,0x48,0x8d,0xb9,0xa0,0x04,0x00,0x00,0x88,0x84,
0x24,0x00,0x03,0x00,0x00,0x48,0x8d,0x84,0x24,0x00,0x03,0x00,0x00,0x4c,0x8b,0x05,
0x9c,0x03,0x00,0x00,0x48,0x89,0x54,0x24,0x20,0x48,0x89,0x7c,0x24,0x28,0x48,0x89,
0x44,0x24,0x30,0x4c,0x89,0xc0,0x48,0x8b,0x8c,0x24,0x08,0x01,0x00,0x00,0x48,0x89,
0xda,0x49,0x89,0xe8,0x49,0x89,0xf1,0xff,0x10,0x8a,0x94,0x24,0xd8,0x02,0x00,0x00,
0x48,0x8d,0x84,0x24,0xf0,0x02,0x00,0x00,0x48,0x8b,0x0d,0xf9,0x02,0x00,0x00,0x48,
0x89,0x84,0x24,0xf0,0x00,0x00,0x00,0x48,0x89,0x8c,0x24,0x10,0x01,0x00,0x00,0x48,
0x8b,0x84,0x24,0x10,0x01,0x00,0x00,0x48,0x8b,0x8c,0x24,0xf0,0x00,0x00,0x00,0x88,
0x94,0x24,0x20,0x01,0x00,0x00,0xff,0x10,0x48,0x8d,0x84,0x24,0xe0,0x02,0x00,0x00,
0x48,0x8b,0x0d,0xc1,0x02,0x00,0x00,0x48,0x89,0x84,0x24,0x28,0x01,0x00,0x00,0x48,
0x89,0x8c,0x24,0x20,0x03,0x00,0x00,0x48,0x8b,0x84,0x24,0x20,0x03,0x00,0x00,0x48,
0x8b,0x8c,0x24,0x28,0x01,0x00,0x00,0xff,0x10,0x80,0xbc,0x24,0x20,0x01,0x00,0x00,
0x00,0x0f,0x84,0x46,0x00,0x00,0x00,0x48,0x8d,0x84,0x24,0xd8,0x02,0x00,0x00,0x48,
0x8b,0x4c,0x24,0x58,0x48,0x8d,0x11,0x48,0x8b,0x1d,0xea,0x02,0x00,0x00,0x48,0x89,
0xc1,0xff,0x13,0x8a,0x84,0x24,0xd8,0x02,0x00,0x00,0x3c,0x00,0x0f,0x84,0x16,0x00,
0x00,0x00,0x8b,0x05,0x18,0x02,0x00,0x00,0x4c,0x8b,0x8c,0x24,0xe8,0x01,0x00,0x00,
0x41,0x89,0x01,0xe9,0x00,0x00,0x00,0x00,0xe9,0x00,0x00,0x00,0x00,0x48,0x8b,0x4c,
0x24,0x58,0x48,0x8d,0x01,0x48,0x8b,0x15,0xb4,0x02,0x00,0x00,0x48,0x89,0xc1,0xff,
0x12,0x4c,0x8b,0x8c,0x24,0xe8,0x01,0x00,0x00,0x41,0x8b,0x01,0x3b,0x05,0x82,0x01,
0x00,0x00,0x0f,0x94,0xc0,0x3c,0x00,0x0f,0x84,0x27,0x00,0x00,0x00,0x48,0x8b,0x4c,
0x24,0x58,0x48,0x8d,0x01,0x4c,0x8b,0x84,0x24,0x00,0x02,0x00,0x00,0x49,0x8d,0x10,
0x4d,0x8d,0x01,0x48,0x8b,0x1d,0x7e,0x02,0x00,0x00,0x48,0x89,0xc1,0xff,0x13,0xe9,
0xb1,0x00,0x00,0x00,0x41,0x8b,0x01,0x3b,0x05,0x3b,0x01,0x00,0x00,0x0f,0x94,0xc0,
0x3c,0x00,0x0f,0x84,0x27,0x00,0x00,0x00,0x48,0x8b,0x4c,0x24,0x58,0x48,0x8d,0x01,
0x4c,0x8b,0x84,0x24,0x00,0x02,0x00,0x00,0x49,0x8d,0x10,0x4d,0x8d,0x01,0x48,0x8b,
0x1d,0x4b,0x02,0x00,0x00,0x48,0x89,0xc1,0xff,0x13,0xe9,0x76,0x00,0x00,0x00,0x41,
0x8b,0x01,0x3b,0x05,0x1c,0x01,0x00,0x00,0x0f,0x94,0xc0,0x3c,0x00,0x0f,0x84,0x27,
0x00,0x00,0x00,0x48,0x8b,0x4c,0x24,0x58,0x48,0x8d,0x01,0x4c,0x8b,0x84,0x24,0x00,
0x02,0x00,0x00,0x49,0x8d,0x10,0x4d,0x8d,0x01,0x48,0x8b,0x1d,0x18,0x02,0x00,0x00,
0x48,0x89,0xc1,0xff,0x13,0xe9,0x3b,0x00,0x00,0x00,0x41,0x8b,0x01,0x3b,0x05,0x2d,
0x01,0x00,0x00,0x0f,0x94,0xc0,0x3c,0x00,0x0f,0x84,0x27,0x00,0x00,0x00,0x48,0x8b,
0x4c,0x24,0x58,0x48,0x8d,0x01,0x4c,0x8b,0x84,0x24,0x00,0x02,0x00,0x00,0x49,0x8d,
0x10,0x4d,0x8d,0x01,0x48,0x8b,0x1d,0xe5,0x01,0x00,0x00,0x48,0x89,0xc1,0xff,0x13,
0xe9,0x00,0x00,0x00,0x00,0x48,0x8b,0x4c,0x24,0x58,0x48,0x8d,0x01,0x48,0x8b,0x15,
0xac,0x01,0x00,0x00,0x48,0x89,0xc1,0xff,0x12,0x48,0x8b,0x4c,0x24,0x58,0x8a,0x81,
0x18,0x08,0x00,0x00,0x3c,0x00,0x0f,0x84,0x24,0x00,0x00,0x00,0x48,0x8d,0x01,0x4c,
0x8b,0x8c,0x24,0xe8,0x01,0x00,0x00,0x49,0x8d,0x11,0x48,0x8b,0x1d,0xa7,0x01,0x00,
0x00,0x48,0x89,0xc1,0xff,0x13,0x48,0x8b,0x4c,0x24,0x58,0xe9,0x00,0x00,0x00,0x00,
0x48,0x8d,0x01,0x48,0x8b,0x15,0x96,0x01,0x00,0x00,0x48,0x89,0xc1,0xff,0x12,0xe9,
0x00,0x00,0x00,0x00,0x48,0x8b,0x4c,0x24,0x58,0x48,0x8d,0x09,0x48,0x8b,0x05,0x85,
0x01,0x00,0x00,0xff,0x10,0x48,0x81,0xc4,0x28,0x03,0x00,0x00,0x5f,0x5e,0x5d,0x5b,
0xc3,0x00,0x00,0x00,0x00,0x00,0x00,0x00,0x0b,0x00,0x00,0x00,0x75,0x69,0x5f,0x61,
0x6c,0x69,0x67,0x6e,0x65,0x72,0x00,0x61,0x01,0x00,0x00,0x00,0x6c,0x61,0x79,0x6f,
0x75,0x74,0x00,0x00,0x00,0x00,0x00,0x00,0x74,0x69,0x74,0x6c,0x65,0x5f,0x62,0x61,
0x72,0x00,0x00,0x00,0x02,0x00,0x00,0x00,0x67,0x65,0x6e,0x65,0x72,0x61,0x6c,0x5f,
0x74,0x61,0x62,0x00,0x24,0x00,0x00,0x00,0x67,0x72,0x61,0x70,0x68,0x69,0x63,0x73,
0x5f,0x74,0x61,0x62,0x00,0x61,0x76,0x65,0x27,0x00,0x00,0x00,0x61,0x75,0x64,0x69,
0x6f,0x5f,0x74,0x61,0x62,0x00,0x6b,0x67,0x28,0x00,0x00,0x00,0x63,0x6f,0x6e,0x74,
0x72,0x6f,0x6c,0x73,0x5f,0x74,0x61,0x62,0x00,0x61,0x64,0x69,0x29,0x00,0x00,0x00,
0x03,0x00,0x00,0x00,0x00,0x00,0x00,0x00,
};
constexpr int MENU_OPTIONS_STATE=11;
// Button returns hover/focus. Actual activation requires this native enter-event query.
static const unsigned char MENU_ENTER[]={0x53,0x48,0x83,0xec,0x30,0x48,0x89,0x4c,0x24,0x20,0x48,0x89,0x54,0x24,0x28,0x48,0x83,0xba,0xd8,0x00,0x00,0x00,0x00,0x0f,0x95,0xc0,0x3c,0x00,0x0f,0x84,0x2e,0x00,0x00,0x00,0x48,0x8b,0x82,0xd8,0x00,0x00,0x00,0x48,0x8d,0x09,0x48,0x8d,0x10,0x48,0x8b,0x00,0x48,0x8b,0x80,0x80,0x00,0x00,0x00,0x48,0x8b,0x1d,0x30,0x00,0x00,0x00,0x48,0x01,0xd8,0x48,0x8b,0x00,0x48,0x8b,0x00,0xff,0xd0,0xe9,0x0d,0x00,0x00,0x00,0x8a,0x05,0x12,0x00,0x00,0x00,0x88,0x01,0xe9,0x00,0x00,0x00,0x00,0x48,0x83,0xc4,0x30,0x5b,0xc3,0x00,0x00,0x00,0x00,0x00,0x00,0x00,0x00,0x00,0x00,0x00,0x00,0x00};

static const unsigned char MENU_TAB[]={0x53,0x55,0x56,0x57,0x48,0x83,0xec,0x78,0x48,0x8b,0x84,0x24,0xc0,0x00,0x00,0x00,0x48,0x8b,0x9c,0x24,0xc8,0x00,0x00,0x00,0x48,0x8b,0xb4,0x24,0xd0,0x00,0x00,0x00,0x48,0x89,0x4c,0x24,0x40,0x48,0x89,0x54,0x24,0x48,0x4c,0x89,0x44,0x24,0x50,0x4c,0x89,0x4c,0x24,0x58,0x48,0x89,0x44,0x24,0x60,0x48,0x89,0x5c,0x24,0x68,0x48,0x89,0x74,0x24,0x70,0x48,0x8d,0x09,0x48,0x8d,0x12,0x4d,0x8d,0x00,0x4d,0x8d,0x09,0x48,0x8d,0x00,0x48,0x8d,0x2b,0x48,0x8d,0x1e,0x48,0x8d,0x35,0x31,0x00,0x00,0x00,0x48,0x8b,0x3d,0x32,0x00,0x00,0x00,0x48,0x89,0x44,0x24,0x20,0x48,0x89,0x6c,0x24,0x28,0x48,0x89,0x5c,0x24,0x30,0x48,0x89,0x74,0x24,0x38,0xff,0x17,0xe9,0x00,0x00,0x00,0x00,0x48,0x83,0xc4,0x78,0x5f,0x5e,0x5d,0x5b,0xc3,0x00,0x00,0x00,0x00,0x00,0x00,0x00,0x00,0x00,0x00,0x00,0x00,0x00,0x00};

static const unsigned char MENU_LABEL[]={0x53,0x55,0x48,0x83,0xec,0x78,0x48,0x89,0x4c,0x24,0x20,0x48,0x89,0x54,0x24,0x28,0x4c,0x89,0x44,0x24,0x30,0x4c,0x89,0x4c,0x24,0x38,0x48,0xc7,0x44,0x24,0x40,0x00,0x00,0x00,0x00,0x48,0xc7,0x44,0x24,0x48,0x00,0x00,0x00,0x00,0x48,0x8d,0x44,0x24,0x40,0x48,0x8d,0x09,0x48,0x8d,0x12,0x48,0x8b,0x1d,0xa2,0x00,0x00,0x00,0x48,0x89,0x4c,0x24,0x50,0x48,0x89,0x54,0x24,0x58,0x4c,0x89,0x44,0x24,0x60,0x48,0x89,0xc1,0x48,0x8b,0x54,0x24,0x50,0x4c,0x8b,0x44,0x24,0x58,0x4c,0x89,0x4c,0x24,0x68,0xff,0x13,0x48,0x8b,0x44,0x24,0x48,0x48,0x8d,0x48,0x58,0x4c,0x8b,0x44,0x24,0x60,0x49,0x8d,0x10,0x48,0x8b,0x05,0x6f,0x00,0x00,0x00,0xff,0x10,0x48,0x8b,0x54,0x24,0x48,0x48,0x8b,0x1d,0x69,0x00,0x00,0x00,0x48,0x8b,0x2d,0x6a,0x00,0x00,0x00,0x48,0x8d,0x4a,0x1c,0x48,0x8b,0x05,0x67,0x00,0x00,0x00,0x48,0x89,0x54,0x24,0x70,0xff,0x10,0x48,0x8b,0x54,0x24,0x70,0x48,0x8d,0x4a,0x1c,0x48,0x8d,0x13,0x4c,0x8d,0x45,0x00,0x48,0x8b,0x05,0x51,0x00,0x00,0x00,0xff,0x10,0x48,0x8b,0x4c,0x24,0x48,0x4c,0x8b,0x4c,0x24,0x68,0x41,0x8a,0x01,0x88,0x41,0x50,0x48,0x8d,0x4c,0x24,0x40,0x48,0x8b,0x05,0x3b,0x00,0x00,0x00,0xff,0x10,0x48,0x83,0xc4,0x78,0x5d,0x5b,0xc3,0x00,0x00};

static const unsigned char MENU_SCROLL[]={0x53,0x55,0x56,0x57,0x48,0x81,0xec,0x98,0x00,0x00,0x00,0x48,0x8b,0x9c,0x24,0xe0,0x00,0x00,0x00,0x48,0x8b,0xac,0x24,0xe8,0x00,0x00,0x00,0x48,0x89,0x4c,0x24,0x20,0x48,0x89,0x54,0x24,0x28,0x4c,0x89,0x44,0x24,0x30,0x4c,0x89,0x4c,0x24,0x38,0x48,0x89,0x5c,0x24,0x40,0x48,0x89,0x6c,0x24,0x48,0x48,0xc7,0x44,0x24,0x50,0x00,0x00,0x00,0x00,0x48,0xc7,0x44,0x24,0x58,0x00,0x00,0x00,0x00,0x48,0x8d,0x44,0x24,0x50,0x48,0x8d,0x31,0x48,0x8d,0x12,0x48,0x8b,0x3d,0x03,0x01,0x00,0x00,0x48,0x89,0x4c,0x24,0x68,0x48,0x89,0x54,0x24,0x70,0x4c,0x89,0x44,0x24,0x78,0x48,0x89,0xc1,0x48,0x89,0xf2,0x4c,0x8b,0x44,0x24,0x70,0x4c,0x89,0x8c,0x24,0x80,0x00,0x00,0x00,0xff,0x17,0x48,0x8b,0x44,0x24,0x58,0x48,0x8d,0x40,0x1c,0x4c,0x8b,0x44,0x24,0x78,0x49,0x8d,0x10,0x48,0x8b,0x0d,0xcf,0x00,0x00,0x00,0x48,0x89,0x84,0x24,0x88,0x00,0x00,0x00,0x48,0x89,0x8c,0x24,0x90,0x00,0x00,0x00,0x48,0x8b,0x84,0x24,0x90,0x00,0x00,0x00,0x48,0x8b,0x8c,0x24,0x88,0x00,0x00,0x00,0xff,0x10,0x48,0x8b,0x54,0x24,0x58,0x8a,0x03,0x88,0x42,0x78,0x48,0x8b,0x54,0x24,0x58,0x4c,0x8b,0x8c,0x24,0x80,0x00,0x00,0x00,0x41,0x8b,0x01,0x89,0x82,0x88,0x00,0x00,0x00,0x48,0x8b,0x44,0x24,0x58,0x48,0x8d,0x4c,0x24,0x60,0x48,0x8d,0x10,0x48,0x8b,0x00,0x48,0x8b,0x80,0x80,0x00,0x00,0x00,0x48,0x8b,0x1d,0x77,0x00,0x00,0x00,0x48,0x01,0xd8,0x48,0x8b,0x00,0x48,0x8b,0x00,0xff,0xd0,0x8a,0x44,0x24,0x60,0x3c,0x00,0x0f,0x84,0x10,0x00,0x00,0x00,0x48,0x8b,0x44,0x24,0x58,0x8b,0x40,0x7c,0x89,0x45,0x00,0xe9,0x0b,0x00,0x00,0x00,0x48,0x8b,0x54,0x24,0x58,0x8b,0x45,0x00,0x89,0x42,0x7c,0x48,0x8b,0x4c,0x24,0x68,0x48,0x8d,0x09,0x48,0x8d,0x54,0x24,0x50,0x48,0x8b,0x05,0x39,0x00,0x00,0x00,0xff,0x10,0x48,0x8d,0x4c,0x24,0x50,0x48,0x8b,0x05,0x33,0x00,0x00,0x00,0xff,0x10,0x48,0x81,0xc4,0x98,0x00,0x00,0x00,0x5f,0x5e,0x5d,0x5b,0xc3,0x00,0x00,0x00,0x00,0x00};

static const unsigned char MENU_DIGITAL[]={
0x53,0x55,0x56,0x57,0x41,0x54,0x41,0x55,0x41,0x56,0x41,0x57,0x48,0x81,0xec,0x88,
0x08,0x00,0x00,0x4c,0x8b,0xac,0x24,0xf0,0x08,0x00,0x00,0x4c,0x8b,0xb4,0x24,0xf8,
0x08,0x00,0x00,0x4c,0x8b,0xa4,0x24,0x00,0x09,0x00,0x00,0x4c,0x8b,0x9c,0x24,0x08,
0x09,0x00,0x00,0x4c,0x8b,0xbc,0x24,0x10,0x09,0x00,0x00,0x48,0x89,0x8c,0x24,0x50,
0x07,0x00,0x00,0x48,0x89,0x94,0x24,0x58,0x07,0x00,0x00,0x4c,0x89,0x84,0x24,0x60,
0x07,0x00,0x00,0x4c,0x89,0x8c,0x24,0x68,0x07,0x00,0x00,0x4c,0x89,0xac,0x24,0x70,
0x07,0x00,0x00,0x4c,0x89,0xb4,0x24,0x78,0x07,0x00,0x00,0x4c,0x89,0xa4,0x24,0x80,
0x07,0x00,0x00,0x4c,0x89,0x9c,0x24,0x88,0x07,0x00,0x00,0x4c,0x89,0xbc,0x24,0x90,
0x07,0x00,0x00,0x48,0x8d,0x84,0x24,0x98,0x07,0x00,0x00,0x48,0x8d,0x1d,0x56,0x22,
0x00,0x00,0x48,0x8b,0x2d,0xe7,0x22,0x00,0x00,0x48,0x89,0x4c,0x24,0x58,0x48,0x89,
0x94,0x24,0x30,0x05,0x00,0x00,0x48,0x89,0xc1,0x48,0x89,0xda,0x4c,0x89,0x84,0x24,
0x28,0x05,0x00,0x00,0x4c,0x89,0x8c,0x24,0x20,0x05,0x00,0x00,0x4c,0x89,0x9c,0x24,
0x18,0x05,0x00,0x00,0xff,0x55,0x00,0x48,0x8d,0x84,0x24,0xa8,0x07,0x00,0x00,0x48,
0x8b,0x0d,0xb2,0x22,0x00,0x00,0x48,0x89,0x84,0x24,0x08,0x05,0x00,0x00,0x48,0x89,
0x8c,0x24,0xd8,0x04,0x00,0x00,0x48,0x8b,0x84,0x24,0xd8,0x04,0x00,0x00,0x48,0x8b,
0x8c,0x24,0x08,0x05,0x00,0x00,0xff,0x10,0x48,0x8d,0x84,0x24,0xa8,0x07,0x00,0x00,
0x4c,0x8b,0x84,0x24,0x28,0x05,0x00,0x00,0x49,0x8d,0x08,0x48,0x8b,0x15,0x7e,0x22,
0x00,0x00,0x48,0x89,0x84,0x24,0x00,0x05,0x00,0x00,0x48,0x89,0x8c,0x24,0xf8,0x04,
0x00,0x00,0x48,0x89,0x94,0x24,0xf0,0x04,0x00,0x00,0x48,0x8b,0x84,0x24,0xf0,0x04,
0x00,0x00,0x48,0x8b,0x8c,0x24,0x00,0x05,0x00,0x00,0x48,0x8b,0x94,0x24,0xf8,0x04,
0x00,0x00,0xff,0x10,0x48,0x8d,0x84,0x24,0xb8,0x07,0x00,0x00,0x48,0x8b,0x0d,0x35,
0x22,0x00,0x00,0x48,0x89,0x84,0x24,0xe8,0x04,0x00,0x00,0x48,0x89,0x8c,0x24,0x38,
0x05,0x00,0x00,0x48,0x8b,0x84,0x24,0x38,0x05,0x00,0x00,0x48,0x8b,0x8c,0x24,0xe8,
0x04,0x00,0x00,0xff,0x10,0x48,0x8d,0x84,0x24,0x98,0x07,0x00,0x00,0x48,0x8d,0x8c,
0x24,0xa8,0x07,0x00,0x00,0x48,0x8b,0x15,0x0c,0x22,0x00,0x00,0x48,0x89,0x84,0x24,
0x10,0x05,0x00,0x00,0x48,0x89,0x8c,0x24,0x40,0x05,0x00,0x00,0x48,0x89,0x94,0x24,
0x50,0x05,0x00,0x00,0x48,0x8b,0x84,0x24,0x50,0x05,0x00,0x00,0x48,0x8b,0x8c,0x24,
0xe8,0x04,0x00,0x00,0x48,0x8b,0x94,0x24,0x10,0x05,0x00,0x00,0x4c,0x8b,0x84,0x24,
0x40,0x05,0x00,0x00,0xff,0x10,0x48,0x8b,0x1d,0xd3,0x21,0x00,0x00,0x48,0x8d,0x84,
0x24,0xc8,0x07,0x00,0x00,0x48,0x8b,0x0d,0xac,0x21,0x00,0x00,0x48,0x89,0x84,0x24,
0xa8,0x05,0x00,0x00,0x48,0x89,0x8c,0x24,0xa0,0x05,0x00,0x00,0x48,0x8b,0x84,0x24,
0xa0,0x05,0x00,0x00,0x48,0x8b,0x8c,0x24,0xa8,0x05,0x00,0x00,0xff,0x10,0x48,0x8d,
0x84,0x24,0xc8,0x07,0x00,0x00,0x48,0x8d,0x0b,0x48,0x8b,0x94,0x24,0x30,0x05,0x00,
0x00,0x48,0x8d,0x5a,0x08,0x48,0x8b,0x2d,0x8c,0x21,0x00,0x00,0x48,0x89,0x8c,0x24,
0x98,0x05,0x00,0x00,0x48,0x89,0xc1,0x48,0x8b,0x94,0x24,0x98,0x05,0x00,0x00,0x49,
0x89,0xd8,0xff,0x55,0x00,0x48,0x8b,0x4c,0x24,0x58,0x48,0x8d,0x01,0x48,0x8d,0x94,
0x24,0xb8,0x07,0x00,0x00,0x48,0x8d,0x9c,0x24,0xc8,0x07,0x00,0x00,0x48,0x8d,0x2d,
0x9a,0x20,0x00,0x00,0x48,0x8b,0x35,0x55,0x21,0x00,0x00,0x48,0x89,0xc1,0x49,0x89,
0xd8,0x49,0x89,0xe9,0xff,0x16,0x48,0x8d,0x84,0x24,0xc8,0x07,0x00,0x00,0x48,0x8b,
0x0d,0x43,0x21,0x00,0x00,0x48,0x89,0x84,0x24,0x90,0x05,0x00,0x00,0x48,0x89,0x8c,
0x24,0x88,0x05,0x00,0x00,0x48,0x8b,0x84,0x24,0x88,0x05,0x00,0x00,0x48,0x8b,0x8c,
0x24,0x90,0x05,0x00,0x00,0xff,0x10,0x48,0x8d,0x84,0x24,0xb8,0x07,0x00,0x00,0x48,
0x8b,0x0d,0x12,0x21,0x00,0x00,0x48,0x89,0x84,0x24,0x78,0x05,0x00,0x00,0x48,0x89,
0x8c,0x24,0x48,0x05,0x00,0x00,0x48,0x8b,0x84,0x24,0x48,0x05,0x00,0x00,0x48,0x8b,
0x8c,0x24,0x78,0x05,0x00,0x00,0xff,0x10,0x48,0x8d,0x84,0x24,0xa8,0x07,0x00,0x00,
0x48,0x8b,0x0d,0xe1,0x20,0x00,0x00,0x48,0x89,0x84,0x24,0x70,0x05,0x00,0x00,0x48,
0x89,0x8c,0x24,0x68,0x05,0x00,0x00,0x48,0x8b,0x84,0x24,0x68,0x05,0x00,0x00,0x48,
0x8b,0x8c,0x24,0x70,0x05,0x00,0x00,0xff,0x10,0x48,0x8d,0x84,0x24,0x98,0x07,0x00,
0x00,0x48,0x8b,0x0d,0xb0,0x20,0x00,0x00,0x48,0x89,0x84,0x24,0x60,0x05,0x00,0x00,
0x48,0x89,0x8c,0x24,0x58,0x05,0x00,0x00,0x48,0x8b,0x84,0x24,0x58,0x05,0x00,0x00,
0x48,0x8b,0x8c,0x24,0x60,0x05,0x00,0x00,0xff,0x10,0x48,0x8d,0x84,0x24,0x98,0x07,
0x00,0x00,0x48,0x8d,0x0d,0xb6,0x1f,0x00,0x00,0x48,0x8b,0x15,0x40,0x20,0x00,0x00,
0x48,0x89,0x84,0x24,0xe0,0x04,0x00,0x00,0x48,0x89,0x8c,0x24,0xd0,0x04,0x00,0x00,
0x48,0x89,0x94,0x24,0x98,0x04,0x00,0x00,0x48,0x8b,0x84,0x24,0x98,0x04,0x00,0x00,
0x48,0x8b,0x8c,0x24,0xe0,0x04,0x00,0x00,0x48,0x8b,0x94,0x24,0xd0,0x04,0x00,0x00,
0xff,0x10,0x48,0x8d,0x84,0x24,0xa8,0x07,0x00,0x00,0x48,0x8b,0x0d,0x07,0x20,0x00,
0x00,0x48,0x89,0x84,0x24,0xc8,0x04,0x00,0x00,0x48,0x89,0x8c,0x24,0x48,0x04,0x00,
0x00,0x48,0x8b,0x84,0x24,0x48,0x04,0x00,0x00,0x48,0x8b,0x8c,0x24,0xc8,0x04,0x00,
0x00,0xff,0x10,0x48,0x8d,0x84,0x24,0xa8,0x07,0x00,0x00,0x4c,0x8b,0x84,0x24,0x28,
0x05,0x00,0x00,0x49,0x8d,0x08,0x48,0x8b,0x15,0xd3,0x1f,0x00,0x00,0x48,0x89,0x84,
0x24,0x40,0x04,0x00,0x00,0x48,0x89,0x8c,0x24,0x38,0x04,0x00,0x00,0x48,0x89,0x94,
0x24,0x30,0x04,0x00,0x00,0x48,0x8b,0x84,0x24,0x30,0x04,0x00,0x00,0x48,0x8b,0x8c,
0x24,0x40,0x04,0x00,0x00,0x48,0x8b,0x94,0x24,0x38,0x04,0x00,0x00,0xff,0x10,0x48,
0x8d,0x84,0x24,0xb8,0x07,0x00,0x00,0x48,0x8b,0x0d,0x8a,0x1f,0x00,0x00,0x48,0x89,
0x84,0x24,0x20,0x04,0x00,0x00,0x48,0x89,0x8c,0x24,0xf0,0x03,0x00,0x00,0x48,0x8b,
0x84,0x24,0xf0,0x03,0x00,0x00,0x48,0x8b,0x8c,0x24,0x20,0x04,0x00,0x00,0xff,0x10,
0x48,0x8d,0x84,0x24,0x98,0x07,0x00,0x00,0x48,0x8d,0x8c,0x24,0xa8,0x07,0x00,0x00,
0x48,0x8b,0x15,0x61,0x1f,0x00,0x00,0x48,0x89,0x84,0x24,0x18,0x04,0x00,0x00,0x48,
0x89,0x8c,0x24,0x10,0x04,0x00,0x00,0x48,0x89,0x94,0x24,0x08,0x04,0x00,0x00,0x48,
0x8b,0x84,0x24,0x08,0x04,0x00,0x00,0x48,0x8b,0x8c,0x24,0x20,0x04,0x00,0x00,0x48,
0x8b,0x94,0x24,0x18,0x04,0x00,0x00,0x4c,0x8b,0x84,0x24,0x10,0x04,0x00,0x00,0xff,
0x10,0x48,0x8b,0x1d,0x48,0x1f,0x00,0x00,0x48,0x8b,0x05,0x49,0x1f,0x00,0x00,0x48,
0x8d,0x8c,0x24,0xc8,0x07,0x00,0x00,0x48,0x8d,0x13,0x48,0x8d,0x00,0x48,0x8b,0x1d,
0x3c,0x1f,0x00,0x00,0x49,0x89,0xc0,0xff,0x13,0x48,0x8d,0x84,0x24,0xd0,0x07,0x00,
0x00,0x48,0x8b,0x0d,0x30,0x1f,0x00,0x00,0x48,0x89,0x84,0x24,0x00,0x04,0x00,0x00,
0x48,0x89,0x8c,0x24,0x50,0x04,0x00,0x00,0x48,0x8b,0x84,0x24,0x50,0x04,0x00,0x00,
0x48,0x8b,0x8c,0x24,0x00,0x04,0x00,0x00,0xff,0x10,0x48,0x8b,0x4c,0x24,0x58,0x48,
0x8d,0x01,0x48,0x8d,0x94,0x24,0xb8,0x07,0x00,0x00,0x48,0x8d,0x9c,0x24,0xc8,0x07,
0x00,0x00,0x48,0x8d,0x2d,0x1f,0x1e,0x00,0x00,0x48,0x8d,0x35,0x18,0x1e,0x00,0x00,
0x48,0x8d,0x3d,0x11,0x1e,0x00,0x00,0x4c,0x8d,0x84,0x24,0xd0,0x07,0x00,0x00,0x4c,
0x8d,0x0d,0x06,0x1e,0x00,0x00,0x4c,0x8b,0x15,0xd3,0x1e,0x00,0x00,0x48,0x89,0x74,
0x24,0x20,0x48,0x89,0x7c,0x24,0x28,0x4c,0x89,0x44,0x24,0x30,0x4c,0x89,0x4c,0x24,
0x38,0x48,0x89,0xc1,0x49,0x89,0xd8,0x49,0x89,0xe9,0x41,0xff,0x12,0x48,0x8d,0x84,
0x24,0xd0,0x07,0x00,0x00,0x48,0x8b,0x0d,0xac,0x1e,0x00,0x00,0x48,0x89,0x84,0x24,
0x28,0x04,0x00,0x00,0x48,0x89,0x8c,0x24,0x58,0x04,0x00,0x00,0x48,0x8b,0x84,0x24,
0x58,0x04,0x00,0x00,0x48,0x8b,0x8c,0x24,0x28,0x04,0x00,0x00,0xff,0x10,0x48,0x8d,
0x84,0x24,0xc8,0x07,0x00,0x00,0x48,0x8b,0x0d,0x7b,0x1e,0x00,0x00,0x48,0x89,0x84,
0x24,0x68,0x04,0x00,0x00,0x48,0x89,0x8c,0x24,0xc0,0x04,0x00,0x00,0x48,0x8b,0x84,
0x24,0xc0,0x04,0x00,0x00,0x48,0x8b,0x8c,0x24,0x68,0x04,0x00,0x00,0xff,0x10,0x48,
0x8d,0x84,0x24,0xb8,0x07,0x00,0x00,0x48,0x8b,0x0d,0x1a,0x1e,0x00,0x00,0x48,0x89,
0x84,0x24,0xb8,0x04,0x00,0x00,0x48,0x89,0x8c,0x24,0xb0,0x04,0x00,0x00,0x48,0x8b,
0x84,0x24,0xb0,0x04,0x00,0x00,0x48,0x8b,0x8c,0x24,0xb8,0x04,0x00,0x00,0xff,0x10,
0x48,0x8d,0x84,0x24,0xa8,0x07,0x00,0x00,0x48,0x8b,0x0d,0xe9,0x1d,0x00,0x00,0x48,
0x89,0x84,0x24,0xa8,0x04,0x00,0x00,0x48,0x89,0x8c,0x24,0xa0,0x04,0x00,0x00,0x48,
0x8b,0x84,0x24,0xa0,0x04,0x00,0x00,0x48,0x8b,0x8c,0x24,0xa8,0x04,0x00,0x00,0xff,
0x10,0x48,0x8d,0x84,0x24,0x98,0x07,0x00,0x00,0x48,0x8b,0x0d,0xb8,0x1d,0x00,0x00,
0x48,0x89,0x84,0x24,0x90,0x04,0x00,0x00,0x48,0x89,0x8c,0x24,0x60,0x04,0x00,0x00,
0x48,0x8b,0x84,0x24,0x60,0x04,0x00,0x00,0x48,0x8b,0x8c,0x24,0x90,0x04,0x00,0x00,
0xff,0x10,0x48,0x8d,0x84,0x24,0xa0,0x07,0x00,0x00,0x48,0x8d,0x0d,0xdf,0x1c,0x00,
0x00,0x48,0x8b,0x15,0x48,0x1d,0x00,0x00,0x48,0x89,0x84,0x24,0x88,0x04,0x00,0x00,
0x48,0x89,0x8c,0x24,0x80,0x04,0x00,0x00,0x48,0x89,0x94,0x24,0x78,0x04,0x00,0x00,
0x48,0x8b,0x84,0x24,0x78,0x04,0x00,0x00,0x48,0x8b,0x8c,0x24,0x88,0x04,0x00,0x00,
0x48,0x8b,0x94,0x24,0x80,0x04,0x00,0x00,0xff,0x10,0x48,0x8d,0x84,0x24,0xb0,0x07,
0x00,0x00,0x48,0x8b,0x0d,0x0f,0x1d,0x00,0x00,0x48,0x89,0x84,0x24,0x70,0x04,0x00,
0x00,0x48,0x89,0x8c,0x24,0xb0,0x05,0x00,0x00,0x48,0x8b,0x84,0x24,0xb0,0x05,0x00,
0x00,0x48,0x8b,0x8c,0x24,0x70,0x04,0x00,0x00,0xff,0x10,0x48,0x8d,0x84,0x24,0xb0,
0x07,0x00,0x00,0x4c,0x8b,0x84,0x24,0x28,0x05,0x00,0x00,0x49,0x8d,0x08,0x48,0x8b,
0x15,0xdb,0x1c,0x00,0x00,0x48,0x89,0x84,0x24,0x80,0x05,0x00,0x00,0x48,0x89,0x8c,
0x24,0xb8,0x05,0x00,0x00,0x48,0x89,0x94,0x24,0xc8,0x05,0x00,0x00,0x48,0x8b,0x84,
0x24,0xc8,0x05,0x00,0x00,0x48,0x8b,0x8c,0x24,0x80,0x05,0x00,0x00,0x48,0x8b,0x94,
0x24,0xb8,0x05,0x00,0x00,0xff,0x10,0x48,0x8d,0x84,0x24,0xc0,0x07,0x00,0x00,0x48,
0x8b,0x0d,0x92,0x1c,0x00,0x00,0x48,0x89,0x84,0x24,0x00,0x07,0x00,0x00,0x48,0x89,
0x8c,0x24,0xf8,0x06,0x00,0x00,0x48,0x8b,0x84,0x24,0xf8,0x06,0x00,0x00,0x48,0x8b,
0x8c,0x24,0x00,0x07,0x00,0x00,0xff,0x10,0x48,0x8d,0x84,0x24,0xa0,0x07,0x00,0x00,
0x48,0x8d,0x8c,0x24,0xb0,0x07,0x00,0x00,0x48,0x8b,0x15,0x69,0x1c,0x00,0x00,0x48,
0x89,0x84,0x24,0xf0,0x06,0x00,0x00,0x48,0x89,0x8c,0x24,0xe8,0x06,0x00,0x00,0x48,
0x89,0x94,0x24,0xd8,0x06,0x00,0x00,0x48,0x8b,0x84,0x24,0xd8,0x06,0x00,0x00,0x48,
0x8b,0x8c,0x24,0x00,0x07,0x00,0x00,0x48,0x8b,0x94,0x24,0xf0,0x06,0x00,0x00,0x4c,
0x8b,0x84,0x24,0xe8,0x06,0x00,0x00,0xff,0x10,0x48,0x8d,0x84,0x24,0xd0,0x07,0x00,
0x00,0x48,0x8d,0x0d,0x76,0x1b,0x00,0x00,0x48,0x8b,0x15,0x01,0x1c,0x00,0x00,0x48,
0x89,0x84,0x24,0xa8,0x06,0x00,0x00,0x48,0x89,0x8c,0x24,0xd0,0x06,0x00,0x00,0x48,
0x89,0x94,0x24,0xc8,0x06,0x00,0x00,0x48,0x8b,0x84,0x24,0xc8,0x06,0x00,0x00,0x48,
0x8b,0x8c,0x24,0xa8,0x06,0x00,0x00,0x48,0x8b,0x94,0x24,0xd0,0x06,0x00,0x00,0xff,
0x10,0x48,0x8b,0x05,0x10,0x1c,0x00,0x00,0x48,0x8d,0x8c,0x24,0xe0,0x07,0x00,0x00,
0x48,0x8d,0x15,0x61,0x1b,0x00,0x00,0x48,0x8d,0x00,0x48,0x8b,0x1d,0xff,0x1b,0x00,
0x00,0x49,0x89,0xc0,0xff,0x13,0x48,0x8b,0x05,0x13,0x1c,0x00,0x00,0x48,0x8d,0x8c,
0x24,0xec,0x07,0x00,0x00,0x48,0x8d,0x00,0x4c,0x8b,0x84,0x24,0x28,0x05,0x00,0x00,
0x49,0x8d,0x10,0x48,0x8b,0x1d,0xd6,0x1b,0x00,0x00,0x48,0x89,0x94,0x24,0xc0,0x06,
0x00,0x00,0x48,0x89,0xc2,0x4c,0x8b,0x84,0x24,0xc0,0x06,0x00,0x00,0xff,0x13,0x48,
0x8d,0x84,0x24,0xe8,0x07,0x00,0x00,0x4c,0x8b,0x9c,0x24,0x18,0x05,0x00,0x00,0x49,
0x8d,0x4b,0x24,0x48,0x8d,0x94,0x24,0xec,0x07,0x00,0x00,0x48,0x8b,0x1d,0xc6,0x1b,
0x00,0x00,0x48,0x89,0x8c,0x24,0xb8,0x06,0x00,0x00,0x48,0x89,0x94,0x24,0x08,0x07,
0x00,0x00,0x48,0x89,0xc1,0x48,0x8b,0x94,0x24,0xb8,0x06,0x00,0x00,0x4c,0x8b,0x84,
0x24,0x08,0x07,0x00,0x00,0xff,0x13,0x48,0x8d,0x84,0x24,0x98,0x07,0x00,0x00,0x48,
0x8b,0x4c,0x24,0x58,0x48,0x8d,0x11,0x48,0x8d,0x9c,0x24,0xc0,0x07,0x00,0x00,0x48,
0x8d,0xac,0x24,0xd0,0x07,0x00,0x00,0x48,0x8d,0xb4,0x24,0xe0,0x07,0x00,0x00,0x48,
0x8d,0xb9,0x68,0x04,0x00,0x00,0x4c,0x8d,0x05,0x61,0x1a,0x00,0x00,0x4c,0x8d,0x8c,
0x24,0xe8,0x07,0x00,0x00,0x4c,0x8b,0x15,0x64,0x1b,0x00,0x00,0x48,0x89,0x74,0x24,
0x20,0x48,0x89,0x7c,0x24,0x28,0x4c,0x89,0x44,0x24,0x30,0x4c,0x89,0x4c,0x24,0x38,
0x48,0x89,0xc1,0x49,0x89,0xd8,0x49,0x89,0xe9,0x41,0xff,0x12,0x8a,0x9c,0x24,0x98,
0x07,0x00,0x00,0x48,0x8d,0x84,0x24,0xec,0x07,0x00,0x00,0x48,0x8b,0x0d,0x16,0x1b,
0x00,0x00,0x48,0x89,0x84,0x24,0xe0,0x06,0x00,0x00,0x48,0x89,0x8c,0x24,0x10,0x07,
0x00,0x00,0x48,0x8b,0x84,0x24,0x10,0x07,0x00,0x00,0x48,0x8b,0x8c,0x24,0xe0,0x06,
0x00,0x00,0xff,0x10,0x48,0x8d,0x84,0x24,0xe0,0x07,0x00,0x00,0x48,0x8b,0x0d,0xe5,
0x1a,0x00,0x00,0x48,0x89,0x84,0x24,0x20,0x07,0x00,0x00,0x48,0x89,0x8c,0x24,0x70,
0x08,0x00,0x00,0x48,0x8b,0x84,0x24,0x70,0x08,0x00,0x00,0x48,0x8b,0x8c,0x24,0x20,
0x07,0x00,0x00,0xff,0x10,0x48,0x8d,0x84,0x24,0xd0,0x07,0x00,0x00,0x48,0x8b,0x0d,
0x84,0x1a,0x00,0x00,0x48,0x89,0x84,0x24,0x68,0x08,0x00,0x00,0x48,0x89,0x8c,0x24,
0x60,0x08,0x00,0x00,0x48,0x8b,0x84,0x24,0x60,0x08,0x00,0x00,0x48,0x8b,0x8c,0x24,
0x68,0x08,0x00,0x00,0xff,0x10,0x48,0x8d,0x84,0x24,0xc0,0x07,0x00,0x00,0x48,0x8b,
0x0d,0x53,0x1a,0x00,0x00,0x48,0x89,0x84,0x24,0x58,0x08,0x00,0x00,0x48,0x89,0x8c,
0x24,0x50,0x08,0x00,0x00,0x48,0x8b,0x84,0x24,0x50,0x08,0x00,0x00,0x48,0x8b,0x8c,
0x24,0x58,0x08,0x00,0x00,0xff,0x10,0x48,0x8d,0x84,0x24,0xb0,0x07,0x00,0x00,0x48,
0x8b,0x0d,0x22,0x1a,0x00,0x00,0x48,0x89,0x84,0x24,0x48,0x07,0x00,0x00,0x48,0x89,
0x8c,0x24,0x18,0x07,0x00,0x00,0x48,0x8b,0x84,0x24,0x18,0x07,0x00,0x00,0x48,0x8b,
0x8c,0x24,0x48,0x07,0x00,0x00,0xff,0x10,0x48,0x8d,0x84,0x24,0xa0,0x07,0x00,0x00,
0x48,0x8b,0x0d,0xf1,0x19,0x00,0x00,0x48,0x89,0x84,0x24,0x40,0x07,0x00,0x00,0x48,
0x89,0x8c,0x24,0x38,0x07,0x00,0x00,0x48,0x8b,0x84,0x24,0x38,0x07,0x00,0x00,0x48,
0x8b,0x8c,0x24,0x40,0x07,0x00,0x00,0xff,0x10,0x80,0xfb,0x00,0x0f,0x84,0x10,0x01,
0x00,0x00,0x48,0x8b,0x94,0x24,0x30,0x05,0x00,0x00,0x8b,0x02,0x48,0x8b,0x4c,0x24,
0x58,0x48,0x8d,0x19,0x4c,0x8b,0x9c,0x24,0x18,0x05,0x00,0x00,0x49,0x8d,0x2b,0x89,
0x84,0x24,0x98,0x07,0x00,0x00,0x48,0x8d,0x84,0x24,0x98,0x07,0x00,0x00,0x48,0x8b,
0x35,0xe3,0x19,0x00,0x00,0x48,0x89,0xd9,0x48,0x89,0xea,0x49,0x89,0xc0,0xff,0x16,
0x48,0x8b,0x4c,0x24,0x58,0x48,0x8d,0x01,0x49,0x8d,0x14,0x24,0x4c,0x8b,0x8c,0x24,
0x20,0x05,0x00,0x00,0x49,0x8d,0x19,0x49,0x8d,0x6d,0x00,0x49,0x8d,0x36,0x4c,0x8b,
0x9c,0x24,0x18,0x05,0x00,0x00,0x49,0x8d,0x7b,0x28,0x4d,0x8d,0x43,0x20,0x4c,0x8b,
0x15,0xab,0x19,0x00,0x00,0x48,0x89,0x74,0x24,0x20,0x48,0x89,0x7c,0x24,0x28,0x4c,
0x89,0x44,0x24,0x30,0x48,0x89,0xc1,0x49,0x89,0xd8,0x49,0x89,0xe9,0x41,0xff,0x12,
0x48,0x8b,0x4c,0x24,0x58,0x48,0x8d,0x01,0x4c,0x8b,0x9c,0x24,0x18,0x05,0x00,0x00,
0x49,0x8d,0x53,0x24,0x48,0x8b,0x1d,0x7d,0x19,0x00,0x00,0x48,0x89,0xc1,0xff,0x13,
0x48,0x8d,0x84,0x24,0x9c,0x07,0x00,0x00,0x48,0x8b,0x4c,0x24,0x58,0x48,0x8d,0x11,
0x48,0x8b,0x1d,0x69,0x19,0x00,0x00,0x48,0x89,0xc1,0xff,0x13,0x8a,0x84,0x24,0x9c,
0x07,0x00,0x00,0x3c,0x00,0x0f,0x84,0x32,0x00,0x00,0x00,0x8b,0x05,0x57,0x18,0x00,
0x00,0x4c,0x8b,0x9c,0x24,0x18,0x05,0x00,0x00,0x41,0x89,0x43,0x34,0x48,0x8b,0x4c,
0x24,0x58,0x48,0x8d,0x01,0x48,0x8d,0x15,0x40,0x18,0x00,0x00,0x48,0x8b,0x1d,0x35,
0x19,0x00,0x00,0x48,0x89,0xc1,0xff,0x13,0xe9,0x00,0x00,0x00,0x00,0xe9,0x00,0x00,
0x00,0x00,0x48,0x8b,0x1d,0x27,0x19,0x00,0x00,0x4c,0x8b,0x9c,0x24,0x18,0x05,0x00,
0x00,0x41,0x8b,0x43,0x24,0x3b,0x03,0x0f,0x9d,0xc0,0x3c,0x00,0x0f,0x84,0x32,0x00,
0x00,0x00,0x48,0x8b,0x05,0x0f,0x19,0x00,0x00,0x8b,0x00,0x41,0x3b,0x43,0x24,0x0f,
0x9d,0xc0,0x3c,0x00,0x0f,0x84,0x0d,0x00,0x00,0x00,0xc6,0x84,0x24,0x9c,0x07,0x00,
0x00,0x01,0xe9,0x1a,0x00,0x00,0x00,0xc6,0x84,0x24,0x9c,0x07,0x00,0x00,0x00,0xe9,
0x0d,0x00,0x00,0x00,0xc6,0x84,0x24,0x9c,0x07,0x00,0x00,0x00,0xe9,0x00,0x00,0x00,
0x00,0x41,0x8b,0x43,0x28,0x4c,0x8b,0x84,0x24,0x28,0x05,0x00,0x00,0x41,0x3b,0x00,
0x0f,0x94,0x84,0x24,0x9d,0x07,0x00,0x00,0x48,0x8d,0x84,0x24,0xa0,0x07,0x00,0x00,
0x48,0x8b,0x0d,0x01,0x18,0x00,0x00,0x48,0x89,0x84,0x24,0x30,0x07,0x00,0x00,0x48,
0x89,0x8c,0x24,0x28,0x07,0x00,0x00,0x48,0x8b,0x84,0x24,0x28,0x07,0x00,0x00,0x48,
0x8b,0x8c,0x24,0x30,0x07,0x00,0x00,0xff,0x10,0x48,0x8d,0x84,0x24,0xa0,0x07,0x00,
0x00,0x48,0x8b,0x4c,0x24,0x58,0x48,0x8d,0x11,0x48,0x89,0x94,0x24,0xb0,0x06,0x00,
0x00,0x48,0x8b,0x94,0x24,0x30,0x05,0x00,0x00,0x48,0x8d,0x1a,0x48,0x8b,0x2d,0x6d,
0x18,0x00,0x00,0x48,0x89,0xc1,0x48,0x8b,0x94,0x24,0xb0,0x06,0x00,0x00,0x49,0x89,
0xd8,0xff,0x55,0x00,0x48,0x8b,0x94,0x24,0x30,0x05,0x00,0x00,0x8b,0x02,0x89,0xc3,
0x48,0x8d,0x84,0x24,0xb0,0x07,0x00,0x00,0x48,0x8b,0x0d,0x49,0x18,0x00,0x00,0x48,
0x89,0x84,0x24,0xa0,0x06,0x00,0x00,0x48,0x89,0x8c,0x24,0x68,0x06,0x00,0x00,0x48,
0x8b,0x84,0x24,0x68,0x06,0x00,0x00,0x48,0x8b,0x8c,0x24,0xa0,0x06,0x00,0x00,0xff,
0x10,0x48,0x8d,0x84,0x24,0xb0,0x07,0x00,0x00,0x48,0x8b,0x4c,0x24,0x58,0x48,0x8d,
0x11,0x4c,0x8b,0x9c,0x24,0x18,0x05,0x00,0x00,0x49,0x8d,0x2b,0x89,0x9c,0x24,0xb4,
0x07,0x00,0x00,0x48,0x8d,0x9c,0x24,0xb4,0x07,0x00,0x00,0x48,0x8b,0x35,0xfe,0x17,
0x00,0x00,0x48,0x89,0xc1,0x49,0x89,0xe8,0x49,0x89,0xd9,0xff,0x16,0x48,0x8b,0x05,
0xf4,0x17,0x00,0x00,0x48,0x8d,0x8c,0x24,0xb8,0x07,0x00,0x00,0x48,0x8d,0x94,0x24,
0xb0,0x07,0x00,0x00,0x48,0x8d,0x00,0x48,0x8b,0x1d,0xe2,0x17,0x00,0x00,0x49,0x89,
0xc0,0xff,0x13,0x8a,0x84,0x24,0xb8,0x07,0x00,0x00,0x3c,0x00,0x0f,0x84,0x0e,0x00,
0x00,0x00,0x8a,0x05,0x56,0x16,0x00,0x00,0x41,0x88,0x07,0xe9,0x00,0x00,0x00,0x00,
0x48,0x8d,0x84,0x24,0xc0,0x07,0x00,0x00,0x48,0x8d,0x0d,0x81,0x16,0x00,0x00,0x48,
0x8b,0x15,0xca,0x16,0x00,0x00,0x48,0x89,0x84,0x24,0x98,0x06,0x00,0x00,0x48,0x89,
0x8c,0x24,0x18,0x06,0x00,0x00,0x48,0x89,0x94,0x24,0x10,0x06,0x00,0x00,0x48,0x8b,
0x84,0x24,0x10,0x06,0x00,0x00,0x48,0x8b,0x8c,0x24,0x98,0x06,0x00,0x00,0x48,0x8b,
0x94,0x24,0x18,0x06,0x00,0x00,0xff,0x10,0x48,0x8d,0x84,0x24,0xd0,0x07,0x00,0x00,
0x48,0x8b,0x0d,0x91,0x16,0x00,0x00,0x48,0x89,0x84,0x24,0x08,0x06,0x00,0x00,0x48,
0x89,0x8c,0x24,0x00,0x06,0x00,0x00,0x48,0x8b,0x84,0x24,0x00,0x06,0x00,0x00,0x48,
0x8b,0x8c,0x24,0x08,0x06,0x00,0x00,0xff,0x10,0x48,0x8d,0x84,0x24,0xd0,0x07,0x00,
0x00,0x4c,0x8b,0x84,0x24,0x28,0x05,0x00,0x00,0x49,0x8d,0x08,0x48,0x8b,0x15,0x5d,
0x16,0x00,0x00,0x48,0x89,0x84,0x24,0xf0,0x05,0x00,0x00,0x48,0x89,0x8c,0x24,0xc0,
0x05,0x00,0x00,0x48,0x89,0x94,0x24,0xe8,0x05,0x00,0x00,0x48,0x8b,0x84,0x24,0xe8,
0x05,0x00,0x00,0x48,0x8b,0x8c,0x24,0xf0,0x05,0x00,0x00,0x48,0x8b,0x94,0x24,0xc0,
0x05,0x00,0x00,0xff,0x10,0x48,0x8d,0x84,0x24,0xe0,0x07,0x00,0x00,0x48,0x8b,0x0d,
0x14,0x16,0x00,0x00,0x48,0x89,0x84,0x24,0xe0,0x05,0x00,0x00,0x48,0x89,0x8c,0x24,
0xd8,0x05,0x00,0x00,0x48,0x8b,0x84,0x24,0xd8,0x05,0x00,0x00,0x48,0x8b,0x8c,0x24,
0xe0,0x05,0x00,0x00,0xff,0x10,0x48,0x8d,0x84,0x24,0xc0,0x07,0x00,0x00,0x48,0x8d,
0x8c,0x24,0xd0,0x07,0x00,0x00,0x48,0x8b,0x15,0xeb,0x15,0x00,0x00,0x48,0x89,0x84,
0x24,0xd0,0x05,0x00,0x00,0x48,0x89,0x8c,0x24,0x20,0x06,0x00,0x00,0x48,0x89,0x94,
0x24,0xf8,0x05,0x00,0x00,0x48,0x8b,0x84,0x24,0xf8,0x05,0x00,0x00,0x48,0x8b,0x8c,
0x24,0xe0,0x05,0x00,0x00,0x48,0x8b,0x94,0x24,0xd0,0x05,0x00,0x00,0x4c,0x8b,0x84,
0x24,0x20,0x06,0x00,0x00,0xff,0x10,0x48,0x8b,0x94,0x24,0x30,0x05,0x00,0x00,0x8b,
0x42,0x10,0x89,0xc3,0x48,0x8d,0x84,0x24,0xf0,0x07,0x00,0x00,0x48,0x8b,0x0d,0x65,
0x16,0x00,0x00,0x48,0x89,0x84,0x24,0x28,0x06,0x00,0x00,0x48,0x89,0x8c,0x24,0x38,
0x06,0x00,0x00,0x48,0x8b,0x84,0x24,0x38,0x06,0x00,0x00,0x48,0x8b,0x8c,0x24,0x28,
0x06,0x00,0x00,0xff,0x10,0x48,0x8d,0x84,0x24,0xf0,0x07,0x00,0x00,0x48,0x8b,0x4c,
0x24,0x58,0x48,0x8d,0x11,0x48,0x89,0x94,0x24,0x90,0x06,0x00,0x00,0x48,0x8b,0x94,
0x24,0x30,0x05,0x00,0x00,0x48,0x8d,0x6a,0x0c,0x89,0x9c,0x24,0x18,0x08,0x00,0x00,
0x48,0x8d,0x9c,0x24,0x18,0x08,0x00,0x00,0x48,0x8b,0x35,0x11,0x16,0x00,0x00,0x48,
0x89,0xc1,0x48,0x8b,0x94,0x24,0x90,0x06,0x00,0x00,0x49,0x89,0xe8,0x49,0x89,0xd9,
0xff,0x16,0x48,0x8d,0x84,0x24,0x20,0x08,0x00,0x00,0x48,0x8b,0x0d,0x07,0x15,0x00,
0x00,0x48,0x89,0x84,0x24,0x88,0x06,0x00,0x00,0x48,0x89,0x8c,0x24,0x80,0x06,0x00,
0x00,0x48,0x8b,0x84,0x24,0x80,0x06,0x00,0x00,0x48,0x8b,0x8c,0x24,0x88,0x06,0x00,
0x00,0xff,0x10,0x48,0x8d,0x84,0x24,0x20,0x08,0x00,0x00,0x48,0x8d,0x8c,0x24,0xa0,
0x07,0x00,0x00,0x48,0x8b,0x15,0xbe,0x15,0x00,0x00,0x48,0x89,0x84,0x24,0x78,0x06,
0x00,0x00,0x48,0x89,0x8c,0x24,0x70,0x06,0x00,0x00,0x48,0x89,0x94,0x24,0x60,0x06,
0x00,0x00,0x48,0x8b,0x84,0x24,0x60,0x06,0x00,0x00,0x48,0x8b,0x8c,0x24,0x78,0x06,
0x00,0x00,0x48,0x8b,0x94,0x24,0x70,0x06,0x00,0x00,0xff,0x10,0x48,0x8b,0x05,0xd5,
0x14,0x00,0x00,0x48,0x8b,0x1d,0xce,0x14,0x00,0x00,0x48,0x8d,0x8c,0x24,0x30,0x08,
0x00,0x00,0x48,0x8d,0x00,0x48,0x8d,0x13,0x48,0x8b,0x1d,0xc1,0x14,0x00,0x00,0x48,
0x89,0x94,0x24,0x30,0x06,0x00,0x00,0x48,0x89,0xc2,0x4c,0x8b,0x84,0x24,0x30,0x06,
0x00,0x00,0xff,0x13,0x80,0xbc,0x24,0x9c,0x07,0x00,0x00,0x00,0x0f,0x84,0x1c,0x00,
0x00,0x00,0x80,0xbc,0x24,0x9d,0x07,0x00,0x00,0x00,0x0f,0x84,0x07,0x00,0x00,0x00,
0xb0,0x01,0xe9,0x0e,0x00,0x00,0x00,0xb0,0x00,0xe9,0x07,0x00,0x00,0x00,0xb0,0x00,
0xe9,0x00,0x00,0x00,0x00,0x48,0x8d,0x8c,0x24,0xb8,0x07,0x00,0x00,0x48,0x89,0x8c,
0x24,0x58,0x06,0x00,0x00,0x48,0x8b,0x4c,0x24,0x58,0x48,0x8d,0x11,0x48,0x8d,0x9c,
0x24,0xe0,0x07,0x00,0x00,0x48,0x8d,0xac,0x24,0xf0,0x07,0x00,0x00,0x48,0x8d,0xbc,
0x24,0x20,0x08,0x00,0x00,0x48,0x8d,0xb4,0x24,0x30,0x08,0x00,0x00,0x4c,0x8d,0x84,
0x24,0xb0,0x07,0x00,0x00,0x4c,0x8d,0x15,0x52,0x13,0x00,0x00,0x88,0x84,0x24,0x38,
0x08,0x00,0x00,0x48,0x8d,0x84,0x24,0x38,0x08,0x00,0x00,0x4c,0x8b,0x0d,0xce,0x14,
0x00,0x00,0x48,0x89,0x7c,0x24,0x20,0x48,0x89,0x74,0x24,0x28,0x4c,0x89,0x44,0x24,
0x30,0x4c,0x89,0x54,0x24,0x38,0x48,0x89,0x44,0x24,0x40,0x4c,0x89,0xc8,0x48,0x8b,
0x8c,0x24,0x58,0x06,0x00,0x00,0x49,0x89,0xd8,0x49,0x89,0xe9,0xff,0x10,0x8a,0x9c,
0x24,0xb8,0x07,0x00,0x00,0x48,0x8d,0x84,0x24,0x30,0x08,0x00,0x00,0x48,0x8b,0x0d,
0xf4,0x13,0x00,0x00,0x48,0x89,0x84,0x24,0x50,0x06,0x00,0x00,0x48,0x89,0x8c,0x24,
0x48,0x06,0x00,0x00,0x48,0x8b,0x84,0x24,0x48,0x06,0x00,0x00,0x48,0x8b,0x8c,0x24,
0x50,0x06,0x00,0x00,0xff,0x10,0x48,0x8d,0x84,0x24,0x20,0x08,0x00,0x00,0x48,0x8b,
0x0d,0x93,0x13,0x00,0x00,0x48,0x89,0x84,0x24,0x40,0x06,0x00,0x00,0x48,0x89,0x8c,
0x24,0xf8,0x03,0x00,0x00,0x48,0x8b,0x84,0x24,0xf8,0x03,0x00,0x00,0x48,0x8b,0x8c,
0x24,0x40,0x06,0x00,0x00,0xff,0x10,0x48,0x8d,0x84,0x24,0xf0,0x07,0x00,0x00,0x48,
0x8b,0x0d,0x32,0x14,0x00,0x00,0x48,0x89,0x84,0x24,0xe8,0x03,0x00,0x00,0x48,0x89,
0x8c,0x24,0xb0,0x03,0x00,0x00,0x48,0x8b,0x84,0x24,0xb0,0x03,0x00,0x00,0x48,0x8b,
0x8c,0x24,0xe8,0x03,0x00,0x00,0xff,0x10,0x48,0x8d,0x84,0x24,0xe0,0x07,0x00,0x00,
0x48,0x8b,0x0d,0x31,0x13,0x00,0x00,0x48,0x89,0x84,0x24,0xe0,0x03,0x00,0x00,0x48,
0x89,0x8c,0x24,0x90,0x01,0x00,0x00,0x48,0x8b,0x84,0x24,0x90,0x01,0x00,0x00,0x48,
0x8b,0x8c,0x24,0xe0,0x03,0x00,0x00,0xff,0x10,0x48,0x8d,0x84,0x24,0xd0,0x07,0x00,
0x00,0x48,0x8b,0x0d,0x00,0x13,0x00,0x00,0x48,0x89,0x84,0x24,0x88,0x01,0x00,0x00,
0x48,0x89,0x8c,0x24,0x80,0x01,0x00,0x00,0x48,0x8b,0x84,0x24,0x80,0x01,0x00,0x00,
0x48,0x8b,0x8c,0x24,0x88,0x01,0x00,0x00,0xff,0x10,0x48,0x8d,0x84,0x24,0xc0,0x07,
0x00,0x00,0x48,0x8b,0x0d,0xcf,0x12,0x00,0x00,0x48,0x89,0x84,0x24,0x78,0x01,0x00,
0x00,0x48,0x89,0x8c,0x24,0x68,0x01,0x00,0x00,0x48,0x8b,0x84,0x24,0x68,0x01,0x00,
0x00,0x48,0x8b,0x8c,0x24,0x78,0x01,0x00,0x00,0xff,0x10,0x80,0xfb,0x00,0x0f,0x84,
0x59,0x01,0x00,0x00,0x48,0x8b,0x94,0x24,0x30,0x05,0x00,0x00,0x8b,0x02,0x48,0x8b,
0x4c,0x24,0x58,0x48,0x8d,0x19,0x4c,0x8b,0x9c,0x24,0x18,0x05,0x00,0x00,0x49,0x8d,
0x2b,0x89,0x84,0x24,0xb8,0x07,0x00,0x00,0x48,0x8d,0x84,0x24,0xb8,0x07,0x00,0x00,
0x48,0x8b,0x35,0xc1,0x12,0x00,0x00,0x48,0x89,0xd9,0x48,0x89,0xea,0x49,0x89,0xc0,
0xff,0x16,0x48,0x8b,0x4c,0x24,0x58,0x48,0x8d,0x01,0x49,0x8d,0x14,0x24,0x4c,0x8b,
0x8c,0x24,0x20,0x05,0x00,0x00,0x49,0x8d,0x19,0x49,0x8d,0x6d,0x00,0x49,0x8d,0x36,
0x4c,0x8b,0x9c,0x24,0x18,0x05,0x00,0x00,0x49,0x8d,0x7b,0x28,0x4d,0x8d,0x43,0x20,
0x4c,0x8b,0x15,0x89,0x12,0x00,0x00,0x48,0x89,0x74,0x24,0x20,0x48,0x89,0x7c,0x24,
0x28,0x4c,0x89,0x44,0x24,0x30,0x48,0x89,0xc1,0x49,0x89,0xd8,0x49,0x89,0xe9,0x41,
0xff,0x12,0x48,0x8d,0x84,0x24,0xbc,0x07,0x00,0x00,0x48,0x8b,0x4c,0x24,0x58,0x48,
0x8d,0x11,0x48,0x8b,0x1d,0xd7,0x12,0x00,0x00,0x48,0x89,0xc1,0xff,0x13,0x8a,0x84,
0x24,0xbc,0x07,0x00,0x00,0x3c,0x00,0x0f,0x84,0x20,0x00,0x00,0x00,0x48,0x8b,0x05,
0x64,0x12,0x00,0x00,0x8b,0x00,0x03,0x05,0x4c,0x11,0x00,0x00,0x4c,0x8b,0x9c,0x24,
0x18,0x05,0x00,0x00,0x41,0x89,0x43,0x24,0xe9,0x00,0x00,0x00,0x00,0x48,0x8d,0x84,
0x24,0xbc,0x07,0x00,0x00,0x48,0x8b,0x4c,0x24,0x58,0x48,0x8d,0x11,0x48,0x8b,0x1d,
0x1c,0x12,0x00,0x00,0x48,0x89,0xc1,0xff,0x13,0x8a,0x84,0x24,0xbc,0x07,0x00,0x00,
0x3c,0x00,0x0f,0x84,0x50,0x00,0x00,0x00,0x48,0x8d,0x05,0x09,0x11,0x00,0x00,0x48,
0x8b,0x0d,0x72,0x12,0x00,0x00,0x48,0x89,0x84,0x24,0x38,0x01,0x00,0x00,0x48,0x89,
0x8c,0x24,0x60,0x01,0x00,0x00,0x48,0x8b,0x84,0x24,0x60,0x01,0x00,0x00,0x48,0x8b,
0x8c,0x24,0x38,0x01,0x00,0x00,0xff,0x10,0x48,0x8b,0x4c,0x24,0x58,0x48,0x8d,0x01,
0x48,0x8d,0x15,0xe9,0x10,0x00,0x00,0x48,0x8b,0x1d,0xca,0x11,0x00,0x00,0x48,0x89,
0xc1,0xff,0x13,0xe9,0x00,0x00,0x00,0x00,0xe9,0x00,0x00,0x00,0x00,0x48,0x8d,0x84,
0x24,0xb0,0x07,0x00,0x00,0x48,0x8b,0x0d,0x24,0x12,0x00,0x00,0x48,0x89,0x84,0x24,
0x58,0x01,0x00,0x00,0x48,0x89,0x8c,0x24,0x50,0x01,0x00,0x00,0x48,0x8b,0x84,0x24,
0x50,0x01,0x00,0x00,0x48,0x8b,0x8c,0x24,0x58,0x01,0x00,0x00,0xff,0x10,0x48,0x8d,
0x84,0x24,0xa0,0x07,0x00,0x00,0x48,0x8b,0x0d,0x0b,0x11,0x00,0x00,0x48,0x89,0x84,
0x24,0x48,0x01,0x00,0x00,0x48,0x89,0x8c,0x24,0x98,0x01,0x00,0x00,0x48,0x8b,0x84,
0x24,0x98,0x01,0x00,0x00,0x48,0x8b,0x8c,0x24,0x48,0x01,0x00,0x00,0xff,0x10,0x48,
0x8b,0x4c,0x24,0x58,0x48,0x8d,0x01,0x48,0x8b,0x15,0xca,0x11,0x00,0x00,0x48,0x89,
0xc1,0xff,0x12,0x48,0x8d,0x84,0x24,0xa0,0x07,0x00,0x00,0x48,0x8d,0x0d,0x52,0x10,
0x00,0x00,0x48,0x8b,0x15,0x87,0x10,0x00,0x00,0x48,0x89,0x84,0x24,0x70,0x01,0x00,
0x00,0x48,0x89,0x8c,0x24,0xa0,0x01,0x00,0x00,0x48,0x89,0x94,0x24,0xb0,0x01,0x00,
0x00,0x48,0x8b,0x84,0x24,0xb0,0x01,0x00,0x00,0x48,0x8b,0x8c,0x24,0x70,0x01,0x00,
0x00,0x48,0x8b,0x94,0x24,0xa0,0x01,0x00,0x00,0xff,0x10,0x48,0x8d,0x84,0x24,0xb0,
0x07,0x00,0x00,0x48,0x8b,0x0d,0x4e,0x10,0x00,0x00,0x48,0x89,0x84,0x24,0x08,0x02,
0x00,0x00,0x48,0x89,0x8c,0x24,0x00,0x02,0x00,0x00,0x48,0x8b,0x84,0x24,0x00,0x02,
0x00,0x00,0x48,0x8b,0x8c,0x24,0x08,0x02,0x00,0x00,0xff,0x10,0x48,0x8d,0x84,0x24,
0xb0,0x07,0x00,0x00,0x4c,0x8b,0x84,0x24,0x28,0x05,0x00,0x00,0x49,0x8d,0x08,0x48,
0x8b,0x15,0x1a,0x10,0x00,0x00,0x48,0x89,0x84,0x24,0xf8,0x01,0x00,0x00,0x48,0x89,
0x8c,0x24,0xf0,0x01,0x00,0x00,0x48,0x89,0x94,0x24,0xe8,0x01,0x00,0x00,0x48,0x8b,
0x84,0x24,0xe8,0x01,0x00,0x00,0x48,0x8b,0x8c,0x24,0xf8,0x01,0x00,0x00,0x48,0x8b,
0x94,0x24,0xf0,0x01,0x00,0x00,0xff,0x10,0x48,0x8d,0x84,0x24,0xc0,0x07,0x00,0x00,
0x48,0x8b,0x0d,0xd1,0x0f,0x00,0x00,0x48,0x89,0x84,0x24,0xd8,0x01,0x00,0x00,0x48,
0x89,0x8c,0x24,0xa8,0x01,0x00,0x00,0x48,0x8b,0x84,0x24,0xa8,0x01,0x00,0x00,0x48,
0x8b,0x8c,0x24,0xd8,0x01,0x00,0x00,0xff,0x10,0x48,0x8d,0x84,0x24,0xa0,0x07,0x00,
0x00,0x48,0x8d,0x8c,0x24,0xb0,0x07,0x00,0x00,0x48,0x8b,0x15,0xa8,0x0f,0x00,0x00,
0x48,0x89,0x84,0x24,0xd0,0x01,0x00,0x00,0x48,0x89,0x8c,0x24,0xc8,0x01,0x00,0x00,
0x48,0x89,0x94,0x24,0xc0,0x01,0x00,0x00,0x48,0x8b,0x84,0x24,0xc0,0x01,0x00,0x00,
0x48,0x8b,0x8c,0x24,0xd8,0x01,0x00,0x00,0x48,0x8b,0x94,0x24,0xd0,0x01,0x00,0x00,
0x4c,0x8b,0x84,0x24,0xc8,0x01,0x00,0x00,0xff,0x10,0x48,0x8b,0x1d,0x8f,0x0f,0x00,
0x00,0x48,0x8b,0x05,0x90,0x0f,0x00,0x00,0x48,0x8d,0x8c,0x24,0xd0,0x07,0x00,0x00,
0x48,0x8d,0x13,0x48,0x8d,0x00,0x48,0x8b,0x1d,0x83,0x0f,0x00,0x00,0x49,0x89,0xc0,
0xff,0x13,0x48,0x8d,0x84,0x24,0xd8,0x07,0x00,0x00,0x48,0x8b,0x0d,0x77,0x0f,0x00,
0x00,0x48,0x89,0x84,0x24,0xb8,0x01,0x00,0x00,0x48,0x89,0x8c,0x24,0x40,0x01,0x00,
0x00,0x48,0x8b,0x84,0x24,0x40,0x01,0x00,0x00,0x48,0x8b,0x8c,0x24,0xb8,0x01,0x00,
0x00,0xff,0x10,0x48,0x8b,0x4c,0x24,0x58,0x48,0x8d,0x01,0x48,0x8d,0x94,0x24,0xc0,
0x07,0x00,0x00,0x48,0x8d,0x9c,0x24,0xd0,0x07,0x00,0x00,0x48,0x8d,0x2d,0x66,0x0e,
0x00,0x00,0x48,0x8d,0x35,0x5f,0x0e,0x00,0x00,0x48,0x8d,0x3d,0x58,0x0e,0x00,0x00,
0x4c,0x8d,0x84,0x24,0xd8,0x07,0x00,0x00,0x4c,0x8d,0x0d,0x4d,0x0e,0x00,0x00,0x4c,
0x8b,0x15,0x1a,0x0f,0x00,0x00,0x48,0x89,0x74,0x24,0x20,0x48,0x89,0x7c,0x24,0x28,
0x4c,0x89,0x44,0x24,0x30,0x4c,0x89,0x4c,0x24,0x38,0x48,0x89,0xc1,0x49,0x89,0xd8,
0x49,0x89,0xe9,0x41,0xff,0x12,0x48,0x8d,0x84,0x24,0xd8,0x07,0x00,0x00,0x48,0x8b,
0x0d,0xf3,0x0e,0x00,0x00,0x48,0x89,0x84,0x24,0x30,0x01,0x00,0x00,0x48,0x89,0x8c,
0x24,0xf8,0x00,0x00,0x00,0x48,0x8b,0x84,0x24,0xf8,0x00,0x00,0x00,0x48,0x8b,0x8c,
0x24,0x30,0x01,0x00,0x00,0xff,0x10,0x48,0x8d,0x84,0x24,0xd0,0x07,0x00,0x00,0x48,
0x8b,0x0d,0xc2,0x0e,0x00,0x00,0x48,0x89,0x84,0x24,0x28,0x01,0x00,0x00,0x48,0x89,
0x8c,0x24,0xa8,0x00,0x00,0x00,0x48,0x8b,0x84,0x24,0xa8,0x00,0x00,0x00,0x48,0x8b,
0x8c,0x24,0x28,0x01,0x00,0x00,0xff,0x10,0x48,0x8d,0x84,0x24,0xc0,0x07,0x00,0x00,
0x48,0x8b,0x0d,0x61,0x0e,0x00,0x00,0x48,0x89,0x84,0x24,0xa0,0x00,0x00,0x00,0x48,
0x89,0x8c,0x24,0x98,0x00,0x00,0x00,0x48,0x8b,0x84,0x24,0x98,0x00,0x00,0x00,0x48,
0x8b,0x8c,0x24,0xa0,0x00,0x00,0x00,0xff,0x10,0x48,0x8d,0x84,0x24,0xb0,0x07,0x00,
0x00,0x48,0x8b,0x0d,0x30,0x0e,0x00,0x00,0x48,0x89,0x84,0x24,0x90,0x00,0x00,0x00,
0x48,0x89,0x8c,0x24,0x80,0x00,0x00,0x00,0x48,0x8b,0x84,0x24,0x80,0x00,0x00,0x00,
0x48,0x8b,0x8c,0x24,0x90,0x00,0x00,0x00,0xff,0x10,0x48,0x8d,0x84,0x24,0xa0,0x07,
0x00,0x00,0x48,0x8b,0x0d,0xff,0x0d,0x00,0x00,0x48,0x89,0x44,0x24,0x50,0x48,0x89,
0x4c,0x24,0x78,0x48,0x8b,0x44,0x24,0x78,0x48,0x8b,0x4c,0x24,0x50,0xff,0x10,0x48,
0x8d,0x84,0x24,0xa0,0x07,0x00,0x00,0x48,0x8d,0x0d,0x79,0x0d,0x00,0x00,0x48,0x8b,
0x15,0x9b,0x0d,0x00,0x00,0x48,0x89,0x44,0x24,0x70,0x48,0x89,0x4c,0x24,0x68,0x48,
0x89,0x54,0x24,0x60,0x48,0x8b,0x44,0x24,0x60,0x48,0x8b,0x4c,0x24,0x70,0x48,0x8b,
0x54,0x24,0x68,0xff,0x10,0x48,0x8d,0x84,0x24,0xb0,0x07,0x00,0x00,0x48,0x8b,0x0d,
0x74,0x0d,0x00,0x00,0x48,0x89,0x84,0x24,0xb0,0x00,0x00,0x00,0x48,0x89,0x8c,0x24,
0x88,0x00,0x00,0x00,0x48,0x8b,0x84,0x24,0x88,0x00,0x00,0x00,0x48,0x8b,0x8c,0x24,
0xb0,0x00,0x00,0x00,0xff,0x10,0x48,0x8d,0x84,0x24,0xb0,0x07,0x00,0x00,0x4c,0x8b,
0x84,0x24,0x28,0x05,0x00,0x00,0x49,0x8d,0x08,0x48,0x8b,0x15,0x40,0x0d,0x00,0x00,
0x48,0x89,0x84,0x24,0xb8,0x00,0x00,0x00,0x48,0x89,0x8c,0x24,0xc8,0x00,0x00,0x00,
0x48,0x89,0x94,0x24,0x20,0x01,0x00,0x00,0x48,0x8b,0x84,0x24,0x20,0x01,0x00,0x00,
0x48,0x8b,0x8c,0x24,0xb8,0x00,0x00,0x00,0x48,0x8b,0x94,0x24,0xc8,0x00,0x00,0x00,
0xff,0x10,0x48,0x8d,0x84,0x24,0xc0,0x07,0x00,0x00,0x48,0x8b,0x0d,0xf7,0x0c,0x00,
0x00,0x48,0x89,0x84,0x24,0x18,0x01,0x00,0x00,0x48,0x89,0x8c,0x24,0x10,0x01,0x00,
0x00,0x48,0x8b,0x84,0x24,0x10,0x01,0x00,0x00,0x48,0x8b,0x8c,0x24,0x18,0x01,0x00,
0x00,0xff,0x10,0x48,0x8d,0x84,0x24,0xa0,0x07,0x00,0x00,0x48,0x8d,0x8c,0x24,0xb0,
0x07,0x00,0x00,0x48,0x8b,0x15,0xce,0x0c,0x00,0x00,0x48,0x89,0x84,0x24,0x08,0x01,
0x00,0x00,0x48,0x89,0x8c,0x24,0x00,0x01,0x00,0x00,0x48,0x89,0x94,0x24,0xf0,0x00,
0x00,0x00,0x48,0x8b,0x84,0x24,0xf0,0x00,0x00,0x00,0x48,0x8b,0x8c,0x24,0x18,0x01,
0x00,0x00,0x48,0x8b,0x94,0x24,0x08,0x01,0x00,0x00,0x4c,0x8b,0x84,0x24,0x00,0x01,
0x00,0x00,0xff,0x10,0x48,0x8d,0x84,0x24,0xd0,0x07,0x00,0x00,0x48,0x8d,0x0d,0xdb,
0x0b,0x00,0x00,0x48,0x8b,0x15,0x66,0x0c,0x00,0x00,0x48,0x89,0x84,0x24,0xc0,0x00,
0x00,0x00,0x48,0x89,0x8c,0x24,0xe8,0x00,0x00,0x00,0x48,0x89,0x94,0x24,0xe0,0x00,
0x00,0x00,0x48,0x8b,0x84,0x24,0xe0,0x00,0x00,0x00,0x48,0x8b,0x8c,0x24,0xc0,0x00,
0x00,0x00,0x48,0x8b,0x94,0x24,0xe8,0x00,0x00,0x00,0xff,0x10,0x48,0x8b,0x05,0x75,
0x0c,0x00,0x00,0x48,0x8d,0x8c,0x24,0xe0,0x07,0x00,0x00,0x48,0x8d,0x15,0xc6,0x0b,
0x00,0x00,0x48,0x8d,0x00,0x48,0x8b,0x1d,0x64,0x0c,0x00,0x00,0x49,0x89,0xc0,0xff,
0x13,0x48,0x8b,0x05,0x38,0x0d,0x00,0x00,0x48,0x8d,0x8c,0x24,0xec,0x07,0x00,0x00,
0x48,0x8d,0x00,0x4c,0x8b,0x84,0x24,0x28,0x05,0x00,0x00,0x49,0x8d,0x10,0x48,0x8b,
0x1d,0x3b,0x0c,0x00,0x00,0x48,0x89,0x94,0x24,0xd8,0x00,0x00,0x00,0x48,0x89,0xc2,
0x4c,0x8b,0x84,0x24,0xd8,0x00,0x00,0x00,0xff,0x13,0x48,0x8d,0x84,0x24,0xe8,0x07,
0x00,0x00,0x4c,0x8b,0x9c,0x24,0x18,0x05,0x00,0x00,0x49,0x8d,0x4b,0x24,0x48,0x8d,
0x94,0x24,0xec,0x07,0x00,0x00,0x48,0x8b,0x1d,0x2b,0x0c,0x00,0x00,0x48,0x89,0x8c,
0x24,0xd0,0x00,0x00,0x00,0x48,0x89,0x94,0x24,0x10,0x02,0x00,0x00,0x48,0x89,0xc1,
0x48,0x8b,0x94,0x24,0xd0,0x00,0x00,0x00,0x4c,0x8b,0x84,0x24,0x10,0x02,0x00,0x00,
0xff,0x13,0x48,0x8d,0x84,0x24,0x9c,0x07,0x00,0x00,0x48,0x8b,0x4c,0x24,0x58,0x48,
0x8d,0x11,0x48,0x8d,0x9c,0x24,0xc0,0x07,0x00,0x00,0x48,0x8d,0xac,0x24,0xd0,0x07,
0x00,0x00,0x48,0x8d,0xb4,0x24,0xe0,0x07,0x00,0x00,0x48,0x8d,0xb9,0x68,0x04,0x00,
0x00,0x4c,0x8d,0x05,0xc6,0x0a,0x00,0x00,0x4c,0x8d,0x8c,0x24,0xe8,0x07,0x00,0x00,
0x4c,0x8b,0x15,0xc9,0x0b,0x00,0x00,0x48,0x89,0x74,0x24,0x20,0x48,0x89,0x7c,0x24,
0x28,0x4c,0x89,0x44,0x24,0x30,0x4c,0x89,0x4c,0x24,0x38,0x48,0x89,0xc1,0x49,0x89,
0xd8,0x49,0x89,0xe9,0x41,0xff,0x12,0x8a,0x9c,0x24,0x9c,0x07,0x00,0x00,0x48,0x8d,
0x84,0x24,0xec,0x07,0x00,0x00,0x48,0x8b,0x0d,0x7b,0x0b,0x00,0x00,0x48,0x89,0x84,
0x24,0xe0,0x01,0x00,0x00,0x48,0x89,0x8c,0x24,0x18,0x02,0x00,0x00,0x48,0x8b,0x84,
0x24,0x18,0x02,0x00,0x00,0x48,0x8b,0x8c,0x24,0xe0,0x01,0x00,0x00,0xff,0x10,0x48,
0x8d,0x84,0x24,0xe0,0x07,0x00,0x00,0x48,0x8b,0x0d,0x4a,0x0b,0x00,0x00,0x48,0x89,
0x84,0x24,0x28,0x02,0x00,0x00,0x48,0x89,0x8c,0x24,0x60,0x03,0x00,0x00,0x48,0x8b,
0x84,0x24,0x60,0x03,0x00,0x00,0x48,0x8b,0x8c,0x24,0x28,0x02,0x00,0x00,0xff,0x10,
0x48,0x8d,0x84,0x24,0xd0,0x07,0x00,0x00,0x48,0x8b,0x0d,0xe9,0x0a,0x00,0x00,0x48,
0x89,0x84,0x24,0x58,0x03,0x00,0x00,0x48,0x89,0x8c,0x24,0x50,0x03,0x00,0x00,0x48,
0x8b,0x84,0x24,0x50,0x03,0x00,0x00,0x48,0x8b,0x8c,0x24,0x58,0x03,0x00,0x00,0xff,
0x10,0x48,0x8d,0x84,0x24,0xc0,0x07,0x00,0x00,0x48,0x8b,0x0d,0xb8,0x0a,0x00,0x00,
0x48,0x89,0x84,0x24,0x48,0x03,0x00,0x00,0x48,0x89,0x8c,0x24,0x38,0x03,0x00,0x00,
0x48,0x8b,0x84,0x24,0x38,0x03,0x00,0x00,0x48,0x8b,0x8c,0x24,0x48,0x03,0x00,0x00,
0xff,0x10,0x48,0x8d,0x84,0x24,0xb0,0x07,0x00,0x00,0x48,0x8b,0x0d,0x87,0x0a,0x00,
0x00,0x48,0x89,0x84,0x24,0x08,0x03,0x00,0x00,0x48,0x89,0x8c,0x24,0x30,0x03,0x00,
0x00,0x48,0x8b,0x84,0x24,0x30,0x03,0x00,0x00,0x48,0x8b,0x8c,0x24,0x08,0x03,0x00,
0x00,0xff,0x10,0x48,0x8d,0x84,0x24,0xa0,0x07,0x00,0x00,0x48,0x8b,0x0d,0x56,0x0a,
0x00,0x00,0x48,0x89,0x84,0x24,0x28,0x03,0x00,0x00,0x48,0x89,0x8c,0x24,0x20,0x03,
0x00,0x00,0x48,0x8b,0x84,0x24,0x20,0x03,0x00,0x00,0x48,0x8b,0x8c,0x24,0x28,0x03,
0x00,0x00,0xff,0x10,0x80,0xfb,0x00,0x0f,0x84,0x10,0x01,0x00,0x00,0x48,0x8b,0x94,
0x24,0x30,0x05,0x00,0x00,0x8b,0x02,0x48,0x8b,0x4c,0x24,0x58,0x48,0x8d,0x19,0x4c,
0x8b,0x9c,0x24,0x18,0x05,0x00,0x00,0x49,0x8d,0x2b,0x89,0x84,0x24,0x9c,0x07,0x00,
0x00,0x48,0x8d,0x84,0x24,0x9c,0x07,0x00,0x00,0x48,0x8b,0x35,0x48,0x0a,0x00,0x00,
0x48,0x89,0xd9,0x48,0x89,0xea,0x49,0x89,0xc0,0xff,0x16,0x48,0x8b,0x4c,0x24,0x58,
0x48,0x8d,0x01,0x49,0x8d,0x14,0x24,0x4c,0x8b,0x8c,0x24,0x20,0x05,0x00,0x00,0x49,
0x8d,0x19,0x49,0x8d,0x6d,0x00,0x49,0x8d,0x36,0x4c,0x8b,0x9c,0x24,0x18,0x05,0x00,
0x00,0x49,0x8d,0x7b,0x28,0x4d,0x8d,0x43,0x20,0x4c,0x8b,0x15,0x10,0x0a,0x00,0x00,
0x48,0x89,0x74,0x24,0x20,0x48,0x89,0x7c,0x24,0x28,0x4c,0x89,0x44,0x24,0x30,0x48,
0x89,0xc1,0x49,0x89,0xd8,0x49,0x89,0xe9,0x41,0xff,0x12,0x48,0x8b,0x4c,0x24,0x58,
0x48,0x8d,0x01,0x4c,0x8b,0x9c,0x24,0x18,0x05,0x00,0x00,0x49,0x8d,0x53,0x24,0x48,
0x8b,0x1d,0xe2,0x09,0x00,0x00,0x48,0x89,0xc1,0xff,0x13,0x48,0x8d,0x84,0x24,0xa0,
0x07,0x00,0x00,0x48,0x8b,0x4c,0x24,0x58,0x48,0x8d,0x11,0x48,0x8b,0x1d,0xce,0x09,
0x00,0x00,0x48,0x89,0xc1,0xff,0x13,0x8a,0x84,0x24,0xa0,0x07,0x00,0x00,0x3c,0x00,
0x0f,0x84,0x32,0x00,0x00,0x00,0x8b,0x05,0x9c,0x08,0x00,0x00,0x4c,0x8b,0x9c,0x24,
0x18,0x05,0x00,0x00,0x41,0x89,0x43,0x34,0x48,0x8b,0x4c,0x24,0x58,0x48,0x8d,0x01,
0x48,0x8d,0x15,0xa5,0x08,0x00,0x00,0x48,0x8b,0x1d,0x9a,0x09,0x00,0x00,0x48,0x89,
0xc1,0xff,0x13,0xe9,0x00,0x00,0x00,0x00,0xe9,0x00,0x00,0x00,0x00,0x48,0x8b,0x1d,
0x14,0x0a,0x00,0x00,0x4c,0x8b,0x9c,0x24,0x18,0x05,0x00,0x00,0x41,0x8b,0x43,0x24,
0x3b,0x03,0x0f,0x9d,0xc0,0x3c,0x00,0x0f,0x84,0x32,0x00,0x00,0x00,0x48,0x8b,0x05,
0xfc,0x09,0x00,0x00,0x8b,0x00,0x41,0x3b,0x43,0x24,0x0f,0x9d,0xc0,0x3c,0x00,0x0f,
0x84,0x0d,0x00,0x00,0x00,0xc6,0x84,0x24,0xa0,0x07,0x00,0x00,0x01,0xe9,0x1a,0x00,
0x00,0x00,0xc6,0x84,0x24,0xa0,0x07,0x00,0x00,0x00,0xe9,0x0d,0x00,0x00,0x00,0xc6,
0x84,0x24,0xa0,0x07,0x00,0x00,0x00,0xe9,0x00,0x00,0x00,0x00,0x41,0x8b,0x43,0x28,
0x4c,0x8b,0x84,0x24,0x28,0x05,0x00,0x00,0x41,0x3b,0x00,0x0f,0x94,0x84,0x24,0xa1,
0x07,0x00,0x00,0x48,0x8d,0x84,0x24,0xa8,0x07,0x00,0x00,0x48,0x8b,0x0d,0x66,0x08,
0x00,0x00,0x48,0x89,0x84,0x24,0x18,0x03,0x00,0x00,0x48,0x89,0x8c,0x24,0x68,0x03,
0x00,0x00,0x48,0x8b,0x84,0x24,0x68,0x03,0x00,0x00,0x48,0x8b,0x8c,0x24,0x18,0x03,
0x00,0x00,0xff,0x10,0x48,0x8d,0x84,0x24,0xa8,0x07,0x00,0x00,0x48,0x8b,0x4c,0x24,
0x58,0x48,0x8d,0x11,0x48,0x89,0x94,0x24,0x40,0x03,0x00,0x00,0x48,0x8b,0x94,0x24,
0x30,0x05,0x00,0x00,0x48,0x8d,0x1a,0x48,0x8b,0x2d,0x5a,0x09,0x00,0x00,0x48,0x89,
0xc1,0x48,0x8b,0x94,0x24,0x40,0x03,0x00,0x00,0x49,0x89,0xd8,0xff,0x55,0x00,0x48,
0x8b,0x94,0x24,0x30,0x05,0x00,0x00,0x8b,0x02,0x89,0xc3,0x48,0x8d,0x84,0x24,0xb8,
0x07,0x00,0x00,0x48,0x8b,0x0d,0xae,0x08,0x00,0x00,0x48,0x89,0x84,0x24,0x70,0x03,
0x00,0x00,0x48,0x89,0x8c,0x24,0x80,0x03,0x00,0x00,0x48,0x8b,0x84,0x24,0x80,0x03,
0x00,0x00,0x48,0x8b,0x8c,0x24,0x70,0x03,0x00,0x00,0xff,0x10,0x48,0x8d,0x84,0x24,
0xb8,0x07,0x00,0x00,0x48,0x8b,0x4c,0x24,0x58,0x48,0x8d,0x11,0x4c,0x8b,0x9c,0x24,
0x18,0x05,0x00,0x00,0x49,0x8d,0x2b,0x89,0x9c,0x24,0xbc,0x07,0x00,0x00,0x48,0x8d,
0x9c,0x24,0xbc,0x07,0x00,0x00,0x48,0x8b,0x35,0xe3,0x08,0x00,0x00,0x48,0x89,0xc1,
0x49,0x89,0xe8,0x49,0x89,0xd9,0xff,0x16,0x48,0x8b,0x05,0x59,0x08,0x00,0x00,0x48,
0x8d,0x8c,0x24,0xc0,0x07,0x00,0x00,0x48,0x8d,0x94,0x24,0xb8,0x07,0x00,0x00,0x48,
0x8d,0x00,0x48,0x8b,0x1d,0x47,0x08,0x00,0x00,0x49,0x89,0xc0,0xff,0x13,0x8a,0x84,
0x24,0xc0,0x07,0x00,0x00,0x3c,0x00,0x0f,0x84,0x0e,0x00,0x00,0x00,0x8a,0x05,0xbb,
0x06,0x00,0x00,0x41,0x88,0x07,0xe9,0x00,0x00,0x00,0x00,0x48,0x8d,0x84,0x24,0xc8,
0x07,0x00,0x00,0x48,0x8d,0x0d,0x23,0x07,0x00,0x00,0x48,0x8b,0x15,0x2f,0x07,0x00,
0x00,0x48,0x89,0x84,0x24,0xd8,0x03,0x00,0x00,0x48,0x89,0x8c,0x24,0xd0,0x03,0x00,
0x00,0x48,0x89,0x94,0x24,0xc8,0x03,0x00,0x00,0x48,0x8b,0x84,0x24,0xc8,0x03,0x00,
0x00,0x48,0x8b,0x8c,0x24,0xd8,0x03,0x00,0x00,0x48,0x8b,0x94,0x24,0xd0,0x03,0x00,
0x00,0xff,0x10,0x48,0x8d,0x84,0x24,0xd8,0x07,0x00,0x00,0x48,0x8b,0x0d,0xf6,0x06,
0x00,0x00,0x48,0x89,0x84,0x24,0xc0,0x03,0x00,0x00,0x48,0x89,0x8c,0x24,0xb8,0x03,
0x00,0x00,0x48,0x8b,0x84,0x24,0xb8,0x03,0x00,0x00,0x48,0x8b,0x8c,0x24,0xc0,0x03,
0x00,0x00,0xff,0x10,0x48,0x8d,0x84,0x24,0xd8,0x07,0x00,0x00,0x4c,0x8b,0x84,0x24,
0x28,0x05,0x00,0x00,0x49,0x8d,0x08,0x48,0x8b,0x15,0xc2,0x06,0x00,0x00,0x48,0x89,
0x84,0x24,0xa8,0x03,0x00,0x00,0x48,0x89,0x8c,0x24,0x78,0x03,0x00,0x00,0x48,0x89,
0x94,0x24,0xa0,0x03,0x00,0x00,0x48,0x8b,0x84,0x24,0xa0,0x03,0x00,0x00,0x48,0x8b,
0x8c,0x24,0xa8,0x03,0x00,0x00,0x48,0x8b,0x94,0x24,0x78,0x03,0x00,0x00,0xff,0x10,
0x48,0x8d,0x84,0x24,0xe8,0x07,0x00,0x00,0x48,0x8b,0x0d,0x79,0x06,0x00,0x00,0x48,
0x89,0x84,0x24,0x98,0x03,0x00,0x00,0x48,0x89,0x8c,0x24,0x90,0x03,0x00,0x00,0x48,
0x8b,0x84,0x24,0x90,0x03,0x00,0x00,0x48,0x8b,0x8c,0x24,0x98,0x03,0x00,0x00,0xff,
0x10,0x48,0x8d,0x84,0x24,0xc8,0x07,0x00,0x00,0x4c,0x8d,0x84,0x24,0xd8,0x07,0x00,
0x00,0x48,0x8b,0x0d,0x50,0x06,0x00,0x00,0x48,0x89,0x84,0x24,0x88,0x03,0x00,0x00,
0x48,0x89,0x8c,0x24,0x10,0x03,0x00,0x00,0x48,0x8b,0x84,0x24,0x10,0x03,0x00,0x00,
0x48,0x8b,0x8c,0x24,0x98,0x03,0x00,0x00,0x48,0x8b,0x94,0x24,0x88,0x03,0x00,0x00,
0xff,0x10,0x48,0x8b,0x94,0x24,0x30,0x05,0x00,0x00,0x8b,0x42,0x14,0x89,0xc5,0x8b,
0x42,0x18,0x89,0xc6,0x8b,0x42,0x1c,0x89,0xc3,0x48,0x8d,0x84,0x24,0xf8,0x07,0x00,
0x00,0x48,0x8b,0x0d,0xd0,0x06,0x00,0x00,0x48,0x89,0x84,0x24,0x00,0x03,0x00,0x00,
0x48,0x89,0x8c,0x24,0xc8,0x02,0x00,0x00,0x48,0x8b,0x84,0x24,0xc8,0x02,0x00,0x00,
0x48,0x8b,0x8c,0x24,0x00,0x03,0x00,0x00,0xff,0x10,0x48,0x8d,0x84,0x24,0xf8,0x07,
0x00,0x00,0x48,0x8b,0x4c,0x24,0x58,0x48,0x8d,0x11,0x89,0xac,0x24,0x20,0x08,0x00,
0x00,0x4c,0x8d,0x84,0x24,0x20,0x08,0x00,0x00,0x89,0xb4,0x24,0x24,0x08,0x00,0x00,
0x48,0x8d,0xac,0x24,0x24,0x08,0x00,0x00,0x89,0x9c,0x24,0x28,0x08,0x00,0x00,0x48,
0x8d,0x9c,0x24,0x28,0x08,0x00,0x00,0x48,0x8b,0x35,0xda,0x06,0x00,0x00,0x48,0x89,
0x5c,0x24,0x20,0x48,0x89,0xc1,0x49,0x89,0xe9,0xff,0x16,0x48,0x8d,0x84,0x24,0x30,
0x08,0x00,0x00,0x48,0x8b,0x0d,0x6e,0x05,0x00,0x00,0x48,0x89,0x84,0x24,0xf8,0x02,
0x00,0x00,0x48,0x89,0x8c,0x24,0x78,0x02,0x00,0x00,0x48,0x8b,0x84,0x24,0x78,0x02,
0x00,0x00,0x48,0x8b,0x8c,0x24,0xf8,0x02,0x00,0x00,0xff,0x10,0x48,0x8d,0x84,0x24,
0x30,0x08,0x00,0x00,0x48,0x8d,0x8c,0x24,0xa8,0x07,0x00,0x00,0x48,0x8b,0x15,0x25,
0x06,0x00,0x00,0x48,0x89,0x84,0x24,0x70,0x02,0x00,0x00,0x48,0x89,0x8c,0x24,0x68,
0x02,0x00,0x00,0x48,0x89,0x94,0x24,0x60,0x02,0x00,0x00,0x48,0x8b,0x84,0x24,0x60,
0x02,0x00,0x00,0x48,0x8b,0x8c,0x24,0x70,0x02,0x00,0x00,0x48,0x8b,0x94,0x24,0x68,
0x02,0x00,0x00,0xff,0x10,0x48,0x8b,0x05,0x3c,0x05,0x00,0x00,0x48,0x8b,0x1d,0x35,
0x05,0x00,0x00,0x48,0x8d,0x8c,0x24,0x40,0x08,0x00,0x00,0x48,0x8d,0x00,0x4c,0x8d,
0x03,0x48,0x8b,0x15,0x28,0x05,0x00,0x00,0x48,0x89,0x84,0x24,0x50,0x02,0x00,0x00,
0x48,0x89,0x94,0x24,0x20,0x02,0x00,0x00,0x48,0x8b,0x84,0x24,0x20,0x02,0x00,0x00,
0x48,0x8b,0x94,0x24,0x50,0x02,0x00,0x00,0xff,0x10,0x80,0xbc,0x24,0xa0,0x07,0x00,
0x00,0x00,0x0f,0x84,0x1c,0x00,0x00,0x00,0x80,0xbc,0x24,0xa1,0x07,0x00,0x00,0x00,
0x0f,0x84,0x07,0x00,0x00,0x00,0xb0,0x01,0xe9,0x0e,0x00,0x00,0x00,0xb0,0x00,0xe9,
0x07,0x00,0x00,0x00,0xb0,0x00,0xe9,0x00,0x00,0x00,0x00,0x48,0x8d,0x8c,0x24,0xc0,
0x07,0x00,0x00,0x48,0x89,0x8c,0x24,0x48,0x02,0x00,0x00,0x48,0x8b,0x4c,0x24,0x58,
0x48,0x8d,0x11,0x48,0x8d,0x9c,0x24,0xe8,0x07,0x00,0x00,0x48,0x8d,0xac,0x24,0xf8,
0x07,0x00,0x00,0x48,0x8d,0xb4,0x24,0x30,0x08,0x00,0x00,0x48,0x8d,0xbc,0x24,0x40,
0x08,0x00,0x00,0x4c,0x8d,0x84,0x24,0xb8,0x07,0x00,0x00,0x4c,0x8d,0x0d,0xac,0x03,
0x00,0x00,0x88,0x84,0x24,0x48,0x08,0x00,0x00,0x48,0x8d,0x84,0x24,0x48,0x08,0x00,
0x00,0x4c,0x8b,0x15,0x28,0x05,0x00,0x00,0x48,0x89,0x74,0x24,0x20,0x48,0x89,0x7c,
0x24,0x28,0x4c,0x89,0x44,0x24,0x30,0x4c,0x89,0x4c,0x24,0x38,0x48,0x89,0x44,0x24,
0x40,0x48,0x8b,0x8c,0x24,0x48,0x02,0x00,0x00,0x49,0x89,0xd8,0x49,0x89,0xe9,0x41,
0xff,0x12,0x8a,0x9c,0x24,0xc0,0x07,0x00,0x00,0x48,0x8d,0x84,0x24,0x40,0x08,0x00,
0x00,0x48,0x8b,0x0d,0x50,0x04,0x00,0x00,0x48,0x89,0x84,0x24,0x40,0x02,0x00,0x00,
0x48,0x89,0x8c,0x24,0x38,0x02,0x00,0x00,0x48,0x8b,0x84,0x24,0x38,0x02,0x00,0x00,
0x48,0x8b,0x8c,0x24,0x40,0x02,0x00,0x00,0xff,0x10,0x48,0x8d,0x84,0x24,0x30,0x08,
0x00,0x00,0x48,0x8b,0x0d,0xef,0x03,0x00,0x00,0x48,0x89,0x84,0x24,0x30,0x02,0x00,
0x00,0x48,0x89,0x8c,0x24,0x80,0x02,0x00,0x00,0x48,0x8b,0x84,0x24,0x80,0x02,0x00,
0x00,0x48,0x8b,0x8c,0x24,0x30,0x02,0x00,0x00,0xff,0x10,0x48,0x8d,0x84,0x24,0xf8,
0x07,0x00,0x00,0x48,0x8b,0x0d,0x8e,0x04,0x00,0x00,0x48,0x89,0x84,0x24,0x58,0x02,
0x00,0x00,0x48,0x89,0x8c,0x24,0x88,0x02,0x00,0x00,0x48,0x8b,0x84,0x24,0x88,0x02,
0x00,0x00,0x48,0x8b,0x8c,0x24,0x58,0x02,0x00,0x00,0xff,0x10,0x48,0x8d,0x84,0x24,
0xe8,0x07,0x00,0x00,0x48,0x8b,0x0d,0x8d,0x03,0x00,0x00,0x48,0x89,0x84,0x24,0x98,
0x02,0x00,0x00,0x48,0x89,0x8c,0x24,0xf0,0x02,0x00,0x00,0x48,0x8b,0x84,0x24,0xf0,
0x02,0x00,0x00,0x48,0x8b,0x8c,0x24,0x98,0x02,0x00,0x00,0xff,0x10,0x48,0x8d,0x84,
0x24,0xd8,0x07,0x00,0x00,0x48,0x8b,0x0d,0x5c,0x03,0x00,0x00,0x48,0x89,0x84,0x24,
0xe8,0x02,0x00,0x00,0x48,0x89,0x8c,0x24,0xe0,0x02,0x00,0x00,0x48,0x8b,0x84,0x24,
0xe0,0x02,0x00,0x00,0x48,0x8b,0x8c,0x24,0xe8,0x02,0x00,0x00,0xff,0x10,0x48,0x8d,
0x84,0x24,0xc8,0x07,0x00,0x00,0x48,0x8b,0x0d,0x2b,0x03,0x00,0x00,0x48,0x89,0x84,
0x24,0xd8,0x02,0x00,0x00,0x48,0x89,0x8c,0x24,0xd0,0x02,0x00,0x00,0x48,0x8b,0x84,
0x24,0xd0,0x02,0x00,0x00,0x48,0x8b,0x8c,0x24,0xd8,0x02,0x00,0x00,0xff,0x10,0x80,
0xfb,0x00,0x0f,0x84,0xa7,0x01,0x00,0x00,0x48,0x8b,0x94,0x24,0x30,0x05,0x00,0x00,
0x8b,0x02,0x48,0x8b,0x4c,0x24,0x58,0x48,0x8d,0x11,0x4c,0x8b,0x9c,0x24,0x18,0x05,
0x00,0x00,0x49,0x8d,0x1b,0x89,0x84,0x24,0xc0,0x07,0x00,0x00,0x4c,0x8d,0x84,0x24,
0xc0,0x07,0x00,0x00,0x48,0x8b,0x05,0x1d,0x03,0x00,0x00,0x48,0x89,0x94,0x24,0xc0,
0x02,0x00,0x00,0x48,0x8b,0x8c,0x24,0xc0,0x02,0x00,0x00,0x48,0x89,0xda,0xff,0x10,
0x48,0x8b,0x4c,0x24,0x58,0x48,0x8d,0x01,0x49,0x8d,0x14,0x24,0x4c,0x8b,0x8c,0x24,
0x20,0x05,0x00,0x00,0x4d,0x8d,0x01,0x4d,0x8d,0x4d,0x00,0x49,0x8d,0x2e,0x4c,0x8b,
0x9c,0x24,0x18,0x05,0x00,0x00,0x49,0x8d,0x5b,0x28,0x49,0x8d,0x73,0x20,0x48,0x8b,
0x3d,0xdb,0x02,0x00,0x00,0x48,0x89,0x6c,0x24,0x20,0x48,0x89,0x5c,0x24,0x28,0x48,
0x89,0x74,0x24,0x30,0x48,0x89,0xc1,0xff,0x17,0x48,0x8d,0x84,0x24,0xc4,0x07,0x00,
0x00,0x48,0x8b,0x4c,0x24,0x58,0x48,0x8d,0x11,0x48,0x8b,0x1d,0x80,0x03,0x00,0x00,
0x48,0x89,0xc1,0xff,0x13,0x8a,0x84,0x24,0xc4,0x07,0x00,0x00,0x3c,0x00,0x0f,0x84,
0x20,0x00,0x00,0x00,0x48,0x8b,0x05,0x3d,0x03,0x00,0x00,0x8b,0x00,0x2b,0x05,0xa5,
0x01,0x00,0x00,0x4c,0x8b,0x9c,0x24,0x18,0x05,0x00,0x00,0x41,0x89,0x43,0x24,0xe9,
0x00,0x00,0x00,0x00,0x48,0x8d,0x84,0x24,0xc4,0x07,0x00,0x00,0x48,0x8b,0x4c,0x24,
0x58,0x48,0x8d,0x11,0x48,0x8b,0x1d,0xe5,0x02,0x00,0x00,0x48,0x89,0xc1,0xff,0x13,
0x8a,0x84,0x24,0xc4,0x07,0x00,0x00,0x3c,0x00,0x0f,0x84,0x20,0x00,0x00,0x00,0x48,
0x8b,0x05,0xfa,0x02,0x00,0x00,0x8b,0x00,0x03,0x05,0x5a,0x01,0x00,0x00,0x4c,0x8b,
0x9c,0x24,0x18,0x05,0x00,0x00,0x41,0x89,0x43,0x24,0xe9,0x00,0x00,0x00,0x00,0x48,
0x8d,0x84,0x24,0xc4,0x07,0x00,0x00,0x48,0x8b,0x4c,0x24,0x58,0x48,0x8d,0x11,0x48,
0x8b,0x1d,0x2a,0x02,0x00,0x00,0x48,0x89,0xc1,0xff,0x13,0x8a,0x84,0x24,0xc4,0x07,
0x00,0x00,0x3c,0x00,0x0f,0x84,0x50,0x00,0x00,0x00,0x48,0x8d,0x05,0xf7,0x00,0x00,
0x00,0x48,0x8b,0x0d,0x80,0x02,0x00,0x00,0x48,0x89,0x84,0x24,0x90,0x02,0x00,0x00,
0x48,0x89,0x8c,0x24,0xb8,0x02,0x00,0x00,0x48,0x8b,0x84,0x24,0xb8,0x02,0x00,0x00,
0x48,0x8b,0x8c,0x24,0x90,0x02,0x00,0x00,0xff,0x10,0x48,0x8b,0x4c,0x24,0x58,0x48,
0x8d,0x01,0x48,0x8d,0x15,0xf7,0x00,0x00,0x00,0x48,0x8b,0x1d,0xd8,0x01,0x00,0x00,
0x48,0x89,0xc1,0xff,0x13,0xe9,0x00,0x00,0x00,0x00,0xe9,0x00,0x00,0x00,0x00,0x48,
0x8d,0x84,0x24,0xb8,0x07,0x00,0x00,0x48,0x8b,0x0d,0x32,0x02,0x00,0x00,0x48,0x89,
0x84,0x24,0xb0,0x02,0x00,0x00,0x48,0x89,0x8c,0x24,0xa8,0x02,0x00,0x00,0x48,0x8b,
0x84,0x24,0xa8,0x02,0x00,0x00,0x48,0x8b,0x8c,0x24,0xb0,0x02,0x00,0x00,0xff,0x10,
0x48,0x8d,0x84,0x24,0xa8,0x07,0x00,0x00,0x48,0x8b,0x0d,0x19,0x01,0x00,0x00,0x48,
0x89,0x84,0x24,0xa0,0x02,0x00,0x00,0x48,0x89,0x8c,0x24,0x78,0x08,0x00,0x00,0x48,
0x8b,0x84,0x24,0x78,0x08,0x00,0x00,0x48,0x8b,0x8c,0x24,0xa0,0x02,0x00,0x00,0xff,
0x10,0x48,0x8b,0x4c,0x24,0x58,0x48,0x8d,0x09,0x48,0x8b,0x05,0xd8,0x01,0x00,0x00,
0xff,0x10,0x48,0x81,0xc4,0x88,0x08,0x00,0x00,0x41,0x5f,0x41,0x5e,0x41,0x5d,0x41,
0x5c,0x5f,0x5e,0x5d,0x5b,0xc3,0x00,0x00,0x6c,0x61,0x62,0x65,0x6c,0x5f,0x00,0x6b,
0x65,0x79,0x62,0x6f,0x61,0x72,0x64,0x5f,0x62,0x69,0x6e,0x64,0x5f,0x63,0x6f,0x6e,
0x74,0x61,0x69,0x6e,0x65,0x72,0x5f,0x00,0x02,0x00,0x00,0x00,0x00,0x00,0x00,0x00,
0x6b,0x65,0x79,0x62,0x6f,0x61,0x72,0x64,0x5f,0x63,0x6c,0x65,0x61,0x72,0x5f,0x62,
0x75,0x74,0x74,0x6f,0x6e,0x5f,0x00,0x5f,0x01,0x00,0x00,0x00,0x12,0x00,0x00,0x00,
0x6b,0x65,0x79,0x62,0x6f,0x61,0x72,0x64,0x5f,0x62,0x69,0x6e,0x64,0x5f,0x00,0x64,
0x11,0x00,0x00,0x00,0x67,0x61,0x6d,0x65,0x70,0x61,0x64,0x5f,0x63,0x6f,0x6e,0x74,
0x61,0x69,0x6e,0x65,0x72,0x5f,0x00,0x67,0x61,0x6d,0x65,0x70,0x61,0x64,0x5f,0x63,
0x6c,0x65,0x61,0x72,0x5f,0x62,0x75,0x74,0x74,0x6f,0x6e,0x5f,0x00,0x67,0x61,0x6d,
0x65,0x70,0x61,0x64,0x5f,0x62,0x69,0x6e,0x64,0x5f,0x00,0x00,0x00,0x00,0x00,0x00,
};

static const unsigned char MENU_LAYOUT[]={0x53,0x55,0x56,0x57,0x48,0x81,0xec,0x98,0x00,0x00,0x00,0x48,0x8b,0x84,0x24,0xe0,0x00,0x00,0x00,0x48,0x8b,0x9c,0x24,0xe8,0x00,0x00,0x00,0x48,0x8b,0xac,0x24,0xf0,0x00,0x00,0x00,0x48,0x8b,0xbc,0x24,0xf8,0x00,0x00,0x00,0x48,0x89,0x4c,0x24,0x50,0x48,0x89,0x54,0x24,0x58,0x4c,0x89,0x44,0x24,0x60,0x4c,0x89,0x4c,0x24,0x68,0x48,0x89,0x44,0x24,0x70,0x48,0x89,0x5c,0x24,0x78,0x48,0x89,0xac,0x24,0x80,0x00,0x00,0x00,0x48,0x89,0xbc,0x24,0x88,0x00,0x00,0x00,0x48,0x8d,0x09,0x48,0x8d,0x12,0x4d,0x8d,0x00,0x4d,0x8d,0x09,0x48,0x8d,0x00,0x48,0x8d,0x33,0x48,0x8d,0x6d,0x00,0x48,0x8d,0x1f,0x48,0x8d,0x3d,0x2f,0x00,0x00,0x00,0x4c,0x8b,0x15,0x30,0x00,0x00,0x00,0x48,0x89,0x44,0x24,0x20,0x48,0x89,0x74,0x24,0x28,0x48,0x89,0x6c,0x24,0x30,0x48,0x89,0x5c,0x24,0x38,0x48,0x89,0x7c,0x24,0x40,0x41,0xff,0x12,0x48,0x81,0xc4,0x98,0x00,0x00,0x00,0x5f,0x5e,0x5d,0x5b,0xc3,0x00,0x00,0x00,0x00,0x00,0x00,0x00,0x00};

static const unsigned char MENU_GENERAL[]={
0x53,0x55,0x56,0x57,0x41,0x54,0x41,0x55,0x41,0x56,0x41,0x57,0x48,0x81,0xec,0xa8,
0x0a,0x00,0x00,0x48,0x89,0x8c,0x24,0x18,0x0a,0x00,0x00,0x48,0x89,0x94,0x24,0x20,
0x0a,0x00,0x00,0x4c,0x89,0x84,0x24,0x28,0x0a,0x00,0x00,0x48,0x8d,0x84,0x24,0x31,
0x0a,0x00,0x00,0x48,0x8d,0x1a,0x49,0x8d,0xa8,0x98,0x00,0x00,0x00,0x48,0x8b,0x35,
0xa4,0x32,0x00,0x00,0x48,0x89,0x4c,0x24,0x68,0x48,0x89,0x94,0x24,0xe8,0x06,0x00,
0x00,0x4c,0x89,0x84,0x24,0xf0,0x06,0x00,0x00,0x48,0x89,0xc1,0x48,0x89,0xda,0x49,
0x89,0xe8,0xff,0x16,0x8a,0x84,0x24,0x31,0x0a,0x00,0x00,0x3a,0x05,0xaf,0x30,0x00,
0x00,0x0f,0x94,0x84,0x24,0x30,0x0a,0x00,0x00,0x48,0x8d,0x84,0x24,0x38,0x0a,0x00,
0x00,0x48,0x8b,0x0d,0x68,0x32,0x00,0x00,0x48,0x89,0x84,0x24,0xd8,0x06,0x00,0x00,
0x48,0x89,0x8c,0x24,0xf8,0x06,0x00,0x00,0x48,0x8b,0x84,0x24,0xf8,0x06,0x00,0x00,
0x48,0x8b,0x8c,0x24,0xd8,0x06,0x00,0x00,0xff,0x10,0x48,0x8d,0x84,0x24,0x31,0x0a,
0x00,0x00,0x4c,0x8b,0x84,0x24,0xf0,0x06,0x00,0x00,0x49,0x8d,0x88,0x98,0x00,0x00,
0x00,0x48,0x8d,0x94,0x24,0x38,0x0a,0x00,0x00,0x48,0x8b,0x1d,0x18,0x32,0x00,0x00,
0x48,0x89,0x8c,0x24,0x08,0x07,0x00,0x00,0x48,0x89,0x94,0x24,0x10,0x07,0x00,0x00,
0x48,0x89,0xc1,0x48,0x8b,0x94,0x24,0x08,0x07,0x00,0x00,0x4c,0x8b,0x84,0x24,0x10,
0x07,0x00,0x00,0xff,0x13,0x48,0x8d,0x84,0x24,0x38,0x0a,0x00,0x00,0x48,0x8b,0x0d,
0xf4,0x31,0x00,0x00,0x48,0x89,0x84,0x24,0xe0,0x06,0x00,0x00,0x48,0x89,0x8c,0x24,
0xd0,0x06,0x00,0x00,0x48,0x8b,0x84,0x24,0xd0,0x06,0x00,0x00,0x48,0x8b,0x8c,0x24,
0xe0,0x06,0x00,0x00,0xff,0x10,0x48,0x8b,0x05,0xd3,0x31,0x00,0x00,0x8b,0x58,0x68,
0x48,0x8b,0x05,0xd1,0x31,0x00,0x00,0x8b,0x40,0x68,0x89,0xdd,0x01,0xc5,0x48,0x8b,
0x05,0xcb,0x31,0x00,0x00,0x8b,0x58,0x68,0x89,0xe8,0x01,0xd8,0x89,0x84,0x24,0x34,
0x0a,0x00,0x00,0x48,0x8d,0x84,0x24,0x38,0x0a,0x00,0x00,0x48,0x8d,0x0d,0xbf,0x2f,
0x00,0x00,0x48,0x8b,0x15,0xaf,0x31,0x00,0x00,0x48,0x89,0x84,0x24,0xb0,0x06,0x00,
0x00,0x48,0x89,0x8c,0x24,0xc8,0x06,0x00,0x00,0x48,0x89,0x94,0x24,0x98,0x06,0x00,
0x00,0x48,0x8b,0x84,0x24,0x98,0x06,0x00,0x00,0x48,0x8b,0x8c,0x24,0xb0,0x06,0x00,
0x00,0x48,0x8b,0x94,0x24,0xc8,0x06,0x00,0x00,0xff,0x10,0x48,0x8b,0x1d,0x7e,0x31,
0x00,0x00,0x48,0x8b,0x05,0x7f,0x31,0x00,0x00,0x48,0x8d,0x8c,0x24,0x48,0x0a,0x00,
0x00,0x48,0x8d,0x13,0x48,0x8d,0x00,0x48,0x8b,0x1d,0x72,0x31,0x00,0x00,0x49,0x89,
0xc0,0xff,0x13,0x48,0x8d,0x84,0x24,0x50,0x0a,0x00,0x00,0x48,0x8b,0x0d,0x66,0x31,
0x00,0x00,0x48,0x89,0x84,0x24,0xa0,0x06,0x00,0x00,0x48,0x89,0x8c,0x24,0x88,0x06,
0x00,0x00,0x48,0x8b,0x84,0x24,0x88,0x06,0x00,0x00,0x48,0x8b,0x8c,0x24,0xa0,0x06,
0x00,0x00,0xff,0x10,0x48,0x8b,0x2d,0x45,0x31,0x00,0x00,0x48,0x8b,0x4c,0x24,0x68,
0x48,0x8d,0x01,0x48,0x8d,0x94,0x24,0x38,0x0a,0x00,0x00,0x48,0x8d,0x9c,0x24,0x48,
0x0a,0x00,0x00,0x4c,0x8d,0x0d,0x16,0x2f,0x00,0x00,0x48,0x8d,0x35,0x0f,0x2f,0x00,
0x00,0x48,0x8d,0x3d,0x08,0x2f,0x00,0x00,0x4c,0x8d,0x84,0x24,0x50,0x0a,0x00,0x00,
0x48,0x8d,0x6d,0x00,0x4c,0x8b,0x15,0x0d,0x31,0x00,0x00,0x48,0x89,0x74,0x24,0x20,
0x48,0x89,0x7c,0x24,0x28,0x4c,0x89,0x44,0x24,0x30,0x48,0x89,0x6c,0x24,0x38,0x48,
0x89,0xc1,0x49,0x89,0xd8,0x41,0xff,0x12,0x48,0x8d,0x84,0x24,0x50,0x0a,0x00,0x00,
0x48,0x8b,0x0d,0xe9,0x30,0x00,0x00,0x48,0x89,0x84,0x24,0xa8,0x06,0x00,0x00,0x48,
0x89,0x8c,0x24,0xb8,0x06,0x00,0x00,0x48,0x8b,0x84,0x24,0xb8,0x06,0x00,0x00,0x48,
0x8b,0x8c,0x24,0xa8,0x06,0x00,0x00,0xff,0x10,0x48,0x8d,0x84,0x24,0x48,0x0a,0x00,
0x00,0x48,0x8b,0x0d,0xb8,0x30,0x00,0x00,0x48,0x89,0x84,0x24,0xc0,0x06,0x00,0x00,
0x48,0x89,0x8c,0x24,0x18,0x07,0x00,0x00,0x48,0x8b,0x84,0x24,0x18,0x07,0x00,0x00,
0x48,0x8b,0x8c,0x24,0xc0,0x06,0x00,0x00,0xff,0x10,0x48,0x8d,0x84,0x24,0x38,0x0a,
0x00,0x00,0x48,0x8b,0x0d,0x8f,0x30,0x00,0x00,0x48,0x89,0x84,0x24,0x00,0x07,0x00,
0x00,0x48,0x89,0x8c,0x24,0x20,0x07,0x00,0x00,0x48,0x8b,0x84,0x24,0x20,0x07,0x00,
0x00,0x48,0x8b,0x8c,0x24,0x00,0x07,0x00,0x00,0xff,0x10,0x48,0x8d,0x84,0x24,0x38,
0x0a,0x00,0x00,0x48,0x8d,0x0d,0x3a,0x2e,0x00,0x00,0x48,0x8b,0x15,0x17,0x30,0x00,
0x00,0x48,0x89,0x84,0x24,0x30,0x07,0x00,0x00,0x48,0x89,0x8c,0x24,0x88,0x07,0x00,
0x00,0x48,0x89,0x94,0x24,0x90,0x07,0x00,0x00,0x48,0x8b,0x84,0x24,0x90,0x07,0x00,
0x00,0x48,0x8b,0x8c,0x24,0x30,0x07,0x00,0x00,0x48,0x8b,0x94,0x24,0x88,0x07,0x00,
0x00,0xff,0x10,0x48,0x8b,0x1d,0xe6,0x2f,0x00,0x00,0x48,0x8b,0x05,0xdf,0x2f,0x00,
0x00,0x48,0x8d,0x8c,0x24,0x48,0x0a,0x00,0x00,0x48,0x8d,0x13,0x48,0x8d,0x00,0x48,
0x8b,0x1d,0xda,0x2f,0x00,0x00,0x49,0x89,0xc0,0xff,0x13,0x48,0x8b,0x4c,0x24,0x68,
0x48,0x8d,0x01,0x48,0x8d,0x94,0x24,0x38,0x0a,0x00,0x00,0x48,0x8d,0x9c,0x24,0x48,
0x0a,0x00,0x00,0x4c,0x8d,0x0d,0xb6,0x2d,0x00,0x00,0x48,0x8d,0x2d,0x9f,0x2d,0x00,
0x00,0x4c,0x8b,0x84,0x24,0xf0,0x06,0x00,0x00,0x49,0x8d,0x70,0x04,0x48,0x8b,0x3d,
0xcc,0x2f,0x00,0x00,0x48,0x89,0x6c,0x24,0x20,0x48,0x89,0x74,0x24,0x28,0x48,0x89,
0xc1,0x49,0x89,0xd8,0xff,0x17,0x48,0x8d,0x84,0x24,0x48,0x0a,0x00,0x00,0x48,0x8b,
0x0d,0x9b,0x2f,0x00,0x00,0x48,0x89,0x84,0x24,0x78,0x07,0x00,0x00,0x48,0x89,0x8c,
0x24,0x98,0x07,0x00,0x00,0x48,0x8b,0x84,0x24,0x98,0x07,0x00,0x00,0x48,0x8b,0x8c,
0x24,0x78,0x07,0x00,0x00,0xff,0x10,0x48,0x8d,0x84,0x24,0x38,0x0a,0x00,0x00,0x48,
0x8b,0x0d,0x72,0x2f,0x00,0x00,0x48,0x89,0x84,0x24,0xa8,0x07,0x00,0x00,0x48,0x89,
0x8c,0x24,0xb0,0x07,0x00,0x00,0x48,0x8b,0x84,0x24,0xb0,0x07,0x00,0x00,0x48,0x8b,
0x8c,0x24,0xa8,0x07,0x00,0x00,0xff,0x10,0x48,0x8d,0x84,0x24,0x38,0x0a,0x00,0x00,
0x48,0x8d,0x0d,0x2c,0x2d,0x00,0x00,0x48,0x8b,0x15,0xfa,0x2e,0x00,0x00,0x48,0x89,
0x84,0x24,0x80,0x07,0x00,0x00,0x48,0x89,0x8c,0x24,0x70,0x07,0x00,0x00,0x48,0x89,
0x94,0x24,0x50,0x07,0x00,0x00,0x48,0x8b,0x84,0x24,0x50,0x07,0x00,0x00,0x48,0x8b,
0x8c,0x24,0x80,0x07,0x00,0x00,0x48,0x8b,0x94,0x24,0x70,0x07,0x00,0x00,0xff,0x10,
0x48,0x8b,0x3d,0xc9,0x2e,0x00,0x00,0x48,0x8b,0x35,0x0a,0x2f,0x00,0x00,0x48,0x8b,
0x2d,0x0b,0x2f,0x00,0x00,0x48,0x8b,0x05,0x94,0x2e,0x00,0x00,0x8b,0x58,0x68,0x8b,
0x45,0x00,0x0f,0xaf,0xc3,0x8b,0x1e,0x01,0xc3,0x48,0x8d,0x84,0x24,0x48,0x0a,0x00,
0x00,0x48,0x8d,0x0f,0x89,0x9c,0x24,0x50,0x0a,0x00,0x00,0x48,0x8d,0x94,0x24,0x50,
0x0a,0x00,0x00,0x48,0x8b,0x1d,0x96,0x2e,0x00,0x00,0x48,0x89,0x8c,0x24,0x68,0x07,
0x00,0x00,0x48,0x89,0x94,0x24,0x38,0x07,0x00,0x00,0x48,0x89,0xc1,0x48,0x8b,0x94,
0x24,0x68,0x07,0x00,0x00,0x4c,0x8b,0x84,0x24,0x38,0x07,0x00,0x00,0xff,0x13,0x48,
0x8d,0x84,0x24,0x54,0x0a,0x00,0x00,0x48,0x8b,0x0d,0x6a,0x2e,0x00,0x00,0x48,0x89,
0x84,0x24,0x40,0x07,0x00,0x00,0x48,0x89,0x8c,0x24,0x28,0x07,0x00,0x00,0x48,0x8b,
0x84,0x24,0x28,0x07,0x00,0x00,0x48,0x8b,0x8c,0x24,0x40,0x07,0x00,0x00,0xff,0x10,
0x48,0x8b,0x4c,0x24,0x68,0x48,0x8d,0x01,0x48,0x8d,0x94,0x24,0x38,0x0a,0x00,0x00,
0x48,0x8d,0x9c,0x24,0x48,0x0a,0x00,0x00,0x48,0x8d,0x2d,0x21,0x2c,0x00,0x00,0x48,
0x8d,0x35,0x1a,0x2c,0x00,0x00,0x48,0x8d,0x3d,0x37,0x2c,0x00,0x00,0x4c,0x8d,0x8c,
0x24,0x54,0x0a,0x00,0x00,0x4c,0x8d,0x05,0x04,0x2c,0x00,0x00,0x4c,0x8d,0x15,0x21,
0x2c,0x00,0x00,0x4c,0x8b,0x1d,0x3e,0x2e,0x00,0x00,0x48,0x89,0x74,0x24,0x20,0x48,
0x89,0x7c,0x24,0x28,0x4c,0x89,0x4c,0x24,0x30,0x4c,0x89,0x44,0x24,0x38,0x4c,0x89,
0x54,0x24,0x40,0x48,0x89,0xc1,0x49,0x89,0xd8,0x49,0x89,0xe9,0x41,0xff,0x13,0x48,
0x8d,0x84,0x24,0x54,0x0a,0x00,0x00,0x48,0x8b,0x0d,0xe2,0x2d,0x00,0x00,0x48,0x89,
0x84,0x24,0x48,0x07,0x00,0x00,0x48,0x89,0x8c,0x24,0x58,0x07,0x00,0x00,0x48,0x8b,
0x84,0x24,0x58,0x07,0x00,0x00,0x48,0x8b,0x8c,0x24,0x48,0x07,0x00,0x00,0xff,0x10,
0x48,0x8d,0x84,0x24,0x48,0x0a,0x00,0x00,0x48,0x8b,0x0d,0xb1,0x2d,0x00,0x00,0x48,
0x89,0x84,0x24,0x60,0x07,0x00,0x00,0x48,0x89,0x8c,0x24,0x90,0x06,0x00,0x00,0x48,
0x8b,0x84,0x24,0x90,0x06,0x00,0x00,0x48,0x8b,0x8c,0x24,0x60,0x07,0x00,0x00,0xff,
0x10,0x48,0x8d,0x84,0x24,0x38,0x0a,0x00,0x00,0x48,0x8b,0x0d,0x88,0x2d,0x00,0x00,
0x48,0x89,0x84,0x24,0x80,0x06,0x00,0x00,0x48,0x89,0x8c,0x24,0x60,0x06,0x00,0x00,
0x48,0x8b,0x84,0x24,0x60,0x06,0x00,0x00,0x48,0x8b,0x8c,0x24,0x80,0x06,0x00,0x00,
0xff,0x10,0x48,0x8d,0x84,0x24,0x38,0x0a,0x00,0x00,0x48,0x8d,0x0d,0x57,0x2b,0x00,
0x00,0x48,0x8b,0x15,0x10,0x2d,0x00,0x00,0x48,0x89,0x84,0x24,0x78,0x06,0x00,0x00,
0x48,0x89,0x8c,0x24,0xa8,0x05,0x00,0x00,0x48,0x89,0x94,0x24,0xb0,0x05,0x00,0x00,
0x48,0x8b,0x84,0x24,0xb0,0x05,0x00,0x00,0x48,0x8b,0x8c,0x24,0x78,0x06,0x00,0x00,
0x48,0x8b,0x94,0x24,0xa8,0x05,0x00,0x00,0xff,0x10,0x48,0x8b,0x05,0x3f,0x2d,0x00,
0x00,0x48,0x8b,0x1d,0x20,0x2d,0x00,0x00,0x48,0x8d,0x8c,0x24,0x48,0x0a,0x00,0x00,
0x48,0x8d,0x00,0x48,0x8d,0x13,0x48,0x8b,0x1d,0xd3,0x2c,0x00,0x00,0x48,0x89,0x94,
0x24,0x98,0x05,0x00,0x00,0x48,0x89,0xc2,0x4c,0x8b,0x84,0x24,0x98,0x05,0x00,0x00,
0xff,0x13,0x48,0x8d,0x84,0x24,0x50,0x0a,0x00,0x00,0x48,0x8b,0x0d,0xb7,0x2c,0x00,
0x00,0x48,0x89,0x84,0x24,0xb8,0x05,0x00,0x00,0x48,0x89,0x8c,0x24,0xc8,0x05,0x00,
0x00,0x48,0x8b,0x84,0x24,0xc8,0x05,0x00,0x00,0x48,0x8b,0x8c,0x24,0xb8,0x05,0x00,
0x00,0xff,0x10,0x48,0x8b,0x4c,0x24,0x68,0x48,0x8d,0x01,0x48,0x8d,0x94,0x24,0x38,
0x0a,0x00,0x00,0x48,0x8d,0x9c,0x24,0x48,0x0a,0x00,0x00,0x4c,0x8d,0x0d,0x6e,0x2a,
0x00,0x00,0x48,0x8d,0x2d,0xa7,0x2a,0x00,0x00,0x48,0x8d,0x3d,0x60,0x2a,0x00,0x00,
0x48,0x8d,0xb4,0x24,0x50,0x0a,0x00,0x00,0x4c,0x8d,0x05,0x51,0x2a,0x00,0x00,0x4c,
0x8d,0x15,0x6e,0x2a,0x00,0x00,0x4c,0x8b,0x1d,0x8b,0x2c,0x00,0x00,0x48,0x89,0x6c,
0x24,0x20,0x48,0x89,0x7c,0x24,0x28,0x48,0x89,0x74,0x24,0x30,0x4c,0x89,0x44,0x24,
0x38,0x4c,0x89,0x54,0x24,0x40,0x48,0x89,0xc1,0x49,0x89,0xd8,0x41,0xff,0x13,0x48,
0x8d,0x84,0x24,0x50,0x0a,0x00,0x00,0x48,0x8b,0x0d,0x32,0x2c,0x00,0x00,0x48,0x89,
0x84,0x24,0xd0,0x05,0x00,0x00,0x48,0x89,0x8c,0x24,0xa0,0x05,0x00,0x00,0x48,0x8b,
0x84,0x24,0xa0,0x05,0x00,0x00,0x48,0x8b,0x8c,0x24,0xd0,0x05,0x00,0x00,0xff,0x10,
0x48,0x8d,0x84,0x24,0x48,0x0a,0x00,0x00,0x48,0x8b,0x0d,0x01,0x2c,0x00,0x00,0x48,
0x89,0x84,0x24,0x90,0x05,0x00,0x00,0x48,0x89,0x8c,0x24,0x70,0x05,0x00,0x00,0x48,
0x8b,0x84,0x24,0x70,0x05,0x00,0x00,0x48,0x8b,0x8c,0x24,0x90,0x05,0x00,0x00,0xff,
0x10,0x48,0x8d,0x84,0x24,0x38,0x0a,0x00,0x00,0x48,0x8b,0x0d,0xd8,0x2b,0x00,0x00,
0x48,0x89,0x84,0x24,0x88,0x05,0x00,0x00,0x48,0x89,0x8c,0x24,0x60,0x05,0x00,0x00,
0x48,0x8b,0x84,0x24,0x60,0x05,0x00,0x00,0x48,0x8b,0x8c,0x24,0x88,0x05,0x00,0x00,
0xff,0x10,0x48,0x8d,0x84,0x24,0x38,0x0a,0x00,0x00,0x48,0x8d,0x0d,0xc3,0x29,0x00,
0x00,0x48,0x8b,0x15,0x60,0x2b,0x00,0x00,0x48,0x89,0x84,0x24,0x50,0x05,0x00,0x00,
0x48,0x89,0x8c,0x24,0x68,0x05,0x00,0x00,0x48,0x89,0x94,0x24,0x78,0x05,0x00,0x00,
0x48,0x8b,0x84,0x24,0x78,0x05,0x00,0x00,0x48,0x8b,0x8c,0x24,0x50,0x05,0x00,0x00,
0x48,0x8b,0x94,0x24,0x68,0x05,0x00,0x00,0xff,0x10,0x48,0x8b,0x05,0x8f,0x2b,0x00,
0x00,0x48,0x8b,0x1d,0x70,0x2b,0x00,0x00,0x48,0x8d,0x8c,0x24,0x48,0x0a,0x00,0x00,
0x48,0x8d,0x00,0x48,0x8d,0x13,0x48,0x8b,0x1d,0x23,0x2b,0x00,0x00,0x48,0x89,0x94,
0x24,0x80,0x05,0x00,0x00,0x48,0x89,0xc2,0x4c,0x8b,0x84,0x24,0x80,0x05,0x00,0x00,
0xff,0x13,0x48,0x8d,0x84,0x24,0x50,0x0a,0x00,0x00,0x48,0x8b,0x0d,0x07,0x2b,0x00,
0x00,0x48,0x89,0x84,0x24,0xd8,0x05,0x00,0x00,0x48,0x89,0x8c,0x24,0xc0,0x05,0x00,
0x00,0x48,0x8b,0x84,0x24,0xc0,0x05,0x00,0x00,0x48,0x8b,0x8c,0x24,0xd8,0x05,0x00,
0x00,0xff,0x10,0x48,0x8b,0x4c,0x24,0x68,0x48,0x8d,0x01,0x48,0x8d,0x94,0x24,0x38,
0x0a,0x00,0x00,0x48,0x8d,0x9c,0x24,0x48,0x0a,0x00,0x00,0x4c,0x8d,0x0d,0xbe,0x28,
0x00,0x00,0x48,0x8d,0x2d,0xf7,0x28,0x00,0x00,0x48,0x8d,0x35,0xb0,0x28,0x00,0x00,
0x48,0x8d,0xbc,0x24,0x50,0x0a,0x00,0x00,0x4c,0x8d,0x05,0xa1,0x28,0x00,0x00,0x4c,
0x8b,0x15,0xb2,0x2a,0x00,0x00,0x48,0x89,0x6c,0x24,0x20,0x48,0x89,0x74,0x24,0x28,
0x48,0x89,0x7c,0x24,0x30,0x4c,0x89,0x44,0x24,0x38,0x48,0x89,0xc1,0x49,0x89,0xd8,
0x41,0xff,0x12,0x48,0x8d,0x84,0x24,0x50,0x0a,0x00,0x00,0x48,0x8b,0x0d,0x8e,0x2a,
0x00,0x00,0x48,0x89,0x84,0x24,0xe0,0x05,0x00,0x00,0x48,0x89,0x8c,0x24,0xf0,0x05,
0x00,0x00,0x48,0x8b,0x84,0x24,0xf0,0x05,0x00,0x00,0x48,0x8b,0x8c,0x24,0xe0,0x05,
0x00,0x00,0xff,0x10,0x48,0x8d,0x84,0x24,0x48,0x0a,0x00,0x00,0x48,0x8b,0x0d,0x5d,
0x2a,0x00,0x00,0x48,0x89,0x84,0x24,0x48,0x06,0x00,0x00,0x48,0x89,0x8c,0x24,0x50,
0x06,0x00,0x00,0x48,0x8b,0x84,0x24,0x50,0x06,0x00,0x00,0x48,0x8b,0x8c,0x24,0x48,
0x06,0x00,0x00,0xff,0x10,0x48,0x8d,0x84,0x24,0x38,0x0a,0x00,0x00,0x48,0x8b,0x0d,
0x34,0x2a,0x00,0x00,0x48,0x89,0x84,0x24,0x38,0x06,0x00,0x00,0x48,0x89,0x8c,0x24,
0x58,0x06,0x00,0x00,0x48,0x8b,0x84,0x24,0x58,0x06,0x00,0x00,0x48,0x8b,0x8c,0x24,
0x38,0x06,0x00,0x00,0xff,0x10,0x48,0x8d,0x84,0x24,0x38,0x0a,0x00,0x00,0x48,0x8d,
0x0d,0x34,0x28,0x00,0x00,0x48,0x8b,0x15,0xbc,0x29,0x00,0x00,0x48,0x89,0x84,0x24,
0x68,0x06,0x00,0x00,0x48,0x89,0x8c,0x24,0x70,0x06,0x00,0x00,0x48,0x89,0x94,0x24,
0x40,0x06,0x00,0x00,0x48,0x8b,0x84,0x24,0x40,0x06,0x00,0x00,0x48,0x8b,0x8c,0x24,
0x68,0x06,0x00,0x00,0x48,0x8b,0x94,0x24,0x70,0x06,0x00,0x00,0xff,0x10,0x48,0x8b,
0x1d,0xf3,0x29,0x00,0x00,0x48,0x8d,0x84,0x24,0x48,0x0a,0x00,0x00,0x48,0x8b,0x0d,
0xec,0x29,0x00,0x00,0x48,0x89,0x84,0x24,0x30,0x06,0x00,0x00,0x48,0x89,0x8c,0x24,
0x10,0x06,0x00,0x00,0x48,0x8b,0x84,0x24,0x10,0x06,0x00,0x00,0x48,0x8b,0x8c,0x24,
0x30,0x06,0x00,0x00,0xff,0x10,0x48,0x8d,0x84,0x24,0x48,0x0a,0x00,0x00,0x48,0x8d,
0x0b,0x48,0x8d,0x15,0xc0,0x27,0x00,0x00,0x48,0x8b,0x1d,0xb9,0x29,0x00,0x00,0x48,
0x89,0x8c,0x24,0x28,0x06,0x00,0x00,0x48,0x89,0x94,0x24,0xf8,0x05,0x00,0x00,0x48,
0x89,0xc1,0x48,0x8b,0x94,0x24,0x28,0x06,0x00,0x00,0x4c,0x8b,0x84,0x24,0xf8,0x05,
0x00,0x00,0xff,0x13,0x48,0x8b,0x4c,0x24,0x68,0x48,0x8d,0x01,0x48,0x8d,0x94,0x24,
0x38,0x0a,0x00,0x00,0x48,0x8d,0x9c,0x24,0x48,0x0a,0x00,0x00,0x48,0x8b,0x2d,0x7d,
0x29,0x00,0x00,0x48,0x89,0xc1,0x49,0x89,0xd8,0xff,0x55,0x00,0x48,0x8d,0x84,0x24,
0x48,0x0a,0x00,0x00,0x48,0x8b,0x0d,0x1d,0x29,0x00,0x00,0x48,0x89,0x84,0x24,0x00,
0x06,0x00,0x00,0x48,0x89,0x8c,0x24,0xe8,0x05,0x00,0x00,0x48,0x8b,0x84,0x24,0xe8,
0x05,0x00,0x00,0x48,0x8b,0x8c,0x24,0x00,0x06,0x00,0x00,0xff,0x10,0x48,0x8d,0x84,
0x24,0x38,0x0a,0x00,0x00,0x48,0x8b,0x0d,0xec,0x28,0x00,0x00,0x48,0x89,0x84,0x24,
0x08,0x06,0x00,0x00,0x48,0x89,0x8c,0x24,0x18,0x06,0x00,0x00,0x48,0x8b,0x84,0x24,
0x18,0x06,0x00,0x00,0x48,0x8b,0x8c,0x24,0x08,0x06,0x00,0x00,0xff,0x10,0x48,0x8b,
0x4c,0x24,0x68,0x48,0x8d,0x01,0x48,0x8b,0x15,0x0b,0x29,0x00,0x00,0x48,0x89,0xc1,
0xff,0x12,0x48,0x8b,0x4c,0x24,0x68,0x48,0x8d,0x01,0x48,0x8b,0x15,0xf7,0x28,0x00,
0x00,0x48,0x89,0xc1,0xff,0x12,0x48,0x8d,0x84,0x24,0x38,0x0a,0x00,0x00,0x48,0x8d,
0x0d,0xd7,0x26,0x00,0x00,0x48,0x8b,0x15,0x4c,0x28,0x00,0x00,0x48,0x89,0x84,0x24,
0x20,0x06,0x00,0x00,0x48,0x89,0x8c,0x24,0xb8,0x07,0x00,0x00,0x48,0x89,0x94,0x24,
0xa0,0x07,0x00,0x00,0x48,0x8b,0x84,0x24,0xa0,0x07,0x00,0x00,0x48,0x8b,0x8c,0x24,
0x20,0x06,0x00,0x00,0x48,0x8b,0x94,0x24,0xb8,0x07,0x00,0x00,0xff,0x10,0x48,0x8b,
0x05,0x7b,0x28,0x00,0x00,0x48,0x8b,0x1d,0x64,0x28,0x00,0x00,0x48,0x8d,0x8c,0x24,
0x48,0x0a,0x00,0x00,0x48,0x8d,0x00,0x48,0x8d,0x13,0x48,0x8b,0x1d,0x0f,0x28,0x00,
0x00,0x48,0x89,0x94,0x24,0xc0,0x07,0x00,0x00,0x48,0x89,0xc2,0x4c,0x8b,0x84,0x24,
0xc0,0x07,0x00,0x00,0xff,0x13,0x48,0x8b,0x4c,0x24,0x68,0x48,0x8d,0x01,0x48,0x8d,
0x94,0x24,0x38,0x0a,0x00,0x00,0x48,0x8d,0x1d,0x23,0x26,0x00,0x00,0x4c,0x8d,0x8c,
0x24,0x48,0x0a,0x00,0x00,0x48,0x8d,0x2d,0xd4,0x25,0x00,0x00,0x48,0x8b,0x35,0x4d,
0x28,0x00,0x00,0x48,0x89,0x6c,0x24,0x20,0x48,0x89,0xc1,0x49,0x89,0xd8,0xff,0x16,
0x48,0x8d,0x84,0x24,0x48,0x0a,0x00,0x00,0x48,0x8b,0x0d,0xd1,0x27,0x00,0x00,0x48,
0x89,0x84,0x24,0xd0,0x07,0x00,0x00,0x48,0x89,0x8c,0x24,0x60,0x09,0x00,0x00,0x48,
0x8b,0x84,0x24,0x60,0x09,0x00,0x00,0x48,0x8b,0x8c,0x24,0xd0,0x07,0x00,0x00,0xff,
0x10,0x48,0x8d,0x84,0x24,0x38,0x0a,0x00,0x00,0x48,0x8b,0x0d,0xa8,0x27,0x00,0x00,
0x48,0x89,0x84,0x24,0x68,0x09,0x00,0x00,0x48,0x89,0x8c,0x24,0x50,0x09,0x00,0x00,
0x48,0x8b,0x84,0x24,0x50,0x09,0x00,0x00,0x48,0x8b,0x8c,0x24,0x68,0x09,0x00,0x00,
0xff,0x10,0x48,0x8b,0x1d,0xaf,0x27,0x00,0x00,0x48,0x8d,0x84,0x24,0x38,0x0a,0x00,
0x00,0x48,0x8b,0x0d,0xa8,0x27,0x00,0x00,0x48,0x89,0x84,0x24,0x70,0x09,0x00,0x00,
0x48,0x89,0x8c,0x24,0x80,0x09,0x00,0x00,0x48,0x8b,0x84,0x24,0x80,0x09,0x00,0x00,
0x48,0x8b,0x8c,0x24,0x70,0x09,0x00,0x00,0xff,0x10,0x48,0x8d,0x84,0x24,0x38,0x0a,
0x00,0x00,0x48,0x8d,0x0b,0x48,0x8d,0x15,0x90,0x25,0x00,0x00,0x48,0x8b,0x1d,0x75,
0x27,0x00,0x00,0x48,0x89,0x8c,0x24,0x88,0x09,0x00,0x00,0x48,0x89,0x94,0x24,0x58,
0x09,0x00,0x00,0x48,0x89,0xc1,0x48,0x8b,0x94,0x24,0x88,0x09,0x00,0x00,0x4c,0x8b,
0x84,0x24,0x58,0x09,0x00,0x00,0xff,0x13,0x8b,0x05,0xe2,0x24,0x00,0x00,0x89,0xc7,
0x8b,0x05,0xfe,0x24,0x00,0x00,0x89,0xc6,0x8b,0x05,0xd2,0x24,0x00,0x00,0x3b,0x05,
0xcc,0x24,0x00,0x00,0x40,0x0f,0x94,0xc5,0x8b,0x05,0xc2,0x24,0x00,0x00,0x89,0xc3,
0x48,0x8b,0x05,0x89,0x26,0x00,0x00,0x8b,0x40,0x68,0x2b,0x05,0xd4,0x24,0x00,0x00,
0x39,0xc3,0x0f,0x94,0xc0,0x48,0x8b,0x4c,0x24,0x68,0x48,0x8d,0x11,0x4c,0x8b,0x84,
0x24,0xf0,0x06,0x00,0x00,0x49,0x8d,0x18,0x4c,0x8d,0x8c,0x24,0x38,0x0a,0x00,0x00,
0x89,0xbc,0x24,0x48,0x0a,0x00,0x00,0x48,0x8d,0xbc,0x24,0x48,0x0a,0x00,0x00,0x89,
0xb4,0x24,0x4c,0x0a,0x00,0x00,0x4c,0x8d,0x9c,0x24,0x4c,0x0a,0x00,0x00,0x40,0x88,
0xac,0x24,0x50,0x0a,0x00,0x00,0x4c,0x8d,0x94,0x24,0x50,0x0a,0x00,0x00,0x88,0x84,
0x24,0x51,0x0a,0x00,0x00,0x48,0x8d,0x84,0x24,0x51,0x0a,0x00,0x00,0x48,0x8d,0xac,
0x24,0x34,0x0a,0x00,0x00,0x49,0x8d,0xb0,0x98,0x00,0x00,0x00,0x4d,0x8d,0x60,0x0c,
0x4d,0x8d,0x68,0x04,0x4c,0x8b,0x35,0xbd,0x26,0x00,0x00,0x4c,0x89,0x5c,0x24,0x20,
0x4c,0x89,0x54,0x24,0x28,0x48,0x89,0x44,0x24,0x30,0x48,0x89,0x6c,0x24,0x38,0x48,
0x89,0x74,0x24,0x40,0x4c,0x89,0x64,0x24,0x48,0x4c,0x89,0x6c,0x24,0x50,0x48,0x89,
0x94,0x24,0x48,0x09,0x00,0x00,0x4c,0x89,0x8c,0x24,0x28,0x09,0x00,0x00,0x48,0x8b,
0x8c,0x24,0x48,0x09,0x00,0x00,0x48,0x89,0xda,0x4c,0x8b,0x84,0x24,0x28,0x09,0x00,
0x00,0x49,0x89,0xf9,0x41,0xff,0x16,0x48,0x8d,0x84,0x24,0x38,0x0a,0x00,0x00,0x48,
0x8b,0x0d,0x02,0x26,0x00,0x00,0x48,0x89,0x84,0x24,0x40,0x09,0x00,0x00,0x48,0x89,
0x8c,0x24,0x10,0x09,0x00,0x00,0x48,0x8b,0x84,0x24,0x10,0x09,0x00,0x00,0x48,0x8b,
0x8c,0x24,0x40,0x09,0x00,0x00,0xff,0x10,0x48,0x8b,0x4c,0x24,0x68,0x48,0x8d,0x01,
0x48,0x8b,0x15,0x21,0x26,0x00,0x00,0x48,0x89,0xc1,0xff,0x12,0x48,0x8b,0x4c,0x24,
0x68,0x48,0x8d,0x01,0x48,0x8b,0x15,0x0d,0x26,0x00,0x00,0x48,0x89,0xc1,0xff,0x12,
0x48,0x8d,0x84,0x24,0x38,0x0a,0x00,0x00,0x48,0x8d,0x0d,0x01,0x24,0x00,0x00,0x48,
0x8b,0x15,0x62,0x25,0x00,0x00,0x48,0x89,0x84,0x24,0x18,0x09,0x00,0x00,0x48,0x89,
0x8c,0x24,0x00,0x09,0x00,0x00,0x48,0x89,0x94,0x24,0x20,0x09,0x00,0x00,0x48,0x8b,
0x84,0x24,0x20,0x09,0x00,0x00,0x48,0x8b,0x8c,0x24,0x18,0x09,0x00,0x00,0x48,0x8b,
0x94,0x24,0x00,0x09,0x00,0x00,0xff,0x10,0x48,0x8b,0x3d,0x31,0x25,0x00,0x00,0x48,
0x8b,0x35,0x72,0x25,0x00,0x00,0x48,0x8b,0x2d,0x73,0x25,0x00,0x00,0x48,0x8b,0x05,
0x04,0x25,0x00,0x00,0x8b,0x58,0x68,0x8b,0x45,0x00,0x0f,0xaf,0xc3,0x8b,0x1e,0x01,
0xc3,0x48,0x8d,0x84,0x24,0x48,0x0a,0x00,0x00,0x48,0x8d,0x0f,0x89,0x9c,0x24,0x50,
0x0a,0x00,0x00,0x48,0x8d,0x94,0x24,0x50,0x0a,0x00,0x00,0x48,0x8b,0x1d,0xfe,0x24,
0x00,0x00,0x48,0x89,0x8c,0x24,0x30,0x09,0x00,0x00,0x48,0x89,0x94,0x24,0x38,0x09,
0x00,0x00,0x48,0x89,0xc1,0x48,0x8b,0x94,0x24,0x30,0x09,0x00,0x00,0x4c,0x8b,0x84,
0x24,0x38,0x09,0x00,0x00,0xff,0x13,0x48,0x8d,0x84,0x24,0x54,0x0a,0x00,0x00,0x48,
0x8b,0x0d,0xd2,0x24,0x00,0x00,0x48,0x89,0x84,0x24,0x90,0x09,0x00,0x00,0x48,0x89,
0x8c,0x24,0x78,0x09,0x00,0x00,0x48,0x8b,0x84,0x24,0x78,0x09,0x00,0x00,0x48,0x8b,
0x8c,0x24,0x90,0x09,0x00,0x00,0xff,0x10,0x48,0x8b,0x4c,0x24,0x68,0x48,0x8d,0x01,
0x48,0x8d,0x94,0x24,0x38,0x0a,0x00,0x00,0x48,0x8d,0x9c,0x24,0x48,0x0a,0x00,0x00,
0x48,0x8d,0x2d,0x89,0x22,0x00,0x00,0x48,0x8d,0x3d,0x82,0x22,0x00,0x00,0x4c,0x8d,
0x0d,0x9f,0x22,0x00,0x00,0x48,0x8d,0xb4,0x24,0x54,0x0a,0x00,0x00,0x4c,0x8d,0x05,
0x6c,0x22,0x00,0x00,0x4c,0x8d,0x15,0x89,0x22,0x00,0x00,0x4c,0x8b,0x1d,0xa6,0x24,
0x00,0x00,0x48,0x89,0x7c,0x24,0x20,0x4c,0x89,0x4c,0x24,0x28,0x48,0x89,0x74,0x24,
0x30,0x4c,0x89,0x44,0x24,0x38,0x4c,0x89,0x54,0x24,0x40,0x48,0x89,0xc1,0x49,0x89,
0xd8,0x49,0x89,0xe9,0x41,0xff,0x13,0x48,0x8d,0x84,0x24,0x54,0x0a,0x00,0x00,0x48,
0x8b,0x0d,0x4a,0x24,0x00,0x00,0x48,0x89,0x84,0x24,0x98,0x09,0x00,0x00,0x48,0x89,
0x8c,0x24,0xa8,0x09,0x00,0x00,0x48,0x8b,0x84,0x24,0xa8,0x09,0x00,0x00,0x48,0x8b,
0x8c,0x24,0x98,0x09,0x00,0x00,0xff,0x10,0x48,0x8d,0x84,0x24,0x48,0x0a,0x00,0x00,
0x48,0x8b,0x0d,0x19,0x24,0x00,0x00,0x48,0x89,0x84,0x24,0x00,0x0a,0x00,0x00,0x48,
0x89,0x8c,0x24,0x08,0x0a,0x00,0x00,0x48,0x8b,0x84,0x24,0x08,0x0a,0x00,0x00,0x48,
0x8b,0x8c,0x24,0x00,0x0a,0x00,0x00,0xff,0x10,0x48,0x8d,0x84,0x24,0x38,0x0a,0x00,
0x00,0x48,0x8b,0x0d,0xf0,0x23,0x00,0x00,0x48,0x89,0x84,0x24,0xf0,0x09,0x00,0x00,
0x48,0x89,0x8c,0x24,0x10,0x0a,0x00,0x00,0x48,0x8b,0x84,0x24,0x10,0x0a,0x00,0x00,
0x48,0x8b,0x8c,0x24,0xf0,0x09,0x00,0x00,0xff,0x10,0x48,0x8d,0x84,0x24,0x38,0x0a,
0x00,0x00,0x48,0x8d,0x0d,0x2a,0x22,0x00,0x00,0x48,0x8b,0x15,0x78,0x23,0x00,0x00,
0x48,0x89,0x84,0x24,0x88,0x0a,0x00,0x00,0x48,0x89,0x8c,0x24,0x90,0x0a,0x00,0x00,
0x48,0x89,0x94,0x24,0xf8,0x09,0x00,0x00,0x48,0x8b,0x84,0x24,0xf8,0x09,0x00,0x00,
0x48,0x8b,0x8c,0x24,0x88,0x0a,0x00,0x00,0x48,0x8b,0x94,0x24,0x90,0x0a,0x00,0x00,
0xff,0x10,0x48,0x8b,0x05,0xa7,0x23,0x00,0x00,0x48,0x8b,0x1d,0x88,0x23,0x00,0x00,
0x48,0x8d,0x8c,0x24,0x48,0x0a,0x00,0x00,0x48,0x8d,0x00,0x48,0x8d,0x13,0x48,0x8b,
0x1d,0x3b,0x23,0x00,0x00,0x48,0x89,0x94,0x24,0xe8,0x09,0x00,0x00,0x48,0x89,0xc2,
0x4c,0x8b,0x84,0x24,0xe8,0x09,0x00,0x00,0xff,0x13,0x48,0x8d,0x84,0x24,0x50,0x0a,
0x00,0x00,0x48,0x8b,0x0d,0x1f,0x23,0x00,0x00,0x48,0x89,0x84,0x24,0xc8,0x09,0x00,
0x00,0x48,0x89,0x8c,0x24,0xe0,0x09,0x00,0x00,0x48,0x8b,0x84,0x24,0xe0,0x09,0x00,
0x00,0x48,0x8b,0x8c,0x24,0xc8,0x09,0x00,0x00,0xff,0x10,0x48,0x8b,0x4c,0x24,0x68,
0x48,0x8d,0x01,0x48,0x8d,0x94,0x24,0x38,0x0a,0x00,0x00,0x48,0x8d,0x9c,0x24,0x48,
0x0a,0x00,0x00,0x48,0x8d,0x2d,0xd6,0x20,0x00,0x00,0x48,0x8d,0x35,0x0f,0x21,0x00,
0x00,0x48,0x8d,0x3d,0xc8,0x20,0x00,0x00,0x4c,0x8d,0x8c,0x24,0x50,0x0a,0x00,0x00,
0x4c,0x8d,0x05,0xb9,0x20,0x00,0x00,0x4c,0x8d,0x15,0xd6,0x20,0x00,0x00,0x4c,0x8b,
0x1d,0xf3,0x22,0x00,0x00,0x48,0x89,0x74,0x24,0x20,0x48,0x89,0x7c,0x24,0x28,0x4c,
0x89,0x4c,0x24,0x30,0x4c,0x89,0x44,0x24,0x38,0x4c,0x89,0x54,0x24,0x40,0x48,0x89,
0xc1,0x49,0x89,0xd8,0x49,0x89,0xe9,0x41,0xff,0x13,0x48,0x8d,0x84,0x24,0x50,0x0a,
0x00,0x00,0x48,0x8b,0x0d,0x97,0x22,0x00,0x00,0x48,0x89,0x84,0x24,0xb0,0x09,0x00,
0x00,0x48,0x89,0x8c,0x24,0xb8,0x09,0x00,0x00,0x48,0x8b,0x84,0x24,0xb8,0x09,0x00,
0x00,0x48,0x8b,0x8c,0x24,0xb0,0x09,0x00,0x00,0xff,0x10,0x48,0x8d,0x84,0x24,0x48,
0x0a,0x00,0x00,0x48,0x8b,0x0d,0x66,0x22,0x00,0x00,0x48,0x89,0x84,0x24,0xa0,0x09,
0x00,0x00,0x48,0x89,0x8c,0x24,0xc0,0x09,0x00,0x00,0x48,0x8b,0x84,0x24,0xc0,0x09,
0x00,0x00,0x48,0x8b,0x8c,0x24,0xa0,0x09,0x00,0x00,0xff,0x10,0x48,0x8d,0x84,0x24,
0x38,0x0a,0x00,0x00,0x48,0x8b,0x0d,0x3d,0x22,0x00,0x00,0x48,0x89,0x84,0x24,0xd0,
0x09,0x00,0x00,0x48,0x89,0x8c,0x24,0xd8,0x09,0x00,0x00,0x48,0x8b,0x84,0x24,0xd8,
0x09,0x00,0x00,0x48,0x8b,0x8c,0x24,0xd0,0x09,0x00,0x00,0xff,0x10,0x48,0x8d,0x84,
0x24,0x38,0x0a,0x00,0x00,0x48,0x8d,0x0d,0x90,0x20,0x00,0x00,0x48,0x8b,0x15,0xc5,
0x21,0x00,0x00,0x48,0x89,0x84,0x24,0x08,0x09,0x00,0x00,0x48,0x89,0x8c,0x24,0xf8,
0x08,0x00,0x00,0x48,0x89,0x94,0x24,0xd8,0x08,0x00,0x00,0x48,0x8b,0x84,0x24,0xd8,
0x08,0x00,0x00,0x48,0x8b,0x8c,0x24,0x08,0x09,0x00,0x00,0x48,0x8b,0x94,0x24,0xf8,
0x08,0x00,0x00,0xff,0x10,0x48,0x8b,0x05,0xf4,0x21,0x00,0x00,0x48,0x8b,0x1d,0xd5,
0x21,0x00,0x00,0x48,0x8d,0x8c,0x24,0x48,0x0a,0x00,0x00,0x48,0x8d,0x00,0x48,0x8d,
0x13,0x48,0x8b,0x1d,0x88,0x21,0x00,0x00,0x48,0x89,0x94,0x24,0xf0,0x08,0x00,0x00,
0x48,0x89,0xc2,0x4c,0x8b,0x84,0x24,0xf0,0x08,0x00,0x00,0xff,0x13,0x48,0x8d,0x84,
0x24,0x50,0x0a,0x00,0x00,0x48,0x8b,0x0d,0x6c,0x21,0x00,0x00,0x48,0x89,0x84,0x24,
0x20,0x08,0x00,0x00,0x48,0x89,0x8c,0x24,0x28,0x08,0x00,0x00,0x48,0x8b,0x84,0x24,
0x28,0x08,0x00,0x00,0x48,0x8b,0x8c,0x24,0x20,0x08,0x00,0x00,0xff,0x10,0x48,0x8b,
0x4c,0x24,0x68,0x48,0x8d,0x01,0x48,0x8d,0x94,0x24,0x38,0x0a,0x00,0x00,0x48,0x8d,
0x9c,0x24,0x48,0x0a,0x00,0x00,0x4c,0x8d,0x0d,0x23,0x1f,0x00,0x00,0x48,0x8d,0x3d,
0x5c,0x1f,0x00,0x00,0x48,0x8d,0x35,0x15,0x1f,0x00,0x00,0x48,0x8d,0xac,0x24,0x50,
0x0a,0x00,0x00,0x4c,0x8d,0x05,0x06,0x1f,0x00,0x00,0x4c,0x8b,0x15,0x17,0x21,0x00,
0x00,0x48,0x89,0x7c,0x24,0x20,0x48,0x89,0x74,0x24,0x28,0x48,0x89,0x6c,0x24,0x30,
0x4c,0x89,0x44,0x24,0x38,0x48,0x89,0xc1,0x49,0x89,0xd8,0x41,0xff,0x12,0x48,0x8d,
0x84,0x24,0x50,0x0a,0x00,0x00,0x48,0x8b,0x0d,0xf3,0x20,0x00,0x00,0x48,0x89,0x84,
0x24,0x10,0x08,0x00,0x00,0x48,0x89,0x8c,0x24,0x30,0x08,0x00,0x00,0x48,0x8b,0x84,
0x24,0x30,0x08,0x00,0x00,0x48,0x8b,0x8c,0x24,0x10,0x08,0x00,0x00,0xff,0x10,0x48,
0x8d,0x84,0x24,0x48,0x0a,0x00,0x00,0x48,0x8b,0x0d,0xc2,0x20,0x00,0x00,0x48,0x89,
0x84,0x24,0x40,0x08,0x00,0x00,0x48,0x89,0x8c,0x24,0x48,0x08,0x00,0x00,0x48,0x8b,
0x84,0x24,0x48,0x08,0x00,0x00,0x48,0x8b,0x8c,0x24,0x40,0x08,0x00,0x00,0xff,0x10,
0x48,0x8d,0x84,0x24,0x38,0x0a,0x00,0x00,0x48,0x8b,0x0d,0x99,0x20,0x00,0x00,0x48,
0x89,0x84,0x24,0x18,0x08,0x00,0x00,0x48,0x89,0x8c,0x24,0x08,0x08,0x00,0x00,0x48,
0x8b,0x84,0x24,0x08,0x08,0x00,0x00,0x48,0x8b,0x8c,0x24,0x18,0x08,0x00,0x00,0xff,
0x10,0x48,0x8d,0x84,0x24,0x38,0x0a,0x00,0x00,0x48,0x8d,0x0d,0x04,0x1f,0x00,0x00,
0x48,0x8b,0x15,0x21,0x20,0x00,0x00,0x48,0x89,0x84,0x24,0xe8,0x07,0x00,0x00,0x48,
0x89,0x8c,0x24,0x00,0x08,0x00,0x00,0x48,0x89,0x94,0x24,0xd8,0x07,0x00,0x00,0x48,
0x8b,0x84,0x24,0xd8,0x07,0x00,0x00,0x48,0x8b,0x8c,0x24,0xe8,0x07,0x00,0x00,0x48,
0x8b,0x94,0x24,0x00,0x08,0x00,0x00,0xff,0x10,0x48,0x8b,0x1d,0x58,0x20,0x00,0x00,
0x48,0x8d,0x84,0x24,0x48,0x0a,0x00,0x00,0x48,0x8b,0x0d,0x51,0x20,0x00,0x00,0x48,
0x89,0x84,0x24,0xc8,0x07,0x00,0x00,0x48,0x89,0x8c,0x24,0xe0,0x07,0x00,0x00,0x48,
0x8b,0x84,0x24,0xe0,0x07,0x00,0x00,0x48,0x8b,0x8c,0x24,0xc8,0x07,0x00,0x00,0xff,
0x10,0x48,0x8d,0x84,0x24,0x48,0x0a,0x00,0x00,0x48,0x8d,0x0b,0x48,0x8d,0x15,0x95,
0x1e,0x00,0x00,0x48,0x8b,0x1d,0x1e,0x20,0x00,0x00,0x48,0x89,0x8c,0x24,0xf0,0x07,
0x00,0x00,0x48,0x89,0x94,0x24,0xf8,0x07,0x00,0x00,0x48,0x89,0xc1,0x48,0x8b,0x94,
0x24,0xf0,0x07,0x00,0x00,0x4c,0x8b,0x84,0x24,0xf8,0x07,0x00,0x00,0xff,0x13,0x48,
0x8b,0x4c,0x24,0x68,0x48,0x8d,0x01,0x48,0x8d,0x94,0x24,0x38,0x0a,0x00,0x00,0x48,
0x8d,0x9c,0x24,0x48,0x0a,0x00,0x00,0x48,0x8b,0x2d,0xe2,0x1f,0x00,0x00,0x48,0x89,
0xc1,0x49,0x89,0xd8,0xff,0x55,0x00,0x48,0x8d,0x84,0x24,0x48,0x0a,0x00,0x00,0x48,
0x8b,0x0d,0x82,0x1f,0x00,0x00,0x48,0x89,0x84,0x24,0x50,0x08,0x00,0x00,0x48,0x89,
0x8c,0x24,0x38,0x08,0x00,0x00,0x48,0x8b,0x84,0x24,0x38,0x08,0x00,0x00,0x48,0x8b,
0x8c,0x24,0x50,0x08,0x00,0x00,0xff,0x10,0x48,0x8d,0x84,0x24,0x38,0x0a,0x00,0x00,
0x48,0x8b,0x0d,0x51,0x1f,0x00,0x00,0x48,0x89,0x84,0x24,0x58,0x08,0x00,0x00,0x48,
0x89,0x8c,0x24,0x68,0x08,0x00,0x00,0x48,0x8b,0x84,0x24,0x68,0x08,0x00,0x00,0x48,
0x8b,0x8c,0x24,0x58,0x08,0x00,0x00,0xff,0x10,0x48,0x8b,0x4c,0x24,0x68,0x48,0x8d,
0x01,0x48,0x8b,0x15,0x70,0x1f,0x00,0x00,0x48,0x89,0xc1,0xff,0x12,0x48,0x8b,0x4c,
0x24,0x68,0x48,0x8d,0x01,0x48,0x8b,0x15,0x5c,0x1f,0x00,0x00,0x48,0x89,0xc1,0xff,
0x12,0x48,0x8d,0x84,0x24,0x38,0x0a,0x00,0x00,0x48,0x8d,0x0d,0x3c,0x1d,0x00,0x00,
0x48,0x8b,0x15,0xb1,0x1e,0x00,0x00,0x48,0x89,0x84,0x24,0xc0,0x08,0x00,0x00,0x48,
0x89,0x8c,0x24,0xc8,0x08,0x00,0x00,0x48,0x89,0x94,0x24,0xb0,0x08,0x00,0x00,0x48,
0x8b,0x84,0x24,0xb0,0x08,0x00,0x00,0x48,0x8b,0x8c,0x24,0xc0,0x08,0x00,0x00,0x48,
0x8b,0x94,0x24,0xc8,0x08,0x00,0x00,0xff,0x10,0x48,0x8b,0x05,0xe0,0x1e,0x00,0x00,
0x48,0x8b,0x1d,0xc9,0x1e,0x00,0x00,0x48,0x8d,0x8c,0x24,0x48,0x0a,0x00,0x00,0x48,
0x8d,0x00,0x48,0x8d,0x13,0x48,0x8b,0x1d,0x74,0x1e,0x00,0x00,0x48,0x89,0x94,0x24,
0xd0,0x08,0x00,0x00,0x48,0x89,0xc2,0x4c,0x8b,0x84,0x24,0xd0,0x08,0x00,0x00,0xff,
0x13,0x48,0x8b,0x4c,0x24,0x68,0x48,0x8d,0x01,0x48,0x8d,0x94,0x24,0x38,0x0a,0x00,
0x00,0x48,0x8d,0x1d,0x88,0x1c,0x00,0x00,0x4c,0x8d,0x8c,0x24,0x48,0x0a,0x00,0x00,
0x48,0x8d,0x2d,0x39,0x1c,0x00,0x00,0x48,0x8b,0x35,0xb2,0x1e,0x00,0x00,0x48,0x89,
0x6c,0x24,0x20,0x48,0x89,0xc1,0x49,0x89,0xd8,0xff,0x16,0x48,0x8d,0x84,0x24,0x48,
0x0a,0x00,0x00,0x48,0x8b,0x0d,0x36,0x1e,0x00,0x00,0x48,0x89,0x84,0x24,0xe0,0x08,
0x00,0x00,0x48,0x89,0x8c,0x24,0xe8,0x08,0x00,0x00,0x48,0x8b,0x84,0x24,0xe8,0x08,
0x00,0x00,0x48,0x8b,0x8c,0x24,0xe0,0x08,0x00,0x00,0xff,0x10,0x48,0x8d,0x84,0x24,
0x38,0x0a,0x00,0x00,0x48,0x8b,0x0d,0x0d,0x1e,0x00,0x00,0x48,0x89,0x84,0x24,0xb8,
0x08,0x00,0x00,0x48,0x89,0x8c,0x24,0xa8,0x08,0x00,0x00,0x48,0x8b,0x84,0x24,0xa8,
0x08,0x00,0x00,0x48,0x8b,0x8c,0x24,0xb8,0x08,0x00,0x00,0xff,0x10,0x4c,0x8d,0x8c,
0x24,0x38,0x0a,0x00,0x00,0x48,0x8d,0x05,0xf4,0x1b,0x00,0x00,0x48,0x8b,0x0d,0x3d,
0x1e,0x00,0x00,0x48,0x89,0x84,0x24,0x88,0x08,0x00,0x00,0x48,0x89,0x8c,0x24,0xa0,
0x08,0x00,0x00,0x48,0x8b,0x84,0x24,0xa0,0x08,0x00,0x00,0x4c,0x89,0xc9,0x48,0x89,
0x8c,0x24,0x70,0x08,0x00,0x00,0xff,0x10,0x48,0x8b,0x05,0x19,0x1e,0x00,0x00,0x48,
0x8b,0x8c,0x24,0x70,0x08,0x00,0x00,0x48,0x8b,0x94,0x24,0x88,0x08,0x00,0x00,0xff,
0x10,0x48,0x8d,0x84,0x24,0x60,0x0a,0x00,0x00,0x48,0x8d,0x0d,0x60,0x1b,0x00,0x00,
0x48,0x8b,0x15,0xf9,0x1d,0x00,0x00,0x48,0x89,0x84,0x24,0x78,0x08,0x00,0x00,0x48,
0x89,0x8c,0x24,0x60,0x08,0x00,0x00,0x48,0x89,0x94,0x24,0x80,0x08,0x00,0x00,0x48,
0x8b,0x84,0x24,0x80,0x08,0x00,0x00,0x48,0x8b,0x8c,0x24,0x78,0x08,0x00,0x00,0x48,
0x8b,0x94,0x24,0x70,0x08,0x00,0x00,0x4c,0x8b,0x84,0x24,0x60,0x08,0x00,0x00,0xff,
0x10,0x48,0x8b,0x9c,0x24,0x60,0x0a,0x00,0x00,0x48,0x8b,0x2d,0x68,0x1d,0x00,0x00,
0x48,0x8d,0x03,0x48,0x8b,0x0d,0x66,0x1d,0x00,0x00,0x48,0x89,0x84,0x24,0x90,0x08,
0x00,0x00,0x48,0x89,0x8c,0x24,0x98,0x08,0x00,0x00,0x48,0x8b,0x84,0x24,0x98,0x08,
0x00,0x00,0x48,0x8b,0x8c,0x24,0x90,0x08,0x00,0x00,0xff,0x10,0x48,0x8d,0x03,0x48,
0x8d,0x4d,0x00,0x48,0x8d,0x15,0xb2,0x1b,0x00,0x00,0x48,0x8b,0x1d,0x37,0x1d,0x00,
0x00,0x48,0x89,0x8c,0x24,0x58,0x05,0x00,0x00,0x48,0x89,0x94,0x24,0x48,0x05,0x00,
0x00,0x48,0x89,0xc1,0x48,0x8b,0x94,0x24,0x58,0x05,0x00,0x00,0x4c,0x8b,0x84,0x24,
0x48,0x05,0x00,0x00,0xff,0x13,0x48,0x8d,0x84,0x24,0x60,0x0a,0x00,0x00,0x48,0x8d,
0x0d,0xbf,0x1a,0x00,0x00,0x48,0x8b,0x15,0x34,0x1d,0x00,0x00,0x48,0x89,0x84,0x24,
0x28,0x05,0x00,0x00,0x48,0x89,0x8c,0x24,0x40,0x05,0x00,0x00,0x48,0x89,0x94,0x24,
0xf8,0x01,0x00,0x00,0x48,0x8b,0x84,0x24,0xf8,0x01,0x00,0x00,0x48,0x8b,0x8c,0x24,
0x28,0x05,0x00,0x00,0x48,0x8b,0x94,0x24,0x70,0x08,0x00,0x00,0x4c,0x8b,0x84,0x24,
0x40,0x05,0x00,0x00,0xff,0x10,0x48,0x8b,0x9c,0x24,0x60,0x0a,0x00,0x00,0x48,0x8b,
0x2d,0xa3,0x1c,0x00,0x00,0x48,0x8d,0x03,0x48,0x8b,0x0d,0xa1,0x1c,0x00,0x00,0x48,
0x89,0x84,0x24,0x00,0x02,0x00,0x00,0x48,0x89,0x8c,0x24,0xe8,0x01,0x00,0x00,0x48,
0x8b,0x84,0x24,0xe8,0x01,0x00,0x00,0x48,0x8b,0x8c,0x24,0x00,0x02,0x00,0x00,0xff,
0x10,0x48,0x8d,0x03,0x48,0x8d,0x4d,0x00,0x48,0x8d,0x15,0xf1,0x1a,0x00,0x00,0x48,
0x8b,0x1d,0x72,0x1c,0x00,0x00,0x48,0x89,0x8c,0x24,0x08,0x02,0x00,0x00,0x48,0x89,
0x94,0x24,0x18,0x02,0x00,0x00,0x48,0x89,0xc1,0x48,0x8b,0x94,0x24,0x08,0x02,0x00,
0x00,0x4c,0x8b,0x84,0x24,0x18,0x02,0x00,0x00,0xff,0x13,0x4c,0x8b,0x84,0x24,0xf0,
0x06,0x00,0x00,0x41,0x8b,0x80,0xa0,0x00,0x00,0x00,0x89,0x84,0x24,0x60,0x0a,0x00,
0x00,0x48,0x8b,0x1d,0x20,0x1c,0x00,0x00,0x48,0x8d,0x84,0x24,0x68,0x0a,0x00,0x00,
0x48,0x8b,0x0d,0x19,0x1c,0x00,0x00,0x48,0x89,0x84,0x24,0x20,0x02,0x00,0x00,0x48,
0x89,0x8c,0x24,0xf0,0x01,0x00,0x00,0x48,0x8b,0x84,0x24,0xf0,0x01,0x00,0x00,0x48,
0x8b,0x8c,0x24,0x20,0x02,0x00,0x00,0xff,0x10,0x48,0x8d,0x84,0x24,0x68,0x0a,0x00,
0x00,0x48,0x8d,0x0b,0x48,0x8d,0x15,0x69,0x1a,0x00,0x00,0x48,0x8b,0x1d,0xe6,0x1b,
0x00,0x00,0x48,0x89,0x8c,0x24,0xe0,0x01,0x00,0x00,0x48,0x89,0x94,0x24,0xc0,0x01,
0x00,0x00,0x48,0x89,0xc1,0x48,0x8b,0x94,0x24,0xe0,0x01,0x00,0x00,0x4c,0x8b,0x84,
0x24,0xc0,0x01,0x00,0x00,0xff,0x13,0x48,0x8b,0x05,0x22,0x1b,0x00,0x00,0x8b,0x58,
0x68,0x8b,0x05,0x49,0x19,0x00,0x00,0x89,0xdd,0x01,0xc5,0x8b,0x05,0x7f,0x19,0x00,
0x00,0x89,0xc7,0x8b,0x05,0x37,0x19,0x00,0x00,0x3b,0x05,0x31,0x19,0x00,0x00,0x40,
0x0f,0x94,0xc6,0x8b,0x05,0x27,0x19,0x00,0x00,0x89,0xc3,0x48,0x8b,0x05,0xf6,0x1a,
0x00,0x00,0x8b,0x40,0x68,0x2b,0x05,0x39,0x19,0x00,0x00,0x39,0xc3,0x0f,0x94,0xc0,
0x48,0x8b,0x4c,0x24,0x68,0x48,0x8d,0x11,0x4c,0x8b,0x84,0x24,0xf0,0x06,0x00,0x00,
0x49,0x8d,0x18,0x4c,0x8d,0x8c,0x24,0x68,0x0a,0x00,0x00,0x4c,0x8d,0x94,0x24,0x38,
0x0a,0x00,0x00,0x89,0xac,0x24,0x78,0x0a,0x00,0x00,0x4c,0x8d,0xa4,0x24,0x78,0x0a,
0x00,0x00,0x89,0xbc,0x24,0x7c,0x0a,0x00,0x00,0x4c,0x8d,0x9c,0x24,0x7c,0x0a,0x00,
0x00,0x40,0x88,0xb4,0x24,0x80,0x0a,0x00,0x00,0x48,0x8d,0xac,0x24,0x80,0x0a,0x00,
0x00,0x88,0x84,0x24,0x81,0x0a,0x00,0x00,0x48,0x8d,0x84,0x24,0x81,0x0a,0x00,0x00,
0x48,0x8d,0xb4,0x24,0x34,0x0a,0x00,0x00,0x48,0x8d,0xbc,0x24,0x60,0x0a,0x00,0x00,
0x4d,0x8d,0x68,0x0c,0x4d,0x8d,0x70,0x04,0x4c,0x8b,0x3d,0x39,0x1b,0x00,0x00,0x4c,
0x89,0x64,0x24,0x20,0x4c,0x89,0x5c,0x24,0x28,0x48,0x89,0x6c,0x24,0x30,0x48,0x89,
0x44,0x24,0x38,0x48,0x89,0x74,0x24,0x40,0x48,0x89,0x7c,0x24,0x48,0x4c,0x89,0x6c,
0x24,0x50,0x4c,0x89,0x74,0x24,0x58,0x48,0x89,0x94,0x24,0xd8,0x01,0x00,0x00,0x4c,
0x89,0x8c,0x24,0xa8,0x01,0x00,0x00,0x48,0x8b,0x8c,0x24,0xd8,0x01,0x00,0x00,0x48,
0x89,0xda,0x4c,0x8b,0x84,0x24,0xa8,0x01,0x00,0x00,0x4d,0x89,0xd1,0x41,0xff,0x17,
0x48,0x8d,0x84,0x24,0x68,0x0a,0x00,0x00,0x48,0x8b,0x0d,0x59,0x1a,0x00,0x00,0x48,
0x89,0x84,0x24,0xb0,0x01,0x00,0x00,0x48,0x89,0x8c,0x24,0x98,0x01,0x00,0x00,0x48,
0x8b,0x84,0x24,0x98,0x01,0x00,0x00,0x48,0x8b,0x8c,0x24,0xb0,0x01,0x00,0x00,0xff,
0x10,0x8b,0x84,0x24,0x60,0x0a,0x00,0x00,0x4c,0x8b,0x84,0x24,0xf0,0x06,0x00,0x00,
0x41,0x89,0x80,0xa0,0x00,0x00,0x00,0x48,0x8b,0x1d,0x4a,0x1a,0x00,0x00,0x48,0x8d,
0x84,0x24,0x68,0x0a,0x00,0x00,0x48,0x8b,0x0d,0x43,0x1a,0x00,0x00,0x48,0x89,0x84,
0x24,0xb8,0x01,0x00,0x00,0x48,0x89,0x8c,0x24,0xc8,0x01,0x00,0x00,0x48,0x8b,0x84,
0x24,0xc8,0x01,0x00,0x00,0x48,0x8b,0x8c,0x24,0xb8,0x01,0x00,0x00,0xff,0x10,0x48,
0x8d,0x84,0x24,0x68,0x0a,0x00,0x00,0x48,0x8d,0x0b,0x48,0x8d,0x15,0x97,0x18,0x00,
0x00,0x48,0x8b,0x1d,0x10,0x1a,0x00,0x00,0x48,0x89,0x8c,0x24,0xd0,0x01,0x00,0x00,
0x48,0x89,0x94,0x24,0x28,0x02,0x00,0x00,0x48,0x89,0xc1,0x48,0x8b,0x94,0x24,0xd0,
0x01,0x00,0x00,0x4c,0x8b,0x84,0x24,0x28,0x02,0x00,0x00,0xff,0x13,0x48,0x8b,0x05,
0x4c,0x19,0x00,0x00,0x8b,0x58,0x68,0x8b,0x05,0x97,0x17,0x00,0x00,0x89,0xdd,0x01,
0xc5,0x8b,0x05,0xa9,0x17,0x00,0x00,0x89,0xc7,0x8b,0x05,0x85,0x17,0x00,0x00,0x3b,
0x05,0x5b,0x17,0x00,0x00,0x40,0x0f,0x94,0xc6,0x8b,0x05,0x75,0x17,0x00,0x00,0x89,
0xc3,0x48,0x8b,0x05,0x20,0x19,0x00,0x00,0x8b,0x40,0x68,0x2b,0x05,0x63,0x17,0x00,
0x00,0x39,0xc3,0x0f,0x94,0xc0,0x48,0x8b,0x4c,0x24,0x68,0x48,0x8d,0x11,0x4c,0x8b,
0x84,0x24,0xf0,0x06,0x00,0x00,0x49,0x8d,0x18,0x4c,0x8d,0x8c,0x24,0x68,0x0a,0x00,
0x00,0x89,0xac,0x24,0x78,0x0a,0x00,0x00,0x48,0x8d,0xac,0x24,0x78,0x0a,0x00,0x00,
0x89,0xbc,0x24,0x7c,0x0a,0x00,0x00,0x4c,0x8d,0x9c,0x24,0x7c,0x0a,0x00,0x00,0x40,
0x88,0xb4,0x24,0x80,0x0a,0x00,0x00,0x4c,0x8d,0x94,0x24,0x80,0x0a,0x00,0x00,0x88,
0x84,0x24,0x81,0x0a,0x00,0x00,0x48,0x8d,0x84,0x24,0x81,0x0a,0x00,0x00,0x48,0x8d,
0xb4,0x24,0x34,0x0a,0x00,0x00,0x49,0x8d,0xb8,0xa4,0x00,0x00,0x00,0x4d,0x8d,0x60,
0x0c,0x4d,0x8d,0x68,0x04,0x4c,0x8b,0x35,0x4c,0x19,0x00,0x00,0x4c,0x89,0x5c,0x24,
0x20,0x4c,0x89,0x54,0x24,0x28,0x48,0x89,0x44,0x24,0x30,0x48,0x89,0x74,0x24,0x38,
0x48,0x89,0x7c,0x24,0x40,0x4c,0x89,0x64,0x24,0x48,0x4c,0x89,0x6c,0x24,0x50,0x48,
0x89,0x94,0x24,0x10,0x02,0x00,0x00,0x4c,0x89,0x8c,0x24,0x30,0x02,0x00,0x00,0x48,
0x8b,0x8c,0x24,0x10,0x02,0x00,0x00,0x48,0x89,0xda,0x4c,0x8b,0x84,0x24,0x30,0x02,
0x00,0x00,0x49,0x89,0xe9,0x41,0xff,0x16,0x48,0x8d,0x84,0x24,0x68,0x0a,0x00,0x00,
0x48,0x8b,0x0d,0x91,0x18,0x00,0x00,0x48,0x89,0x84,0x24,0x40,0x02,0x00,0x00,0x48,
0x89,0x8c,0x24,0x98,0x02,0x00,0x00,0x48,0x8b,0x84,0x24,0x98,0x02,0x00,0x00,0x48,
0x8b,0x8c,0x24,0x40,0x02,0x00,0x00,0xff,0x10,0x48,0x8b,0x1d,0x98,0x18,0x00,0x00,
0x48,0x8d,0x84,0x24,0x68,0x0a,0x00,0x00,0x48,0x8b,0x0d,0x91,0x18,0x00,0x00,0x48,
0x89,0x84,0x24,0xa0,0x02,0x00,0x00,0x48,0x89,0x8c,0x24,0x88,0x02,0x00,0x00,0x48,
0x8b,0x84,0x24,0x88,0x02,0x00,0x00,0x48,0x8b,0x8c,0x24,0xa0,0x02,0x00,0x00,0xff,
0x10,0x48,0x8d,0x84,0x24,0x68,0x0a,0x00,0x00,0x48,0x8d,0x0b,0x48,0x8d,0x15,0xe9,
0x16,0x00,0x00,0x48,0x8b,0x1d,0x5e,0x18,0x00,0x00,0x48,0x89,0x8c,0x24,0xa8,0x02,
0x00,0x00,0x48,0x89,0x94,0x24,0xb8,0x02,0x00,0x00,0x48,0x89,0xc1,0x48,0x8b,0x94,
0x24,0xa8,0x02,0x00,0x00,0x4c,0x8b,0x84,0x24,0xb8,0x02,0x00,0x00,0xff,0x13,0x48,
0x8b,0x05,0x9a,0x17,0x00,0x00,0x8b,0x58,0x68,0x8b,0x05,0x01,0x16,0x00,0x00,0x89,
0xdd,0x01,0xc5,0x8b,0x05,0xf7,0x15,0x00,0x00,0x89,0xc7,0x8b,0x05,0xef,0x15,0x00,
0x00,0x3b,0x05,0xa9,0x15,0x00,0x00,0x40,0x0f,0x94,0xc6,0x8b,0x05,0xdf,0x15,0x00,
0x00,0x89,0xc3,0x48,0x8b,0x05,0x6e,0x17,0x00,0x00,0x8b,0x40,0x68,0x2b,0x05,0xb1,
0x15,0x00,0x00,0x39,0xc3,0x0f,0x94,0xc0,0x48,0x8b,0x4c,0x24,0x68,0x48,0x8d,0x11,
0x4c,0x8b,0x84,0x24,0xf0,0x06,0x00,0x00,0x49,0x8d,0x18,0x4c,0x8d,0x8c,0x24,0x68,
0x0a,0x00,0x00,0x89,0xac,0x24,0x78,0x0a,0x00,0x00,0x48,0x8d,0xac,0x24,0x78,0x0a,
0x00,0x00,0x89,0xbc,0x24,0x7c,0x0a,0x00,0x00,0x4c,0x8d,0x9c,0x24,0x7c,0x0a,0x00,
0x00,0x40,0x88,0xb4,0x24,0x80,0x0a,0x00,0x00,0x4c,0x8d,0x94,0x24,0x80,0x0a,0x00,
0x00,0x88,0x84,0x24,0x81,0x0a,0x00,0x00,0x48,0x8d,0xb4,0x24,0x81,0x0a,0x00,0x00,
0x48,0x8d,0x84,0x24,0x34,0x0a,0x00,0x00,0x49,0x8d,0xb8,0xa5,0x00,0x00,0x00,0x4d,
0x8d,0x60,0x0c,0x4d,0x8d,0x68,0x04,0x4c,0x8b,0x35,0x9a,0x17,0x00,0x00,0x4c,0x89,
0x5c,0x24,0x20,0x4c,0x89,0x54,0x24,0x28,0x48,0x89,0x74,0x24,0x30,0x48,0x89,0x44,
0x24,0x38,0x48,0x89,0x7c,0x24,0x40,0x4c,0x89,0x64,0x24,0x48,0x4c,0x89,0x6c,0x24,
0x50,0x48,0x89,0x94,0x24,0xc0,0x02,0x00,0x00,0x4c,0x89,0x8c,0x24,0x90,0x02,0x00,
0x00,0x48,0x8b,0x8c,0x24,0xc0,0x02,0x00,0x00,0x48,0x89,0xda,0x4c,0x8b,0x84,0x24,
0x90,0x02,0x00,0x00,0x49,0x89,0xe9,0x41,0xff,0x16,0x48,0x8d,0x84,0x24,0x68,0x0a,
0x00,0x00,0x48,0x8b,0x0d,0xdf,0x16,0x00,0x00,0x48,0x89,0x84,0x24,0x80,0x02,0x00,
0x00,0x48,0x89,0x8c,0x24,0x60,0x02,0x00,0x00,0x48,0x8b,0x84,0x24,0x60,0x02,0x00,
0x00,0x48,0x8b,0x8c,0x24,0x80,0x02,0x00,0x00,0xff,0x10,0x48,0x8d,0x84,0x24,0x38,
0x0a,0x00,0x00,0x48,0x8b,0x0d,0x36,0x17,0x00,0x00,0x48,0x89,0x84,0x24,0x78,0x02,
0x00,0x00,0x48,0x89,0x8c,0x24,0x48,0x02,0x00,0x00,0x48,0x8b,0x84,0x24,0x48,0x02,
0x00,0x00,0x48,0x8b,0x8c,0x24,0x78,0x02,0x00,0x00,0xff,0x10,0x48,0x8b,0x4c,0x24,
0x68,0x48,0x8d,0x01,0x48,0x8b,0x15,0xcd,0x16,0x00,0x00,0x48,0x89,0xc1,0xff,0x12,
0x48,0x8b,0x4c,0x24,0x68,0x48,0x8d,0x01,0x48,0x8b,0x15,0xb9,0x16,0x00,0x00,0x48,
0x89,0xc1,0xff,0x12,0x48,0x8d,0x84,0x24,0x38,0x0a,0x00,0x00,0x48,0x8d,0x0d,0x1d,
0x15,0x00,0x00,0x48,0x8b,0x15,0x0e,0x16,0x00,0x00,0x48,0x89,0x84,0x24,0x50,0x02,
0x00,0x00,0x48,0x89,0x8c,0x24,0x38,0x02,0x00,0x00,0x48,0x89,0x94,0x24,0x58,0x02,
0x00,0x00,0x48,0x8b,0x84,0x24,0x58,0x02,0x00,0x00,0x48,0x8b,0x8c,0x24,0x50,0x02,
0x00,0x00,0x48,0x8b,0x94,0x24,0x38,0x02,0x00,0x00,0xff,0x10,0x48,0x8b,0x3d,0xdd,
0x15,0x00,0x00,0x48,0x8b,0x35,0x1e,0x16,0x00,0x00,0x48,0x8b,0x2d,0x1f,0x16,0x00,
0x00,0x48,0x8b,0x05,0xb8,0x15,0x00,0x00,0x8b,0x58,0x68,0x8b,0x45,0x00,0x0f,0xaf,
0xc3,0x8b,0x1e,0x01,0xc3,0x48,0x8d,0x84,0x24,0x48,0x0a,0x00,0x00,0x48,0x8d,0x0f,
0x89,0x9c,0x24,0x50,0x0a,0x00,0x00,0x48,0x8d,0x94,0x24,0x50,0x0a,0x00,0x00,0x48,
0x8b,0x1d,0xaa,0x15,0x00,0x00,0x48,0x89,0x8c,0x24,0x68,0x02,0x00,0x00,0x48,0x89,
0x94,0x24,0x70,0x02,0x00,0x00,0x48,0x89,0xc1,0x48,0x8b,0x94,0x24,0x68,0x02,0x00,
0x00,0x4c,0x8b,0x84,0x24,0x70,0x02,0x00,0x00,0xff,0x13,0x48,0x8d,0x84,0x24,0x54,
0x0a,0x00,0x00,0x48,0x8b,0x0d,0x7e,0x15,0x00,0x00,0x48,0x89,0x84,0x24,0xa0,0x01,
0x00,0x00,0x48,0x89,0x8c,0x24,0x90,0x01,0x00,0x00,0x48,0x8b,0x84,0x24,0x90,0x01,
0x00,0x00,0x48,0x8b,0x8c,0x24,0xa0,0x01,0x00,0x00,0xff,0x10,0x48,0x8b,0x4c,0x24,
0x68,0x48,0x8d,0x01,0x48,0x8d,0x94,0x24,0x38,0x0a,0x00,0x00,0x48,0x8d,0x9c,0x24,
0x48,0x0a,0x00,0x00,0x4c,0x8d,0x0d,0x35,0x13,0x00,0x00,0x48,0x8d,0x3d,0x2e,0x13,
0x00,0x00,0x48,0x8d,0x2d,0x4b,0x13,0x00,0x00,0x48,0x8d,0xb4,0x24,0x54,0x0a,0x00,
0x00,0x4c,0x8d,0x05,0x18,0x13,0x00,0x00,0x4c,0x8d,0x15,0x35,0x13,0x00,0x00,0x4c,
0x8b,0x1d,0x52,0x15,0x00,0x00,0x48,0x89,0x7c,0x24,0x20,0x48,0x89,0x6c,0x24,0x28,
0x48,0x89,0x74,0x24,0x30,0x4c,0x89,0x44,0x24,0x38,0x4c,0x89,0x54,0x24,0x40,0x48,
0x89,0xc1,0x49,0x89,0xd8,0x41,0xff,0x13,0x48,0x8d,0x84,0x24,0x54,0x0a,0x00,0x00,
0x48,0x8b,0x0d,0xf9,0x14,0x00,0x00,0x48,0x89,0x84,0x24,0x70,0x01,0x00,0x00,0x48,
0x89,0x8c,0x24,0x88,0x01,0x00,0x00,0x48,0x8b,0x84,0x24,0x88,0x01,0x00,0x00,0x48,
0x8b,0x8c,0x24,0x70,0x01,0x00,0x00,0xff,0x10,0x48,0x8d,0x84,0x24,0x48,0x0a,0x00,
0x00,0x48,0x8b,0x0d,0xc8,0x14,0x00,0x00,0x48,0x89,0x84,0x24,0xb8,0x00,0x00,0x00,
0x48,0x89,0x8c,0x24,0xc0,0x00,0x00,0x00,0x48,0x8b,0x84,0x24,0xc0,0x00,0x00,0x00,
0x48,0x8b,0x8c,0x24,0xb8,0x00,0x00,0x00,0xff,0x10,0x48,0x8d,0x84,0x24,0x38,0x0a,
0x00,0x00,0x48,0x8b,0x0d,0x9f,0x14,0x00,0x00,0x48,0x89,0x84,0x24,0xa8,0x00,0x00,
0x00,0x48,0x89,0x8c,0x24,0xc8,0x00,0x00,0x00,0x48,0x8b,0x84,0x24,0xc8,0x00,0x00,
0x00,0x48,0x8b,0x8c,0x24,0xa8,0x00,0x00,0x00,0xff,0x10,0x48,0x8d,0x84,0x24,0x38,
0x0a,0x00,0x00,0x48,0x8d,0x0d,0x48,0x13,0x00,0x00,0x48,0x8b,0x15,0x27,0x14,0x00,
0x00,0x48,0x89,0x84,0x24,0xd8,0x00,0x00,0x00,0x48,0x89,0x8c,0x24,0xe0,0x00,0x00,
0x00,0x48,0x89,0x94,0x24,0xb0,0x00,0x00,0x00,0x48,0x8b,0x84,0x24,0xb0,0x00,0x00,
0x00,0x48,0x8b,0x8c,0x24,0xd8,0x00,0x00,0x00,0x48,0x8b,0x94,0x24,0xe0,0x00,0x00,
0x00,0xff,0x10,0x48,0x8b,0x1d,0x56,0x14,0x00,0x00,0x48,0x8b,0x05,0x37,0x14,0x00,
0x00,0x48,0x8d,0x8c,0x24,0x48,0x0a,0x00,0x00,0x48,0x8d,0x13,0x48,0x8d,0x00,0x48,
0x8b,0x1d,0xea,0x13,0x00,0x00,0x49,0x89,0xc0,0xff,0x13,0x48,0x8d,0x84,0x24,0x50,
0x0a,0x00,0x00,0x48,0x8b,0x0d,0xde,0x13,0x00,0x00,0x48,0x89,0x84,0x24,0xa0,0x00,
0x00,0x00,0x48,0x89,0x8c,0x24,0x80,0x00,0x00,0x00,0x48,0x8b,0x84,0x24,0x80,0x00,
0x00,0x00,0x48,0x8b,0x8c,0x24,0xa0,0x00,0x00,0x00,0xff,0x10,0x48,0x8b,0x4c,0x24,
0x68,0x48,0x8d,0x01,0x48,0x8d,0x94,0x24,0x38,0x0a,0x00,0x00,0x48,0x8d,0x9c,0x24,
0x48,0x0a,0x00,0x00,0x48,0x8d,0x2d,0x95,0x11,0x00,0x00,0x48,0x8d,0x3d,0xce,0x11,
0x00,0x00,0x4c,0x8d,0x0d,0x87,0x11,0x00,0x00,0x48,0x8d,0xb4,0x24,0x50,0x0a,0x00,
0x00,0x4c,0x8d,0x05,0x78,0x11,0x00,0x00,0x4c,0x8d,0x15,0x95,0x11,0x00,0x00,0x4c,
0x8b,0x1d,0xb2,0x13,0x00,0x00,0x48,0x89,0x7c,0x24,0x20,0x4c,0x89,0x4c,0x24,0x28,
0x48,0x89,0x74,0x24,0x30,0x4c,0x89,0x44,0x24,0x38,0x4c,0x89,0x54,0x24,0x40,0x48,
0x89,0xc1,0x49,0x89,0xd8,0x49,0x89,0xe9,0x41,0xff,0x13,0x48,0x8d,0x84,0x24,0x50,
0x0a,0x00,0x00,0x48,0x8b,0x0d,0x56,0x13,0x00,0x00,0x48,0x89,0x84,0x24,0x98,0x00,
0x00,0x00,0x48,0x89,0x4c,0x24,0x70,0x48,0x8b,0x44,0x24,0x70,0x48,0x8b,0x8c,0x24,
0x98,0x00,0x00,0x00,0xff,0x10,0x48,0x8d,0x84,0x24,0x48,0x0a,0x00,0x00,0x48,0x8b,
0x0d,0x2b,0x13,0x00,0x00,0x48,0x89,0x44,0x24,0x60,0x48,0x89,0x4c,0x24,0x78,0x48,
0x8b,0x44,0x24,0x78,0x48,0x8b,0x4c,0x24,0x60,0xff,0x10,0x48,0x8d,0x84,0x24,0x38,
0x0a,0x00,0x00,0x48,0x8b,0x0d,0x0e,0x13,0x00,0x00,0x48,0x89,0x84,0x24,0x88,0x00,
0x00,0x00,0x48,0x89,0x8c,0x24,0x90,0x00,0x00,0x00,0x48,0x8b,0x84,0x24,0x90,0x00,
0x00,0x00,0x48,0x8b,0x8c,0x24,0x88,0x00,0x00,0x00,0xff,0x10,0x48,0x8d,0x84,0x24,
0x38,0x0a,0x00,0x00,0x48,0x8d,0x0d,0xcf,0x11,0x00,0x00,0x48,0x8b,0x15,0x96,0x12,
0x00,0x00,0x48,0x89,0x84,0x24,0xe8,0x00,0x00,0x00,0x48,0x89,0x8c,0x24,0xd0,0x00,
0x00,0x00,0x48,0x89,0x94,0x24,0xf0,0x00,0x00,0x00,0x48,0x8b,0x84,0x24,0xf0,0x00,
0x00,0x00,0x48,0x8b,0x8c,0x24,0xe8,0x00,0x00,0x00,0x48,0x8b,0x94,0x24,0xd0,0x00,
0x00,0x00,0xff,0x10,0x48,0x8b,0x1d,0xc5,0x12,0x00,0x00,0x48,0x8b,0x05,0xa6,0x12,
0x00,0x00,0x48,0x8d,0x8c,0x24,0x48,0x0a,0x00,0x00,0x48,0x8d,0x13,0x48,0x8d,0x00,
0x48,0x8b,0x1d,0x59,0x12,0x00,0x00,0x49,0x89,0xc0,0xff,0x13,0x48,0x8d,0x84,0x24,
0x50,0x0a,0x00,0x00,0x48,0x8b,0x0d,0x4d,0x12,0x00,0x00,0x48,0x89,0x84,0x24,0x00,
0x01,0x00,0x00,0x48,0x89,0x8c,0x24,0x58,0x01,0x00,0x00,0x48,0x8b,0x84,0x24,0x58,
0x01,0x00,0x00,0x48,0x8b,0x8c,0x24,0x00,0x01,0x00,0x00,0xff,0x10,0x48,0x8b,0x4c,
0x24,0x68,0x48,0x8d,0x01,0x48,0x8d,0x94,0x24,0x38,0x0a,0x00,0x00,0x48,0x8d,0x9c,
0x24,0x48,0x0a,0x00,0x00,0x4c,0x8d,0x0d,0x04,0x10,0x00,0x00,0x48,0x8d,0x2d,0x3d,
0x10,0x00,0x00,0x48,0x8d,0x35,0xf6,0x0f,0x00,0x00,0x48,0x8d,0xbc,0x24,0x50,0x0a,
0x00,0x00,0x4c,0x8d,0x05,0xe7,0x0f,0x00,0x00,0x4c,0x8b,0x15,0xf8,0x11,0x00,0x00,
0x48,0x89,0x6c,0x24,0x20,0x48,0x89,0x74,0x24,0x28,0x48,0x89,0x7c,0x24,0x30,0x4c,
0x89,0x44,0x24,0x38,0x48,0x89,0xc1,0x49,0x89,0xd8,0x41,0xff,0x12,0x48,0x8d,0x84,
0x24,0x50,0x0a,0x00,0x00,0x48,0x8b,0x0d,0xd4,0x11,0x00,0x00,0x48,0x89,0x84,0x24,
0x60,0x01,0x00,0x00,0x48,0x89,0x8c,0x24,0x48,0x01,0x00,0x00,0x48,0x8b,0x84,0x24,
0x48,0x01,0x00,0x00,0x48,0x8b,0x8c,0x24,0x60,0x01,0x00,0x00,0xff,0x10,0x48,0x8d,
0x84,0x24,0x48,0x0a,0x00,0x00,0x48,0x8b,0x0d,0xa3,0x11,0x00,0x00,0x48,0x89,0x84,
0x24,0x68,0x01,0x00,0x00,0x48,0x89,0x8c,0x24,0x78,0x01,0x00,0x00,0x48,0x8b,0x84,
0x24,0x78,0x01,0x00,0x00,0x48,0x8b,0x8c,0x24,0x68,0x01,0x00,0x00,0xff,0x10,0x48,
0x8d,0x84,0x24,0x38,0x0a,0x00,0x00,0x48,0x8b,0x0d,0x7a,0x11,0x00,0x00,0x48,0x89,
0x84,0x24,0x80,0x01,0x00,0x00,0x48,0x89,0x8c,0x24,0x50,0x01,0x00,0x00,0x48,0x8b,
0x84,0x24,0x50,0x01,0x00,0x00,0x48,0x8b,0x8c,0x24,0x80,0x01,0x00,0x00,0xff,0x10,
0x48,0x8d,0x84,0x24,0x38,0x0a,0x00,0x00,0x48,0x8d,0x0d,0x52,0x10,0x00,0x00,0x48,
0x8b,0x15,0x02,0x11,0x00,0x00,0x48,0x89,0x84,0x24,0x40,0x01,0x00,0x00,0x48,0x89,
0x8c,0x24,0x20,0x01,0x00,0x00,0x48,0x89,0x94,0x24,0x38,0x01,0x00,0x00,0x48,0x8b,
0x84,0x24,0x38,0x01,0x00,0x00,0x48,0x8b,0x8c,0x24,0x40,0x01,0x00,0x00,0x48,0x8b,
0x94,0x24,0x20,0x01,0x00,0x00,0xff,0x10,0x48,0x8b,0x1d,0x39,0x11,0x00,0x00,0x48,
0x8d,0x84,0x24,0x48,0x0a,0x00,0x00,0x48,0x8b,0x0d,0x32,0x11,0x00,0x00,0x48,0x89,
0x84,0x24,0x08,0x01,0x00,0x00,0x48,0x89,0x8c,0x24,0x10,0x01,0x00,0x00,0x48,0x8b,
0x84,0x24,0x10,0x01,0x00,0x00,0x48,0x8b,0x8c,0x24,0x08,0x01,0x00,0x00,0xff,0x10,
0x48,0x8d,0x84,0x24,0x48,0x0a,0x00,0x00,0x48,0x8d,0x0b,0x48,0x8d,0x15,0xe2,0x0f,
0x00,0x00,0x48,0x8b,0x1d,0xff,0x10,0x00,0x00,0x48,0x89,0x8c,0x24,0xf8,0x00,0x00,
0x00,0x48,0x89,0x94,0x24,0x18,0x01,0x00,0x00,0x48,0x89,0xc1,0x48,0x8b,0x94,0x24,
0xf8,0x00,0x00,0x00,0x4c,0x8b,0x84,0x24,0x18,0x01,0x00,0x00,0xff,0x13,0x48,0x8b,
0x4c,0x24,0x68,0x48,0x8d,0x01,0x48,0x8d,0x94,0x24,0x38,0x0a,0x00,0x00,0x48,0x8d,
0x9c,0x24,0x48,0x0a,0x00,0x00,0x48,0x8b,0x2d,0xc3,0x10,0x00,0x00,0x48,0x89,0xc1,
0x49,0x89,0xd8,0xff,0x55,0x00,0x48,0x8d,0x84,0x24,0x48,0x0a,0x00,0x00,0x48,0x8b,
0x0d,0x63,0x10,0x00,0x00,0x48,0x89,0x84,0x24,0x28,0x01,0x00,0x00,0x48,0x89,0x8c,
0x24,0x30,0x01,0x00,0x00,0x48,0x8b,0x84,0x24,0x30,0x01,0x00,0x00,0x48,0x8b,0x8c,
0x24,0x28,0x01,0x00,0x00,0xff,0x10,0x48,0x8d,0x84,0x24,0x38,0x0a,0x00,0x00,0x48,
0x8b,0x0d,0x32,0x10,0x00,0x00,0x48,0x89,0x84,0x24,0xc8,0x02,0x00,0x00,0x48,0x89,
0x8c,0x24,0xb0,0x02,0x00,0x00,0x48,0x8b,0x84,0x24,0xb0,0x02,0x00,0x00,0x48,0x8b,
0x8c,0x24,0xc8,0x02,0x00,0x00,0xff,0x10,0x48,0x8b,0x4c,0x24,0x68,0x48,0x8d,0x01,
0x48,0x8b,0x15,0x51,0x10,0x00,0x00,0x48,0x89,0xc1,0xff,0x12,0x48,0x8b,0x4c,0x24,
0x68,0x48,0x8d,0x01,0x48,0x8b,0x15,0x3d,0x10,0x00,0x00,0x48,0x89,0xc1,0xff,0x12,
0x48,0x8d,0x84,0x24,0x38,0x0a,0x00,0x00,0x48,0x8d,0x0d,0xf9,0x0e,0x00,0x00,0x48,
0x8b,0x15,0x92,0x0f,0x00,0x00,0x48,0x89,0x84,0x24,0xd0,0x02,0x00,0x00,0x48,0x89,
0x8c,0x24,0xe0,0x02,0x00,0x00,0x48,0x89,0x94,0x24,0x70,0x04,0x00,0x00,0x48,0x8b,
0x84,0x24,0x70,0x04,0x00,0x00,0x48,0x8b,0x8c,0x24,0xd0,0x02,0x00,0x00,0x48,0x8b,
0x94,0x24,0xe0,0x02,0x00,0x00,0xff,0x10,0x48,0x8b,0x05,0xc1,0x0f,0x00,0x00,0x48,
0x8b,0x1d,0xaa,0x0f,0x00,0x00,0x48,0x8d,0x8c,0x24,0x48,0x0a,0x00,0x00,0x48,0x8d,
0x00,0x48,0x8d,0x13,0x48,0x8b,0x1d,0x55,0x0f,0x00,0x00,0x48,0x89,0x94,0x24,0x78,
0x04,0x00,0x00,0x48,0x89,0xc2,0x4c,0x8b,0x84,0x24,0x78,0x04,0x00,0x00,0xff,0x13,
0x48,0x8b,0x4c,0x24,0x68,0x48,0x8d,0x01,0x48,0x8d,0x94,0x24,0x38,0x0a,0x00,0x00,
0x48,0x8d,0x1d,0x69,0x0d,0x00,0x00,0x4c,0x8d,0x8c,0x24,0x48,0x0a,0x00,0x00,0x48,
0x8d,0x2d,0x1a,0x0d,0x00,0x00,0x48,0x8b,0x35,0x93,0x0f,0x00,0x00,0x48,0x89,0x6c,
0x24,0x20,0x48,0x89,0xc1,0x49,0x89,0xd8,0xff,0x16,0x48,0x8d,0x84,0x24,0x48,0x0a,
0x00,0x00,0x48,0x8b,0x0d,0x17,0x0f,0x00,0x00,0x48,0x89,0x84,0x24,0x60,0x04,0x00,
0x00,0x48,0x89,0x8c,0x24,0x80,0x04,0x00,0x00,0x48,0x8b,0x84,0x24,0x80,0x04,0x00,
0x00,0x48,0x8b,0x8c,0x24,0x60,0x04,0x00,0x00,0xff,0x10,0x48,0x8d,0x84,0x24,0x38,
0x0a,0x00,0x00,0x48,0x8b,0x0d,0xee,0x0e,0x00,0x00,0x48,0x89,0x84,0x24,0x90,0x04,
0x00,0x00,0x48,0x89,0x8c,0x24,0x98,0x04,0x00,0x00,0x48,0x8b,0x84,0x24,0x98,0x04,
0x00,0x00,0x48,0x8b,0x8c,0x24,0x90,0x04,0x00,0x00,0xff,0x10,0x4c,0x8d,0x8c,0x24,
0x38,0x0a,0x00,0x00,0x48,0x8d,0x05,0xd5,0x0c,0x00,0x00,0x48,0x8b,0x0d,0x1e,0x0f,
0x00,0x00,0x48,0x89,0x84,0x24,0x68,0x04,0x00,0x00,0x48,0x89,0x8c,0x24,0x58,0x04,
0x00,0x00,0x48,0x8b,0x84,0x24,0x58,0x04,0x00,0x00,0x4c,0x89,0xc9,0x48,0x89,0x8c,
0x24,0x38,0x04,0x00,0x00,0xff,0x10,0x48,0x8b,0x05,0xfa,0x0e,0x00,0x00,0x48,0x8b,
0x8c,0x24,0x38,0x04,0x00,0x00,0x48,0x8b,0x94,0x24,0x68,0x04,0x00,0x00,0xff,0x10,
0x48,0x8d,0x84,0x24,0x60,0x0a,0x00,0x00,0x48,0x8d,0x0d,0x41,0x0c,0x00,0x00,0x48,
0x8b,0x15,0xda,0x0e,0x00,0x00,0x48,0x89,0x84,0x24,0x50,0x04,0x00,0x00,0x48,0x89,
0x8c,0x24,0x20,0x04,0x00,0x00,0x48,0x89,0x94,0x24,0x28,0x04,0x00,0x00,0x48,0x8b,
0x84,0x24,0x28,0x04,0x00,0x00,0x48,0x8b,0x8c,0x24,0x50,0x04,0x00,0x00,0x48,0x8b,
0x94,0x24,0x38,0x04,0x00,0x00,0x4c,0x8b,0x84,0x24,0x20,0x04,0x00,0x00,0xff,0x10,
0x48,0x8b,0x9c,0x24,0x60,0x0a,0x00,0x00,0x48,0x8b,0x2d,0x49,0x0e,0x00,0x00,0x48,
0x8d,0x03,0x48,0x8b,0x0d,0x47,0x0e,0x00,0x00,0x48,0x89,0x84,0x24,0x10,0x04,0x00,
0x00,0x48,0x89,0x8c,0x24,0x30,0x04,0x00,0x00,0x48,0x8b,0x84,0x24,0x30,0x04,0x00,
0x00,0x48,0x8b,0x8c,0x24,0x10,0x04,0x00,0x00,0xff,0x10,0x48,0x8d,0x03,0x48,0x8d,
0x4d,0x00,0x48,0x8d,0x15,0x17,0x0d,0x00,0x00,0x48,0x8b,0x1d,0x18,0x0e,0x00,0x00,
0x48,0x89,0x8c,0x24,0x40,0x04,0x00,0x00,0x48,0x89,0x94,0x24,0x48,0x04,0x00,0x00,
0x48,0x89,0xc1,0x48,0x8b,0x94,0x24,0x40,0x04,0x00,0x00,0x4c,0x8b,0x84,0x24,0x48,
0x04,0x00,0x00,0xff,0x13,0x48,0x8d,0x84,0x24,0x60,0x0a,0x00,0x00,0x48,0x8d,0x0d,
0xa0,0x0b,0x00,0x00,0x48,0x8b,0x15,0x15,0x0e,0x00,0x00,0x48,0x89,0x84,0x24,0xa0,
0x04,0x00,0x00,0x48,0x89,0x8c,0x24,0x88,0x04,0x00,0x00,0x48,0x89,0x94,0x24,0xa8,
0x04,0x00,0x00,0x48,0x8b,0x84,0x24,0xa8,0x04,0x00,0x00,0x48,0x8b,0x8c,0x24,0xa0,
0x04,0x00,0x00,0x48,0x8b,0x94,0x24,0x38,0x04,0x00,0x00,0x4c,0x8b,0x84,0x24,0x88,
0x04,0x00,0x00,0xff,0x10,0x48,0x8b,0x9c,0x24,0x60,0x0a,0x00,0x00,0x48,0x8b,0x2d,
0x84,0x0d,0x00,0x00,0x48,0x8d,0x03,0x48,0x8b,0x0d,0x82,0x0d,0x00,0x00,0x48,0x89,
0x84,0x24,0xb8,0x04,0x00,0x00,0x48,0x89,0x8c,0x24,0x10,0x05,0x00,0x00,0x48,0x8b,
0x84,0x24,0x10,0x05,0x00,0x00,0x48,0x8b,0x8c,0x24,0xb8,0x04,0x00,0x00,0xff,0x10,
0x48,0x8d,0x03,0x48,0x8d,0x4d,0x00,0x48,0x8d,0x15,0x56,0x0c,0x00,0x00,0x48,0x8b,
0x1d,0x53,0x0d,0x00,0x00,0x48,0x89,0x8c,0x24,0x18,0x05,0x00,0x00,0x48,0x89,0x94,
0x24,0x00,0x05,0x00,0x00,0x48,0x89,0xc1,0x48,0x8b,0x94,0x24,0x18,0x05,0x00,0x00,
0x4c,0x8b,0x84,0x24,0x00,0x05,0x00,0x00,0xff,0x13,0x4c,0x8b,0x84,0x24,0xf0,0x06,
0x00,0x00,0x41,0x8b,0x80,0xa8,0x00,0x00,0x00,0x89,0x84,0x24,0x60,0x0a,0x00,0x00,
0x48,0x8b,0x1d,0x01,0x0d,0x00,0x00,0x48,0x8d,0x84,0x24,0x68,0x0a,0x00,0x00,0x48,
0x8b,0x0d,0xfa,0x0c,0x00,0x00,0x48,0x89,0x84,0x24,0x20,0x05,0x00,0x00,0x48,0x89,
0x8c,0x24,0x30,0x05,0x00,0x00,0x48,0x8b,0x84,0x24,0x30,0x05,0x00,0x00,0x48,0x8b,
0x8c,0x24,0x20,0x05,0x00,0x00,0xff,0x10,0x48,0x8d,0x84,0x24,0x68,0x0a,0x00,0x00,
0x48,0x8d,0x0b,0x48,0x8d,0x15,0xce,0x0b,0x00,0x00,0x48,0x8b,0x1d,0xc7,0x0c,0x00,
0x00,0x48,0x89,0x8c,0x24,0x38,0x05,0x00,0x00,0x48,0x89,0x94,0x24,0x08,0x05,0x00,
0x00,0x48,0x89,0xc1,0x48,0x8b,0x94,0x24,0x38,0x05,0x00,0x00,0x4c,0x8b,0x84,0x24,
0x08,0x05,0x00,0x00,0xff,0x13,0x48,0x8b,0x05,0x03,0x0c,0x00,0x00,0x8b,0x58,0x68,
0x48,0x8b,0x05,0x01,0x0c,0x00,0x00,0x8b,0x40,0x68,0x01,0xc3,0x8b,0x05,0x1e,0x0a,
0x00,0x00,0x89,0xdd,0x01,0xc5,0x8b,0x05,0x80,0x0b,0x00,0x00,0x89,0xc7,0x8b,0x05,
0x0c,0x0a,0x00,0x00,0x3b,0x05,0x06,0x0a,0x00,0x00,0x40,0x0f,0x94,0xc6,0x8b,0x05,
0xfc,0x09,0x00,0x00,0x89,0xc3,0x48,0x8b,0x05,0xd3,0x0b,0x00,0x00,0x8b,0x40,0x68,
0x2b,0x05,0x0e,0x0a,0x00,0x00,0x39,0xc3,0x0f,0x94,0xc0,0x48,0x8b,0x4c,0x24,0x68,
0x48,0x8d,0x11,0x4c,0x8b,0x84,0x24,0xf0,0x06,0x00,0x00,0x49,0x8d,0x18,0x4c,0x8d,
0x8c,0x24,0x68,0x0a,0x00,0x00,0x4c,0x8d,0x94,0x24,0x38,0x0a,0x00,0x00,0x89,0xac,
0x24,0x78,0x0a,0x00,0x00,0x4c,0x8d,0xa4,0x24,0x78,0x0a,0x00,0x00,0x89,0xbc,0x24,
0x7c,0x0a,0x00,0x00,0x4c,0x8d,0x9c,0x24,0x7c,0x0a,0x00,0x00,0x40,0x88,0xb4,0x24,
0x80,0x0a,0x00,0x00,0x48,0x8d,0xac,0x24,0x80,0x0a,0x00,0x00,0x88,0x84,0x24,0x81,
0x0a,0x00,0x00,0x48,0x8d,0x84,0x24,0x81,0x0a,0x00,0x00,0x48,0x8d,0xb4,0x24,0x34,
0x0a,0x00,0x00,0x48,0x8d,0xbc,0x24,0x60,0x0a,0x00,0x00,0x4d,0x8d,0x68,0x0c,0x4d,
0x8d,0x70,0x04,0x4c,0x8b,0x3d,0x0e,0x0c,0x00,0x00,0x4c,0x89,0x64,0x24,0x20,0x4c,
0x89,0x5c,0x24,0x28,0x48,0x89,0x6c,0x24,0x30,0x48,0x89,0x44,0x24,0x38,0x48,0x89,
0x74,0x24,0x40,0x48,0x89,0x7c,0x24,0x48,0x4c,0x89,0x6c,0x24,0x50,0x4c,0x89,0x74,
0x24,0x58,0x48,0x89,0x94,0x24,0xf8,0x04,0x00,0x00,0x4c,0x89,0x8c,0x24,0xd8,0x04,
0x00,0x00,0x48,0x8b,0x8c,0x24,0xf8,0x04,0x00,0x00,0x48,0x89,0xda,0x4c,0x8b,0x84,
0x24,0xd8,0x04,0x00,0x00,0x4d,0x89,0xd1,0x41,0xff,0x17,0x48,0x8d,0x84,0x24,0x68,
0x0a,0x00,0x00,0x48,0x8b,0x0d,0x2e,0x0b,0x00,0x00,0x48,0x89,0x84,0x24,0xf0,0x04,
0x00,0x00,0x48,0x89,0x8c,0x24,0xc0,0x04,0x00,0x00,0x48,0x8b,0x84,0x24,0xc0,0x04,
0x00,0x00,0x48,0x8b,0x8c,0x24,0xf0,0x04,0x00,0x00,0xff,0x10,0x8b,0x84,0x24,0x60,
0x0a,0x00,0x00,0x4c,0x8b,0x84,0x24,0xf0,0x06,0x00,0x00,0x41,0x89,0x80,0xa8,0x00,
0x00,0x00,0x48,0x8d,0x84,0x24,0x38,0x0a,0x00,0x00,0x48,0x8b,0x0d,0x6f,0x0b,0x00,
0x00,0x48,0x89,0x84,0x24,0xc8,0x04,0x00,0x00,0x48,0x89,0x8c,0x24,0xb0,0x04,0x00,
0x00,0x48,0x8b,0x84,0x24,0xb0,0x04,0x00,0x00,0x48,0x8b,0x8c,0x24,0xc8,0x04,0x00,
0x00,0xff,0x10,0x48,0x8b,0x4c,0x24,0x68,0x48,0x8d,0x01,0x48,0x8b,0x15,0x06,0x0b,
0x00,0x00,0x48,0x89,0xc1,0xff,0x12,0x48,0x8b,0x4c,0x24,0x68,0x48,0x8d,0x01,0x48,
0x8b,0x15,0xf2,0x0a,0x00,0x00,0x48,0x89,0xc1,0xff,0x12,0x48,0x8b,0x4c,0x24,0x68,
0x48,0x8d,0x01,0x48,0x8b,0x15,0xde,0x0a,0x00,0x00,0x48,0x89,0xc1,0xff,0x12,0x48,
0x8b,0x4c,0x24,0x68,0x48,0x8d,0x01,0x48,0x8b,0x15,0xca,0x0a,0x00,0x00,0x48,0x89,
0xc1,0xff,0x12,0x48,0x8d,0x84,0x24,0x38,0x0a,0x00,0x00,0x48,0x8d,0x0d,0xae,0x09,
0x00,0x00,0x48,0x8b,0x15,0x1f,0x0a,0x00,0x00,0x48,0x89,0x84,0x24,0xd0,0x04,0x00,
0x00,0x48,0x89,0x8c,0x24,0xe0,0x04,0x00,0x00,0x48,0x89,0x94,0x24,0xe8,0x04,0x00,
0x00,0x48,0x8b,0x84,0x24,0xe8,0x04,0x00,0x00,0x48,0x8b,0x8c,0x24,0xd0,0x04,0x00,
0x00,0x48,0x8b,0x94,0x24,0xe0,0x04,0x00,0x00,0xff,0x10,0x48,0x8b,0x1d,0xee,0x09,
0x00,0x00,0x48,0x8b,0x05,0x2f,0x0a,0x00,0x00,0x48,0x8d,0x8c,0x24,0x48,0x0a,0x00,
0x00,0x48,0x8d,0x13,0x48,0x8d,0x00,0x48,0x8b,0x1d,0xe2,0x09,0x00,0x00,0x49,0x89,
0xc0,0xff,0x13,0x48,0x8d,0x84,0x24,0x50,0x0a,0x00,0x00,0x48,0x8b,0x0d,0xd6,0x09,
0x00,0x00,0x48,0x89,0x84,0x24,0x18,0x04,0x00,0x00,0x48,0x89,0x8c,0x24,0x08,0x04,
0x00,0x00,0x48,0x8b,0x84,0x24,0x08,0x04,0x00,0x00,0x48,0x8b,0x8c,0x24,0x18,0x04,
0x00,0x00,0xff,0x10,0x48,0x8b,0x4c,0x24,0x68,0x48,0x8d,0x01,0x48,0x8d,0x94,0x24,
0x38,0x0a,0x00,0x00,0x48,0x8d,0x9c,0x24,0x48,0x0a,0x00,0x00,0x4c,0x8d,0x0d,0xcd,
0x07,0x00,0x00,0x48,0x8d,0x2d,0xc6,0x07,0x00,0x00,0x48,0x8d,0x3d,0xbf,0x07,0x00,
0x00,0x48,0x8d,0xb4,0x24,0x50,0x0a,0x00,0x00,0x4c,0x8d,0x05,0x70,0x07,0x00,0x00,
0x4c,0x8b,0x15,0x81,0x09,0x00,0x00,0x48,0x89,0x6c,0x24,0x20,0x48,0x89,0x7c,0x24,
0x28,0x48,0x89,0x74,0x24,0x30,0x4c,0x89,0x44,0x24,0x38,0x48,0x89,0xc1,0x49,0x89,
0xd8,0x41,0xff,0x12,0x48,0x8d,0x84,0x24,0x50,0x0a,0x00,0x00,0x48,0x8b,0x0d,0x5d,
0x09,0x00,0x00,0x48,0x89,0x84,0x24,0xe8,0x03,0x00,0x00,0x48,0x89,0x8c,0x24,0x00,
0x04,0x00,0x00,0x48,0x8b,0x84,0x24,0x00,0x04,0x00,0x00,0x48,0x8b,0x8c,0x24,0xe8,
0x03,0x00,0x00,0xff,0x10,0x48,0x8d,0x84,0x24,0x48,0x0a,0x00,0x00,0x48,0x8b,0x0d,
0x2c,0x09,0x00,0x00,0x48,0x89,0x84,0x24,0x30,0x03,0x00,0x00,0x48,0x89,0x8c,0x24,
0x38,0x03,0x00,0x00,0x48,0x8b,0x84,0x24,0x38,0x03,0x00,0x00,0x48,0x8b,0x8c,0x24,
0x30,0x03,0x00,0x00,0xff,0x10,0x48,0x8d,0x84,0x24,0x38,0x0a,0x00,0x00,0x48,0x8b,
0x0d,0x03,0x09,0x00,0x00,0x48,0x89,0x84,0x24,0x20,0x03,0x00,0x00,0x48,0x89,0x8c,
0x24,0x40,0x03,0x00,0x00,0x48,0x8b,0x84,0x24,0x40,0x03,0x00,0x00,0x48,0x8b,0x8c,
0x24,0x20,0x03,0x00,0x00,0xff,0x10,0x48,0x8b,0x4c,0x24,0x68,0x8a,0x81,0xc8,0x00,
0x00,0x00,0x3c,0x00,0x0f,0x84,0xc6,0x04,0x00,0x00,0x48,0x8d,0x84,0x24,0x40,0x0a,
0x00,0x00,0x48,0x8d,0x15,0x12,0x08,0x00,0x00,0x48,0x8b,0x1d,0x78,0x08,0x00,0x00,
0x48,0x89,0xc1,0xff,0x13,0x48,0x8b,0x1d,0xdc,0x08,0x00,0x00,0x48,0x8d,0x84,0x24,
0x50,0x0a,0x00,0x00,0x48,0x8b,0x0d,0xd5,0x08,0x00,0x00,0x48,0x89,0x84,0x24,0x50,
0x03,0x00,0x00,0x48,0x89,0x8c,0x24,0x58,0x03,0x00,0x00,0x48,0x8b,0x84,0x24,0x58,
0x03,0x00,0x00,0x48,0x8b,0x8c,0x24,0x50,0x03,0x00,0x00,0xff,0x10,0x48,0x8d,0x84,
0x24,0x50,0x0a,0x00,0x00,0x48,0x8d,0x0b,0x48,0x8d,0x15,0xd5,0x07,0x00,0x00,0x48,
0x8b,0x1d,0xa2,0x08,0x00,0x00,0x48,0x89,0x8c,0x24,0x28,0x03,0x00,0x00,0x48,0x89,
0x94,0x24,0x18,0x03,0x00,0x00,0x48,0x89,0xc1,0x48,0x8b,0x94,0x24,0x28,0x03,0x00,
0x00,0x4c,0x8b,0x84,0x24,0x18,0x03,0x00,0x00,0xff,0x13,0x48,0x8b,0x1d,0xc6,0x08,
0x00,0x00,0x48,0x8b,0x05,0x3f,0x08,0x00,0x00,0x48,0x8d,0x8c,0x24,0x60,0x0a,0x00,
0x00,0x48,0x8d,0x13,0x48,0x8d,0x00,0x48,0x8b,0x1d,0xf2,0x07,0x00,0x00,0x49,0x89,
0xc0,0xff,0x13,0x8a,0x84,0x24,0x31,0x0a,0x00,0x00,0x3a,0x05,0x04,0x06,0x00,0x00,
0x0f,0x94,0xc0,0x48,0x8d,0x8c,0x24,0x38,0x0a,0x00,0x00,0x48,0x89,0x8c,0x24,0xf8,
0x02,0x00,0x00,0x48,0x8b,0x4c,0x24,0x68,0x48,0x8d,0x11,0x48,0x8d,0x9c,0x24,0x40,
0x0a,0x00,0x00,0x4c,0x8d,0x8c,0x24,0x50,0x0a,0x00,0x00,0x48,0x8d,0xbc,0x24,0x60,
0x0a,0x00,0x00,0x48,0x8d,0xb1,0xe0,0x04,0x00,0x00,0x88,0x84,0x24,0x68,0x0a,0x00,
0x00,0x48,0x8d,0x84,0x24,0x68,0x0a,0x00,0x00,0x48,0x8d,0x2d,0x80,0x05,0x00,0x00,
0x4c,0x8b,0x05,0x49,0x08,0x00,0x00,0x48,0x89,0x7c,0x24,0x20,0x48,0x89,0x74,0x24,
0x28,0x48,0x89,0x44,0x24,0x30,0x48,0x89,0x6c,0x24,0x38,0x4c,0x89,0xc5,0x48,0x8b,
0x8c,0x24,0xf8,0x02,0x00,0x00,0x49,0x89,0xd8,0xff,0x55,0x00,0x8a,0x9c,0x24,0x38,
0x0a,0x00,0x00,0x48,0x8d,0x84,0x24,0x60,0x0a,0x00,0x00,0x48,0x8b,0x0d,0x6e,0x07,
0x00,0x00,0x48,0x89,0x84,0x24,0x10,0x03,0x00,0x00,0x48,0x89,0x8c,0x24,0xe8,0x02,
0x00,0x00,0x48,0x8b,0x84,0x24,0xe8,0x02,0x00,0x00,0x48,0x8b,0x8c,0x24,0x10,0x03,
0x00,0x00,0xff,0x10,0x48,0x8d,0x84,0x24,0x50,0x0a,0x00,0x00,0x48,0x8b,0x0d,0x45,
0x07,0x00,0x00,0x48,0x89,0x84,0x24,0xd8,0x02,0x00,0x00,0x48,0x89,0x8c,0x24,0xf0,
0x02,0x00,0x00,0x48,0x8b,0x84,0x24,0xf0,0x02,0x00,0x00,0x48,0x8b,0x8c,0x24,0xd8,
0x02,0x00,0x00,0xff,0x10,0x48,0x8d,0x84,0x24,0x40,0x0a,0x00,0x00,0x48,0x8b,0x0d,
0x14,0x07,0x00,0x00,0x48,0x89,0x84,0x24,0x00,0x03,0x00,0x00,0x48,0x89,0x8c,0x24,
0x08,0x03,0x00,0x00,0x48,0x8b,0x84,0x24,0x08,0x03,0x00,0x00,0x48,0x8b,0x8c,0x24,
0x00,0x03,0x00,0x00,0xff,0x10,0x80,0xfb,0x00,0x0f,0x84,0x60,0x00,0x00,0x00,0x48,
0x8d,0x84,0x24,0x38,0x0a,0x00,0x00,0x48,0x8b,0x4c,0x24,0x68,0x48,0x8d,0x11,0x48,
0x8b,0x1d,0x72,0x07,0x00,0x00,0x48,0x89,0xc1,0xff,0x13,0x8a,0x84,0x24,0x38,0x0a,
0x00,0x00,0x3c,0x00,0x0f,0x84,0x30,0x00,0x00,0x00,0x48,0x8b,0x4c,0x24,0x68,0x48,
0x8d,0x01,0x4c,0x8b,0x84,0x24,0xf0,0x06,0x00,0x00,0x49,0x8d,0x10,0x48,0x8d,0x9c,
0x24,0x31,0x0a,0x00,0x00,0x48,0x8b,0x2d,0x44,0x07,0x00,0x00,0x48,0x89,0xc1,0x49,
0x89,0xd8,0xff,0x55,0x00,0xe9,0x00,0x00,0x00,0x00,0xe9,0x00,0x00,0x00,0x00,0x48,
0x8d,0x84,0x24,0x40,0x0a,0x00,0x00,0x48,0x8d,0x0d,0xea,0x05,0x00,0x00,0x48,0x8b,
0x15,0x33,0x06,0x00,0x00,0x48,0x89,0x84,0x24,0x60,0x03,0x00,0x00,0x48,0x89,0x8c,
0x24,0x48,0x03,0x00,0x00,0x48,0x89,0x94,0x24,0x68,0x03,0x00,0x00,0x48,0x8b,0x84,
0x24,0x68,0x03,0x00,0x00,0x48,0x8b,0x8c,0x24,0x60,0x03,0x00,0x00,0x48,0x8b,0x94,
0x24,0x48,0x03,0x00,0x00,0xff,0x10,0x48,0x8b,0x1d,0x6a,0x06,0x00,0x00,0x48,0x8d,
0x84,0x24,0x50,0x0a,0x00,0x00,0x48,0x8b,0x0d,0x63,0x06,0x00,0x00,0x48,0x89,0x84,
0x24,0x78,0x03,0x00,0x00,0x48,0x89,0x8c,0x24,0xd0,0x03,0x00,0x00,0x48,0x8b,0x84,
0x24,0xd0,0x03,0x00,0x00,0x48,0x8b,0x8c,0x24,0x78,0x03,0x00,0x00,0xff,0x10,0x48,
0x8d,0x84,0x24,0x50,0x0a,0x00,0x00,0x48,0x8d,0x0b,0x48,0x8d,0x15,0x7f,0x05,0x00,
0x00,0x48,0x8b,0x1d,0x30,0x06,0x00,0x00,0x48,0x89,0x8c,0x24,0xd8,0x03,0x00,0x00,
0x48,0x89,0x94,0x24,0xc0,0x03,0x00,0x00,0x48,0x89,0xc1,0x48,0x8b,0x94,0x24,0xd8,
0x03,0x00,0x00,0x4c,0x8b,0x84,0x24,0xc0,0x03,0x00,0x00,0xff,0x13,0x48,0x8b,0x1d,
0x54,0x06,0x00,0x00,0x48,0x8b,0x05,0xcd,0x05,0x00,0x00,0x48,0x8d,0x8c,0x24,0x60,
0x0a,0x00,0x00,0x48,0x8d,0x13,0x48,0x8d,0x00,0x48,0x8b,0x1d,0x80,0x05,0x00,0x00,
0x49,0x89,0xc0,0xff,0x13,0x8a,0x84,0x24,0x30,0x0a,0x00,0x00,0x3a,0x05,0x5e,0x03,
0x00,0x00,0x0f,0x94,0xc0,0x48,0x8d,0x8c,0x24,0x38,0x0a,0x00,0x00,0x48,0x89,0x8c,
0x24,0xe0,0x03,0x00,0x00,0x48,0x8b,0x4c,0x24,0x68,0x48,0x8d,0x11,0x48,0x8d,0x9c,
0x24,0x40,0x0a,0x00,0x00,0x4c,0x8d,0x8c,0x24,0x50,0x0a,0x00,0x00,0x48,0x8d,0xb4,
0x24,0x60,0x0a,0x00,0x00,0x48,0x8d,0xb9,0x60,0x04,0x00,0x00,0x88,0x84,0x24,0x68,
0x0a,0x00,0x00,0x48,0x8d,0xac,0x24,0x68,0x0a,0x00,0x00,0x48,0x8d,0x05,0x0e,0x03,
0x00,0x00,0x4c,0x8b,0x05,0xd7,0x05,0x00,0x00,0x48,0x89,0x74,0x24,0x20,0x48,0x89,
0x7c,0x24,0x28,0x48,0x89,0x6c,0x24,0x30,0x48,0x89,0x44,0x24,0x38,0x4c,0x89,0xc0,
0x48,0x8b,0x8c,0x24,0xe0,0x03,0x00,0x00,0x49,0x89,0xd8,0xff,0x10,0x8a,0x9c,0x24,
0x38,0x0a,0x00,0x00,0x48,0x8d,0x84,0x24,0x60,0x0a,0x00,0x00,0x48,0x8b,0x0d,0xfd,
0x04,0x00,0x00,0x48,0x89,0x84,0x24,0xf0,0x03,0x00,0x00,0x48,0x89,0x8c,0x24,0xf8,
0x03,0x00,0x00,0x48,0x8b,0x84,0x24,0xf8,0x03,0x00,0x00,0x48,0x8b,0x8c,0x24,0xf0,
0x03,0x00,0x00,0xff,0x10,0x48,0x8d,0x84,0x24,0x50,0x0a,0x00,0x00,0x48,0x8b,0x0d,
0xd4,0x04,0x00,0x00,0x48,0x89,0x84,0x24,0xc8,0x03,0x00,0x00,0x48,0x89,0x8c,0x24,
0xb8,0x03,0x00,0x00,0x48,0x8b,0x84,0x24,0xb8,0x03,0x00,0x00,0x48,0x8b,0x8c,0x24,
0xc8,0x03,0x00,0x00,0xff,0x10,0x48,0x8d,0x84,0x24,0x40,0x0a,0x00,0x00,0x48,0x8b,
0x0d,0xa3,0x04,0x00,0x00,0x48,0x89,0x84,0x24,0x98,0x03,0x00,0x00,0x48,0x89,0x8c,
0x24,0xb0,0x03,0x00,0x00,0x48,0x8b,0x84,0x24,0xb0,0x03,0x00,0x00,0x48,0x8b,0x8c,
0x24,0x98,0x03,0x00,0x00,0xff,0x10,0x80,0xfb,0x00,0x0f,0x84,0x6b,0x00,0x00,0x00,
0x48,0x8d,0x84,0x24,0x38,0x0a,0x00,0x00,0x48,0x8b,0x4c,0x24,0x68,0x48,0x8d,0x11,
0x48,0x8b,0x1d,0x01,0x05,0x00,0x00,0x48,0x89,0xc1,0xff,0x13,0x8a,0x84,0x24,0x38,
0x0a,0x00,0x00,0x3c,0x00,0x0f,0x84,0x3b,0x00,0x00,0x00,0x48,0x8b,0x4c,0x24,0x68,
0x48,0x8d,0x01,0x48,0x8b,0x94,0x24,0xe8,0x06,0x00,0x00,0x48,0x8d,0x12,0x4c,0x8b,
0x84,0x24,0xf0,0x06,0x00,0x00,0x49,0x8d,0x18,0x4c,0x8d,0x8c,0x24,0x30,0x0a,0x00,
0x00,0x48,0x8b,0x2d,0xd0,0x04,0x00,0x00,0x48,0x89,0xc1,0x49,0x89,0xd8,0xff,0x55,
0x00,0xe9,0x00,0x00,0x00,0x00,0xe9,0x00,0x00,0x00,0x00,0xe9,0xd1,0x00,0x00,0x00,
0x8a,0x84,0x24,0x31,0x0a,0x00,0x00,0x3a,0x05,0xc3,0x01,0x00,0x00,0x0f,0x94,0xc0,
0x48,0x8d,0x11,0x88,0x84,0x24,0x38,0x0a,0x00,0x00,0x48,0x8d,0x84,0x24,0x38,0x0a,
0x00,0x00,0x48,0x8d,0x9c,0x24,0x30,0x0a,0x00,0x00,0x48,0x8b,0x2d,0x8f,0x04,0x00,
0x00,0x48,0x89,0x94,0x24,0x98,0x0a,0x00,0x00,0x48,0x8b,0x8c,0x24,0x98,0x0a,0x00,
0x00,0x48,0x89,0xc2,0x49,0x89,0xd8,0xff,0x55,0x00,0x48,0x8b,0x4c,0x24,0x68,0x8a,
0x81,0x19,0x08,0x00,0x00,0x3c,0x00,0x0f,0x84,0x30,0x00,0x00,0x00,0x48,0x8d,0x01,
0x4c,0x8b,0x84,0x24,0xf0,0x06,0x00,0x00,0x49,0x8d,0x10,0x48,0x8d,0x9c,0x24,0x31,
0x0a,0x00,0x00,0x48,0x8b,0x2d,0x36,0x04,0x00,0x00,0x48,0x89,0xc1,0x49,0x89,0xd8,
0xff,0x55,0x00,0x48,0x8b,0x4c,0x24,0x68,0xe9,0x00,0x00,0x00,0x00,0x8a,0x81,0x1a,
0x08,0x00,0x00,0x3c,0x00,0x0f,0x84,0x36,0x00,0x00,0x00,0x48,0x8d,0x01,0x48,0x8b,
0x94,0x24,0xe8,0x06,0x00,0x00,0x48,0x8d,0x12,0x4c,0x8b,0x84,0x24,0xf0,0x06,0x00,
0x00,0x49,0x8d,0x18,0x4c,0x8d,0x8c,0x24,0x30,0x0a,0x00,0x00,0x48,0x8b,0x2d,0xf5,
0x03,0x00,0x00,0x48,0x89,0xc1,0x49,0x89,0xd8,0xff,0x55,0x00,0xe9,0x00,0x00,0x00,
0x00,0x48,0x8b,0x15,0x60,0x03,0x00,0x00,0x48,0x8d,0x84,0x24,0x40,0x0a,0x00,0x00,
0x48,0x8b,0x0d,0x59,0x03,0x00,0x00,0x48,0x89,0x84,0x24,0x80,0x03,0x00,0x00,0x48,
0x89,0x8c,0x24,0x88,0x03,0x00,0x00,0x48,0x8b,0x84,0x24,0x88,0x03,0x00,0x00,0x48,
0x8b,0x8c,0x24,0x80,0x03,0x00,0x00,0x48,0x89,0x94,0x24,0x70,0x03,0x00,0x00,0xff,
0x10,0x48,0x8d,0x84,0x24,0x40,0x0a,0x00,0x00,0x48,0x8b,0x94,0x24,0x70,0x03,0x00,
0x00,0x48,0x8d,0x12,0x48,0x8d,0x0d,0x69,0x02,0x00,0x00,0x48,0x8b,0x1d,0x16,0x03,
0x00,0x00,0x48,0x89,0x8c,0x24,0x90,0x03,0x00,0x00,0x48,0x89,0xc1,0x4c,0x8b,0x84,
0x24,0x90,0x03,0x00,0x00,0xff,0x13,0x48,0x8b,0x4c,0x24,0x68,0x48,0x8d,0x01,0x4c,
0x8b,0x84,0x24,0xf0,0x06,0x00,0x00,0x49,0x8d,0x10,0x4c,0x8d,0x84,0x24,0x30,0x0a,
0x00,0x00,0x4c,0x8d,0x8c,0x24,0x40,0x0a,0x00,0x00,0x48,0x8b,0x1d,0x57,0x03,0x00,
0x00,0x48,0x89,0xc1,0xff,0x13,0x48,0x8d,0x84,0x24,0x40,0x0a,0x00,0x00,0x48,0x8b,
0x0d,0x83,0x02,0x00,0x00,0x48,0x89,0x84,0x24,0xa0,0x03,0x00,0x00,0x48,0x89,0x8c,
0x24,0xa8,0x03,0x00,0x00,0x48,0x8b,0x84,0x24,0xa8,0x03,0x00,0x00,0x48,0x8b,0x8c,
0x24,0xa0,0x03,0x00,0x00,0xff,0x10,0x48,0x8b,0x4c,0x24,0x68,0x48,0x8d,0x09,0x48,
0x8b,0x05,0xa2,0x02,0x00,0x00,0xff,0x10,0x48,0x81,0xc4,0xa8,0x0a,0x00,0x00,0x41,
0x5f,0x41,0x5e,0x41,0x5d,0x41,0x5c,0x5f,0x5e,0x5d,0x5b,0xc3,0x00,0x00,0x00,0x00,
0x00,0x75,0x69,0x5f,0x63,0x6f,0x6e,0x74,0x61,0x69,0x6e,0x65,0x72,0x00,0x6f,0x6e,
0x00,0x00,0x00,0x00,0x67,0x65,0x6e,0x65,0x72,0x61,0x6c,0x5f,0x73,0x63,0x72,0x6f,
0x6c,0x6c,0x00,0x6c,0x61,0x75,0x6e,0x63,0x68,0x5f,0x73,0x65,0x74,0x74,0x69,0x6e,
0x67,0x73,0x00,0x6f,0x01,0x00,0x00,0x00,0x6c,0x61,0x75,0x6e,0x63,0x68,0x5f,0x68,
0x65,0x61,0x64,0x69,0x6e,0x67,0x73,0x5f,0x61,0x6c,0x69,0x67,0x6e,0x00,0x69,0x6e,
0x02,0x00,0x00,0x00,0x6c,0x61,0x75,0x6e,0x63,0x68,0x5f,0x68,0x65,0x61,0x64,0x69,
0x6e,0x67,0x5f,0x61,0x6c,0x69,0x67,0x6e,0x00,0x6c,0x61,0x75,0x6e,0x63,0x68,0x5f,
0x68,0x65,0x61,0x64,0x69,0x6e,0x67,0x00,0x35,0x00,0x00,0x00,0x6f,0x70,0x74,0x69,
0x6f,0x6e,0x73,0x5f,0x74,0x61,0x62,0x6c,0x65,0x00,0x75,0x73,0x36,0x00,0x00,0x00,
0x69,0x6e,0x74,0x65,0x72,0x66,0x61,0x63,0x65,0x5f,0x73,0x65,0x74,0x74,0x69,0x6e,
0x67,0x73,0x00,0x69,0x6e,0x74,0x65,0x72,0x66,0x61,0x63,0x65,0x5f,0x68,0x65,0x61,
0x64,0x69,0x6e,0x67,0x73,0x5f,0x61,0x6c,0x69,0x67,0x6e,0x00,0x69,0x6e,0x74,0x65,
0x72,0x66,0x61,0x63,0x65,0x5f,0x68,0x65,0x61,0x64,0x69,0x6e,0x67,0x5f,0x61,0x6c,
0x69,0x67,0x6e,0x00,0x69,0x6e,0x74,0x65,0x72,0x66,0x61,0x63,0x65,0x5f,0x68,0x65,
0x61,0x64,0x69,0x6e,0x67,0x00,0x73,0x65,0x38,0x00,0x00,0x00,0x9e,0x00,0x00,0x00,
0x9f,0x00,0x00,0x00,0x39,0x00,0x00,0x00,0x3a,0x00,0x00,0x00,0x3b,0x00,0x00,0x00,
0x67,0x61,0x6d,0x65,0x70,0x6c,0x61,0x79,0x5f,0x73,0x65,0x74,0x74,0x69,0x6e,0x67,
0x73,0x00,0x67,0x61,0x6d,0x65,0x70,0x6c,0x61,0x79,0x5f,0x68,0x65,0x61,0x64,0x69,
0x6e,0x67,0x73,0x5f,0x61,0x6c,0x69,0x67,0x6e,0x00,0x67,0x61,0x6d,0x65,0x70,0x6c,
0x61,0x79,0x5f,0x68,0x65,0x61,0x64,0x69,0x6e,0x67,0x5f,0x61,0x6c,0x69,0x67,0x6e,
0x00,0x67,0x61,0x6d,0x65,0x70,0x6c,0x61,0x79,0x5f,0x68,0x65,0x61,0x64,0x69,0x6e,
0x67,0x00,0x72,0x61,0x3c,0x00,0x00,0x00,0x67,0x61,0x6d,0x65,0x70,0x6c,0x61,0x79,
0x5f,0x6f,0x70,0x74,0x69,0x6f,0x6e,0x73,0x5f,0x74,0x61,0x62,0x6c,0x65,0x00,0x68,
0xa0,0x00,0x00,0x00,0xa1,0x00,0x00,0x00,0x3d,0x00,0x00,0x00,0x03,0x00,0x00,0x00,
0x66,0x6f,0x6f,0x74,0x65,0x72,0x5f,0x62,0x61,0x72,0x00,0x72,0x65,0x76,0x65,0x72,
0x73,0x65,0x5f,0x73,0x65,0x74,0x74,0x69,0x6e,0x67,0x73,0x5f,0x62,0x75,0x74,0x74,
0x6f,0x6e,0x00,0x6e,0x10,0x00,0x00,0x00,0x61,0x70,0x70,0x6c,0x79,0x5f,0x73,0x65,
0x74,0x74,0x69,0x6e,0x67,0x73,0x5f,0x62,0x75,0x74,0x74,0x6f,0x6e,0x00,0x00,0x00,
0x0f,0x00,0x00,0x00,0x94,0x00,0x00,0x00,
};

static const unsigned char MENU_GRAPHICS[]={
0x53,0x55,0x56,0x57,0x41,0x54,0x41,0x55,0x41,0x56,0x41,0x57,0x48,0x81,0xec,0xb8,
0x0e,0x00,0x00,0x48,0x89,0x8c,0x24,0x90,0x0d,0x00,0x00,0x48,0x89,0x94,0x24,0x98,
0x0d,0x00,0x00,0x4c,0x89,0x84,0x24,0xa0,0x0d,0x00,0x00,0x49,0x8d,0x00,0x48,0x8b,
0x1d,0x3b,0x46,0x00,0x00,0x48,0x89,0x4c,0x24,0x78,0x48,0x89,0xc1,0x48,0x89,0x94,
0x24,0x38,0x09,0x00,0x00,0x4c,0x89,0x84,0x24,0x40,0x09,0x00,0x00,0xff,0x13,0x48,
0x8d,0x84,0x24,0xa9,0x0d,0x00,0x00,0x48,0x8b,0x94,0x24,0x38,0x09,0x00,0x00,0x48,
0x8d,0x4a,0x40,0x4c,0x8b,0x84,0x24,0x40,0x09,0x00,0x00,0x49,0x8d,0x98,0xd8,0x00,
0x00,0x00,0x48,0x8b,0x2d,0xff,0x45,0x00,0x00,0x48,0x89,0x8c,0x24,0x48,0x09,0x00,
0x00,0x48,0x89,0xc1,0x48,0x8b,0x94,0x24,0x48,0x09,0x00,0x00,0x49,0x89,0xd8,0xff,
0x55,0x00,0x8a,0x84,0x24,0xa9,0x0d,0x00,0x00,0x3a,0x05,0x19,0x44,0x00,0x00,0x0f,
0x94,0x84,0x24,0xa8,0x0d,0x00,0x00,0x48,0x8d,0x84,0x24,0xac,0x0d,0x00,0x00,0x48,
0x8b,0x0d,0xca,0x45,0x00,0x00,0x48,0x89,0x84,0x24,0x50,0x09,0x00,0x00,0x48,0x89,
0x8c,0x24,0x28,0x09,0x00,0x00,0x48,0x8b,0x84,0x24,0x28,0x09,0x00,0x00,0x48,0x8b,
0x8c,0x24,0x50,0x09,0x00,0x00,0xff,0x10,0x48,0x8d,0x84,0x24,0xa9,0x0d,0x00,0x00,
0x4c,0x8b,0x84,0x24,0x40,0x09,0x00,0x00,0x49,0x8d,0x88,0xd8,0x00,0x00,0x00,0x48,
0x8d,0x94,0x24,0xac,0x0d,0x00,0x00,0x48,0x8b,0x1d,0x7a,0x45,0x00,0x00,0x48,0x89,
0x8c,0x24,0x58,0x09,0x00,0x00,0x48,0x89,0x94,0x24,0x68,0x09,0x00,0x00,0x48,0x89,
0xc1,0x48,0x8b,0x94,0x24,0x58,0x09,0x00,0x00,0x4c,0x8b,0x84,0x24,0x68,0x09,0x00,
0x00,0xff,0x13,0x48,0x8d,0x84,0x24,0xac,0x0d,0x00,0x00,0x48,0x8b,0x0d,0x56,0x45,
0x00,0x00,0x48,0x89,0x84,0x24,0x70,0x09,0x00,0x00,0x48,0x89,0x8c,0x24,0x78,0x09,
0x00,0x00,0x48,0x8b,0x84,0x24,0x78,0x09,0x00,0x00,0x48,0x8b,0x8c,0x24,0x70,0x09,
0x00,0x00,0xff,0x10,0x48,0x8b,0x05,0x35,0x45,0x00,0x00,0x8b,0x68,0x68,0x48,0x8b,
0x05,0x33,0x45,0x00,0x00,0x8b,0x58,0x68,0x89,0xe8,0x01,0xd8,0x89,0x84,0x24,0xac,
0x0d,0x00,0x00,0x48,0x8d,0x84,0x24,0xb0,0x0d,0x00,0x00,0x48,0x8d,0x0d,0x37,0x43,
0x00,0x00,0x48,0x8b,0x15,0x17,0x45,0x00,0x00,0x48,0x89,0x84,0x24,0x80,0x09,0x00,
0x00,0x48,0x89,0x8c,0x24,0x30,0x09,0x00,0x00,0x48,0x89,0x94,0x24,0x20,0x09,0x00,
0x00,0x48,0x8b,0x84,0x24,0x20,0x09,0x00,0x00,0x48,0x8b,0x8c,0x24,0x80,0x09,0x00,
0x00,0x48,0x8b,0x94,0x24,0x30,0x09,0x00,0x00,0xff,0x10,0x48,0x8b,0x1d,0xe6,0x44,
0x00,0x00,0x48,0x8b,0x05,0xe7,0x44,0x00,0x00,0x48,0x8d,0x8c,0x24,0xc0,0x0d,0x00,
0x00,0x48,0x8d,0x13,0x48,0x8d,0x00,0x48,0x8b,0x1d,0xda,0x44,0x00,0x00,0x49,0x89,
0xc0,0xff,0x13,0x48,0x8d,0x84,0x24,0xc8,0x0d,0x00,0x00,0x48,0x8b,0x0d,0xce,0x44,
0x00,0x00,0x48,0x89,0x84,0x24,0xf0,0x08,0x00,0x00,0x48,0x89,0x8c,0x24,0x18,0x09,
0x00,0x00,0x48,0x8b,0x84,0x24,0x18,0x09,0x00,0x00,0x48,0x8b,0x8c,0x24,0xf0,0x08,
0x00,0x00,0xff,0x10,0x48,0x8b,0x35,0xad,0x44,0x00,0x00,0x48,0x8b,0x4c,0x24,0x78,
0x48,0x8d,0x01,0x48,0x8d,0x94,0x24,0xb0,0x0d,0x00,0x00,0x48,0x8d,0x9c,0x24,0xc0,
0x0d,0x00,0x00,0x4c,0x8d,0x0d,0x8e,0x42,0x00,0x00,0x48,0x8d,0x2d,0x87,0x42,0x00,
0x00,0x48,0x8d,0x3d,0x80,0x42,0x00,0x00,0x4c,0x8d,0x84,0x24,0xc8,0x0d,0x00,0x00,
0x48,0x8d,0x36,0x4c,0x8b,0x15,0x76,0x44,0x00,0x00,0x48,0x89,0x6c,0x24,0x20,0x48,
0x89,0x7c,0x24,0x28,0x4c,0x89,0x44,0x24,0x30,0x48,0x89,0x74,0x24,0x38,0x48,0x89,
0xc1,0x49,0x89,0xd8,0x41,0xff,0x12,0x48,0x8d,0x84,0x24,0xc8,0x0d,0x00,0x00,0x48,
0x8b,0x0d,0x52,0x44,0x00,0x00,0x48,0x89,0x84,0x24,0xd0,0x08,0x00,0x00,0x48,0x89,
0x8c,0x24,0xd8,0x08,0x00,0x00,0x48,0x8b,0x84,0x24,0xd8,0x08,0x00,0x00,0x48,0x8b,
0x8c,0x24,0xd0,0x08,0x00,0x00,0xff,0x10,0x48,0x8d,0x84,0x24,0xc0,0x0d,0x00,0x00,
0x48,0x8b,0x0d,0x21,0x44,0x00,0x00,0x48,0x89,0x84,0x24,0xe0,0x08,0x00,0x00,0x48,
0x89,0x8c,0x24,0xc0,0x08,0x00,0x00,0x48,0x8b,0x84,0x24,0xc0,0x08,0x00,0x00,0x48,
0x8b,0x8c,0x24,0xe0,0x08,0x00,0x00,0xff,0x10,0x48,0x8d,0x84,0x24,0xb0,0x0d,0x00,
0x00,0x48,0x8b,0x0d,0xf8,0x43,0x00,0x00,0x48,0x89,0x84,0x24,0xe8,0x08,0x00,0x00,
0x48,0x89,0x8c,0x24,0xf8,0x08,0x00,0x00,0x48,0x8b,0x84,0x24,0xf8,0x08,0x00,0x00,
0x48,0x8b,0x8c,0x24,0xe8,0x08,0x00,0x00,0xff,0x10,0x48,0x8d,0x84,0x24,0xb0,0x0d,
0x00,0x00,0x48,0x8d,0x0d,0xb3,0x41,0x00,0x00,0x48,0x8b,0x15,0x80,0x43,0x00,0x00,
0x48,0x89,0x84,0x24,0x00,0x09,0x00,0x00,0x48,0x89,0x8c,0x24,0x08,0x09,0x00,0x00,
0x48,0x89,0x94,0x24,0x10,0x09,0x00,0x00,0x48,0x8b,0x84,0x24,0x10,0x09,0x00,0x00,
0x48,0x8b,0x8c,0x24,0x00,0x09,0x00,0x00,0x48,0x8b,0x94,0x24,0x08,0x09,0x00,0x00,
0xff,0x10,0x48,0x8b,0x05,0x4f,0x43,0x00,0x00,0x48,0x8b,0x1d,0x48,0x43,0x00,0x00,
0x48,0x8d,0x8c,0x24,0xc0,0x0d,0x00,0x00,0x48,0x8d,0x00,0x48,0x8d,0x13,0x48,0x8b,
0x1d,0x43,0x43,0x00,0x00,0x48,0x89,0x94,0x24,0x88,0x09,0x00,0x00,0x48,0x89,0xc2,
0x4c,0x8b,0x84,0x24,0x88,0x09,0x00,0x00,0xff,0x13,0x48,0x8b,0x4c,0x24,0x78,0x48,
0x8d,0x01,0x48,0x8d,0x94,0x24,0xb0,0x0d,0x00,0x00,0x48,0x8d,0x9c,0x24,0xc0,0x0d,
0x00,0x00,0x4c,0x8d,0x0d,0x1f,0x41,0x00,0x00,0x48,0x8d,0x2d,0x08,0x41,0x00,0x00,
0x4c,0x8b,0x84,0x24,0x40,0x09,0x00,0x00,0x49,0x8d,0x70,0x10,0x48,0x8b,0x3d,0x25,
0x43,0x00,0x00,0x48,0x89,0x6c,0x24,0x20,0x48,0x89,0x74,0x24,0x28,0x48,0x89,0xc1,
0x49,0x89,0xd8,0xff,0x17,0x48,0x8d,0x84,0x24,0xc0,0x0d,0x00,0x00,0x48,0x8b,0x0d,
0xf4,0x42,0x00,0x00,0x48,0x89,0x84,0x24,0x60,0x09,0x00,0x00,0x48,0x89,0x8c,0x24,
0x90,0x09,0x00,0x00,0x48,0x8b,0x84,0x24,0x90,0x09,0x00,0x00,0x48,0x8b,0x8c,0x24,
0x60,0x09,0x00,0x00,0xff,0x10,0x48,0x8d,0x84,0x24,0xb0,0x0d,0x00,0x00,0x48,0x8b,
0x0d,0xcb,0x42,0x00,0x00,0x48,0x89,0x84,0x24,0xa0,0x09,0x00,0x00,0x48,0x89,0x8c,
0x24,0x10,0x0a,0x00,0x00,0x48,0x8b,0x84,0x24,0x10,0x0a,0x00,0x00,0x48,0x8b,0x8c,
0x24,0xa0,0x09,0x00,0x00,0xff,0x10,0x48,0x8d,0x84,0x24,0xb0,0x0d,0x00,0x00,0x48,
0x8d,0x0d,0x96,0x40,0x00,0x00,0x48,0x8b,0x15,0x53,0x42,0x00,0x00,0x48,0x89,0x84,
0x24,0x18,0x0a,0x00,0x00,0x48,0x89,0x8c,0x24,0x20,0x0a,0x00,0x00,0x48,0x89,0x94,
0x24,0x28,0x0a,0x00,0x00,0x48,0x8b,0x84,0x24,0x28,0x0a,0x00,0x00,0x48,0x8b,0x8c,
0x24,0x18,0x0a,0x00,0x00,0x48,0x8b,0x94,0x24,0x20,0x0a,0x00,0x00,0xff,0x10,0x48,
0x8b,0x3d,0x22,0x42,0x00,0x00,0x48,0x8b,0x35,0x63,0x42,0x00,0x00,0x48,0x8b,0x2d,
0x64,0x42,0x00,0x00,0x48,0x8b,0x05,0xf5,0x41,0x00,0x00,0x8b,0x58,0x68,0x8b,0x45,
0x00,0x0f,0xaf,0xc3,0x8b,0x1e,0x01,0xc3,0x48,0x8d,0x84,0x24,0xc0,0x0d,0x00,0x00,
0x48,0x8d,0x0f,0x89,0x9c,0x24,0xc8,0x0d,0x00,0x00,0x48,0x8d,0x94,0x24,0xc8,0x0d,
0x00,0x00,0x48,0x8b,0x1d,0xef,0x41,0x00,0x00,0x48,0x89,0x8c,0x24,0x00,0x0a,0x00,
0x00,0x48,0x89,0x94,0x24,0x30,0x0a,0x00,0x00,0x48,0x89,0xc1,0x48,0x8b,0x94,0x24,
0x00,0x0a,0x00,0x00,0x4c,0x8b,0x84,0x24,0x30,0x0a,0x00,0x00,0xff,0x13,0x48,0x8d,
0x84,0x24,0xcc,0x0d,0x00,0x00,0x48,0x8b,0x0d,0xc3,0x41,0x00,0x00,0x48,0x89,0x84,
0x24,0x40,0x0a,0x00,0x00,0x48,0x89,0x8c,0x24,0x48,0x0a,0x00,0x00,0x48,0x8b,0x84,
0x24,0x48,0x0a,0x00,0x00,0x48,0x8b,0x8c,0x24,0x40,0x0a,0x00,0x00,0xff,0x10,0x48,
0x8b,0x4c,0x24,0x78,0x48,0x8d,0x01,0x48,0x8d,0x94,0x24,0xb0,0x0d,0x00,0x00,0x48,
0x8d,0x9c,0x24,0xc0,0x0d,0x00,0x00,0x48,0x8d,0x2d,0x8a,0x3f,0x00,0x00,0x48,0x8d,
0x35,0x83,0x3f,0x00,0x00,0x48,0x8d,0x3d,0xa4,0x3f,0x00,0x00,0x4c,0x8d,0x84,0x24,
0xcc,0x0d,0x00,0x00,0x4c,0x8d,0x0d,0x6d,0x3f,0x00,0x00,0x4c,0x8d,0x15,0x8e,0x3f,
0x00,0x00,0x4c,0x8b,0x1d,0x97,0x41,0x00,0x00,0x48,0x89,0x74,0x24,0x20,0x48,0x89,
0x7c,0x24,0x28,0x4c,0x89,0x44,0x24,0x30,0x4c,0x89,0x4c,0x24,0x38,0x4c,0x89,0x54,
0x24,0x40,0x48,0x89,0xc1,0x49,0x89,0xd8,0x49,0x89,0xe9,0x41,0xff,0x13,0x48,0x8d,
0x84,0x24,0xcc,0x0d,0x00,0x00,0x48,0x8b,0x0d,0x3b,0x41,0x00,0x00,0x48,0x89,0x84,
0x24,0x50,0x0a,0x00,0x00,0x48,0x89,0x8c,0x24,0x58,0x0a,0x00,0x00,0x48,0x8b,0x84,
0x24,0x58,0x0a,0x00,0x00,0x48,0x8b,0x8c,0x24,0x50,0x0a,0x00,0x00,0xff,0x10,0x48,
0x8d,0x84,0x24,0xc0,0x0d,0x00,0x00,0x48,0x8b,0x0d,0x0a,0x41,0x00,0x00,0x48,0x89,
0x84,0x24,0x08,0x0a,0x00,0x00,0x48,0x89,0x8c,0x24,0xf8,0x09,0x00,0x00,0x48,0x8b,
0x84,0x24,0xf8,0x09,0x00,0x00,0x48,0x8b,0x8c,0x24,0x08,0x0a,0x00,0x00,0xff,0x10,
0x48,0x8d,0x84,0x24,0xb0,0x0d,0x00,0x00,0x48,0x8b,0x0d,0xe1,0x40,0x00,0x00,0x48,
0x89,0x84,0x24,0xc8,0x09,0x00,0x00,0x48,0x89,0x8c,0x24,0xf0,0x09,0x00,0x00,0x48,
0x8b,0x84,0x24,0xf0,0x09,0x00,0x00,0x48,0x8b,0x8c,0x24,0xc8,0x09,0x00,0x00,0xff,
0x10,0x48,0x8d,0x84,0x24,0xb0,0x0d,0x00,0x00,0x48,0x8d,0x0d,0xc4,0x3e,0x00,0x00,
0x48,0x8b,0x15,0x69,0x40,0x00,0x00,0x48,0x89,0x84,0x24,0xa8,0x09,0x00,0x00,0x48,
0x89,0x8c,0x24,0xb0,0x09,0x00,0x00,0x48,0x89,0x94,0x24,0xb8,0x09,0x00,0x00,0x48,
0x8b,0x84,0x24,0xb8,0x09,0x00,0x00,0x48,0x8b,0x8c,0x24,0xa8,0x09,0x00,0x00,0x48,
0x8b,0x94,0x24,0xb0,0x09,0x00,0x00,0xff,0x10,0x48,0x8b,0x1d,0x98,0x40,0x00,0x00,
0x48,0x8b,0x05,0x79,0x40,0x00,0x00,0x48,0x8d,0x8c,0x24,0xc0,0x0d,0x00,0x00,0x48,
0x8d,0x13,0x48,0x8d,0x00,0x48,0x8b,0x1d,0x2c,0x40,0x00,0x00,0x49,0x89,0xc0,0xff,
0x13,0x48,0x8d,0x84,0x24,0xc8,0x0d,0x00,0x00,0x48,0x8b,0x0d,0x20,0x40,0x00,0x00,
0x48,0x89,0x84,0x24,0x98,0x09,0x00,0x00,0x48,0x89,0x8c,0x24,0xc0,0x09,0x00,0x00,
0x48,0x8b,0x84,0x24,0xc0,0x09,0x00,0x00,0x48,0x8b,0x8c,0x24,0x98,0x09,0x00,0x00,
0xff,0x10,0x48,0x8b,0x4c,0x24,0x78,0x48,0x8d,0x01,0x48,0x8d,0x94,0x24,0xb0,0x0d,
0x00,0x00,0x48,0x8d,0x9c,0x24,0xc0,0x0d,0x00,0x00,0x48,0x8d,0x2d,0xe7,0x3d,0x00,
0x00,0x48,0x8d,0x35,0x24,0x3e,0x00,0x00,0x48,0x8d,0x3d,0xd9,0x3d,0x00,0x00,0x4c,
0x8d,0x8c,0x24,0xc8,0x0d,0x00,0x00,0x4c,0x8d,0x05,0xca,0x3d,0x00,0x00,0x4c,0x8d,
0x15,0xeb,0x3d,0x00,0x00,0x4c,0x8b,0x1d,0xf4,0x3f,0x00,0x00,0x48,0x89,0x74,0x24,
0x20,0x48,0x89,0x7c,0x24,0x28,0x4c,0x89,0x4c,0x24,0x30,0x4c,0x89,0x44,0x24,0x38,
0x4c,0x89,0x54,0x24,0x40,0x48,0x89,0xc1,0x49,0x89,0xd8,0x49,0x89,0xe9,0x41,0xff,
0x13,0x48,0x8d,0x84,0x24,0xc8,0x0d,0x00,0x00,0x48,0x8b,0x0d,0x98,0x3f,0x00,0x00,
0x48,0x89,0x84,0x24,0xd0,0x09,0x00,0x00,0x48,0x89,0x8c,0x24,0xd8,0x09,0x00,0x00,
0x48,0x8b,0x84,0x24,0xd8,0x09,0x00,0x00,0x48,0x8b,0x8c,0x24,0xd0,0x09,0x00,0x00,
0xff,0x10,0x48,0x8d,0x84,0x24,0xc0,0x0d,0x00,0x00,0x48,0x8b,0x0d,0x67,0x3f,0x00,
0x00,0x48,0x89,0x84,0x24,0xe0,0x09,0x00,0x00,0x48,0x89,0x8c,0x24,0xe8,0x09,0x00,
0x00,0x48,0x8b,0x84,0x24,0xe8,0x09,0x00,0x00,0x48,0x8b,0x8c,0x24,0xe0,0x09,0x00,
0x00,0xff,0x10,0x48,0x8d,0x84,0x24,0xb0,0x0d,0x00,0x00,0x48,0x8b,0x0d,0x3e,0x3f,
0x00,0x00,0x48,0x89,0x84,0x24,0xc8,0x08,0x00,0x00,0x48,0x89,0x8c,0x24,0xb8,0x08,
0x00,0x00,0x48,0x8b,0x84,0x24,0xb8,0x08,0x00,0x00,0x48,0x8b,0x8c,0x24,0xc8,0x08,
0x00,0x00,0xff,0x10,0x48,0x8d,0x84,0x24,0xb0,0x0d,0x00,0x00,0x48,0x8d,0x0d,0x3d,
0x3d,0x00,0x00,0x48,0x8b,0x15,0xc6,0x3e,0x00,0x00,0x48,0x89,0x84,0x24,0x88,0x08,
0x00,0x00,0x48,0x89,0x8c,0x24,0xb0,0x08,0x00,0x00,0x48,0x89,0x94,0x24,0x90,0x07,
0x00,0x00,0x48,0x8b,0x84,0x24,0x90,0x07,0x00,0x00,0x48,0x8b,0x8c,0x24,0x88,0x08,
0x00,0x00,0x48,0x8b,0x94,0x24,0xb0,0x08,0x00,0x00,0xff,0x10,0x48,0x8b,0x05,0xf5,
0x3e,0x00,0x00,0x48,0x8b,0x1d,0xd6,0x3e,0x00,0x00,0x48,0x8d,0x8c,0x24,0xc0,0x0d,
0x00,0x00,0x48,0x8d,0x00,0x48,0x8d,0x13,0x48,0x8b,0x1d,0x89,0x3e,0x00,0x00,0x48,
0x89,0x94,0x24,0x98,0x07,0x00,0x00,0x48,0x89,0xc2,0x4c,0x8b,0x84,0x24,0x98,0x07,
0x00,0x00,0xff,0x13,0x48,0x8d,0x84,0x24,0xc8,0x0d,0x00,0x00,0x48,0x8b,0x0d,0x6d,
0x3e,0x00,0x00,0x48,0x89,0x84,0x24,0xa0,0x07,0x00,0x00,0x48,0x89,0x8c,0x24,0x80,
0x07,0x00,0x00,0x48,0x8b,0x84,0x24,0x80,0x07,0x00,0x00,0x48,0x8b,0x8c,0x24,0xa0,
0x07,0x00,0x00,0xff,0x10,0x48,0x8b,0x4c,0x24,0x78,0x48,0x8d,0x01,0x48,0x8d,0x94,
0x24,0xb0,0x0d,0x00,0x00,0x48,0x8d,0x9c,0x24,0xc0,0x0d,0x00,0x00,0x4c,0x8d,0x0d,
0x34,0x3c,0x00,0x00,0x48,0x8d,0x3d,0x71,0x3c,0x00,0x00,0x48,0x8d,0x2d,0x26,0x3c,
0x00,0x00,0x48,0x8d,0xb4,0x24,0xc8,0x0d,0x00,0x00,0x4c,0x8d,0x05,0x17,0x3c,0x00,
0x00,0x4c,0x8b,0x15,0x18,0x3e,0x00,0x00,0x48,0x89,0x7c,0x24,0x20,0x48,0x89,0x6c,
0x24,0x28,0x48,0x89,0x74,0x24,0x30,0x4c,0x89,0x44,0x24,0x38,0x48,0x89,0xc1,0x49,
0x89,0xd8,0x41,0xff,0x12,0x48,0x8d,0x84,0x24,0xc8,0x0d,0x00,0x00,0x48,0x8b,0x0d,
0xf4,0x3d,0x00,0x00,0x48,0x89,0x84,0x24,0xa8,0x07,0x00,0x00,0x48,0x89,0x8c,0x24,
0xb8,0x07,0x00,0x00,0x48,0x8b,0x84,0x24,0xb8,0x07,0x00,0x00,0x48,0x8b,0x8c,0x24,
0xa8,0x07,0x00,0x00,0xff,0x10,0x48,0x8d,0x84,0x24,0xc0,0x0d,0x00,0x00,0x48,0x8b,
0x0d,0xc3,0x3d,0x00,0x00,0x48,0x89,0x84,0x24,0xc0,0x07,0x00,0x00,0x48,0x89,0x8c,
0x24,0xc8,0x07,0x00,0x00,0x48,0x8b,0x84,0x24,0xc8,0x07,0x00,0x00,0x48,0x8b,0x8c,
0x24,0xc0,0x07,0x00,0x00,0xff,0x10,0x48,0x8d,0x84,0x24,0xb0,0x0d,0x00,0x00,0x48,
0x8b,0x0d,0x9a,0x3d,0x00,0x00,0x48,0x89,0x84,0x24,0xd0,0x07,0x00,0x00,0x48,0x89,
0x8c,0x24,0x88,0x07,0x00,0x00,0x48,0x8b,0x84,0x24,0x88,0x07,0x00,0x00,0x48,0x8b,
0x8c,0x24,0xd0,0x07,0x00,0x00,0xff,0x10,0x48,0x8d,0x84,0x24,0xb0,0x0d,0x00,0x00,
0x48,0x8d,0x0d,0xaf,0x3b,0x00,0x00,0x48,0x8b,0x15,0x22,0x3d,0x00,0x00,0x48,0x89,
0x84,0x24,0x78,0x07,0x00,0x00,0x48,0x89,0x8c,0x24,0x48,0x07,0x00,0x00,0x48,0x89,
0x94,0x24,0x70,0x07,0x00,0x00,0x48,0x8b,0x84,0x24,0x70,0x07,0x00,0x00,0x48,0x8b,
0x8c,0x24,0x78,0x07,0x00,0x00,0x48,0x8b,0x94,0x24,0x48,0x07,0x00,0x00,0xff,0x10,
0x48,0x8b,0x1d,0x59,0x3d,0x00,0x00,0x48,0x8d,0x84,0x24,0xc0,0x0d,0x00,0x00,0x48,
0x8b,0x0d,0x52,0x3d,0x00,0x00,0x48,0x89,0x84,0x24,0x28,0x07,0x00,0x00,0x48,0x89,
0x8c,0x24,0x30,0x07,0x00,0x00,0x48,0x8b,0x84,0x24,0x30,0x07,0x00,0x00,0x48,0x8b,
0x8c,0x24,0x28,0x07,0x00,0x00,0xff,0x10,0x48,0x8d,0x84,0x24,0xc0,0x0d,0x00,0x00,
0x48,0x8d,0x0b,0x48,0x8d,0x15,0x3e,0x3b,0x00,0x00,0x48,0x8b,0x1d,0x1f,0x3d,0x00,
0x00,0x48,0x89,0x8c,0x24,0x38,0x07,0x00,0x00,0x48,0x89,0x94,0x24,0x18,0x07,0x00,
0x00,0x48,0x89,0xc1,0x48,0x8b,0x94,0x24,0x38,0x07,0x00,0x00,0x4c,0x8b,0x84,0x24,
0x18,0x07,0x00,0x00,0xff,0x13,0x48,0x8b,0x4c,0x24,0x78,0x48,0x8d,0x01,0x48,0x8d,
0x94,0x24,0xb0,0x0d,0x00,0x00,0x48,0x8d,0x9c,0x24,0xc0,0x0d,0x00,0x00,0x48,0x8b,
0x2d,0xe3,0x3c,0x00,0x00,0x48,0x89,0xc1,0x49,0x89,0xd8,0xff,0x55,0x00,0x48,0x8d,
0x84,0x24,0xc0,0x0d,0x00,0x00,0x48,0x8b,0x0d,0x83,0x3c,0x00,0x00,0x48,0x89,0x84,
0x24,0x40,0x07,0x00,0x00,0x48,0x89,0x8c,0x24,0x50,0x07,0x00,0x00,0x48,0x8b,0x84,
0x24,0x50,0x07,0x00,0x00,0x48,0x8b,0x8c,0x24,0x40,0x07,0x00,0x00,0xff,0x10,0x48,
0x8d,0x84,0x24,0xb0,0x0d,0x00,0x00,0x48,0x8b,0x0d,0x52,0x3c,0x00,0x00,0x48,0x89,
0x84,0x24,0x58,0x07,0x00,0x00,0x48,0x89,0x8c,0x24,0x60,0x07,0x00,0x00,0x48,0x8b,
0x84,0x24,0x60,0x07,0x00,0x00,0x48,0x8b,0x8c,0x24,0x58,0x07,0x00,0x00,0xff,0x10,
0x48,0x8b,0x4c,0x24,0x78,0x48,0x8d,0x01,0x48,0x8b,0x15,0x71,0x3c,0x00,0x00,0x48,
0x89,0xc1,0xff,0x12,0x48,0x8b,0x4c,0x24,0x78,0x48,0x8d,0x01,0x48,0x8b,0x15,0x5d,
0x3c,0x00,0x00,0x48,0x89,0xc1,0xff,0x12,0x48,0x8d,0x84,0x24,0xb0,0x0d,0x00,0x00,
0x48,0x8d,0x0d,0x55,0x3a,0x00,0x00,0x48,0x8b,0x15,0xb2,0x3b,0x00,0x00,0x48,0x89,
0x84,0x24,0x68,0x07,0x00,0x00,0x48,0x89,0x8c,0x24,0xd8,0x07,0x00,0x00,0x48,0x89,
0x94,0x24,0xb0,0x07,0x00,0x00,0x48,0x8b,0x84,0x24,0xb0,0x07,0x00,0x00,0x48,0x8b,
0x8c,0x24,0x68,0x07,0x00,0x00,0x48,0x8b,0x94,0x24,0xd8,0x07,0x00,0x00,0xff,0x10,
0x48,0x8b,0x1d,0xe1,0x3b,0x00,0x00,0x48,0x8b,0x05,0xca,0x3b,0x00,0x00,0x48,0x8d,
0x8c,0x24,0xc0,0x0d,0x00,0x00,0x48,0x8d,0x13,0x48,0x8d,0x00,0x48,0x8b,0x1d,0x75,
0x3b,0x00,0x00,0x49,0x89,0xc0,0xff,0x13,0x48,0x8b,0x4c,0x24,0x78,0x48,0x8d,0x01,
0x48,0x8d,0x94,0x24,0xb0,0x0d,0x00,0x00,0x48,0x8d,0x1d,0xad,0x39,0x00,0x00,0x4c,
0x8d,0x8c,0x24,0xc0,0x0d,0x00,0x00,0x48,0x8d,0x2d,0x5a,0x39,0x00,0x00,0x48,0x8b,
0x35,0xc3,0x3b,0x00,0x00,0x48,0x89,0x6c,0x24,0x20,0x48,0x89,0xc1,0x49,0x89,0xd8,
0xff,0x16,0x48,0x8d,0x84,0x24,0xc0,0x0d,0x00,0x00,0x48,0x8b,0x0d,0x47,0x3b,0x00,
0x00,0x48,0x89,0x84,0x24,0xe0,0x07,0x00,0x00,0x48,0x89,0x8c,0x24,0xf0,0x07,0x00,
0x00,0x48,0x8b,0x84,0x24,0xf0,0x07,0x00,0x00,0x48,0x8b,0x8c,0x24,0xe0,0x07,0x00,
0x00,0xff,0x10,0x48,0x8d,0x84,0x24,0xb0,0x0d,0x00,0x00,0x48,0x8b,0x0d,0x1e,0x3b,
0x00,0x00,0x48,0x89,0x84,0x24,0x60,0x08,0x00,0x00,0x48,0x89,0x8c,0x24,0x68,0x08,
0x00,0x00,0x48,0x8b,0x84,0x24,0x68,0x08,0x00,0x00,0x48,0x8b,0x8c,0x24,0x60,0x08,
0x00,0x00,0xff,0x10,0x4c,0x8d,0x8c,0x24,0xb0,0x0d,0x00,0x00,0x48,0x8d,0x05,0x59,
0x39,0x00,0x00,0x48,0x8b,0x0d,0x46,0x3b,0x00,0x00,0x48,0x89,0x84,0x24,0x70,0x08,
0x00,0x00,0x48,0x89,0x8c,0x24,0x78,0x08,0x00,0x00,0x48,0x8b,0x84,0x24,0x78,0x08,
0x00,0x00,0x4c,0x89,0xc9,0x48,0x89,0x8c,0x24,0x50,0x08,0x00,0x00,0xff,0x10,0x48,
0x8b,0x05,0x22,0x3b,0x00,0x00,0x48,0x8b,0x8c,0x24,0x50,0x08,0x00,0x00,0x48,0x8b,
0x94,0x24,0x70,0x08,0x00,0x00,0xff,0x10,0x48,0x8d,0x84,0x24,0xd8,0x0d,0x00,0x00,
0x48,0x8d,0x0d,0x81,0x38,0x00,0x00,0x48,0x8b,0x15,0x02,0x3b,0x00,0x00,0x48,0x89,
0x84,0x24,0x80,0x08,0x00,0x00,0x48,0x89,0x8c,0x24,0x90,0x08,0x00,0x00,0x48,0x89,
0x94,0x24,0x98,0x08,0x00,0x00,0x48,0x8b,0x84,0x24,0x98,0x08,0x00,0x00,0x48,0x8b,
0x8c,0x24,0x80,0x08,0x00,0x00,0x48,0x8b,0x94,0x24,0x50,0x08,0x00,0x00,0x4c,0x8b,
0x84,0x24,0x90,0x08,0x00,0x00,0xff,0x10,0x48,0x8b,0x9c,0x24,0xd8,0x0d,0x00,0x00,
0x48,0x8b,0x2d,0x79,0x3a,0x00,0x00,0x48,0x8d,0x03,0x48,0x8b,0x0d,0x77,0x3a,0x00,
0x00,0x48,0x89,0x84,0x24,0xa0,0x08,0x00,0x00,0x48,0x89,0x8c,0x24,0xa8,0x08,0x00,
0x00,0x48,0x8b,0x84,0x24,0xa8,0x08,0x00,0x00,0x48,0x8b,0x8c,0x24,0xa0,0x08,0x00,
0x00,0xff,0x10,0x48,0x8d,0x03,0x48,0x8d,0x4d,0x00,0x48,0x8d,0x15,0x7f,0x38,0x00,
0x00,0x48,0x8b,0x1d,0x48,0x3a,0x00,0x00,0x48,0x89,0x8c,0x24,0x58,0x08,0x00,0x00,
0x48,0x89,0x94,0x24,0x48,0x08,0x00,0x00,0x48,0x89,0xc1,0x48,0x8b,0x94,0x24,0x58,
0x08,0x00,0x00,0x4c,0x8b,0x84,0x24,0x48,0x08,0x00,0x00,0xff,0x13,0x48,0x8d,0x84,
0x24,0xd8,0x0d,0x00,0x00,0x48,0x8d,0x0d,0xe4,0x37,0x00,0x00,0x48,0x8b,0x15,0x3d,
0x3a,0x00,0x00,0x48,0x89,0x84,0x24,0x18,0x08,0x00,0x00,0x48,0x89,0x8c,0x24,0x40,
0x08,0x00,0x00,0x48,0x89,0x94,0x24,0xf8,0x07,0x00,0x00,0x48,0x8b,0x84,0x24,0xf8,
0x07,0x00,0x00,0x48,0x8b,0x8c,0x24,0x18,0x08,0x00,0x00,0x48,0x8b,0x94,0x24,0x50,
0x08,0x00,0x00,0x4c,0x8b,0x84,0x24,0x40,0x08,0x00,0x00,0xff,0x10,0x48,0x8b,0x9c,
0x24,0xd8,0x0d,0x00,0x00,0x48,0x8b,0x2d,0xb4,0x39,0x00,0x00,0x48,0x8d,0x03,0x48,
0x8b,0x0d,0xb2,0x39,0x00,0x00,0x48,0x89,0x84,0x24,0x00,0x08,0x00,0x00,0x48,0x89,
0x8c,0x24,0x08,0x08,0x00,0x00,0x48,0x8b,0x84,0x24,0x08,0x08,0x00,0x00,0x48,0x8b,
0x8c,0x24,0x00,0x08,0x00,0x00,0xff,0x10,0x48,0x8d,0x03,0x48,0x8d,0x4d,0x00,0x48,
0x8d,0x15,0xbe,0x37,0x00,0x00,0x48,0x8b,0x1d,0x83,0x39,0x00,0x00,0x48,0x89,0x8c,
0x24,0xe8,0x07,0x00,0x00,0x48,0x89,0x94,0x24,0x10,0x08,0x00,0x00,0x48,0x89,0xc1,
0x48,0x8b,0x94,0x24,0xe8,0x07,0x00,0x00,0x4c,0x8b,0x84,0x24,0x10,0x08,0x00,0x00,
0xff,0x13,0x48,0x8d,0x84,0x24,0xd8,0x0d,0x00,0x00,0x48,0x8d,0x0d,0x3b,0x37,0x00,
0x00,0x48,0x8b,0x15,0x78,0x39,0x00,0x00,0x48,0x89,0x84,0x24,0x20,0x08,0x00,0x00,
0x48,0x89,0x8c,0x24,0x28,0x08,0x00,0x00,0x48,0x89,0x94,0x24,0x30,0x08,0x00,0x00,
0x48,0x8b,0x84,0x24,0x30,0x08,0x00,0x00,0x48,0x8b,0x8c,0x24,0x20,0x08,0x00,0x00,
0x48,0x8b,0x94,0x24,0x50,0x08,0x00,0x00,0x4c,0x8b,0x84,0x24,0x28,0x08,0x00,0x00,
0xff,0x10,0x48,0x8b,0x9c,0x24,0xd8,0x0d,0x00,0x00,0x48,0x8b,0x2d,0xef,0x38,0x00,
0x00,0x48,0x8d,0x03,0x48,0x8b,0x0d,0xed,0x38,0x00,0x00,0x48,0x89,0x84,0x24,0x38,
0x08,0x00,0x00,0x48,0x89,0x8c,0x24,0x60,0x0a,0x00,0x00,0x48,0x8b,0x84,0x24,0x60,
0x0a,0x00,0x00,0x48,0x8b,0x8c,0x24,0x38,0x08,0x00,0x00,0xff,0x10,0x48,0x8d,0x03,
0x48,0x8d,0x4d,0x00,0x48,0x8d,0x15,0xfd,0x36,0x00,0x00,0x48,0x8b,0x1d,0xbe,0x38,
0x00,0x00,0x48,0x89,0x8c,0x24,0x38,0x0a,0x00,0x00,0x48,0x89,0x94,0x24,0x68,0x0a,
0x00,0x00,0x48,0x89,0xc1,0x48,0x8b,0x94,0x24,0x38,0x0a,0x00,0x00,0x4c,0x8b,0x84,
0x24,0x68,0x0a,0x00,0x00,0xff,0x13,0x48,0x8d,0x84,0x24,0xd8,0x0d,0x00,0x00,0x48,
0x8d,0x0d,0xc6,0x36,0x00,0x00,0x48,0x8b,0x15,0xb3,0x38,0x00,0x00,0x48,0x89,0x84,
0x24,0x78,0x0a,0x00,0x00,0x48,0x89,0x8c,0x24,0x90,0x0c,0x00,0x00,0x48,0x89,0x94,
0x24,0x98,0x0c,0x00,0x00,0x48,0x8b,0x84,0x24,0x98,0x0c,0x00,0x00,0x48,0x8b,0x8c,
0x24,0x78,0x0a,0x00,0x00,0x48,0x8b,0x94,0x24,0x50,0x08,0x00,0x00,0x4c,0x8b,0x84,
0x24,0x90,0x0c,0x00,0x00,0xff,0x10,0x48,0x8b,0x9c,0x24,0xd8,0x0d,0x00,0x00,0x48,
0x8b,0x2d,0x2a,0x38,0x00,0x00,0x48,0x8d,0x03,0x48,0x8b,0x0d,0x28,0x38,0x00,0x00,
0x48,0x89,0x84,0x24,0xa0,0x0c,0x00,0x00,0x48,0x89,0x8c,0x24,0xa8,0x0c,0x00,0x00,
0x48,0x8b,0x84,0x24,0xa8,0x0c,0x00,0x00,0x48,0x8b,0x8c,0x24,0xa0,0x0c,0x00,0x00,
0xff,0x10,0x48,0x8d,0x03,0x48,0x8d,0x4d,0x00,0x48,0x8d,0x15,0x40,0x36,0x00,0x00,
0x48,0x8b,0x1d,0xf9,0x37,0x00,0x00,0x48,0x89,0x8c,0x24,0x80,0x0c,0x00,0x00,0x48,
0x89,0x94,0x24,0xb0,0x0c,0x00,0x00,0x48,0x89,0xc1,0x48,0x8b,0x94,0x24,0x80,0x0c,
0x00,0x00,0x4c,0x8b,0x84,0x24,0xb0,0x0c,0x00,0x00,0xff,0x13,0x48,0x8b,0x1d,0xbd,
0x37,0x00,0x00,0x48,0x8d,0x84,0x24,0xd8,0x0d,0x00,0x00,0x48,0x8b,0x0d,0xb6,0x37,
0x00,0x00,0x48,0x89,0x84,0x24,0xc0,0x0c,0x00,0x00,0x48,0x89,0x8c,0x24,0xc8,0x0c,
0x00,0x00,0x48,0x8b,0x84,0x24,0xc8,0x0c,0x00,0x00,0x48,0x8b,0x8c,0x24,0xc0,0x0c,
0x00,0x00,0xff,0x10,0x48,0x8d,0x84,0x24,0xd8,0x0d,0x00,0x00,0x48,0x8d,0x0b,0x48,
0x8d,0x15,0xce,0x35,0x00,0x00,0x48,0x8b,0x1d,0x83,0x37,0x00,0x00,0x48,0x89,0x8c,
0x24,0xd0,0x0c,0x00,0x00,0x48,0x89,0x94,0x24,0xd8,0x0c,0x00,0x00,0x48,0x89,0xc1,
0x48,0x8b,0x94,0x24,0xd0,0x0c,0x00,0x00,0x4c,0x8b,0x84,0x24,0xd8,0x0c,0x00,0x00,
0xff,0x13,0x8b,0x05,0x00,0x35,0x00,0x00,0x89,0xc7,0x8b,0x05,0x20,0x35,0x00,0x00,
0x89,0xc6,0x8b,0x05,0xf0,0x34,0x00,0x00,0x3b,0x05,0xea,0x34,0x00,0x00,0x40,0x0f,
0x94,0xc5,0x8b,0x05,0xe0,0x34,0x00,0x00,0x89,0xc3,0x48,0x8b,0x05,0x9f,0x36,0x00,
0x00,0x8b,0x40,0x68,0x2b,0x05,0xf6,0x34,0x00,0x00,0x39,0xc3,0x0f,0x94,0xc0,0x48,
0x8b,0x4c,0x24,0x78,0x48,0x8d,0x11,0x4c,0x8b,0x84,0x24,0x40,0x09,0x00,0x00,0x49,
0x8d,0x18,0x4c,0x8d,0x8c,0x24,0xd8,0x0d,0x00,0x00,0x89,0xbc,0x24,0xe8,0x0d,0x00,
0x00,0x48,0x8d,0xbc,0x24,0xe8,0x0d,0x00,0x00,0x89,0xb4,0x24,0xec,0x0d,0x00,0x00,
0x4c,0x8d,0x9c,0x24,0xec,0x0d,0x00,0x00,0x40,0x88,0xac,0x24,0xf0,0x0d,0x00,0x00,
0x48,0x8d,0xac,0x24,0xf0,0x0d,0x00,0x00,0x88,0x84,0x24,0xf1,0x0d,0x00,0x00,0x48,
0x8d,0x84,0x24,0xf1,0x0d,0x00,0x00,0x48,0x8d,0xb4,0x24,0xac,0x0d,0x00,0x00,0x4d,
0x8d,0x90,0xd8,0x00,0x00,0x00,0x4d,0x8d,0x60,0x14,0x4d,0x8d,0x68,0x10,0x4c,0x8b,
0x35,0xe3,0x36,0x00,0x00,0x4c,0x89,0x5c,0x24,0x20,0x48,0x89,0x6c,0x24,0x28,0x48,
0x89,0x44,0x24,0x30,0x48,0x89,0x74,0x24,0x38,0x4c,0x89,0x54,0x24,0x40,0x4c,0x89,
0x64,0x24,0x48,0x4c,0x89,0x6c,0x24,0x50,0x48,0x89,0x94,0x24,0x88,0x0c,0x00,0x00,
0x4c,0x89,0x8c,0x24,0x78,0x0c,0x00,0x00,0x48,0x8b,0x8c,0x24,0x88,0x0c,0x00,0x00,
0x48,0x89,0xda,0x4c,0x8b,0x84,0x24,0x78,0x0c,0x00,0x00,0x49,0x89,0xf9,0x41,0xff,
0x16,0x48,0x8d,0x84,0x24,0xd8,0x0d,0x00,0x00,0x48,0x8b,0x0d,0x10,0x36,0x00,0x00,
0x48,0x89,0x84,0x24,0x48,0x0c,0x00,0x00,0x48,0x89,0x8c,0x24,0x70,0x0c,0x00,0x00,
0x48,0x8b,0x84,0x24,0x70,0x0c,0x00,0x00,0x48,0x8b,0x8c,0x24,0x48,0x0c,0x00,0x00,
0xff,0x10,0x48,0x8b,0x1d,0x17,0x36,0x00,0x00,0x48,0x8d,0x84,0x24,0xd8,0x0d,0x00,
0x00,0x48,0x8b,0x0d,0x10,0x36,0x00,0x00,0x48,0x89,0x84,0x24,0x28,0x0c,0x00,0x00,
0x48,0x89,0x8c,0x24,0x30,0x0c,0x00,0x00,0x48,0x8b,0x84,0x24,0x30,0x0c,0x00,0x00,
0x48,0x8b,0x8c,0x24,0x28,0x0c,0x00,0x00,0xff,0x10,0x48,0x8d,0x84,0x24,0xd8,0x0d,
0x00,0x00,0x48,0x8d,0x0b,0x48,0x8d,0x15,0x2c,0x34,0x00,0x00,0x48,0x8b,0x1d,0xdd,
0x35,0x00,0x00,0x48,0x89,0x8c,0x24,0x38,0x0c,0x00,0x00,0x48,0x89,0x94,0x24,0x18,
0x0c,0x00,0x00,0x48,0x89,0xc1,0x48,0x8b,0x94,0x24,0x38,0x0c,0x00,0x00,0x4c,0x8b,
0x84,0x24,0x18,0x0c,0x00,0x00,0xff,0x13,0x8b,0x05,0x82,0x33,0x00,0x00,0x89,0xc7,
0x8b,0x05,0x7a,0x33,0x00,0x00,0x89,0xc6,0x8b,0x05,0x72,0x33,0x00,0x00,0x3b,0x05,
0x44,0x33,0x00,0x00,0x40,0x0f,0x94,0xc5,0x8b,0x05,0x62,0x33,0x00,0x00,0x89,0xc3,
0x48,0x8b,0x05,0xf9,0x34,0x00,0x00,0x8b,0x40,0x68,0x2b,0x05,0x50,0x33,0x00,0x00,
0x39,0xc3,0x0f,0x94,0xc0,0x48,0x8b,0x4c,0x24,0x78,0x48,0x8d,0x11,0x4c,0x8b,0x84,
0x24,0x40,0x09,0x00,0x00,0x49,0x8d,0x18,0x4c,0x8d,0x8c,0x24,0xd8,0x0d,0x00,0x00,
0x89,0xbc,0x24,0xe8,0x0d,0x00,0x00,0x48,0x8d,0xbc,0x24,0xe8,0x0d,0x00,0x00,0x89,
0xb4,0x24,0xec,0x0d,0x00,0x00,0x4c,0x8d,0x9c,0x24,0xec,0x0d,0x00,0x00,0x40,0x88,
0xac,0x24,0xf0,0x0d,0x00,0x00,0x4c,0x8d,0x94,0x24,0xf0,0x0d,0x00,0x00,0x88,0x84,
0x24,0xf1,0x0d,0x00,0x00,0x48,0x8d,0x84,0x24,0xf1,0x0d,0x00,0x00,0x48,0x8d,0xb4,
0x24,0xac,0x0d,0x00,0x00,0x49,0x8d,0xa8,0xd9,0x00,0x00,0x00,0x4d,0x8d,0x60,0x14,
0x4d,0x8d,0x68,0x10,0x4c,0x8b,0x35,0x3d,0x35,0x00,0x00,0x4c,0x89,0x5c,0x24,0x20,
0x4c,0x89,0x54,0x24,0x28,0x48,0x89,0x44,0x24,0x30,0x48,0x89,0x74,0x24,0x38,0x48,
0x89,0x6c,0x24,0x40,0x4c,0x89,0x64,0x24,0x48,0x4c,0x89,0x6c,0x24,0x50,0x48,0x89,
0x94,0x24,0x40,0x0c,0x00,0x00,0x4c,0x89,0x8c,0x24,0x50,0x0c,0x00,0x00,0x48,0x8b,
0x8c,0x24,0x40,0x0c,0x00,0x00,0x48,0x89,0xda,0x4c,0x8b,0x84,0x24,0x50,0x0c,0x00,
0x00,0x49,0x89,0xf9,0x41,0xff,0x16,0x48,0x8d,0x84,0x24,0xd8,0x0d,0x00,0x00,0x48,
0x8b,0x0d,0x6a,0x34,0x00,0x00,0x48,0x89,0x84,0x24,0x58,0x0c,0x00,0x00,0x48,0x89,
0x8c,0x24,0x60,0x0c,0x00,0x00,0x48,0x8b,0x84,0x24,0x60,0x0c,0x00,0x00,0x48,0x8b,
0x8c,0x24,0x58,0x0c,0x00,0x00,0xff,0x10,0x48,0x8b,0x1d,0x71,0x34,0x00,0x00,0x48,
0x8d,0x84,0x24,0xd8,0x0d,0x00,0x00,0x48,0x8b,0x0d,0x6a,0x34,0x00,0x00,0x48,0x89,
0x84,0x24,0x68,0x0c,0x00,0x00,0x48,0x89,0x8c,0x24,0xe0,0x0c,0x00,0x00,0x48,0x8b,
0x84,0x24,0xe0,0x0c,0x00,0x00,0x48,0x8b,0x8c,0x24,0x68,0x0c,0x00,0x00,0xff,0x10,
0x48,0x8d,0x84,0x24,0xd8,0x0d,0x00,0x00,0x48,0x8d,0x0b,0x48,0x8d,0x15,0x8a,0x32,
0x00,0x00,0x48,0x8b,0x1d,0x37,0x34,0x00,0x00,0x48,0x89,0x8c,0x24,0xb8,0x0c,0x00,
0x00,0x48,0x89,0x94,0x24,0xe8,0x0c,0x00,0x00,0x48,0x89,0xc1,0x48,0x8b,0x94,0x24,
0xb8,0x0c,0x00,0x00,0x4c,0x8b,0x84,0x24,0xe8,0x0c,0x00,0x00,0xff,0x13,0x8b,0x05,
0xf8,0x31,0x00,0x00,0x89,0xc7,0x8b,0x05,0xd4,0x31,0x00,0x00,0x89,0xc6,0x8b,0x05,
0xe8,0x31,0x00,0x00,0x3b,0x05,0x9e,0x31,0x00,0x00,0x40,0x0f,0x94,0xc5,0x8b,0x05,
0xd8,0x31,0x00,0x00,0x89,0xc3,0x48,0x8b,0x05,0x53,0x33,0x00,0x00,0x8b,0x40,0x68,
0x2b,0x05,0xaa,0x31,0x00,0x00,0x39,0xc3,0x0f,0x94,0xc0,0x48,0x8b,0x4c,0x24,0x78,
0x48,0x8d,0x11,0x4c,0x8b,0x84,0x24,0x40,0x09,0x00,0x00,0x49,0x8d,0x18,0x4c,0x8d,
0x8c,0x24,0xd8,0x0d,0x00,0x00,0x89,0xbc,0x24,0xe8,0x0d,0x00,0x00,0x48,0x8d,0xbc,
0x24,0xe8,0x0d,0x00,0x00,0x89,0xb4,0x24,0xec,0x0d,0x00,0x00,0x4c,0x8d,0x9c,0x24,
0xec,0x0d,0x00,0x00,0x40,0x88,0xac,0x24,0xf0,0x0d,0x00,0x00,0x4c,0x8d,0x94,0x24,
0xf0,0x0d,0x00,0x00,0x88,0x84,0x24,0xf1,0x0d,0x00,0x00,0x48,0x8d,0x84,0x24,0xf1,
0x0d,0x00,0x00,0x48,0x8d,0xac,0x24,0xac,0x0d,0x00,0x00,0x49,0x8d,0xb0,0xda,0x00,
0x00,0x00,0x4d,0x8d,0x60,0x14,0x4d,0x8d,0x68,0x10,0x4c,0x8b,0x35,0x97,0x33,0x00,
0x00,0x4c,0x89,0x5c,0x24,0x20,0x4c,0x89,0x54,0x24,0x28,0x48,0x89,0x44,0x24,0x30,
0x48,0x89,0x6c,0x24,0x38,0x48,0x89,0x74,0x24,0x40,0x4c,0x89,0x64,0x24,0x48,0x4c,
0x89,0x6c,0x24,0x50,0x48,0x89,0x94,0x24,0xf8,0x0c,0x00,0x00,0x4c,0x89,0x8c,0x24,
0x68,0x0d,0x00,0x00,0x48,0x8b,0x8c,0x24,0xf8,0x0c,0x00,0x00,0x48,0x89,0xda,0x4c,
0x8b,0x84,0x24,0x68,0x0d,0x00,0x00,0x49,0x89,0xf9,0x41,0xff,0x16,0x48,0x8d,0x84,
0x24,0xd8,0x0d,0x00,0x00,0x48,0x8b,0x0d,0xc4,0x32,0x00,0x00,0x48,0x89,0x84,0x24,
0x70,0x0d,0x00,0x00,0x48,0x89,0x8c,0x24,0x78,0x0d,0x00,0x00,0x48,0x8b,0x84,0x24,
0x78,0x0d,0x00,0x00,0x48,0x8b,0x8c,0x24,0x70,0x0d,0x00,0x00,0xff,0x10,0x48,0x8b,
0x1d,0xcb,0x32,0x00,0x00,0x48,0x8d,0x84,0x24,0xd8,0x0d,0x00,0x00,0x48,0x8b,0x0d,
0xc4,0x32,0x00,0x00,0x48,0x89,0x84,0x24,0x80,0x0d,0x00,0x00,0x48,0x89,0x8c,0x24,
0x58,0x0d,0x00,0x00,0x48,0x8b,0x84,0x24,0x58,0x0d,0x00,0x00,0x48,0x8b,0x8c,0x24,
0x80,0x0d,0x00,0x00,0xff,0x10,0x48,0x8d,0x84,0x24,0xd8,0x0d,0x00,0x00,0x48,0x8d,
0x0b,0x48,0x8d,0x15,0xe8,0x30,0x00,0x00,0x48,0x8b,0x1d,0x91,0x32,0x00,0x00,0x48,
0x89,0x8c,0x24,0x88,0x0d,0x00,0x00,0x48,0x89,0x94,0x24,0x88,0x0e,0x00,0x00,0x48,
0x89,0xc1,0x48,0x8b,0x94,0x24,0x88,0x0d,0x00,0x00,0x4c,0x8b,0x84,0x24,0x88,0x0e,
0x00,0x00,0xff,0x13,0x8b,0x05,0xa2,0x30,0x00,0x00,0x89,0xc6,0x8b,0x05,0x2e,0x30,
0x00,0x00,0x89,0xc7,0x8b,0x05,0x92,0x30,0x00,0x00,0x3b,0x05,0xf8,0x2f,0x00,0x00,
0x40,0x0f,0x94,0xc5,0x8b,0x05,0x82,0x30,0x00,0x00,0x89,0xc3,0x48,0x8b,0x05,0xad,
0x31,0x00,0x00,0x8b,0x40,0x68,0x2b,0x05,0x04,0x30,0x00,0x00,0x39,0xc3,0x0f,0x94,
0xc0,0x48,0x8b,0x4c,0x24,0x78,0x48,0x8d,0x11,0x4c,0x8b,0x84,0x24,0x40,0x09,0x00,
0x00,0x49,0x8d,0x18,0x4c,0x8d,0x8c,0x24,0xd8,0x0d,0x00,0x00,0x89,0xb4,0x24,0xe8,
0x0d,0x00,0x00,0x48,0x8d,0xb4,0x24,0xe8,0x0d,0x00,0x00,0x89,0xbc,0x24,0xec,0x0d,
0x00,0x00,0x4c,0x8d,0x9c,0x24,0xec,0x0d,0x00,0x00,0x40,0x88,0xac,0x24,0xf0,0x0d,
0x00,0x00,0x4c,0x8d,0x94,0x24,0xf0,0x0d,0x00,0x00,0x88,0x84,0x24,0xf1,0x0d,0x00,
0x00,0x48,0x8d,0x84,0x24,0xf1,0x0d,0x00,0x00,0x48,0x8d,0xac,0x24,0xac,0x0d,0x00,
0x00,0x49,0x8d,0xb8,0xdb,0x00,0x00,0x00,0x4d,0x8d,0x60,0x14,0x4d,0x8d,0x68,0x10,
0x4c,0x8b,0x35,0xf1,0x31,0x00,0x00,0x4c,0x89,0x5c,0x24,0x20,0x4c,0x89,0x54,0x24,
0x28,0x48,0x89,0x44,0x24,0x30,0x48,0x89,0x6c,0x24,0x38,0x48,0x89,0x7c,0x24,0x40,
0x4c,0x89,0x64,0x24,0x48,0x4c,0x89,0x6c,0x24,0x50,0x48,0x89,0x94,0x24,0x90,0x0e,
0x00,0x00,0x4c,0x89,0x8c,0x24,0x98,0x0e,0x00,0x00,0x48,0x8b,0x8c,0x24,0x90,0x0e,
0x00,0x00,0x48,0x89,0xda,0x4c,0x8b,0x84,0x24,0x98,0x0e,0x00,0x00,0x49,0x89,0xf1,
0x41,0xff,0x16,0x48,0x8d,0x84,0x24,0xd8,0x0d,0x00,0x00,0x48,0x8b,0x0d,0x1e,0x31,
0x00,0x00,0x48,0x89,0x84,0x24,0xa0,0x0e,0x00,0x00,0x48,0x89,0x8c,0x24,0x60,0x0d,
0x00,0x00,0x48,0x8b,0x84,0x24,0x60,0x0d,0x00,0x00,0x48,0x8b,0x8c,0x24,0xa0,0x0e,
0x00,0x00,0xff,0x10,0x48,0x8b,0x1d,0x25,0x31,0x00,0x00,0x48,0x8d,0x84,0x24,0xd8,
0x0d,0x00,0x00,0x48,0x8b,0x0d,0x1e,0x31,0x00,0x00,0x48,0x89,0x84,0x24,0x50,0x0d,
0x00,0x00,0x48,0x89,0x8c,0x24,0x20,0x0d,0x00,0x00,0x48,0x8b,0x84,0x24,0x20,0x0d,
0x00,0x00,0x48,0x8b,0x8c,0x24,0x50,0x0d,0x00,0x00,0xff,0x10,0x48,0x8d,0x84,0x24,
0xd8,0x0d,0x00,0x00,0x48,0x8d,0x0b,0x48,0x8d,0x15,0x46,0x2f,0x00,0x00,0x48,0x8b,
0x1d,0xeb,0x30,0x00,0x00,0x48,0x89,0x8c,0x24,0x48,0x0d,0x00,0x00,0x48,0x89,0x94,
0x24,0x00,0x0d,0x00,0x00,0x48,0x89,0xc1,0x48,0x8b,0x94,0x24,0x48,0x0d,0x00,0x00,
0x4c,0x8b,0x84,0x24,0x00,0x0d,0x00,0x00,0xff,0x13,0x8b,0x05,0xec,0x2e,0x00,0x00,
0x89,0xc7,0x8b,0x05,0x88,0x2e,0x00,0x00,0x89,0xc6,0x8b,0x05,0xdc,0x2e,0x00,0x00,
0x3b,0x05,0x52,0x2e,0x00,0x00,0x40,0x0f,0x94,0xc5,0x8b,0x05,0xcc,0x2e,0x00,0x00,
0x89,0xc3,0x48,0x8b,0x05,0x07,0x30,0x00,0x00,0x8b,0x40,0x68,0x2b,0x05,0x5e,0x2e,
0x00,0x00,0x39,0xc3,0x0f,0x94,0xc0,0x48,0x8b,0x4c,0x24,0x78,0x48,0x8d,0x11,0x4c,
0x8b,0x84,0x24,0x40,0x09,0x00,0x00,0x49,0x8d,0x18,0x4c,0x8d,0x8c,0x24,0xd8,0x0d,
0x00,0x00,0x89,0xbc,0x24,0xe8,0x0d,0x00,0x00,0x48,0x8d,0xbc,0x24,0xe8,0x0d,0x00,
0x00,0x89,0xb4,0x24,0xec,0x0d,0x00,0x00,0x4c,0x8d,0x9c,0x24,0xec,0x0d,0x00,0x00,
0x40,0x88,0xac,0x24,0xf0,0x0d,0x00,0x00,0x4c,0x8d,0x94,0x24,0xf0,0x0d,0x00,0x00,
0x88,0x84,0x24,0xf1,0x0d,0x00,0x00,0x48,0x8d,0x84,0x24,0xf1,0x0d,0x00,0x00,0x48,
0x8d,0xac,0x24,0xac,0x0d,0x00,0x00,0x49,0x8d,0xb0,0xdc,0x00,0x00,0x00,0x4d,0x8d,
0x60,0x14,0x4d,0x8d,0x68,0x10,0x4c,0x8b,0x35,0x4b,0x30,0x00,0x00,0x4c,0x89,0x5c,
0x24,0x20,0x4c,0x89,0x54,0x24,0x28,0x48,0x89,0x44,0x24,0x30,0x48,0x89,0x6c,0x24,
0x38,0x48,0x89,0x74,0x24,0x40,0x4c,0x89,0x64,0x24,0x48,0x4c,0x89,0x6c,0x24,0x50,
0x48,0x89,0x94,0x24,0x08,0x0d,0x00,0x00,0x4c,0x89,0x8c,0x24,0x10,0x0d,0x00,0x00,
0x48,0x8b,0x8c,0x24,0x08,0x0d,0x00,0x00,0x48,0x89,0xda,0x4c,0x8b,0x84,0x24,0x10,
0x0d,0x00,0x00,0x49,0x89,0xf9,0x41,0xff,0x16,0x48,0x8d,0x84,0x24,0xd8,0x0d,0x00,
0x00,0x48,0x8b,0x0d,0x78,0x2f,0x00,0x00,0x48,0x89,0x84,0x24,0xf0,0x0c,0x00,0x00,
0x48,0x89,0x8c,0x24,0x18,0x0d,0x00,0x00,0x48,0x8b,0x84,0x24,0x18,0x0d,0x00,0x00,
0x48,0x8b,0x8c,0x24,0xf0,0x0c,0x00,0x00,0xff,0x10,0x48,0x8b,0x1d,0x7f,0x2f,0x00,
0x00,0x48,0x8d,0x84,0x24,0xd8,0x0d,0x00,0x00,0x48,0x8b,0x0d,0x78,0x2f,0x00,0x00,
0x48,0x89,0x84,0x24,0x28,0x0d,0x00,0x00,0x48,0x89,0x8c,0x24,0x30,0x0d,0x00,0x00,
0x48,0x8b,0x84,0x24,0x30,0x0d,0x00,0x00,0x48,0x8b,0x8c,0x24,0x28,0x0d,0x00,0x00,
0xff,0x10,0x48,0x8d,0x84,0x24,0xd8,0x0d,0x00,0x00,0x48,0x8d,0x0b,0x48,0x8d,0x15,
0xa4,0x2d,0x00,0x00,0x48,0x8b,0x1d,0x45,0x2f,0x00,0x00,0x48,0x89,0x8c,0x24,0x38,
0x0d,0x00,0x00,0x48,0x89,0x94,0x24,0x40,0x0d,0x00,0x00,0x48,0x89,0xc1,0x48,0x8b,
0x94,0x24,0x38,0x0d,0x00,0x00,0x4c,0x8b,0x84,0x24,0x40,0x0d,0x00,0x00,0xff,0x13,
0x8b,0x05,0x76,0x2d,0x00,0x00,0x89,0xc7,0x8b,0x05,0xe2,0x2c,0x00,0x00,0x89,0xc6,
0x8b,0x05,0x66,0x2d,0x00,0x00,0x3b,0x05,0xac,0x2c,0x00,0x00,0x40,0x0f,0x94,0xc5,
0x8b,0x05,0x56,0x2d,0x00,0x00,0x89,0xc3,0x48,0x8b,0x05,0x61,0x2e,0x00,0x00,0x8b,
0x40,0x68,0x2b,0x05,0xb8,0x2c,0x00,0x00,0x39,0xc3,0x0f,0x94,0xc0,0x48,0x8b,0x4c,
0x24,0x78,0x48,0x8d,0x11,0x4c,0x8b,0x84,0x24,0x40,0x09,0x00,0x00,0x49,0x8d,0x18,
0x4c,0x8d,0x8c,0x24,0xd8,0x0d,0x00,0x00,0x89,0xbc,0x24,0xe8,0x0d,0x00,0x00,0x48,
0x8d,0xbc,0x24,0xe8,0x0d,0x00,0x00,0x89,0xb4,0x24,0xec,0x0d,0x00,0x00,0x4c,0x8d,
0x9c,0x24,0xec,0x0d,0x00,0x00,0x40,0x88,0xac,0x24,0xf0,0x0d,0x00,0x00,0x4c,0x8d,
0x94,0x24,0xf0,0x0d,0x00,0x00,0x88,0x84,0x24,0xf1,0x0d,0x00,0x00,0x48,0x8d,0x84,
0x24,0xf1,0x0d,0x00,0x00,0x48,0x8d,0xac,0x24,0xac,0x0d,0x00,0x00,0x49,0x8d,0xb0,
0xde,0x00,0x00,0x00,0x4d,0x8d,0x60,0x14,0x4d,0x8d,0x68,0x10,0x4c,0x8b,0x35,0xa5,
0x2e,0x00,0x00,0x4c,0x89,0x5c,0x24,0x20,0x4c,0x89,0x54,0x24,0x28,0x48,0x89,0x44,
0x24,0x30,0x48,0x89,0x6c,0x24,0x38,0x48,0x89,0x74,0x24,0x40,0x4c,0x89,0x64,0x24,
0x48,0x4c,0x89,0x6c,0x24,0x50,0x48,0x89,0x94,0x24,0x20,0x0c,0x00,0x00,0x4c,0x89,
0x8c,0x24,0x10,0x0c,0x00,0x00,0x48,0x8b,0x8c,0x24,0x20,0x0c,0x00,0x00,0x48,0x89,
0xda,0x4c,0x8b,0x84,0x24,0x10,0x0c,0x00,0x00,0x49,0x89,0xf9,0x41,0xff,0x16,0x48,
0x8d,0x84,0x24,0xd8,0x0d,0x00,0x00,0x48,0x8b,0x0d,0xd2,0x2d,0x00,0x00,0x48,0x89,
0x84,0x24,0xe0,0x0b,0x00,0x00,0x48,0x89,0x8c,0x24,0x08,0x0c,0x00,0x00,0x48,0x8b,
0x84,0x24,0x08,0x0c,0x00,0x00,0x48,0x8b,0x8c,0x24,0xe0,0x0b,0x00,0x00,0xff,0x10,
0x48,0x8b,0x1d,0xd9,0x2d,0x00,0x00,0x48,0x8d,0x84,0x24,0xd8,0x0d,0x00,0x00,0x48,
0x8b,0x0d,0xd2,0x2d,0x00,0x00,0x48,0x89,0x84,0x24,0xe8,0x0a,0x00,0x00,0x48,0x89,
0x8c,0x24,0xf0,0x0a,0x00,0x00,0x48,0x8b,0x84,0x24,0xf0,0x0a,0x00,0x00,0x48,0x8b,
0x8c,0x24,0xe8,0x0a,0x00,0x00,0xff,0x10,0x48,0x8d,0x84,0x24,0xd8,0x0d,0x00,0x00,
0x48,0x8d,0x0b,0x48,0x8d,0x15,0x06,0x2c,0x00,0x00,0x48,0x8b,0x1d,0x9f,0x2d,0x00,
0x00,0x48,0x89,0x8c,0x24,0xf8,0x0a,0x00,0x00,0x48,0x89,0x94,0x24,0xd8,0x0a,0x00,
0x00,0x48,0x89,0xc1,0x48,0x8b,0x94,0x24,0xf8,0x0a,0x00,0x00,0x4c,0x8b,0x84,0x24,
0xd8,0x0a,0x00,0x00,0xff,0x13,0x8b,0x05,0xd8,0x2b,0x00,0x00,0x89,0xc6,0x8b,0x05,
0x3c,0x2b,0x00,0x00,0x89,0xc7,0x8b,0x05,0xc8,0x2b,0x00,0x00,0x3b,0x05,0x06,0x2b,
0x00,0x00,0x40,0x0f,0x94,0xc5,0x8b,0x05,0xb8,0x2b,0x00,0x00,0x89,0xc3,0x48,0x8b,
0x05,0xbb,0x2c,0x00,0x00,0x8b,0x40,0x68,0x2b,0x05,0x12,0x2b,0x00,0x00,0x39,0xc3,
0x0f,0x94,0xc0,0x48,0x8b,0x4c,0x24,0x78,0x48,0x8d,0x11,0x4c,0x8b,0x84,0x24,0x40,
0x09,0x00,0x00,0x49,0x8d,0x18,0x4c,0x8d,0x8c,0x24,0xd8,0x0d,0x00,0x00,0x89,0xb4,
0x24,0xe8,0x0d,0x00,0x00,0x48,0x8d,0xb4,0x24,0xe8,0x0d,0x00,0x00,0x89,0xbc,0x24,
0xec,0x0d,0x00,0x00,0x4c,0x8d,0x9c,0x24,0xec,0x0d,0x00,0x00,0x40,0x88,0xac,0x24,
0xf0,0x0d,0x00,0x00,0x4c,0x8d,0x94,0x24,0xf0,0x0d,0x00,0x00,0x88,0x84,0x24,0xf1,
0x0d,0x00,0x00,0x48,0x8d,0xbc,0x24,0xf1,0x0d,0x00,0x00,0x48,0x8d,0x84,0x24,0xac,
0x0d,0x00,0x00,0x49,0x8d,0xa8,0xdf,0x00,0x00,0x00,0x4d,0x8d,0x60,0x14,0x4d,0x8d,
0x68,0x10,0x4c,0x8b,0x35,0xff,0x2c,0x00,0x00,0x4c,0x89,0x5c,0x24,0x20,0x4c,0x89,
0x54,0x24,0x28,0x48,0x89,0x7c,0x24,0x30,0x48,0x89,0x44,0x24,0x38,0x48,0x89,0x6c,
0x24,0x40,0x4c,0x89,0x64,0x24,0x48,0x4c,0x89,0x6c,0x24,0x50,0x48,0x89,0x94,0x24,
0x00,0x0b,0x00,0x00,0x4c,0x89,0x8c,0x24,0x10,0x0b,0x00,0x00,0x48,0x8b,0x8c,0x24,
0x00,0x0b,0x00,0x00,0x48,0x89,0xda,0x4c,0x8b,0x84,0x24,0x10,0x0b,0x00,0x00,0x49,
0x89,0xf1,0x41,0xff,0x16,0x48,0x8d,0x84,0x24,0xd8,0x0d,0x00,0x00,0x48,0x8b,0x0d,
0x2c,0x2c,0x00,0x00,0x48,0x89,0x84,0x24,0x18,0x0b,0x00,0x00,0x48,0x89,0x8c,0x24,
0x20,0x0b,0x00,0x00,0x48,0x8b,0x84,0x24,0x20,0x0b,0x00,0x00,0x48,0x8b,0x8c,0x24,
0x18,0x0b,0x00,0x00,0xff,0x10,0x48,0x8b,0x1d,0x33,0x2c,0x00,0x00,0x48,0x8d,0x84,
0x24,0xd8,0x0d,0x00,0x00,0x48,0x8b,0x0d,0x2c,0x2c,0x00,0x00,0x48,0x89,0x84,0x24,
0x28,0x0b,0x00,0x00,0x48,0x89,0x8c,0x24,0xe0,0x0a,0x00,0x00,0x48,0x8b,0x84,0x24,
0xe0,0x0a,0x00,0x00,0x48,0x8b,0x8c,0x24,0x28,0x0b,0x00,0x00,0xff,0x10,0x48,0x8d,
0x84,0x24,0xd8,0x0d,0x00,0x00,0x48,0x8d,0x0b,0x48,0x8d,0x15,0x68,0x2a,0x00,0x00,
0x48,0x8b,0x1d,0xf9,0x2b,0x00,0x00,0x48,0x89,0x8c,0x24,0xd0,0x0a,0x00,0x00,0x48,
0x89,0x94,0x24,0xa0,0x0a,0x00,0x00,0x48,0x89,0xc1,0x48,0x8b,0x94,0x24,0xd0,0x0a,
0x00,0x00,0x4c,0x8b,0x84,0x24,0xa0,0x0a,0x00,0x00,0xff,0x13,0x8b,0x05,0x3a,0x2a,
0x00,0x00,0x89,0xc6,0x8b,0x05,0x96,0x29,0x00,0x00,0x89,0xc7,0x8b,0x05,0x2a,0x2a,
0x00,0x00,0x3b,0x05,0x60,0x29,0x00,0x00,0x40,0x0f,0x94,0xc5,0x8b,0x05,0x1a,0x2a,
0x00,0x00,0x89,0xc3,0x48,0x8b,0x05,0x15,0x2b,0x00,0x00,0x8b,0x40,0x68,0x2b,0x05,
0x6c,0x29,0x00,0x00,0x39,0xc3,0x0f,0x94,0xc0,0x48,0x8b,0x4c,0x24,0x78,0x48,0x8d,
0x11,0x4c,0x8b,0x84,0x24,0x40,0x09,0x00,0x00,0x49,0x8d,0x18,0x4c,0x8d,0x8c,0x24,
0xd8,0x0d,0x00,0x00,0x4c,0x8d,0x94,0x24,0xb0,0x0d,0x00,0x00,0x89,0xb4,0x24,0xe8,
0x0d,0x00,0x00,0x4c,0x8d,0xa4,0x24,0xe8,0x0d,0x00,0x00,0x89,0xbc,0x24,0xec,0x0d,
0x00,0x00,0x4c,0x8d,0x9c,0x24,0xec,0x0d,0x00,0x00,0x40,0x88,0xac,0x24,0xf0,0x0d,
0x00,0x00,0x48,0x8d,0xac,0x24,0xf0,0x0d,0x00,0x00,0x88,0x84,0x24,0xf1,0x0d,0x00,
0x00,0x48,0x8d,0x84,0x24,0xf1,0x0d,0x00,0x00,0x48,0x8d,0xb4,0x24,0xac,0x0d,0x00,
0x00,0x49,0x8d,0xb8,0xe0,0x00,0x00,0x00,0x4d,0x8d,0x68,0x14,0x4d,0x8d,0x70,0x10,
0x4c,0x8b,0x3d,0x59,0x2b,0x00,0x00,0x4c,0x89,0x64,0x24,0x20,0x4c,0x89,0x5c,0x24,
0x28,0x48,0x89,0x6c,0x24,0x30,0x48,0x89,0x44,0x24,0x38,0x48,0x89,0x74,0x24,0x40,
0x48,0x89,0x7c,0x24,0x48,0x4c,0x89,0x6c,0x24,0x50,0x4c,0x89,0x74,0x24,0x58,0x48,
0x89,0x94,0x24,0xc8,0x0a,0x00,0x00,0x4c,0x89,0x8c,0x24,0x80,0x0a,0x00,0x00,0x48,
0x8b,0x8c,0x24,0xc8,0x0a,0x00,0x00,0x48,0x89,0xda,0x4c,0x8b,0x84,0x24,0x80,0x0a,
0x00,0x00,0x4d,0x89,0xd1,0x41,0xff,0x17,0x48,0x8d,0x84,0x24,0xd8,0x0d,0x00,0x00,
0x48,0x8b,0x0d,0x79,0x2a,0x00,0x00,0x48,0x89,0x84,0x24,0x88,0x0a,0x00,0x00,0x48,
0x89,0x8c,0x24,0x90,0x0a,0x00,0x00,0x48,0x8b,0x84,0x24,0x90,0x0a,0x00,0x00,0x48,
0x8b,0x8c,0x24,0x88,0x0a,0x00,0x00,0xff,0x10,0x48,0x8b,0x1d,0x80,0x2a,0x00,0x00,
0x48,0x8d,0x84,0x24,0xd8,0x0d,0x00,0x00,0x48,0x8b,0x0d,0x79,0x2a,0x00,0x00,0x48,
0x89,0x84,0x24,0x70,0x0a,0x00,0x00,0x48,0x89,0x8c,0x24,0x98,0x0a,0x00,0x00,0x48,
0x8b,0x84,0x24,0x98,0x0a,0x00,0x00,0x48,0x8b,0x8c,0x24,0x70,0x0a,0x00,0x00,0xff,
0x10,0x48,0x8d,0x84,0x24,0xd8,0x0d,0x00,0x00,0x48,0x8d,0x0b,0x48,0x8d,0x15,0xbd,
0x28,0x00,0x00,0x48,0x8b,0x1d,0x46,0x2a,0x00,0x00,0x48,0x89,0x8c,0x24,0xa8,0x0a,
0x00,0x00,0x48,0x89,0x94,0x24,0xb0,0x0a,0x00,0x00,0x48,0x89,0xc1,0x48,0x8b,0x94,
0x24,0xa8,0x0a,0x00,0x00,0x4c,0x8b,0x84,0x24,0xb0,0x0a,0x00,0x00,0xff,0x13,0x8b,
0x05,0x8f,0x28,0x00,0x00,0x89,0xc7,0x8b,0x05,0xe3,0x27,0x00,0x00,0x89,0xc6,0x8b,
0x05,0x7f,0x28,0x00,0x00,0x3b,0x05,0xad,0x27,0x00,0x00,0x40,0x0f,0x94,0xc5,0x8b,
0x05,0x6f,0x28,0x00,0x00,0x89,0xc3,0x48,0x8b,0x05,0x62,0x29,0x00,0x00,0x8b,0x40,
0x68,0x2b,0x05,0xb9,0x27,0x00,0x00,0x39,0xc3,0x0f,0x94,0xc0,0x48,0x8b,0x4c,0x24,
0x78,0x48,0x8d,0x11,0x4c,0x8b,0x84,0x24,0x40,0x09,0x00,0x00,0x49,0x8d,0x18,0x4c,
0x8d,0x8c,0x24,0xd8,0x0d,0x00,0x00,0x4c,0x8d,0x94,0x24,0xb0,0x0d,0x00,0x00,0x89,
0xbc,0x24,0xe8,0x0d,0x00,0x00,0x4c,0x8d,0xa4,0x24,0xe8,0x0d,0x00,0x00,0x89,0xb4,
0x24,0xec,0x0d,0x00,0x00,0x4c,0x8d,0x9c,0x24,0xec,0x0d,0x00,0x00,0x40,0x88,0xac,
0x24,0xf0,0x0d,0x00,0x00,0x48,0x8d,0xac,0x24,0xf0,0x0d,0x00,0x00,0x88,0x84,0x24,
0xf1,0x0d,0x00,0x00,0x48,0x8d,0xbc,0x24,0xf1,0x0d,0x00,0x00,0x48,0x8d,0x84,0x24,
0xac,0x0d,0x00,0x00,0x49,0x8d,0xb0,0xe4,0x00,0x00,0x00,0x4d,0x8d,0x68,0x14,0x4d,
0x8d,0x70,0x10,0x4c,0x8b,0x3d,0xa6,0x29,0x00,0x00,0x4c,0x89,0x64,0x24,0x20,0x4c,
0x89,0x5c,0x24,0x28,0x48,0x89,0x6c,0x24,0x30,0x48,0x89,0x7c,0x24,0x38,0x48,0x89,
0x44,0x24,0x40,0x48,0x89,0x74,0x24,0x48,0x4c,0x89,0x6c,0x24,0x50,0x4c,0x89,0x74,
0x24,0x58,0x48,0x89,0x94,0x24,0xb8,0x0a,0x00,0x00,0x4c,0x89,0x8c,0x24,0xc0,0x0a,
0x00,0x00,0x48,0x8b,0x8c,0x24,0xb8,0x0a,0x00,0x00,0x48,0x89,0xda,0x4c,0x8b,0x84,
0x24,0xc0,0x0a,0x00,0x00,0x4d,0x89,0xd1,0x41,0xff,0x17,0x48,0x8d,0x84,0x24,0xd8,
0x0d,0x00,0x00,0x48,0x8b,0x0d,0xc6,0x28,0x00,0x00,0x48,0x89,0x84,0x24,0x30,0x0b,
0x00,0x00,0x48,0x89,0x8c,0x24,0x08,0x0b,0x00,0x00,0x48,0x8b,0x84,0x24,0x08,0x0b,
0x00,0x00,0x48,0x8b,0x8c,0x24,0x30,0x0b,0x00,0x00,0xff,0x10,0x48,0x8b,0x1d,0xcd,
0x28,0x00,0x00,0x48,0x8d,0x84,0x24,0xd8,0x0d,0x00,0x00,0x48,0x8b,0x0d,0xc6,0x28,
0x00,0x00,0x48,0x89,0x84,0x24,0x38,0x0b,0x00,0x00,0x48,0x89,0x8c,0x24,0x48,0x0b,
0x00,0x00,0x48,0x8b,0x84,0x24,0x48,0x0b,0x00,0x00,0x48,0x8b,0x8c,0x24,0x38,0x0b,
0x00,0x00,0xff,0x10,0x48,0x8d,0x84,0x24,0xd8,0x0d,0x00,0x00,0x48,0x8d,0x0b,0x48,
0x8d,0x15,0x12,0x27,0x00,0x00,0x48,0x8b,0x1d,0x93,0x28,0x00,0x00,0x48,0x89,0x8c,
0x24,0xb8,0x0b,0x00,0x00,0x48,0x89,0x94,0x24,0xc0,0x0b,0x00,0x00,0x48,0x89,0xc1,
0x48,0x8b,0x94,0x24,0xb8,0x0b,0x00,0x00,0x4c,0x8b,0x84,0x24,0xc0,0x0b,0x00,0x00,
0xff,0x13,0x8b,0x05,0xe4,0x26,0x00,0x00,0x89,0xc7,0x8b,0x05,0x30,0x26,0x00,0x00,
0x89,0xc6,0x8b,0x05,0xd4,0x26,0x00,0x00,0x3b,0x05,0xfa,0x25,0x00,0x00,0x40,0x0f,
0x94,0xc5,0x8b,0x05,0xc4,0x26,0x00,0x00,0x89,0xc3,0x48,0x8b,0x05,0xaf,0x27,0x00,
0x00,0x8b,0x40,0x68,0x2b,0x05,0x06,0x26,0x00,0x00,0x39,0xc3,0x0f,0x94,0xc0,0x48,
0x8b,0x4c,0x24,0x78,0x48,0x8d,0x11,0x4c,0x8b,0x84,0x24,0x40,0x09,0x00,0x00,0x49,
0x8d,0x18,0x4c,0x8d,0x8c,0x24,0xd8,0x0d,0x00,0x00,0x4c,0x8d,0x94,0x24,0xb0,0x0d,
0x00,0x00,0x89,0xbc,0x24,0xe8,0x0d,0x00,0x00,0x4c,0x8d,0xa4,0x24,0xe8,0x0d,0x00,
0x00,0x89,0xb4,0x24,0xec,0x0d,0x00,0x00,0x4c,0x8d,0x9c,0x24,0xec,0x0d,0x00,0x00,
0x40,0x88,0xac,0x24,0xf0,0x0d,0x00,0x00,0x48,0x8d,0xac,0x24,0xf0,0x0d,0x00,0x00,
0x88,0x84,0x24,0xf1,0x0d,0x00,0x00,0x48,0x8d,0x84,0x24,0xf1,0x0d,0x00,0x00,0x48,
0x8d,0xb4,0x24,0xac,0x0d,0x00,0x00,0x49,0x8d,0xb8,0xe8,0x00,0x00,0x00,0x4d,0x8d,
0x68,0x14,0x4d,0x8d,0x70,0x10,0x4c,0x8b,0x3d,0xf3,0x27,0x00,0x00,0x4c,0x89,0x64,
0x24,0x20,0x4c,0x89,0x5c,0x24,0x28,0x48,0x89,0x6c,0x24,0x30,0x48,0x89,0x44,0x24,
0x38,0x48,0x89,0x74,0x24,0x40,0x48,0x89,0x7c,0x24,0x48,0x4c,0x89,0x6c,0x24,0x50,
0x4c,0x89,0x74,0x24,0x58,0x48,0x89,0x94,0x24,0xc8,0x0b,0x00,0x00,0x4c,0x89,0x8c,
0x24,0xd0,0x0b,0x00,0x00,0x48,0x8b,0x8c,0x24,0xc8,0x0b,0x00,0x00,0x48,0x89,0xda,
0x4c,0x8b,0x84,0x24,0xd0,0x0b,0x00,0x00,0x4d,0x89,0xd1,0x41,0xff,0x17,0x48,0x8d,
0x84,0x24,0xd8,0x0d,0x00,0x00,0x48,0x8b,0x0d,0x13,0x27,0x00,0x00,0x48,0x89,0x84,
0x24,0xa8,0x0b,0x00,0x00,0x48,0x89,0x8c,0x24,0xd8,0x0b,0x00,0x00,0x48,0x8b,0x84,
0x24,0xd8,0x0b,0x00,0x00,0x48,0x8b,0x8c,0x24,0xa8,0x0b,0x00,0x00,0xff,0x10,0x4c,
0x8d,0x8c,0x24,0xd8,0x0d,0x00,0x00,0x48,0x8d,0x05,0x0e,0x25,0x00,0x00,0x48,0x8b,
0x0d,0x3b,0x27,0x00,0x00,0x48,0x89,0x84,0x24,0xe8,0x0b,0x00,0x00,0x48,0x89,0x8c,
0x24,0xf0,0x0b,0x00,0x00,0x48,0x8b,0x84,0x24,0xf0,0x0b,0x00,0x00,0x4c,0x89,0xc9,
0x48,0x89,0x8c,0x24,0xf8,0x0b,0x00,0x00,0xff,0x10,0x48,0x8b,0x05,0x17,0x27,0x00,
0x00,0x48,0x8b,0x8c,0x24,0xf8,0x0b,0x00,0x00,0x48,0x8b,0x94,0x24,0xe8,0x0b,0x00,
0x00,0xff,0x10,0x48,0x8d,0x84,0x24,0x00,0x0e,0x00,0x00,0x48,0x8d,0x0d,0x76,0x24,
0x00,0x00,0x48,0x8b,0x15,0xf7,0x26,0x00,0x00,0x48,0x89,0x84,0x24,0x00,0x0c,0x00,
0x00,0x48,0x89,0x8c,0x24,0xb0,0x0b,0x00,0x00,0x48,0x89,0x94,0x24,0xa0,0x0b,0x00,
0x00,0x48,0x8b,0x84,0x24,0xa0,0x0b,0x00,0x00,0x48,0x8b,0x8c,0x24,0x00,0x0c,0x00,
0x00,0x48,0x8b,0x94,0x24,0xf8,0x0b,0x00,0x00,0x4c,0x8b,0x84,0x24,0xb0,0x0b,0x00,
0x00,0xff,0x10,0x48,0x8b,0x9c,0x24,0x00,0x0e,0x00,0x00,0x48,0x8b,0x2d,0x6e,0x26,
0x00,0x00,0x48,0x8d,0x03,0x48,0x8b,0x0d,0x6c,0x26,0x00,0x00,0x48,0x89,0x84,0x24,
0x70,0x0b,0x00,0x00,0x48,0x89,0x8c,0x24,0x98,0x0b,0x00,0x00,0x48,0x8b,0x84,0x24,
0x98,0x0b,0x00,0x00,0x48,0x8b,0x8c,0x24,0x70,0x0b,0x00,0x00,0xff,0x10,0x48,0x8d,
0x03,0x48,0x8d,0x4d,0x00,0x48,0x8d,0x15,0xc4,0x24,0x00,0x00,0x48,0x8b,0x1d,0x3d,
0x26,0x00,0x00,0x48,0x89,0x8c,0x24,0x50,0x0b,0x00,0x00,0x48,0x89,0x94,0x24,0x58,
0x0b,0x00,0x00,0x48,0x89,0xc1,0x48,0x8b,0x94,0x24,0x50,0x0b,0x00,0x00,0x4c,0x8b,
0x84,0x24,0x58,0x0b,0x00,0x00,0xff,0x13,0x48,0x8d,0x84,0x24,0x00,0x0e,0x00,0x00,
0x48,0x8d,0x0d,0xd9,0x23,0x00,0x00,0x48,0x8b,0x15,0x32,0x26,0x00,0x00,0x48,0x89,
0x84,0x24,0x60,0x0b,0x00,0x00,0x48,0x89,0x8c,0x24,0x40,0x0b,0x00,0x00,0x48,0x89,
0x94,0x24,0x68,0x0b,0x00,0x00,0x48,0x8b,0x84,0x24,0x68,0x0b,0x00,0x00,0x48,0x8b,
0x8c,0x24,0x60,0x0b,0x00,0x00,0x48,0x8b,0x94,0x24,0xf8,0x0b,0x00,0x00,0x4c,0x8b,
0x84,0x24,0x40,0x0b,0x00,0x00,0xff,0x10,0x48,0x8b,0x9c,0x24,0x00,0x0e,0x00,0x00,
0x48,0x8b,0x2d,0xa9,0x25,0x00,0x00,0x48,0x8d,0x03,0x48,0x8b,0x0d,0xa7,0x25,0x00,
0x00,0x48,0x89,0x84,0x24,0x78,0x0b,0x00,0x00,0x48,0x89,0x8c,0x24,0x80,0x0b,0x00,
0x00,0x48,0x8b,0x84,0x24,0x80,0x0b,0x00,0x00,0x48,0x8b,0x8c,0x24,0x78,0x0b,0x00,
0x00,0xff,0x10,0x48,0x8d,0x03,0x48,0x8d,0x4d,0x00,0x48,0x8d,0x15,0x03,0x24,0x00,
0x00,0x48,0x8b,0x1d,0x78,0x25,0x00,0x00,0x48,0x89,0x8c,0x24,0x88,0x0b,0x00,0x00,
0x48,0x89,0x94,0x24,0x90,0x0b,0x00,0x00,0x48,0x89,0xc1,0x48,0x8b,0x94,0x24,0x88,
0x0b,0x00,0x00,0x4c,0x8b,0x84,0x24,0x90,0x0b,0x00,0x00,0xff,0x13,0x48,0x8b,0x1d,
0x3c,0x25,0x00,0x00,0x48,0x8d,0x84,0x24,0x00,0x0e,0x00,0x00,0x48,0x8b,0x0d,0x35,
0x25,0x00,0x00,0x48,0x89,0x84,0x24,0x20,0x07,0x00,0x00,0x48,0x89,0x8c,0x24,0x10,
0x07,0x00,0x00,0x48,0x8b,0x84,0x24,0x10,0x07,0x00,0x00,0x48,0x8b,0x8c,0x24,0x20,
0x07,0x00,0x00,0xff,0x10,0x48,0x8d,0x84,0x24,0x00,0x0e,0x00,0x00,0x48,0x8d,0x0b,
0x48,0x8d,0x15,0x91,0x23,0x00,0x00,0x48,0x8b,0x1d,0x02,0x25,0x00,0x00,0x48,0x89,
0x8c,0x24,0xe0,0x06,0x00,0x00,0x48,0x89,0x94,0x24,0x08,0x07,0x00,0x00,0x48,0x89,
0xc1,0x48,0x8b,0x94,0x24,0xe0,0x06,0x00,0x00,0x4c,0x8b,0x84,0x24,0x08,0x07,0x00,
0x00,0xff,0x13,0x8b,0x05,0x63,0x23,0x00,0x00,0x89,0xc7,0x8b,0x05,0x9f,0x22,0x00,
0x00,0x89,0xc6,0x8b,0x05,0x53,0x23,0x00,0x00,0x3b,0x05,0x69,0x22,0x00,0x00,0x40,
0x0f,0x94,0xc5,0x8b,0x05,0x43,0x23,0x00,0x00,0x89,0xc3,0x48,0x8b,0x05,0x1e,0x24,
0x00,0x00,0x8b,0x40,0x68,0x2b,0x05,0x75,0x22,0x00,0x00,0x39,0xc3,0x0f,0x94,0xc0,
0x48,0x8b,0x4c,0x24,0x78,0x48,0x8d,0x11,0x4c,0x8b,0x84,0x24,0x40,0x09,0x00,0x00,
0x49,0x8d,0x18,0x4c,0x8d,0x8c,0x24,0x00,0x0e,0x00,0x00,0x4c,0x8d,0x94,0x24,0xd8,
0x0d,0x00,0x00,0x89,0xbc,0x24,0x10,0x0e,0x00,0x00,0x4c,0x8d,0xa4,0x24,0x10,0x0e,
0x00,0x00,0x89,0xb4,0x24,0x14,0x0e,0x00,0x00,0x4c,0x8d,0x9c,0x24,0x14,0x0e,0x00,
0x00,0x40,0x88,0xac,0x24,0x18,0x0e,0x00,0x00,0x48,0x8d,0xac,0x24,0x18,0x0e,0x00,
0x00,0x88,0x84,0x24,0x19,0x0e,0x00,0x00,0x48,0x8d,0x84,0x24,0x19,0x0e,0x00,0x00,
0x48,0x8d,0xb4,0x24,0xac,0x0d,0x00,0x00,0x49,0x8d,0xb8,0xec,0x00,0x00,0x00,0x4d,
0x8d,0x68,0x14,0x4d,0x8d,0x70,0x10,0x4c,0x8b,0x3d,0x62,0x24,0x00,0x00,0x4c,0x89,
0x64,0x24,0x20,0x4c,0x89,0x5c,0x24,0x28,0x48,0x89,0x6c,0x24,0x30,0x48,0x89,0x44,
0x24,0x38,0x48,0x89,0x74,0x24,0x40,0x48,0x89,0x7c,0x24,0x48,0x4c,0x89,0x6c,0x24,
0x50,0x4c,0x89,0x74,0x24,0x58,0x48,0x89,0x94,0x24,0x90,0x02,0x00,0x00,0x4c,0x89,
0x8c,0x24,0x98,0x02,0x00,0x00,0x48,0x8b,0x8c,0x24,0x90,0x02,0x00,0x00,0x48,0x89,
0xda,0x4c,0x8b,0x84,0x24,0x98,0x02,0x00,0x00,0x4d,0x89,0xd1,0x41,0xff,0x17,0x48,
0x8d,0x84,0x24,0x00,0x0e,0x00,0x00,0x48,0x8b,0x0d,0x82,0x23,0x00,0x00,0x48,0x89,
0x84,0x24,0xa0,0x02,0x00,0x00,0x48,0x89,0x8c,0x24,0x80,0x02,0x00,0x00,0x48,0x8b,
0x84,0x24,0x80,0x02,0x00,0x00,0x48,0x8b,0x8c,0x24,0xa0,0x02,0x00,0x00,0xff,0x10,
0x4c,0x8b,0x84,0x24,0x40,0x09,0x00,0x00,0x41,0x8b,0x80,0xec,0x00,0x00,0x00,0x3b,
0x05,0x5b,0x21,0x00,0x00,0x0f,0x94,0xc0,0x3c,0x00,0x0f,0x84,0x6b,0x00,0x00,0x00,
0x48,0x8d,0x84,0x24,0x00,0x0e,0x00,0x00,0x49,0x8d,0x48,0x60,0x48,0x8b,0x15,0xb5,
0x23,0x00,0x00,0x48,0x89,0x84,0x24,0xa8,0x02,0x00,0x00,0x48,0x89,0x8c,0x24,0xb8,
0x02,0x00,0x00,0x48,0x89,0x94,0x24,0xc0,0x02,0x00,0x00,0x48,0x8b,0x84,0x24,0xc0,
0x02,0x00,0x00,0x48,0x8b,0x8c,0x24,0xa8,0x02,0x00,0x00,0x48,0x8b,0x94,0x24,0xb8,
0x02,0x00,0x00,0xff,0x10,0x8b,0x84,0x24,0x00,0x0e,0x00,0x00,0x3b,0x05,0xd6,0x20,
0x00,0x00,0x0f,0x9f,0xc0,0x3c,0x00,0x0f,0x84,0x07,0x00,0x00,0x00,0xb0,0x01,0xe9,
0x0e,0x00,0x00,0x00,0xb0,0x00,0xe9,0x07,0x00,0x00,0x00,0xb0,0x00,0xe9,0x00,0x00,
0x00,0x00,0x3c,0x00,0x0f,0x84,0x00,0x07,0x00,0x00,0x48,0x8d,0x84,0x24,0x00,0x0e,
0x00,0x00,0x48,0x8b,0x0d,0x17,0x23,0x00,0x00,0x48,0x89,0x84,0x24,0xc8,0x02,0x00,
0x00,0x48,0x89,0x8c,0x24,0xd0,0x02,0x00,0x00,0x48,0x8b,0x84,0x24,0xd0,0x02,0x00,
0x00,0x48,0x8b,0x8c,0x24,0xc8,0x02,0x00,0x00,0xff,0x10,0x4c,0x8b,0xac,0x24,0x88,
0x02,0x00,0x00,0x4c,0x89,0xac,0x24,0x28,0x0e,0x00,0x00,0x4c,0x8d,0x8c,0x24,0x28,
0x0e,0x00,0x00,0x48,0x8d,0x84,0x24,0x30,0x0e,0x00,0x00,0x48,0x89,0x84,0x24,0x78,
0x02,0x00,0x00,0x4c,0x8b,0x84,0x24,0x40,0x09,0x00,0x00,0x49,0x8d,0x40,0x60,0x48,
0x8b,0x0d,0xea,0x22,0x00,0x00,0x48,0x89,0x84,0x24,0x48,0x02,0x00,0x00,0x48,0x89,
0x8c,0x24,0x70,0x02,0x00,0x00,0x48,0x8b,0x84,0x24,0x70,0x02,0x00,0x00,0x4c,0x89,
0xc9,0x48,0x8b,0x94,0x24,0x48,0x02,0x00,0x00,0x48,0x89,0x8c,0x24,0x28,0x02,0x00,
0x00,0xff,0x10,0x48,0x8d,0x84,0x24,0x38,0x0e,0x00,0x00,0x48,0x8b,0x0d,0xb6,0x22,
0x00,0x00,0x48,0x89,0x84,0x24,0x30,0x02,0x00,0x00,0x48,0x89,0x8c,0x24,0x38,0x02,
0x00,0x00,0x48,0x8b,0x84,0x24,0x38,0x02,0x00,0x00,0x48,0x8b,0x8c,0x24,0x30,0x02,
0x00,0x00,0x48,0x8b,0x94,0x24,0x48,0x02,0x00,0x00,0xff,0x10,0x48,0x8b,0x84,0x24,
0x38,0x0e,0x00,0x00,0x48,0x39,0x84,0x24,0x28,0x0e,0x00,0x00,0x0f,0x84,0x3b,0x03,
0x00,0x00,0x48,0x8b,0x05,0x77,0x22,0x00,0x00,0x48,0x8b,0x8c,0x24,0x78,0x02,0x00,
0x00,0x48,0x8b,0x94,0x24,0x48,0x02,0x00,0x00,0x4c,0x8b,0x84,0x24,0x28,0x02,0x00,
0x00,0xff,0x10,0x48,0x8d,0x84,0x24,0x40,0x0e,0x00,0x00,0x48,0x8d,0x8c,0x24,0x00,
0x0e,0x00,0x00,0x48,0x8b,0x15,0x4e,0x22,0x00,0x00,0x48,0x89,0x84,0x24,0x18,0x02,
0x00,0x00,0x48,0x89,0x8c,0x24,0x40,0x02,0x00,0x00,0x48,0x89,0x94,0x24,0x50,0x02,
0x00,0x00,0x48,0x8b,0x84,0x24,0x50,0x02,0x00,0x00,0x48,0x8b,0x8c,0x24,0x18,0x02,
0x00,0x00,0x48,0x8b,0x94,0x24,0x40,0x02,0x00,0x00,0xff,0x10,0x48,0x8b,0x9c,0x24,
0x40,0x0e,0x00,0x00,0x48,0x8d,0x84,0x24,0x48,0x0e,0x00,0x00,0x48,0x8b,0x0d,0x95,
0x21,0x00,0x00,0x48,0x89,0x84,0x24,0x58,0x02,0x00,0x00,0x48,0x89,0x8c,0x24,0x60,
0x02,0x00,0x00,0x48,0x8b,0x84,0x24,0x60,0x02,0x00,0x00,0x48,0x8b,0x8c,0x24,0x58,
0x02,0x00,0x00,0xff,0x10,0x48,0x8b,0x84,0x24,0x30,0x0e,0x00,0x00,0x48,0x8d,0x8c,
0x24,0x48,0x0e,0x00,0x00,0x48,0x8d,0x00,0x48,0x8b,0x15,0xd1,0x21,0x00,0x00,0x48,
0x89,0x84,0x24,0x68,0x02,0x00,0x00,0x48,0x89,0x94,0x24,0xd8,0x02,0x00,0x00,0x48,
0x8b,0x84,0x24,0xd8,0x02,0x00,0x00,0x48,0x8b,0x94,0x24,0x68,0x02,0x00,0x00,0xff,
0x10,0x48,0x8d,0x84,0x24,0x58,0x0e,0x00,0x00,0x48,0x8d,0x0d,0xc0,0x1f,0x00,0x00,
0x48,0x8b,0x15,0xa9,0x20,0x00,0x00,0x48,0x89,0x84,0x24,0xb0,0x02,0x00,0x00,0x48,
0x89,0x8c,0x24,0xe0,0x02,0x00,0x00,0x48,0x89,0x94,0x24,0xf0,0x02,0x00,0x00,0x48,
0x8b,0x84,0x24,0xf0,0x02,0x00,0x00,0x48,0x8b,0x8c,0x24,0xb0,0x02,0x00,0x00,0x48,
0x8b,0x94,0x24,0xe0,0x02,0x00,0x00,0xff,0x10,0x48,0x8d,0x84,0x24,0x68,0x0e,0x00,
0x00,0x48,0x8b,0x0d,0xe0,0x20,0x00,0x00,0x48,0x89,0x84,0x24,0x60,0x03,0x00,0x00,
0x48,0x89,0x8c,0x24,0x68,0x03,0x00,0x00,0x48,0x8b,0x84,0x24,0x68,0x03,0x00,0x00,
0x48,0x8b,0x8c,0x24,0x60,0x03,0x00,0x00,0xff,0x10,0x48,0x8d,0x84,0x24,0x48,0x0e,
0x00,0x00,0x48,0x8d,0x8c,0x24,0x58,0x0e,0x00,0x00,0x48,0x8b,0x15,0x27,0x21,0x00,
0x00,0x48,0x89,0x84,0x24,0x70,0x03,0x00,0x00,0x48,0x89,0x8c,0x24,0x78,0x03,0x00,
0x00,0x48,0x89,0x94,0x24,0x50,0x03,0x00,0x00,0x48,0x8b,0x84,0x24,0x50,0x03,0x00,
0x00,0x48,0x8b,0x8c,0x24,0x60,0x03,0x00,0x00,0x48,0x8b,0x94,0x24,0x70,0x03,0x00,
0x00,0x4c,0x8b,0x84,0x24,0x78,0x03,0x00,0x00,0xff,0x10,0x48,0x8d,0x84,0x24,0x78,
0x0e,0x00,0x00,0x48,0x8b,0x0d,0x5e,0x20,0x00,0x00,0x48,0x89,0x84,0x24,0x80,0x03,
0x00,0x00,0x48,0x89,0x8c,0x24,0x90,0x03,0x00,0x00,0x48,0x8b,0x84,0x24,0x90,0x03,
0x00,0x00,0x48,0x8b,0x8c,0x24,0x80,0x03,0x00,0x00,0xff,0x10,0x48,0x8b,0x84,0x24,
0x30,0x0e,0x00,0x00,0x48,0x8d,0x8c,0x24,0x78,0x0e,0x00,0x00,0x48,0x8d,0x40,0x04,
0x48,0x8b,0x15,0x99,0x20,0x00,0x00,0x48,0x89,0x84,0x24,0x98,0x03,0x00,0x00,0x48,
0x89,0x94,0x24,0xa0,0x03,0x00,0x00,0x48,0x8b,0x84,0x24,0xa0,0x03,0x00,0x00,0x48,
0x8b,0x94,0x24,0x98,0x03,0x00,0x00,0xff,0x10,0x48,0x8d,0x03,0x48,0x8d,0x8c,0x24,
0x68,0x0e,0x00,0x00,0x48,0x8d,0x94,0x24,0x78,0x0e,0x00,0x00,0x48,0x8b,0x1d,0x65,
0x20,0x00,0x00,0x48,0x89,0x8c,0x24,0xa8,0x03,0x00,0x00,0x48,0x89,0x94,0x24,0x58,
0x03,0x00,0x00,0x48,0x89,0xc1,0x48,0x8b,0x94,0x24,0xa8,0x03,0x00,0x00,0x4c,0x8b,
0x84,0x24,0x58,0x03,0x00,0x00,0xff,0x13,0x48,0x8d,0x84,0x24,0x78,0x0e,0x00,0x00,
0x48,0x8b,0x0d,0x79,0x1f,0x00,0x00,0x48,0x89,0x84,0x24,0x48,0x03,0x00,0x00,0x48,
0x89,0x8c,0x24,0x18,0x03,0x00,0x00,0x48,0x8b,0x84,0x24,0x18,0x03,0x00,0x00,0x48,
0x8b,0x8c,0x24,0x48,0x03,0x00,0x00,0xff,0x10,0x48,0x8d,0x84,0x24,0x68,0x0e,0x00,
0x00,0x48,0x8b,0x0d,0x48,0x1f,0x00,0x00,0x48,0x89,0x84,0x24,0x40,0x03,0x00,0x00,
0x48,0x89,0x8c,0x24,0xf8,0x02,0x00,0x00,0x48,0x8b,0x84,0x24,0xf8,0x02,0x00,0x00,
0x48,0x8b,0x8c,0x24,0x40,0x03,0x00,0x00,0xff,0x10,0x48,0x8d,0x84,0x24,0x58,0x0e,
0x00,0x00,0x48,0x8b,0x0d,0x17,0x1f,0x00,0x00,0x48,0x89,0x84,0x24,0x00,0x03,0x00,
0x00,0x48,0x89,0x8c,0x24,0x08,0x03,0x00,0x00,0x48,0x8b,0x84,0x24,0x08,0x03,0x00,
0x00,0x48,0x8b,0x8c,0x24,0x00,0x03,0x00,0x00,0xff,0x10,0x48,0x8d,0x84,0x24,0x48,
0x0e,0x00,0x00,0x48,0x8b,0x0d,0xe6,0x1e,0x00,0x00,0x48,0x89,0x84,0x24,0xe8,0x02,
0x00,0x00,0x48,0x89,0x8c,0x24,0x10,0x03,0x00,0x00,0x48,0x8b,0x84,0x24,0x10,0x03,
0x00,0x00,0x48,0x8b,0x8c,0x24,0xe8,0x02,0x00,0x00,0xff,0x10,0x48,0x8b,0x05,0x7d,
0x1f,0x00,0x00,0x48,0x8b,0x8c,0x24,0x28,0x02,0x00,0x00,0x48,0x8b,0x94,0x24,0x48,
0x02,0x00,0x00,0x49,0x89,0xc8,0xff,0x10,0xe9,0x76,0xfc,0xff,0xff,0x48,0x8b,0x1d,
0xcc,0x1e,0x00,0x00,0x48,0x8d,0x84,0x24,0x30,0x0e,0x00,0x00,0x48,0x8b,0x0d,0xc5,
0x1e,0x00,0x00,0x48,0x89,0x84,0x24,0x20,0x03,0x00,0x00,0x48,0x89,0x8c,0x24,0x28,
0x03,0x00,0x00,0x48,0x8b,0x84,0x24,0x28,0x03,0x00,0x00,0x48,0x8b,0x8c,0x24,0x20,
0x03,0x00,0x00,0xff,0x10,0x48,0x8d,0x84,0x24,0x30,0x0e,0x00,0x00,0x48,0x8d,0x0b,
0x48,0x8d,0x15,0x2d,0x1d,0x00,0x00,0x48,0x8b,0x1d,0x92,0x1e,0x00,0x00,0x48,0x89,
0x8c,0x24,0x30,0x03,0x00,0x00,0x48,0x89,0x94,0x24,0x38,0x03,0x00,0x00,0x48,0x89,
0xc1,0x48,0x8b,0x94,0x24,0x30,0x03,0x00,0x00,0x4c,0x8b,0x84,0x24,0x38,0x03,0x00,
0x00,0xff,0x13,0x8b,0x05,0xff,0x1c,0x00,0x00,0x89,0xc7,0x8b,0x05,0x2f,0x1c,0x00,
0x00,0x89,0xc6,0x8b,0x05,0xef,0x1c,0x00,0x00,0x3b,0x05,0xf9,0x1b,0x00,0x00,0x40,
0x0f,0x94,0xc5,0x8b,0x05,0xdf,0x1c,0x00,0x00,0x89,0xc3,0x48,0x8b,0x05,0xae,0x1d,
0x00,0x00,0x8b,0x40,0x68,0x2b,0x05,0x05,0x1c,0x00,0x00,0x39,0xc3,0x0f,0x94,0xc0,
0x48,0x8b,0x4c,0x24,0x78,0x48,0x8d,0x11,0x4c,0x8b,0x84,0x24,0x40,0x09,0x00,0x00,
0x49,0x8d,0x18,0x4c,0x8d,0x8c,0x24,0x30,0x0e,0x00,0x00,0x4c,0x8d,0x94,0x24,0x00,
0x0e,0x00,0x00,0x89,0xbc,0x24,0x40,0x0e,0x00,0x00,0x4c,0x8d,0xa4,0x24,0x40,0x0e,
0x00,0x00,0x89,0xb4,0x24,0x44,0x0e,0x00,0x00,0x4c,0x8d,0x9c,0x24,0x44,0x0e,0x00,
0x00,0x40,0x88,0xac,0x24,0x48,0x0e,0x00,0x00,0x48,0x8d,0xac,0x24,0x48,0x0e,0x00,
0x00,0x88,0x84,0x24,0x49,0x0e,0x00,0x00,0x48,0x8d,0x84,0x24,0x49,0x0e,0x00,0x00,
0x48,0x8d,0xbc,0x24,0xac,0x0d,0x00,0x00,0x49,0x8d,0x70,0x58,0x4d,0x8d,0x68,0x14,
0x4d,0x8d,0x70,0x10,0x4c,0x8b,0x3d,0xf5,0x1d,0x00,0x00,0x4c,0x89,0x64,0x24,0x20,
0x4c,0x89,0x5c,0x24,0x28,0x48,0x89,0x6c,0x24,0x30,0x48,0x89,0x44,0x24,0x38,0x48,
0x89,0x7c,0x24,0x40,0x48,0x89,0x74,0x24,0x48,0x4c,0x89,0x6c,0x24,0x50,0x4c,0x89,
0x74,0x24,0x58,0x48,0x89,0x94,0x24,0x20,0x02,0x00,0x00,0x4c,0x89,0x8c,0x24,0x10,
0x02,0x00,0x00,0x48,0x8b,0x8c,0x24,0x20,0x02,0x00,0x00,0x48,0x89,0xda,0x4c,0x8b,
0x84,0x24,0x10,0x02,0x00,0x00,0x4d,0x89,0xd1,0x41,0xff,0x17,0x48,0x8d,0x84,0x24,
0x30,0x0e,0x00,0x00,0x48,0x8b,0x0d,0x15,0x1d,0x00,0x00,0x48,0x89,0x84,0x24,0xe0,
0x01,0x00,0x00,0x48,0x89,0x8c,0x24,0x08,0x02,0x00,0x00,0x48,0x8b,0x84,0x24,0x08,
0x02,0x00,0x00,0x48,0x8b,0x8c,0x24,0xe0,0x01,0x00,0x00,0xff,0x10,0x48,0x8d,0x84,
0x24,0x30,0x0e,0x00,0x00,0x4c,0x8b,0x84,0x24,0x40,0x09,0x00,0x00,0x49,0x8d,0x48,
0x60,0x48,0x8b,0x15,0x60,0x1d,0x00,0x00,0x48,0x89,0x84,0x24,0xe8,0x00,0x00,0x00,
0x48,0x89,0x8c,0x24,0xf0,0x00,0x00,0x00,0x48,0x89,0x94,0x24,0xf8,0x00,0x00,0x00,
0x48,0x8b,0x84,0x24,0xf8,0x00,0x00,0x00,0x48,0x8b,0x8c,0x24,0xe8,0x00,0x00,0x00,
0x48,0x8b,0x94,0x24,0xf0,0x00,0x00,0x00,0xff,0x10,0x8b,0x84,0x24,0x30,0x0e,0x00,
0x00,0x4c,0x8b,0x84,0x24,0x40,0x09,0x00,0x00,0x41,0x3b,0x40,0x58,0x0f,0x9f,0xc0,
0x3c,0x00,0x0f,0x84,0x8c,0x00,0x00,0x00,0x48,0x8d,0x84,0x24,0x30,0x0e,0x00,0x00,
0x49,0x8d,0x48,0x60,0x49,0x8d,0x50,0x58,0x48,0x8b,0x1d,0x41,0x1d,0x00,0x00,0x48,
0x89,0x8c,0x24,0xd8,0x00,0x00,0x00,0x48,0x89,0x94,0x24,0x00,0x01,0x00,0x00,0x48,
0x89,0xc1,0x48,0x8b,0x94,0x24,0xd8,0x00,0x00,0x00,0x4c,0x8b,0x84,0x24,0x00,0x01,
0x00,0x00,0xff,0x13,0x48,0x8b,0x84,0x24,0x30,0x0e,0x00,0x00,0x4c,0x8b,0x84,0x24,
0x40,0x09,0x00,0x00,0x49,0x8d,0x88,0xf0,0x00,0x00,0x00,0x48,0x8d,0x00,0x48,0x8b,
0x15,0x03,0x1d,0x00,0x00,0x48,0x89,0x84,0x24,0x10,0x01,0x00,0x00,0x48,0x89,0x94,
0x24,0x18,0x01,0x00,0x00,0x48,0x8b,0x84,0x24,0x18,0x01,0x00,0x00,0x48,0x8b,0x94,
0x24,0x10,0x01,0x00,0x00,0xff,0x10,0x4c,0x8b,0x84,0x24,0x40,0x09,0x00,0x00,0xe9,
0x00,0x00,0x00,0x00,0x48,0x8d,0x84,0x24,0x00,0x0e,0x00,0x00,0x48,0x8b,0x0d,0xcd,
0x1c,0x00,0x00,0x48,0x89,0x84,0x24,0x20,0x01,0x00,0x00,0x48,0x89,0x8c,0x24,0x28,
0x01,0x00,0x00,0x48,0x8b,0x84,0x24,0x28,0x01,0x00,0x00,0x48,0x8b,0x8c,0x24,0x20,
0x01,0x00,0x00,0xff,0x10,0xe9,0x9a,0x03,0x00,0x00,0x4c,0x8d,0x8c,0x24,0x00,0x0e,
0x00,0x00,0x48,0x8d,0x05,0xc7,0x19,0x00,0x00,0x48,0x8b,0x0d,0x10,0x1c,0x00,0x00,
0x48,0x89,0x84,0x24,0x08,0x05,0x00,0x00,0x48,0x89,0x8c,0x24,0x10,0x05,0x00,0x00,
0x48,0x8b,0x84,0x24,0x10,0x05,0x00,0x00,0x4c,0x89,0xc9,0x48,0x89,0x8c,0x24,0x18,
0x05,0x00,0x00,0xff,0x10,0x48,0x8b,0x05,0xec,0x1b,0x00,0x00,0x48,0x8b,0x8c,0x24,
0x18,0x05,0x00,0x00,0x48,0x8b,0x94,0x24,0x08,0x05,0x00,0x00,0xff,0x10,0x48,0x8d,
0x84,0x24,0x28,0x0e,0x00,0x00,0x48,0x8d,0x0d,0x4b,0x19,0x00,0x00,0x48,0x8b,0x15,
0xcc,0x1b,0x00,0x00,0x48,0x89,0x84,0x24,0x20,0x05,0x00,0x00,0x48,0x89,0x8c,0x24,
0xf8,0x04,0x00,0x00,0x48,0x89,0x94,0x24,0x28,0x05,0x00,0x00,0x48,0x8b,0x84,0x24,
0x28,0x05,0x00,0x00,0x48,0x8b,0x8c,0x24,0x20,0x05,0x00,0x00,0x48,0x8b,0x94,0x24,
0x18,0x05,0x00,0x00,0x4c,0x8b,0x84,0x24,0xf8,0x04,0x00,0x00,0xff,0x10,0x48,0x8b,
0x84,0x24,0x28,0x0e,0x00,0x00,0x48,0x8d,0x00,0x48,0x8d,0x0d,0xec,0x19,0x00,0x00,
0x48,0x8b,0x15,0xc9,0x1a,0x00,0x00,0x48,0x89,0x84,0x24,0x38,0x05,0x00,0x00,0x48,
0x89,0x8c,0x24,0x40,0x05,0x00,0x00,0x48,0x89,0x94,0x24,0x48,0x05,0x00,0x00,0x48,
0x8b,0x84,0x24,0x48,0x05,0x00,0x00,0x48,0x8b,0x8c,0x24,0x38,0x05,0x00,0x00,0x48,
0x8b,0x94,0x24,0x40,0x05,0x00,0x00,0xff,0x10,0x8b,0x05,0xb9,0x18,0x00,0x00,0x89,
0x84,0x24,0x28,0x0e,0x00,0x00,0x48,0x8b,0x1d,0xf3,0x1a,0x00,0x00,0x48,0x8d,0x84,
0x24,0x30,0x0e,0x00,0x00,0x48,0x8b,0x0d,0xec,0x1a,0x00,0x00,0x48,0x89,0x84,0x24,
0x50,0x05,0x00,0x00,0x48,0x89,0x8c,0x24,0x00,0x05,0x00,0x00,0x48,0x8b,0x84,0x24,
0x00,0x05,0x00,0x00,0x48,0x8b,0x8c,0x24,0x50,0x05,0x00,0x00,0xff,0x10,0x48,0x8d,
0x84,0x24,0x30,0x0e,0x00,0x00,0x48,0x8d,0x0b,0x48,0x8d,0x15,0x54,0x19,0x00,0x00,
0x48,0x8b,0x1d,0xb9,0x1a,0x00,0x00,0x48,0x89,0x8c,0x24,0xf0,0x04,0x00,0x00,0x48,
0x89,0x94,0x24,0xc0,0x04,0x00,0x00,0x48,0x89,0xc1,0x48,0x8b,0x94,0x24,0xf0,0x04,
0x00,0x00,0x4c,0x8b,0x84,0x24,0xc0,0x04,0x00,0x00,0xff,0x13,0x8b,0x05,0x26,0x19,
0x00,0x00,0x89,0xc6,0x8b,0x05,0x56,0x18,0x00,0x00,0x89,0xc7,0x8b,0x05,0x16,0x19,
0x00,0x00,0x3b,0x05,0x20,0x18,0x00,0x00,0x40,0x0f,0x94,0xc5,0x8b,0x05,0x06,0x19,
0x00,0x00,0x89,0xc3,0x48,0x8b,0x05,0xd5,0x19,0x00,0x00,0x8b,0x40,0x68,0x2b,0x05,
0x2c,0x18,0x00,0x00,0x39,0xc3,0x0f,0x94,0xc0,0x48,0x8b,0x4c,0x24,0x78,0x48,0x8d,
0x11,0x4c,0x8b,0x84,0x24,0x40,0x09,0x00,0x00,0x49,0x8d,0x18,0x4c,0x8d,0x8c,0x24,
0x30,0x0e,0x00,0x00,0x4c,0x8d,0x94,0x24,0x00,0x0e,0x00,0x00,0x89,0xb4,0x24,0x40,
0x0e,0x00,0x00,0x4c,0x8d,0xa4,0x24,0x40,0x0e,0x00,0x00,0x89,0xbc,0x24,0x44,0x0e,
0x00,0x00,0x4c,0x8d,0x9c,0x24,0x44,0x0e,0x00,0x00,0x40,0x88,0xac,0x24,0x48,0x0e,
0x00,0x00,0x48,0x8d,0xac,0x24,0x48,0x0e,0x00,0x00,0x88,0x84,0x24,0x49,0x0e,0x00,
0x00,0x48,0x8d,0xbc,0x24,0x49,0x0e,0x00,0x00,0x48,0x8d,0x84,0x24,0xac,0x0d,0x00,
0x00,0x48,0x8d,0xb4,0x24,0x28,0x0e,0x00,0x00,0x4d,0x8d,0x68,0x14,0x4d,0x8d,0x70,
0x10,0x4c,0x8b,0x3d,0x18,0x1a,0x00,0x00,0x4c,0x89,0x64,0x24,0x20,0x4c,0x89,0x5c,
0x24,0x28,0x48,0x89,0x6c,0x24,0x30,0x48,0x89,0x7c,0x24,0x38,0x48,0x89,0x44,0x24,
0x40,0x48,0x89,0x74,0x24,0x48,0x4c,0x89,0x6c,0x24,0x50,0x4c,0x89,0x74,0x24,0x58,
0x48,0x89,0x94,0x24,0xe8,0x04,0x00,0x00,0x4c,0x89,0x8c,0x24,0xa0,0x04,0x00,0x00,
0x48,0x8b,0x8c,0x24,0xe8,0x04,0x00,0x00,0x48,0x89,0xda,0x4c,0x8b,0x84,0x24,0xa0,
0x04,0x00,0x00,0x4d,0x89,0xd1,0x41,0xff,0x17,0x48,0x8d,0x84,0x24,0x30,0x0e,0x00,
0x00,0x48,0x8b,0x0d,0x38,0x19,0x00,0x00,0x48,0x89,0x84,0x24,0xa8,0x04,0x00,0x00,
0x48,0x89,0x8c,0x24,0xb0,0x04,0x00,0x00,0x48,0x8b,0x84,0x24,0xb0,0x04,0x00,0x00,
0x48,0x8b,0x8c,0x24,0xa8,0x04,0x00,0x00,0xff,0x10,0x48,0x8b,0x05,0xf7,0x19,0x00,
0x00,0x48,0x8d,0x8c,0x24,0x2c,0x0e,0x00,0x00,0x4c,0x8b,0x84,0x24,0x40,0x09,0x00,
0x00,0x49,0x8d,0x90,0xf0,0x00,0x00,0x00,0x48,0x8d,0x40,0x58,0x48,0x8b,0x1d,0xdd,
0x19,0x00,0x00,0x49,0x89,0xc0,0xff,0x13,0x8a,0x84,0x24,0x2c,0x0e,0x00,0x00,0x3c,
0x00,0x0f,0x84,0x7c,0x00,0x00,0x00,0x48,0x8b,0x05,0xba,0x19,0x00,0x00,0x4c,0x8b,
0x84,0x24,0x40,0x09,0x00,0x00,0x49,0x8d,0x88,0xf0,0x00,0x00,0x00,0x48,0x8d,0x40,
0x58,0x48,0x8b,0x15,0x90,0x19,0x00,0x00,0x48,0x89,0x84,0x24,0x90,0x04,0x00,0x00,
0x48,0x89,0x94,0x24,0xb8,0x04,0x00,0x00,0x48,0x8b,0x84,0x24,0xb8,0x04,0x00,0x00,
0x48,0x8b,0x94,0x24,0x90,0x04,0x00,0x00,0xff,0x10,0x4c,0x8b,0x84,0x24,0x40,0x09,
0x00,0x00,0x49,0x8d,0x00,0x48,0x8b,0x0d,0x7c,0x19,0x00,0x00,0x48,0x89,0x84,0x24,
0xc8,0x04,0x00,0x00,0x48,0x89,0x8c,0x24,0xd0,0x04,0x00,0x00,0x48,0x8b,0x84,0x24,
0xd0,0x04,0x00,0x00,0x48,0x8b,0x8c,0x24,0xc8,0x04,0x00,0x00,0xff,0x10,0xe9,0x00,
0x00,0x00,0x00,0x48,0x8d,0x84,0x24,0x00,0x0e,0x00,0x00,0x48,0x8b,0x0d,0x2e,0x19,
0x00,0x00,0x48,0x89,0x84,0x24,0xd8,0x04,0x00,0x00,0x48,0x89,0x8c,0x24,0xe0,0x04,
0x00,0x00,0x48,0x8b,0x84,0x24,0xe0,0x04,0x00,0x00,0x48,0x8b,0x8c,0x24,0xd8,0x04,
0x00,0x00,0xff,0x10,0x48,0x8b,0x1d,0x55,0x18,0x00,0x00,0x48,0x8d,0x84,0x24,0x00,
0x0e,0x00,0x00,0x48,0x8b,0x0d,0x4e,0x18,0x00,0x00,0x48,0x89,0x84,0x24,0xe0,0x00,
0x00,0x00,0x48,0x89,0x8c,0x24,0xd0,0x00,0x00,0x00,0x48,0x8b,0x84,0x24,0xd0,0x00,
0x00,0x00,0x48,0x8b,0x8c,0x24,0xe0,0x00,0x00,0x00,0xff,0x10,0x48,0x8d,0x84,0x24,
0x00,0x0e,0x00,0x00,0x48,0x8d,0x0b,0x48,0x8d,0x15,0xc2,0x16,0x00,0x00,0x48,0x8b,
0x1d,0x1b,0x18,0x00,0x00,0x48,0x89,0x8c,0x24,0xa0,0x00,0x00,0x00,0x48,0x89,0x94,
0x24,0xc8,0x00,0x00,0x00,0x48,0x89,0xc1,0x48,0x8b,0x94,0x24,0xa0,0x00,0x00,0x00,
0x4c,0x8b,0x84,0x24,0xc8,0x00,0x00,0x00,0xff,0x13,0x8b,0x05,0x94,0x16,0x00,0x00,
0x89,0xc7,0x8b,0x05,0xb8,0x15,0x00,0x00,0x89,0xc6,0x8b,0x05,0x84,0x16,0x00,0x00,
0x3b,0x05,0x82,0x15,0x00,0x00,0x40,0x0f,0x94,0xc5,0x8b,0x05,0x74,0x16,0x00,0x00,
0x89,0xc3,0x48,0x8b,0x05,0x37,0x17,0x00,0x00,0x8b,0x40,0x68,0x2b,0x05,0x8e,0x15,
0x00,0x00,0x39,0xc3,0x0f,0x94,0xc0,0x48,0x8b,0x4c,0x24,0x78,0x48,0x8d,0x11,0x4c,
0x8b,0x84,0x24,0x40,0x09,0x00,0x00,0x49,0x8d,0x18,0x4c,0x8d,0x8c,0x24,0x00,0x0e,
0x00,0x00,0x89,0xbc,0x24,0x10,0x0e,0x00,0x00,0x48,0x8d,0xbc,0x24,0x10,0x0e,0x00,
0x00,0x89,0xb4,0x24,0x14,0x0e,0x00,0x00,0x4c,0x8d,0x9c,0x24,0x14,0x0e,0x00,0x00,
0x40,0x88,0xac,0x24,0x18,0x0e,0x00,0x00,0x4c,0x8d,0x94,0x24,0x18,0x0e,0x00,0x00,
0x88,0x84,0x24,0x19,0x0e,0x00,0x00,0x48,0x8d,0x84,0x24,0x19,0x0e,0x00,0x00,0x48,
0x8d,0xac,0x24,0xac,0x0d,0x00,0x00,0x49,0x8d,0xb0,0xf8,0x00,0x00,0x00,0x4d,0x8d,
0x60,0x14,0x4d,0x8d,0x68,0x10,0x4c,0x8b,0x35,0x7b,0x17,0x00,0x00,0x4c,0x89,0x5c,
0x24,0x20,0x4c,0x89,0x54,0x24,0x28,0x48,0x89,0x44,0x24,0x30,0x48,0x89,0x6c,0x24,
0x38,0x48,0x89,0x74,0x24,0x40,0x4c,0x89,0x64,0x24,0x48,0x4c,0x89,0x6c,0x24,0x50,
0x48,0x89,0x94,0x24,0x80,0x00,0x00,0x00,0x4c,0x89,0x8c,0x24,0x88,0x00,0x00,0x00,
0x48,0x8b,0x8c,0x24,0x80,0x00,0x00,0x00,0x48,0x89,0xda,0x4c,0x8b,0x84,0x24,0x88,
0x00,0x00,0x00,0x49,0x89,0xf9,0x41,0xff,0x16,0x48,0x8d,0x84,0x24,0x00,0x0e,0x00,
0x00,0x48,0x8b,0x0d,0xa8,0x16,0x00,0x00,0x48,0x89,0x84,0x24,0x90,0x00,0x00,0x00,
0x48,0x89,0x4c,0x24,0x70,0x48,0x8b,0x44,0x24,0x70,0x48,0x8b,0x8c,0x24,0x90,0x00,
0x00,0x00,0xff,0x10,0x48,0x8d,0x84,0x24,0xd8,0x0d,0x00,0x00,0x48,0x8b,0x0d,0x5d,
0x17,0x00,0x00,0x48,0x89,0x84,0x24,0x98,0x00,0x00,0x00,0x48,0x89,0x8c,0x24,0xa8,
0x00,0x00,0x00,0x48,0x8b,0x84,0x24,0xa8,0x00,0x00,0x00,0x48,0x8b,0x8c,0x24,0x98,
0x00,0x00,0x00,0xff,0x10,0x48,0x8d,0x84,0x24,0xb0,0x0d,0x00,0x00,0x48,0x8b,0x0d,
0x2c,0x17,0x00,0x00,0x48,0x89,0x84,0x24,0xb0,0x00,0x00,0x00,0x48,0x89,0x8c,0x24,
0xb8,0x00,0x00,0x00,0x48,0x8b,0x84,0x24,0xb8,0x00,0x00,0x00,0x48,0x8b,0x8c,0x24,
0xb0,0x00,0x00,0x00,0xff,0x10,0x48,0x8b,0x4c,0x24,0x78,0x48,0x8d,0x01,0x48,0x8b,
0x15,0x6b,0x16,0x00,0x00,0x48,0x89,0xc1,0xff,0x12,0x48,0x8b,0x4c,0x24,0x78,0x48,
0x8d,0x01,0x48,0x8b,0x15,0x57,0x16,0x00,0x00,0x48,0x89,0xc1,0xff,0x12,0x48,0x8d,
0x84,0x24,0xb0,0x0d,0x00,0x00,0x48,0x8d,0x0d,0xdb,0x14,0x00,0x00,0x48,0x8b,0x15,
0xac,0x15,0x00,0x00,0x48,0x89,0x84,0x24,0xc0,0x00,0x00,0x00,0x48,0x89,0x8c,0x24,
0x30,0x01,0x00,0x00,0x48,0x89,0x94,0x24,0x08,0x01,0x00,0x00,0x48,0x8b,0x84,0x24,
0x08,0x01,0x00,0x00,0x48,0x8b,0x8c,0x24,0xc0,0x00,0x00,0x00,0x48,0x8b,0x94,0x24,
0x30,0x01,0x00,0x00,0xff,0x10,0x48,0x8b,0x3d,0x7b,0x15,0x00,0x00,0x48,0x8b,0x35,
0xbc,0x15,0x00,0x00,0x48,0x8b,0x2d,0xbd,0x15,0x00,0x00,0x48,0x8b,0x05,0x56,0x15,
0x00,0x00,0x8b,0x58,0x68,0x8b,0x45,0x00,0x0f,0xaf,0xc3,0x8b,0x1e,0x01,0xc3,0x48,
0x8d,0x84,0x24,0xc0,0x0d,0x00,0x00,0x48,0x8d,0x0f,0x89,0x9c,0x24,0xc8,0x0d,0x00,
0x00,0x48,0x8d,0x94,0x24,0xc8,0x0d,0x00,0x00,0x48,0x8b,0x1d,0x48,0x15,0x00,0x00,
0x48,0x89,0x8c,0x24,0x38,0x01,0x00,0x00,0x48,0x89,0x94,0x24,0x48,0x01,0x00,0x00,
0x48,0x89,0xc1,0x48,0x8b,0x94,0x24,0x38,0x01,0x00,0x00,0x4c,0x8b,0x84,0x24,0x48,
0x01,0x00,0x00,0xff,0x13,0x48,0x8d,0x84,0x24,0xcc,0x0d,0x00,0x00,0x48,0x8b,0x0d,
0x1c,0x15,0x00,0x00,0x48,0x89,0x84,0x24,0xb8,0x01,0x00,0x00,0x48,0x89,0x8c,0x24,
0xc0,0x01,0x00,0x00,0x48,0x8b,0x84,0x24,0xc0,0x01,0x00,0x00,0x48,0x8b,0x8c,0x24,
0xb8,0x01,0x00,0x00,0xff,0x10,0x48,0x8b,0x4c,0x24,0x78,0x48,0x8d,0x01,0x48,0x8d,
0x94,0x24,0xb0,0x0d,0x00,0x00,0x48,0x8d,0x9c,0x24,0xc0,0x0d,0x00,0x00,0x48,0x8d,
0x2d,0xe3,0x12,0x00,0x00,0x48,0x8d,0x3d,0xdc,0x12,0x00,0x00,0x48,0x8d,0x35,0xfd,
0x12,0x00,0x00,0x4c,0x8d,0x8c,0x24,0xcc,0x0d,0x00,0x00,0x4c,0x8d,0x05,0xc6,0x12,
0x00,0x00,0x4c,0x8d,0x15,0xe7,0x12,0x00,0x00,0x4c,0x8b,0x1d,0xf0,0x14,0x00,0x00,
0x48,0x89,0x7c,0x24,0x20,0x48,0x89,0x74,0x24,0x28,0x4c,0x89,0x4c,0x24,0x30,0x4c,
0x89,0x44,0x24,0x38,0x4c,0x89,0x54,0x24,0x40,0x48,0x89,0xc1,0x49,0x89,0xd8,0x49,
0x89,0xe9,0x41,0xff,0x13,0x48,0x8d,0x84,0x24,0xcc,0x0d,0x00,0x00,0x48,0x8b,0x0d,
0x94,0x14,0x00,0x00,0x48,0x89,0x84,0x24,0xc8,0x01,0x00,0x00,0x48,0x89,0x8c,0x24,
0xd0,0x01,0x00,0x00,0x48,0x8b,0x84,0x24,0xd0,0x01,0x00,0x00,0x48,0x8b,0x8c,0x24,
0xc8,0x01,0x00,0x00,0xff,0x10,0x48,0x8d,0x84,0x24,0xc0,0x0d,0x00,0x00,0x48,0x8b,
0x0d,0x63,0x14,0x00,0x00,0x48,0x89,0x84,0x24,0xa8,0x01,0x00,0x00,0x48,0x89,0x8c,
0x24,0xd8,0x01,0x00,0x00,0x48,0x8b,0x84,0x24,0xd8,0x01,0x00,0x00,0x48,0x8b,0x8c,
0x24,0xa8,0x01,0x00,0x00,0xff,0x10,0x48,0x8d,0x84,0x24,0xb0,0x0d,0x00,0x00,0x48,
0x8b,0x0d,0x3a,0x14,0x00,0x00,0x48,0x89,0x84,0x24,0xe8,0x01,0x00,0x00,0x48,0x89,
0x8c,0x24,0xf0,0x01,0x00,0x00,0x48,0x8b,0x84,0x24,0xf0,0x01,0x00,0x00,0x48,0x8b,
0x8c,0x24,0xe8,0x01,0x00,0x00,0xff,0x10,0x48,0x8d,0x84,0x24,0xb0,0x0d,0x00,0x00,
0x48,0x8d,0x0d,0x01,0x13,0x00,0x00,0x48,0x8b,0x15,0xc2,0x13,0x00,0x00,0x48,0x89,
0x84,0x24,0xf8,0x01,0x00,0x00,0x48,0x89,0x8c,0x24,0x00,0x02,0x00,0x00,0x48,0x89,
0x94,0x24,0xb0,0x01,0x00,0x00,0x48,0x8b,0x84,0x24,0xb0,0x01,0x00,0x00,0x48,0x8b,
0x8c,0x24,0xf8,0x01,0x00,0x00,0x48,0x8b,0x94,0x24,0x00,0x02,0x00,0x00,0xff,0x10,
0x48,0x8b,0x05,0xf1,0x13,0x00,0x00,0x48,0x8b,0x1d,0xd2,0x13,0x00,0x00,0x48,0x8d,
0x8c,0x24,0xc0,0x0d,0x00,0x00,0x48,0x8d,0x00,0x48,0x8d,0x13,0x48,0x8b,0x1d,0x85,
0x13,0x00,0x00,0x48,0x89,0x94,0x24,0xa0,0x01,0x00,0x00,0x48,0x89,0xc2,0x4c,0x8b,
0x84,0x24,0xa0,0x01,0x00,0x00,0xff,0x13,0x48,0x8d,0x84,0x24,0xc8,0x0d,0x00,0x00,
0x48,0x8b,0x0d,0x69,0x13,0x00,0x00,0x48,0x89,0x84,0x24,0x70,0x01,0x00,0x00,0x48,
0x89,0x8c,0x24,0x98,0x01,0x00,0x00,0x48,0x8b,0x84,0x24,0x98,0x01,0x00,0x00,0x48,
0x8b,0x8c,0x24,0x70,0x01,0x00,0x00,0xff,0x10,0x48,0x8b,0x4c,0x24,0x78,0x48,0x8d,
0x01,0x48,0x8d,0x94,0x24,0xb0,0x0d,0x00,0x00,0x48,0x8d,0x9c,0x24,0xc0,0x0d,0x00,
0x00,0x48,0x8d,0x2d,0x30,0x11,0x00,0x00,0x4c,0x8d,0x0d,0x6d,0x11,0x00,0x00,0x48,
0x8d,0x35,0x22,0x11,0x00,0x00,0x48,0x8d,0xbc,0x24,0xc8,0x0d,0x00,0x00,0x4c,0x8d,
0x05,0x13,0x11,0x00,0x00,0x4c,0x8d,0x15,0x34,0x11,0x00,0x00,0x4c,0x8b,0x1d,0x3d,
0x13,0x00,0x00,0x4c,0x89,0x4c,0x24,0x20,0x48,0x89,0x74,0x24,0x28,0x48,0x89,0x7c,
0x24,0x30,0x4c,0x89,0x44,0x24,0x38,0x4c,0x89,0x54,0x24,0x40,0x48,0x89,0xc1,0x49,
0x89,0xd8,0x49,0x89,0xe9,0x41,0xff,0x13,0x48,0x8d,0x84,0x24,0xc8,0x0d,0x00,0x00,
0x48,0x8b,0x0d,0xe1,0x12,0x00,0x00,0x48,0x89,0x84,0x24,0x50,0x01,0x00,0x00,0x48,
0x89,0x8c,0x24,0x58,0x01,0x00,0x00,0x48,0x8b,0x84,0x24,0x58,0x01,0x00,0x00,0x48,
0x8b,0x8c,0x24,0x50,0x01,0x00,0x00,0xff,0x10,0x48,0x8d,0x84,0x24,0xc0,0x0d,0x00,
0x00,0x48,0x8b,0x0d,0xb0,0x12,0x00,0x00,0x48,0x89,0x84,0x24,0x60,0x01,0x00,0x00,
0x48,0x89,0x8c,0x24,0x40,0x01,0x00,0x00,0x48,0x8b,0x84,0x24,0x40,0x01,0x00,0x00,
0x48,0x8b,0x8c,0x24,0x60,0x01,0x00,0x00,0xff,0x10,0x48,0x8d,0x84,0x24,0xb0,0x0d,
0x00,0x00,0x48,0x8b,0x0d,0x87,0x12,0x00,0x00,0x48,0x89,0x84,0x24,0x68,0x01,0x00,
0x00,0x48,0x89,0x8c,0x24,0x78,0x01,0x00,0x00,0x48,0x8b,0x84,0x24,0x78,0x01,0x00,
0x00,0x48,0x8b,0x8c,0x24,0x68,0x01,0x00,0x00,0xff,0x10,0x48,0x8d,0x84,0x24,0xb0,
0x0d,0x00,0x00,0x48,0x8d,0x0d,0x64,0x11,0x00,0x00,0x48,0x8b,0x15,0x0f,0x12,0x00,
0x00,0x48,0x89,0x84,0x24,0x80,0x01,0x00,0x00,0x48,0x89,0x8c,0x24,0x88,0x01,0x00,
0x00,0x48,0x89,0x94,0x24,0x90,0x01,0x00,0x00,0x48,0x8b,0x84,0x24,0x90,0x01,0x00,
0x00,0x48,0x8b,0x8c,0x24,0x80,0x01,0x00,0x00,0x48,0x8b,0x94,0x24,0x88,0x01,0x00,
0x00,0xff,0x10,0x48,0x8b,0x1d,0x3e,0x12,0x00,0x00,0x48,0x8b,0x05,0x1f,0x12,0x00,
0x00,0x48,0x8d,0x8c,0x24,0xc0,0x0d,0x00,0x00,0x48,0x8d,0x13,0x48,0x8d,0x00,0x48,
0x8b,0x1d,0xd2,0x11,0x00,0x00,0x49,0x89,0xc0,0xff,0x13,0x48,0x8d,0x84,0x24,0xc8,
0x0d,0x00,0x00,0x48,0x8b,0x0d,0xc6,0x11,0x00,0x00,0x48,0x89,0x84,0x24,0xb0,0x03,
0x00,0x00,0x48,0x89,0x8c,0x24,0x88,0x03,0x00,0x00,0x48,0x8b,0x84,0x24,0x88,0x03,
0x00,0x00,0x48,0x8b,0x8c,0x24,0xb0,0x03,0x00,0x00,0xff,0x10,0x48,0x8b,0x4c,0x24,
0x78,0x48,0x8d,0x01,0x48,0x8d,0x94,0x24,0xb0,0x0d,0x00,0x00,0x48,0x8d,0x9c,0x24,
0xc0,0x0d,0x00,0x00,0x4c,0x8d,0x0d,0x8d,0x0f,0x00,0x00,0x48,0x8d,0x2d,0xca,0x0f,
0x00,0x00,0x48,0x8d,0x35,0x7f,0x0f,0x00,0x00,0x48,0x8d,0xbc,0x24,0xc8,0x0d,0x00,
0x00,0x4c,0x8d,0x05,0x70,0x0f,0x00,0x00,0x4c,0x8b,0x15,0x71,0x11,0x00,0x00,0x48,
0x89,0x6c,0x24,0x20,0x48,0x89,0x74,0x24,0x28,0x48,0x89,0x7c,0x24,0x30,0x4c,0x89,
0x44,0x24,0x38,0x48,0x89,0xc1,0x49,0x89,0xd8,0x41,0xff,0x12,0x48,0x8d,0x84,0x24,
0xc8,0x0d,0x00,0x00,0x48,0x8b,0x0d,0x4d,0x11,0x00,0x00,0x48,0x89,0x84,0x24,0xb8,
0x03,0x00,0x00,0x48,0x89,0x8c,0x24,0xc8,0x03,0x00,0x00,0x48,0x8b,0x84,0x24,0xc8,
0x03,0x00,0x00,0x48,0x8b,0x8c,0x24,0xb8,0x03,0x00,0x00,0xff,0x10,0x48,0x8d,0x84,
0x24,0xc0,0x0d,0x00,0x00,0x48,0x8b,0x0d,0x1c,0x11,0x00,0x00,0x48,0x89,0x84,0x24,
0xe0,0x05,0x00,0x00,0x48,0x89,0x8c,0x24,0xe8,0x05,0x00,0x00,0x48,0x8b,0x84,0x24,
0xe8,0x05,0x00,0x00,0x48,0x8b,0x8c,0x24,0xe0,0x05,0x00,0x00,0xff,0x10,0x48,0x8d,
0x84,0x24,0xb0,0x0d,0x00,0x00,0x48,0x8b,0x0d,0xf3,0x10,0x00,0x00,0x48,0x89,0x84,
0x24,0xf0,0x05,0x00,0x00,0x48,0x89,0x8c,0x24,0xf8,0x05,0x00,0x00,0x48,0x8b,0x84,
0x24,0xf8,0x05,0x00,0x00,0x48,0x8b,0x8c,0x24,0xf0,0x05,0x00,0x00,0xff,0x10,0x48,
0x8d,0x84,0x24,0xb0,0x0d,0x00,0x00,0x48,0x8d,0x0d,0xe5,0x0f,0x00,0x00,0x48,0x8b,
0x15,0x7b,0x10,0x00,0x00,0x48,0x89,0x84,0x24,0xd0,0x05,0x00,0x00,0x48,0x89,0x8c,
0x24,0x00,0x06,0x00,0x00,0x48,0x89,0x94,0x24,0x10,0x06,0x00,0x00,0x48,0x8b,0x84,
0x24,0x10,0x06,0x00,0x00,0x48,0x8b,0x8c,0x24,0xd0,0x05,0x00,0x00,0x48,0x8b,0x94,
0x24,0x00,0x06,0x00,0x00,0xff,0x10,0x48,0x8b,0x1d,0xb2,0x10,0x00,0x00,0x48,0x8d,
0x84,0x24,0xc0,0x0d,0x00,0x00,0x48,0x8b,0x0d,0xab,0x10,0x00,0x00,0x48,0x89,0x84,
0x24,0x18,0x06,0x00,0x00,0x48,0x89,0x8c,0x24,0x20,0x06,0x00,0x00,0x48,0x8b,0x84,
0x24,0x20,0x06,0x00,0x00,0x48,0x8b,0x8c,0x24,0x18,0x06,0x00,0x00,0xff,0x10,0x48,
0x8d,0x84,0x24,0xc0,0x0d,0x00,0x00,0x48,0x8d,0x0b,0x48,0x8d,0x15,0x73,0x0f,0x00,
0x00,0x48,0x8b,0x1d,0x78,0x10,0x00,0x00,0x48,0x89,0x8c,0x24,0x28,0x06,0x00,0x00,
0x48,0x89,0x94,0x24,0xd8,0x05,0x00,0x00,0x48,0x89,0xc1,0x48,0x8b,0x94,0x24,0x28,
0x06,0x00,0x00,0x4c,0x8b,0x84,0x24,0xd8,0x05,0x00,0x00,0xff,0x13,0x48,0x8b,0x4c,
0x24,0x78,0x48,0x8d,0x01,0x48,0x8d,0x94,0x24,0xb0,0x0d,0x00,0x00,0x48,0x8d,0x9c,
0x24,0xc0,0x0d,0x00,0x00,0x48,0x8b,0x2d,0x3c,0x10,0x00,0x00,0x48,0x89,0xc1,0x49,
0x89,0xd8,0xff,0x55,0x00,0x48,0x8d,0x84,0x24,0xc0,0x0d,0x00,0x00,0x48,0x8b,0x0d,
0xdc,0x0f,0x00,0x00,0x48,0x89,0x84,0x24,0xc8,0x05,0x00,0x00,0x48,0x89,0x8c,0x24,
0x98,0x05,0x00,0x00,0x48,0x8b,0x84,0x24,0x98,0x05,0x00,0x00,0x48,0x8b,0x8c,0x24,
0xc8,0x05,0x00,0x00,0xff,0x10,0x48,0x8d,0x84,0x24,0xb0,0x0d,0x00,0x00,0x48,0x8b,
0x0d,0xab,0x0f,0x00,0x00,0x48,0x89,0x84,0x24,0xc0,0x05,0x00,0x00,0x48,0x89,0x8c,
0x24,0x78,0x05,0x00,0x00,0x48,0x8b,0x84,0x24,0x78,0x05,0x00,0x00,0x48,0x8b,0x8c,
0x24,0xc0,0x05,0x00,0x00,0xff,0x10,0x48,0x8b,0x4c,0x24,0x78,0x48,0x8d,0x01,0x48,
0x8b,0x15,0xca,0x0f,0x00,0x00,0x48,0x89,0xc1,0xff,0x12,0x48,0x8b,0x4c,0x24,0x78,
0x48,0x8d,0x01,0x48,0x8b,0x15,0xb6,0x0f,0x00,0x00,0x48,0x89,0xc1,0xff,0x12,0x48,
0x8d,0x84,0x24,0xb0,0x0d,0x00,0x00,0x48,0x8d,0x0d,0xae,0x0d,0x00,0x00,0x48,0x8b,
0x15,0x0b,0x0f,0x00,0x00,0x48,0x89,0x84,0x24,0x80,0x05,0x00,0x00,0x48,0x89,0x8c,
0x24,0x88,0x05,0x00,0x00,0x48,0x89,0x94,0x24,0x68,0x05,0x00,0x00,0x48,0x8b,0x84,
0x24,0x68,0x05,0x00,0x00,0x48,0x8b,0x8c,0x24,0x80,0x05,0x00,0x00,0x48,0x8b,0x94,
0x24,0x88,0x05,0x00,0x00,0xff,0x10,0x48,0x8b,0x1d,0x3a,0x0f,0x00,0x00,0x48,0x8b,
0x05,0x23,0x0f,0x00,0x00,0x48,0x8d,0x8c,0x24,0xc0,0x0d,0x00,0x00,0x48,0x8d,0x13,
0x48,0x8d,0x00,0x48,0x8b,0x1d,0xce,0x0e,0x00,0x00,0x49,0x89,0xc0,0xff,0x13,0x48,
0x8b,0x4c,0x24,0x78,0x48,0x8d,0x01,0x48,0x8d,0x94,0x24,0xb0,0x0d,0x00,0x00,0x48,
0x8d,0x1d,0x06,0x0d,0x00,0x00,0x4c,0x8d,0x8c,0x24,0xc0,0x0d,0x00,0x00,0x48,0x8d,
0x2d,0xb3,0x0c,0x00,0x00,0x48,0x8b,0x35,0x1c,0x0f,0x00,0x00,0x48,0x89,0x6c,0x24,
0x20,0x48,0x89,0xc1,0x49,0x89,0xd8,0xff,0x16,0x48,0x8d,0x84,0x24,0xc0,0x0d,0x00,
0x00,0x48,0x8b,0x0d,0xa0,0x0e,0x00,0x00,0x48,0x89,0x84,0x24,0x90,0x05,0x00,0x00,
0x48,0x89,0x8c,0x24,0xa0,0x05,0x00,0x00,0x48,0x8b,0x84,0x24,0xa0,0x05,0x00,0x00,
0x48,0x8b,0x8c,0x24,0x90,0x05,0x00,0x00,0xff,0x10,0x48,0x8d,0x84,0x24,0xb0,0x0d,
0x00,0x00,0x48,0x8b,0x0d,0x77,0x0e,0x00,0x00,0x48,0x89,0x84,0x24,0xa8,0x05,0x00,
0x00,0x48,0x89,0x8c,0x24,0xb0,0x05,0x00,0x00,0x48,0x8b,0x84,0x24,0xb0,0x05,0x00,
0x00,0x48,0x8b,0x8c,0x24,0xa8,0x05,0x00,0x00,0xff,0x10,0x48,0x8b,0x1d,0x7e,0x0e,
0x00,0x00,0x48,0x8d,0x84,0x24,0xb0,0x0d,0x00,0x00,0x48,0x8b,0x0d,0x77,0x0e,0x00,
0x00,0x48,0x89,0x84,0x24,0xb8,0x05,0x00,0x00,0x48,0x89,0x8c,0x24,0x30,0x06,0x00,
0x00,0x48,0x8b,0x84,0x24,0x30,0x06,0x00,0x00,0x48,0x8b,0x8c,0x24,0xb8,0x05,0x00,
0x00,0xff,0x10,0x48,0x8d,0x84,0x24,0xb0,0x0d,0x00,0x00,0x48,0x8d,0x0b,0x48,0x8d,
0x15,0x43,0x0d,0x00,0x00,0x48,0x8b,0x1d,0x44,0x0e,0x00,0x00,0x48,0x89,0x8c,0x24,
0x08,0x06,0x00,0x00,0x48,0x89,0x94,0x24,0x38,0x06,0x00,0x00,0x48,0x89,0xc1,0x48,
0x8b,0x94,0x24,0x08,0x06,0x00,0x00,0x4c,0x8b,0x84,0x24,0x38,0x06,0x00,0x00,0xff,
0x13,0x4c,0x8b,0x15,0xd8,0x0e,0x00,0x00,0x4c,0x8b,0x0d,0xd9,0x0e,0x00,0x00,0x48,
0x8b,0x05,0x7a,0x0d,0x00,0x00,0x8b,0x58,0x68,0x8b,0x05,0xa9,0x0b,0x00,0x00,0x89,
0xdd,0x01,0xc5,0x8b,0x05,0xe3,0x0b,0x00,0x00,0x89,0xc7,0x8b,0x05,0x97,0x0b,0x00,
0x00,0x3b,0x05,0x91,0x0b,0x00,0x00,0x40,0x0f,0x94,0xc6,0x8b,0x05,0x87,0x0b,0x00,
0x00,0x89,0xc3,0x48,0x8b,0x05,0x4e,0x0d,0x00,0x00,0x8b,0x40,0x68,0x2b,0x05,0x9d,
0x0b,0x00,0x00,0x39,0xc3,0x0f,0x94,0xc0,0x48,0x8b,0x4c,0x24,0x78,0x48,0x8d,0x11,
0x4c,0x8b,0x84,0x24,0x40,0x09,0x00,0x00,0x49,0x8d,0x18,0x4c,0x8d,0x9c,0x24,0xb0,
0x0d,0x00,0x00,0x4d,0x8d,0x12,0x4d,0x8d,0x29,0x89,0xac,0x24,0xc0,0x0d,0x00,0x00,
0x4c,0x8d,0xa4,0x24,0xc0,0x0d,0x00,0x00,0x89,0xbc,0x24,0xc4,0x0d,0x00,0x00,0x48,
0x8d,0xac,0x24,0xc4,0x0d,0x00,0x00,0x40,0x88,0xb4,0x24,0xc8,0x0d,0x00,0x00,0x48,
0x8d,0xb4,0x24,0xc8,0x0d,0x00,0x00,0x88,0x84,0x24,0xc9,0x0d,0x00,0x00,0x48,0x8d,
0xbc,0x24,0xc9,0x0d,0x00,0x00,0x4c,0x8d,0x8c,0x24,0xac,0x0d,0x00,0x00,0x49,0x8d,
0x80,0xfc,0x00,0x00,0x00,0x4d,0x8d,0x70,0x14,0x4d,0x8d,0x78,0x10,0x48,0x8b,0x0d,
0x1c,0x0e,0x00,0x00,0x4c,0x89,0x6c,0x24,0x20,0x4c,0x89,0x64,0x24,0x28,0x48,0x89,
0x6c,0x24,0x30,0x48,0x89,0x74,0x24,0x38,0x48,0x89,0x7c,0x24,0x40,0x4c,0x89,0x4c,
0x24,0x48,0x48,0x89,0x44,0x24,0x50,0x4c,0x89,0x74,0x24,0x58,0x4c,0x89,0x7c,0x24,
0x60,0x48,0x89,0xc8,0x48,0x89,0x94,0x24,0x48,0x06,0x00,0x00,0x48,0x8b,0x8c,0x24,
0x48,0x06,0x00,0x00,0x48,0x89,0xda,0x4d,0x89,0xd8,0x4d,0x89,0xd1,0xff,0x10,0x48,
0x8d,0x84,0x24,0xb0,0x0d,0x00,0x00,0x48,0x8b,0x0d,0xb2,0x0c,0x00,0x00,0x48,0x89,
0x84,0x24,0xb8,0x06,0x00,0x00,0x48,0x89,0x8c,0x24,0xc0,0x06,0x00,0x00,0x48,0x8b,
0x84,0x24,0xc0,0x06,0x00,0x00,0x48,0x8b,0x8c,0x24,0xb8,0x06,0x00,0x00,0xff,0x10,
0x48,0x8b,0x1d,0xb9,0x0c,0x00,0x00,0x48,0x8d,0x84,0x24,0xb0,0x0d,0x00,0x00,0x48,
0x8b,0x0d,0xb2,0x0c,0x00,0x00,0x48,0x89,0x84,0x24,0xc8,0x06,0x00,0x00,0x48,0x89,
0x8c,0x24,0xd0,0x06,0x00,0x00,0x48,0x8b,0x84,0x24,0xd0,0x06,0x00,0x00,0x48,0x8b,
0x8c,0x24,0xc8,0x06,0x00,0x00,0xff,0x10,0x48,0x8d,0x84,0x24,0xb0,0x0d,0x00,0x00,
0x48,0x8d,0x0b,0x48,0x8d,0x15,0x82,0x0b,0x00,0x00,0x48,0x8b,0x1d,0x7f,0x0c,0x00,
0x00,0x48,0x89,0x8c,0x24,0xa8,0x06,0x00,0x00,0x48,0x89,0x94,0x24,0xd8,0x06,0x00,
0x00,0x48,0x89,0xc1,0x48,0x8b,0x94,0x24,0xa8,0x06,0x00,0x00,0x4c,0x8b,0x84,0x24,
0xd8,0x06,0x00,0x00,0xff,0x13,0x48,0x8b,0x05,0xc3,0x0b,0x00,0x00,0x8b,0x58,0x68,
0x8b,0x05,0x1a,0x0a,0x00,0x00,0x89,0xdd,0x01,0xc5,0x8b,0x05,0x2c,0x0a,0x00,0x00,
0x89,0xc7,0x8b,0x05,0x08,0x0a,0x00,0x00,0x3b,0x05,0xda,0x09,0x00,0x00,0x40,0x0f,
0x94,0xc6,0x8b,0x05,0xf8,0x09,0x00,0x00,0x89,0xc3,0x48,0x8b,0x05,0x97,0x0b,0x00,
0x00,0x8b,0x40,0x68,0x2b,0x05,0xe6,0x09,0x00,0x00,0x39,0xc3,0x0f,0x94,0xc0,0x48,
0x8b,0x4c,0x24,0x78,0x48,0x8d,0x11,0x4c,0x8b,0x84,0x24,0x40,0x09,0x00,0x00,0x49,
0x8d,0x18,0x4c,0x8d,0x8c,0x24,0xb0,0x0d,0x00,0x00,0x4c,0x8d,0x15,0xef,0x0a,0x00,
0x00,0x4c,0x8d,0x2d,0xec,0x0a,0x00,0x00,0x89,0xac,0x24,0xc0,0x0d,0x00,0x00,0x4c,
0x8d,0xa4,0x24,0xc0,0x0d,0x00,0x00,0x89,0xbc,0x24,0xc4,0x0d,0x00,0x00,0x4c,0x8d,
0x9c,0x24,0xc4,0x0d,0x00,0x00,0x40,0x88,0xb4,0x24,0xc8,0x0d,0x00,0x00,0x48,0x8d,
0xac,0x24,0xc8,0x0d,0x00,0x00,0x88,0x84,0x24,0xc9,0x0d,0x00,0x00,0x48,0x8d,0x84,
0x24,0xc9,0x0d,0x00,0x00,0x48,0x8d,0xb4,0x24,0xac,0x0d,0x00,0x00,0x49,0x8d,0xb8,
0x00,0x01,0x00,0x00,0x4d,0x8d,0x70,0x14,0x4d,0x8d,0x78,0x10,0x48,0x8b,0x0d,0x5d,
0x0c,0x00,0x00,0x4c,0x89,0x6c,0x24,0x20,0x4c,0x89,0x64,0x24,0x28,0x4c,0x89,0x5c,
0x24,0x30,0x48,0x89,0x6c,0x24,0x38,0x48,0x89,0x44,0x24,0x40,0x48,0x89,0x74,0x24,
0x48,0x48,0x89,0x7c,0x24,0x50,0x4c,0x89,0x74,0x24,0x58,0x4c,0x89,0x7c,0x24,0x60,
0x48,0x89,0xcd,0x48,0x89,0x94,0x24,0xe8,0x06,0x00,0x00,0x4c,0x89,0x8c,0x24,0xf0,
0x06,0x00,0x00,0x48,0x8b,0x8c,0x24,0xe8,0x06,0x00,0x00,0x48,0x89,0xda,0x4c,0x8b,
0x84,0x24,0xf0,0x06,0x00,0x00,0x4d,0x89,0xd1,0xff,0x55,0x00,0x48,0x8d,0x84,0x24,
0xb0,0x0d,0x00,0x00,0x48,0x8b,0x0d,0xe5,0x0a,0x00,0x00,0x48,0x89,0x84,0x24,0xf8,
0x06,0x00,0x00,0x48,0x89,0x8c,0x24,0x00,0x07,0x00,0x00,0x48,0x8b,0x84,0x24,0x00,
0x07,0x00,0x00,0x48,0x8b,0x8c,0x24,0xf8,0x06,0x00,0x00,0xff,0x10,0x48,0x8b,0x4c,
0x24,0x78,0x48,0x8d,0x01,0x48,0x8b,0x15,0x04,0x0b,0x00,0x00,0x48,0x89,0xc1,0xff,
0x12,0x48,0x8b,0x4c,0x24,0x78,0x48,0x8d,0x01,0x48,0x8b,0x15,0xf0,0x0a,0x00,0x00,
0x48,0x89,0xc1,0xff,0x12,0x48,0x8b,0x4c,0x24,0x78,0x48,0x8d,0x01,0x48,0x8b,0x15,
0xdc,0x0a,0x00,0x00,0x48,0x89,0xc1,0xff,0x12,0x48,0x8b,0x4c,0x24,0x78,0x48,0x8d,
0x01,0x48,0x8b,0x15,0xc8,0x0a,0x00,0x00,0x48,0x89,0xc1,0xff,0x12,0x48,0x8d,0x84,
0x24,0xb0,0x0d,0x00,0x00,0x48,0x8d,0x0d,0xac,0x09,0x00,0x00,0x48,0x8b,0x15,0x1d,
0x0a,0x00,0x00,0x48,0x89,0x84,0x24,0xb0,0x06,0x00,0x00,0x48,0x89,0x8c,0x24,0xa0,
0x06,0x00,0x00,0x48,0x89,0x94,0x24,0x70,0x06,0x00,0x00,0x48,0x8b,0x84,0x24,0x70,
0x06,0x00,0x00,0x48,0x8b,0x8c,0x24,0xb0,0x06,0x00,0x00,0x48,0x8b,0x94,0x24,0xa0,
0x06,0x00,0x00,0xff,0x10,0x48,0x8b,0x1d,0xec,0x09,0x00,0x00,0x48,0x8b,0x05,0x2d,
0x0a,0x00,0x00,0x48,0x8d,0x8c,0x24,0xc0,0x0d,0x00,0x00,0x48,0x8d,0x13,0x48,0x8d,
0x00,0x48,0x8b,0x1d,0xe0,0x09,0x00,0x00,0x49,0x89,0xc0,0xff,0x13,0x48,0x8d,0x84,
0x24,0xc8,0x0d,0x00,0x00,0x48,0x8b,0x0d,0xd4,0x09,0x00,0x00,0x48,0x89,0x84,0x24,
0x98,0x06,0x00,0x00,0x48,0x89,0x8c,0x24,0x50,0x06,0x00,0x00,0x48,0x8b,0x84,0x24,
0x50,0x06,0x00,0x00,0x48,0x8b,0x8c,0x24,0x98,0x06,0x00,0x00,0xff,0x10,0x48,0x8b,
0x4c,0x24,0x78,0x48,0x8d,0x01,0x48,0x8d,0x94,0x24,0xb0,0x0d,0x00,0x00,0x48,0x8d,
0x9c,0x24,0xc0,0x0d,0x00,0x00,0x4c,0x8d,0x0d,0xdf,0x07,0x00,0x00,0x48,0x8d,0x2d,
0xd8,0x07,0x00,0x00,0x48,0x8d,0x35,0xd1,0x07,0x00,0x00,0x48,0x8d,0xbc,0x24,0xc8,
0x0d,0x00,0x00,0x4c,0x8d,0x05,0x7e,0x07,0x00,0x00,0x4c,0x8b,0x15,0x7f,0x09,0x00,
0x00,0x48,0x89,0x6c,0x24,0x20,0x48,0x89,0x74,0x24,0x28,0x48,0x89,0x7c,0x24,0x30,
0x4c,0x89,0x44,0x24,0x38,0x48,0x89,0xc1,0x49,0x89,0xd8,0x41,0xff,0x12,0x48,0x8d,
0x84,0x24,0xc8,0x0d,0x00,0x00,0x48,0x8b,0x0d,0x5b,0x09,0x00,0x00,0x48,0x89,0x84,
0x24,0x58,0x06,0x00,0x00,0x48,0x89,0x8c,0x24,0x60,0x06,0x00,0x00,0x48,0x8b,0x84,
0x24,0x60,0x06,0x00,0x00,0x48,0x8b,0x8c,0x24,0x58,0x06,0x00,0x00,0xff,0x10,0x48,
0x8d,0x84,0x24,0xc0,0x0d,0x00,0x00,0x48,0x8b,0x0d,0x2a,0x09,0x00,0x00,0x48,0x89,
0x84,0x24,0x40,0x06,0x00,0x00,0x48,0x89,0x8c,0x24,0x68,0x06,0x00,0x00,0x48,0x8b,
0x84,0x24,0x68,0x06,0x00,0x00,0x48,0x8b,0x8c,0x24,0x40,0x06,0x00,0x00,0xff,0x10,
0x48,0x8d,0x84,0x24,0xb0,0x0d,0x00,0x00,0x48,0x8b,0x0d,0x01,0x09,0x00,0x00,0x48,
0x89,0x84,0x24,0x78,0x06,0x00,0x00,0x48,0x89,0x8c,0x24,0x80,0x06,0x00,0x00,0x48,
0x8b,0x84,0x24,0x80,0x06,0x00,0x00,0x48,0x8b,0x8c,0x24,0x78,0x06,0x00,0x00,0xff,
0x10,0x48,0x8b,0x4c,0x24,0x78,0x8a,0x81,0xc8,0x00,0x00,0x00,0x3c,0x00,0x0f,0x84,
0xd7,0x04,0x00,0x00,0x48,0x8d,0x84,0x24,0xb8,0x0d,0x00,0x00,0x48,0x8d,0x15,0x10,
0x08,0x00,0x00,0x48,0x8b,0x1d,0x76,0x08,0x00,0x00,0x48,0x89,0xc1,0xff,0x13,0x48,
0x8b,0x1d,0xda,0x08,0x00,0x00,0x48,0x8d,0x84,0x24,0xc8,0x0d,0x00,0x00,0x48,0x8b,
0x0d,0xd3,0x08,0x00,0x00,0x48,0x89,0x84,0x24,0x88,0x06,0x00,0x00,0x48,0x89,0x8c,
0x24,0x90,0x06,0x00,0x00,0x48,0x8b,0x84,0x24,0x90,0x06,0x00,0x00,0x48,0x8b,0x8c,
0x24,0x88,0x06,0x00,0x00,0xff,0x10,0x48,0x8d,0x84,0x24,0xc8,0x0d,0x00,0x00,0x48,
0x8d,0x0b,0x48,0x8d,0x15,0xd3,0x07,0x00,0x00,0x48,0x8b,0x1d,0xa0,0x08,0x00,0x00,
0x48,0x89,0x8c,0x24,0x70,0x05,0x00,0x00,0x48,0x89,0x94,0x24,0x60,0x05,0x00,0x00,
0x48,0x89,0xc1,0x48,0x8b,0x94,0x24,0x70,0x05,0x00,0x00,0x4c,0x8b,0x84,0x24,0x60,
0x05,0x00,0x00,0xff,0x13,0x48,0x8b,0x05,0x4c,0x09,0x00,0x00,0x48,0x8b,0x1d,0x3d,
0x08,0x00,0x00,0x48,0x8d,0x8c,0x24,0xd8,0x0d,0x00,0x00,0x48,0x8d,0x00,0x48,0x8d,
0x13,0x48,0x8b,0x1d,0xf0,0x07,0x00,0x00,0x48,0x89,0x94,0x24,0x30,0x05,0x00,0x00,
0x48,0x89,0xc2,0x4c,0x8b,0x84,0x24,0x30,0x05,0x00,0x00,0xff,0x13,0x8a,0x84,0x24,
0xa9,0x0d,0x00,0x00,0x3a,0x05,0x06,0x06,0x00,0x00,0x0f,0x94,0xc0,0x48,0x8d,0x8c,
0x24,0xb0,0x0d,0x00,0x00,0x48,0x89,0x8c,0x24,0x58,0x05,0x00,0x00,0x48,0x8b,0x4c,
0x24,0x78,0x48,0x8d,0x11,0x48,0x8d,0x9c,0x24,0xb8,0x0d,0x00,0x00,0x4c,0x8d,0x8c,
0x24,0xc8,0x0d,0x00,0x00,0x48,0x8d,0xb4,0x24,0xd8,0x0d,0x00,0x00,0x48,0x8d,0xb9,
0xe0,0x04,0x00,0x00,0x88,0x84,0x24,0xe0,0x0d,0x00,0x00,0x48,0x8d,0x84,0x24,0xe0,
0x0d,0x00,0x00,0x48,0x8d,0x2d,0x7e,0x05,0x00,0x00,0x4c,0x8b,0x05,0xbf,0x08,0x00,
0x00,0x48,0x89,0x74,0x24,0x20,0x48,0x89,0x7c,0x24,0x28,0x48,0x89,0x44,0x24,0x30,
0x48,0x89,0x6c,0x24,0x38,0x4c,0x89,0xc5,0x48,0x8b,0x8c,0x24,0x58,0x05,0x00,0x00,
0x49,0x89,0xd8,0xff,0x55,0x00,0x8a,0x9c,0x24,0xb0,0x0d,0x00,0x00,0x48,0x8d,0x84,
0x24,0xd8,0x0d,0x00,0x00,0x48,0x8b,0x0d,0x5c,0x07,0x00,0x00,0x48,0x89,0x84,0x24,
0x38,0x04,0x00,0x00,0x48,0x89,0x8c,0x24,0x40,0x04,0x00,0x00,0x48,0x8b,0x84,0x24,
0x40,0x04,0x00,0x00,0x48,0x8b,0x8c,0x24,0x38,0x04,0x00,0x00,0xff,0x10,0x48,0x8d,
0x84,0x24,0xc8,0x0d,0x00,0x00,0x48,0x8b,0x0d,0x33,0x07,0x00,0x00,0x48,0x89,0x84,
0x24,0x48,0x04,0x00,0x00,0x48,0x89,0x8c,0x24,0x28,0x04,0x00,0x00,0x48,0x8b,0x84,
0x24,0x28,0x04,0x00,0x00,0x48,0x8b,0x8c,0x24,0x48,0x04,0x00,0x00,0xff,0x10,0x48,
0x8d,0x84,0x24,0xb8,0x0d,0x00,0x00,0x48,0x8b,0x0d,0x02,0x07,0x00,0x00,0x48,0x89,
0x84,0x24,0x50,0x04,0x00,0x00,0x48,0x89,0x8c,0x24,0x60,0x04,0x00,0x00,0x48,0x8b,
0x84,0x24,0x60,0x04,0x00,0x00,0x48,0x8b,0x8c,0x24,0x50,0x04,0x00,0x00,0xff,0x10,
0x80,0xfb,0x00,0x0f,0x84,0x60,0x00,0x00,0x00,0x48,0x8d,0x84,0x24,0xb0,0x0d,0x00,
0x00,0x48,0x8b,0x4c,0x24,0x78,0x48,0x8d,0x11,0x48,0x8b,0x1d,0xe8,0x07,0x00,0x00,
0x48,0x89,0xc1,0xff,0x13,0x8a,0x84,0x24,0xb0,0x0d,0x00,0x00,0x3c,0x00,0x0f,0x84,
0x30,0x00,0x00,0x00,0x48,0x8b,0x4c,0x24,0x78,0x48,0x8d,0x01,0x4c,0x8b,0x84,0x24,
0x40,0x09,0x00,0x00,0x49,0x8d,0x10,0x48,0x8d,0x9c,0x24,0xa9,0x0d,0x00,0x00,0x48,
0x8b,0x2d,0xba,0x07,0x00,0x00,0x48,0x89,0xc1,0x49,0x89,0xd8,0xff,0x55,0x00,0xe9,
0x00,0x00,0x00,0x00,0xe9,0x00,0x00,0x00,0x00,0x48,0x8d,0x84,0x24,0xb8,0x0d,0x00,
0x00,0x48,0x8d,0x0d,0xd8,0x05,0x00,0x00,0x48,0x8b,0x15,0x21,0x06,0x00,0x00,0x48,
0x89,0x84,0x24,0x68,0x04,0x00,0x00,0x48,0x89,0x8c,0x24,0x70,0x04,0x00,0x00,0x48,
0x89,0x94,0x24,0x78,0x04,0x00,0x00,0x48,0x8b,0x84,0x24,0x78,0x04,0x00,0x00,0x48,
0x8b,0x8c,0x24,0x68,0x04,0x00,0x00,0x48,0x8b,0x94,0x24,0x70,0x04,0x00,0x00,0xff,
0x10,0x48,0x8b,0x1d,0x58,0x06,0x00,0x00,0x48,0x8d,0x84,0x24,0xc8,0x0d,0x00,0x00,
0x48,0x8b,0x0d,0x51,0x06,0x00,0x00,0x48,0x89,0x84,0x24,0x30,0x04,0x00,0x00,0x48,
0x89,0x8c,0x24,0x20,0x04,0x00,0x00,0x48,0x8b,0x84,0x24,0x20,0x04,0x00,0x00,0x48,
0x8b,0x8c,0x24,0x30,0x04,0x00,0x00,0xff,0x10,0x48,0x8d,0x84,0x24,0xc8,0x0d,0x00,
0x00,0x48,0x8d,0x0b,0x48,0x8d,0x15,0x6d,0x05,0x00,0x00,0x48,0x8b,0x1d,0x1e,0x06,
0x00,0x00,0x48,0x89,0x8c,0x24,0xf0,0x03,0x00,0x00,0x48,0x89,0x94,0x24,0x18,0x04,
0x00,0x00,0x48,0x89,0xc1,0x48,0x8b,0x94,0x24,0xf0,0x03,0x00,0x00,0x4c,0x8b,0x84,
0x24,0x18,0x04,0x00,0x00,0xff,0x13,0x48,0x8b,0x1d,0xca,0x06,0x00,0x00,0x48,0x8b,
0x05,0xbb,0x05,0x00,0x00,0x48,0x8d,0x8c,0x24,0xd8,0x0d,0x00,0x00,0x48,0x8d,0x13,
0x48,0x8d,0x00,0x48,0x8b,0x1d,0x6e,0x05,0x00,0x00,0x49,0x89,0xc0,0xff,0x13,0x8a,
0x84,0x24,0xa8,0x0d,0x00,0x00,0x3a,0x05,0x5c,0x03,0x00,0x00,0x0f,0x94,0xc0,0x48,
0x8d,0x8c,0x24,0xb0,0x0d,0x00,0x00,0x48,0x89,0x8c,0x24,0xd0,0x03,0x00,0x00,0x48,
0x8b,0x4c,0x24,0x78,0x48,0x8d,0x11,0x48,0x8d,0x9c,0x24,0xb8,0x0d,0x00,0x00,0x4c,
0x8d,0x8c,0x24,0xc8,0x0d,0x00,0x00,0x48,0x8d,0xbc,0x24,0xd8,0x0d,0x00,0x00,0x48,
0x8d,0xb1,0x60,0x04,0x00,0x00,0x88,0x84,0x24,0xe0,0x0d,0x00,0x00,0x48,0x8d,0x84,
0x24,0xe0,0x0d,0x00,0x00,0x48,0x8d,0x2d,0x0c,0x03,0x00,0x00,0x4c,0x8b,0x05,0x4d,
0x06,0x00,0x00,0x48,0x89,0x7c,0x24,0x20,0x48,0x89,0x74,0x24,0x28,0x48,0x89,0x44,
0x24,0x30,0x48,0x89,0x6c,0x24,0x38,0x4c,0x89,0xc5,0x48,0x8b,0x8c,0x24,0xd0,0x03,
0x00,0x00,0x49,0x89,0xd8,0xff,0x55,0x00,0x8a,0x9c,0x24,0xb0,0x0d,0x00,0x00,0x48,
0x8d,0x84,0x24,0xd8,0x0d,0x00,0x00,0x48,0x8b,0x0d,0xea,0x04,0x00,0x00,0x48,0x89,
0x84,0x24,0xd8,0x03,0x00,0x00,0x48,0x89,0x8c,0x24,0xe0,0x03,0x00,0x00,0x48,0x8b,
0x84,0x24,0xe0,0x03,0x00,0x00,0x48,0x8b,0x8c,0x24,0xd8,0x03,0x00,0x00,0xff,0x10,
0x48,0x8d,0x84,0x24,0xc8,0x0d,0x00,0x00,0x48,0x8b,0x0d,0xc1,0x04,0x00,0x00,0x48,
0x89,0x84,0x24,0xc0,0x03,0x00,0x00,0x48,0x89,0x8c,0x24,0xe8,0x03,0x00,0x00,0x48,
0x8b,0x84,0x24,0xe8,0x03,0x00,0x00,0x48,0x8b,0x8c,0x24,0xc0,0x03,0x00,0x00,0xff,
0x10,0x48,0x8d,0x84,0x24,0xb8,0x0d,0x00,0x00,0x48,0x8b,0x0d,0x90,0x04,0x00,0x00,
0x48,0x89,0x84,0x24,0xf8,0x03,0x00,0x00,0x48,0x89,0x8c,0x24,0x00,0x04,0x00,0x00,
0x48,0x8b,0x84,0x24,0x00,0x04,0x00,0x00,0x48,0x8b,0x8c,0x24,0xf8,0x03,0x00,0x00,
0xff,0x10,0x80,0xfb,0x00,0x0f,0x84,0x6b,0x00,0x00,0x00,0x48,0x8d,0x84,0x24,0xb0,
0x0d,0x00,0x00,0x48,0x8b,0x4c,0x24,0x78,0x48,0x8d,0x11,0x48,0x8b,0x1d,0x76,0x05,
0x00,0x00,0x48,0x89,0xc1,0xff,0x13,0x8a,0x84,0x24,0xb0,0x0d,0x00,0x00,0x3c,0x00,
0x0f,0x84,0x3b,0x00,0x00,0x00,0x48,0x8b,0x4c,0x24,0x78,0x48,0x8d,0x01,0x48,0x8b,
0x94,0x24,0x38,0x09,0x00,0x00,0x48,0x8d,0x12,0x4c,0x8b,0x84,0x24,0x40,0x09,0x00,
0x00,0x49,0x8d,0x18,0x4c,0x8d,0x8c,0x24,0xa8,0x0d,0x00,0x00,0x48,0x8b,0x2d,0x45,
0x05,0x00,0x00,0x48,0x89,0xc1,0x49,0x89,0xd8,0xff,0x55,0x00,0xe9,0x00,0x00,0x00,
0x00,0xe9,0x00,0x00,0x00,0x00,0xe9,0xd1,0x00,0x00,0x00,0x8a,0x84,0x24,0xa9,0x0d,
0x00,0x00,0x3a,0x05,0xc0,0x01,0x00,0x00,0x0f,0x94,0xc0,0x48,0x8d,0x11,0x88,0x84,
0x24,0xb0,0x0d,0x00,0x00,0x48,0x8d,0x84,0x24,0xb0,0x0d,0x00,0x00,0x48,0x8d,0x9c,
0x24,0xa8,0x0d,0x00,0x00,0x48,0x8b,0x2d,0x04,0x05,0x00,0x00,0x48,0x89,0x94,0x24,
0xa8,0x0e,0x00,0x00,0x48,0x8b,0x8c,0x24,0xa8,0x0e,0x00,0x00,0x48,0x89,0xc2,0x49,
0x89,0xd8,0xff,0x55,0x00,0x48,0x8b,0x4c,0x24,0x78,0x8a,0x81,0x19,0x08,0x00,0x00,
0x3c,0x00,0x0f,0x84,0x30,0x00,0x00,0x00,0x48,0x8d,0x01,0x4c,0x8b,0x84,0x24,0x40,
0x09,0x00,0x00,0x49,0x8d,0x10,0x48,0x8d,0x9c,0x24,0xa9,0x0d,0x00,0x00,0x48,0x8b,
0x2d,0xab,0x04,0x00,0x00,0x48,0x89,0xc1,0x49,0x89,0xd8,0xff,0x55,0x00,0x48,0x8b,
0x4c,0x24,0x78,0xe9,0x00,0x00,0x00,0x00,0x8a,0x81,0x1a,0x08,0x00,0x00,0x3c,0x00,
0x0f,0x84,0x36,0x00,0x00,0x00,0x48,0x8d,0x01,0x48,0x8b,0x94,0x24,0x38,0x09,0x00,
0x00,0x48,0x8d,0x12,0x4c,0x8b,0x84,0x24,0x40,0x09,0x00,0x00,0x49,0x8d,0x18,0x4c,
0x8d,0x8c,0x24,0xa8,0x0d,0x00,0x00,0x48,0x8b,0x2d,0x6a,0x04,0x00,0x00,0x48,0x89,
0xc1,0x49,0x89,0xd8,0xff,0x55,0x00,0xe9,0x00,0x00,0x00,0x00,0x48,0x8b,0x15,0x4d,
0x03,0x00,0x00,0x48,0x8d,0x84,0x24,0xb8,0x0d,0x00,0x00,0x48,0x8b,0x0d,0x46,0x03,
0x00,0x00,0x48,0x89,0x84,0x24,0x08,0x04,0x00,0x00,0x48,0x89,0x8c,0x24,0x10,0x04,
0x00,0x00,0x48,0x8b,0x84,0x24,0x10,0x04,0x00,0x00,0x48,0x8b,0x8c,0x24,0x08,0x04,
0x00,0x00,0x48,0x89,0x94,0x24,0x80,0x04,0x00,0x00,0xff,0x10,0x48,0x8d,0x84,0x24,
0xb8,0x0d,0x00,0x00,0x48,0x8b,0x94,0x24,0x80,0x04,0x00,0x00,0x48,0x8d,0x12,0x48,
0x8d,0x0d,0x56,0x02,0x00,0x00,0x48,0x8b,0x1d,0x03,0x03,0x00,0x00,0x48,0x89,0x8c,
0x24,0x58,0x04,0x00,0x00,0x48,0x89,0xc1,0x4c,0x8b,0x84,0x24,0x58,0x04,0x00,0x00,
0xff,0x13,0x48,0x8b,0x4c,0x24,0x78,0x48,0x8d,0x01,0x4c,0x8b,0x84,0x24,0x40,0x09,
0x00,0x00,0x49,0x8d,0x10,0x4c,0x8d,0x84,0x24,0xa8,0x0d,0x00,0x00,0x4c,0x8d,0x8c,
0x24,0xb8,0x0d,0x00,0x00,0x48,0x8b,0x1d,0xcc,0x03,0x00,0x00,0x48,0x89,0xc1,0xff,
0x13,0x48,0x8d,0x84,0x24,0xb8,0x0d,0x00,0x00,0x48,0x8b,0x0d,0x70,0x02,0x00,0x00,
0x48,0x89,0x84,0x24,0x88,0x04,0x00,0x00,0x48,0x89,0x8c,0x24,0x98,0x04,0x00,0x00,
0x48,0x8b,0x84,0x24,0x98,0x04,0x00,0x00,0x48,0x8b,0x8c,0x24,0x88,0x04,0x00,0x00,
0xff,0x10,0x48,0x8b,0x4c,0x24,0x78,0x48,0x8d,0x09,0x48,0x8b,0x05,0x8f,0x02,0x00,
0x00,0xff,0x10,0x48,0x81,0xc4,0xb8,0x0e,0x00,0x00,0x41,0x5f,0x41,0x5e,0x41,0x5d,
0x41,0x5c,0x5f,0x5e,0x5d,0x5b,0xc3,0x00,0x00,0x75,0x69,0x5f,0x63,0x6f,0x6e,0x74,
0x61,0x69,0x6e,0x65,0x72,0x00,0x6f,0x6e,0x00,0x00,0x00,0x00,0x67,0x72,0x61,0x70,
0x68,0x69,0x63,0x73,0x5f,0x73,0x63,0x72,0x6f,0x6c,0x6c,0x00,0x71,0x75,0x61,0x6c,
0x69,0x74,0x79,0x5f,0x73,0x65,0x74,0x74,0x69,0x6e,0x67,0x73,0x00,0x00,0x00,0x00,
0x01,0x00,0x00,0x00,0x71,0x75,0x61,0x6c,0x69,0x74,0x79,0x5f,0x68,0x65,0x61,0x64,
0x69,0x6e,0x67,0x73,0x5f,0x61,0x6c,0x69,0x67,0x6e,0x00,0x00,0x02,0x00,0x00,0x00,
0x71,0x75,0x61,0x6c,0x69,0x74,0x79,0x5f,0x68,0x65,0x61,0x64,0x69,0x6e,0x67,0x5f,
0x61,0x6c,0x69,0x67,0x6e,0x00,0x71,0x75,0x61,0x6c,0x69,0x74,0x79,0x5f,0x68,0x65,
0x61,0x64,0x69,0x6e,0x67,0x00,0x74,0x69,0x3e,0x00,0x00,0x00,0x6f,0x70,0x74,0x69,
0x6f,0x6e,0x73,0x5f,0x74,0x61,0x62,0x6c,0x65,0x00,0x74,0x65,0x04,0x00,0x00,0x00,
0x4f,0x00,0x00,0x00,0x50,0x00,0x00,0x00,0x51,0x00,0x00,0x00,0x03,0x00,0x00,0x00,
0x52,0x00,0x00,0x00,0x3f,0x00,0x00,0x00,0x40,0x00,0x00,0x00,0x41,0x00,0x00,0x00,
0x42,0x00,0x00,0x00,0x43,0x00,0x00,0x00,0x44,0x00,0x00,0x00,0x05,0x00,0x00,0x00,
0x45,0x00,0x00,0x00,0x06,0x00,0x00,0x00,0x4c,0x00,0x00,0x00,0x07,0x00,0x00,0x00,
0x4d,0x00,0x00,0x00,0x08,0x00,0x00,0x00,0x4e,0x00,0x00,0x00,0x09,0x00,0x00,0x00,
0x9c,0x00,0x00,0x00,0x9d,0x00,0x00,0x00,0x46,0x00,0x00,0x00,0x0a,0x00,0x00,0x00,
0x20,0x78,0x20,0x00,0x47,0x00,0x00,0x00,0x0b,0x00,0x00,0x00,0x2d,0x00,0x61,0x79,
0x48,0x00,0x00,0x00,0x0c,0x00,0x00,0x00,0x63,0x61,0x6d,0x65,0x72,0x61,0x5f,0x73,
0x65,0x74,0x74,0x69,0x6e,0x67,0x73,0x00,0x63,0x61,0x6d,0x65,0x72,0x61,0x5f,0x68,
0x65,0x61,0x64,0x69,0x6e,0x67,0x73,0x5f,0x61,0x6c,0x69,0x67,0x6e,0x00,0x63,0x61,
0x6d,0x65,0x72,0x61,0x5f,0x68,0x65,0x61,0x64,0x69,0x6e,0x67,0x5f,0x61,0x6c,0x69,
0x67,0x6e,0x00,0x63,0x61,0x6d,0x65,0x72,0x61,0x5f,0x68,0x65,0x61,0x64,0x69,0x6e,
0x67,0x00,0x6d,0x65,0x49,0x00,0x00,0x00,0x4a,0x00,0x00,0x00,0x4b,0x00,0x00,0x00,
0x3c,0x00,0x00,0x00,0x78,0x00,0x00,0x00,0x66,0x6f,0x6f,0x74,0x65,0x72,0x5f,0x62,
0x61,0x72,0x00,0x72,0x65,0x76,0x65,0x72,0x73,0x65,0x5f,0x73,0x65,0x74,0x74,0x69,
0x6e,0x67,0x73,0x5f,0x62,0x75,0x74,0x74,0x6f,0x6e,0x00,0x73,0x10,0x00,0x00,0x00,
0x61,0x70,0x70,0x6c,0x79,0x5f,0x73,0x65,0x74,0x74,0x69,0x6e,0x67,0x73,0x5f,0x62,
0x75,0x74,0x74,0x6f,0x6e,0x00,0x73,0x65,0x0f,0x00,0x00,0x00,0x94,0x00,0x00,0x00,
};

static const unsigned char MENU_AUDIO[]={
0x53,0x55,0x56,0x57,0x41,0x54,0x41,0x55,0x41,0x56,0x41,0x57,0x48,0x81,0xec,0x48,
0x09,0x00,0x00,0x48,0x89,0x8c,0x24,0xd8,0x08,0x00,0x00,0x48,0x89,0x94,0x24,0xe0,
0x08,0x00,0x00,0x4c,0x89,0x84,0x24,0xe8,0x08,0x00,0x00,0x48,0x8d,0x84,0x24,0xf1,
0x08,0x00,0x00,0x48,0x8d,0x5a,0x74,0x49,0x8d,0xa8,0x0c,0x01,0x00,0x00,0x48,0x8b,
0x35,0x4b,0x2f,0x00,0x00,0x48,0x89,0x4c,0x24,0x78,0x48,0x89,0x94,0x24,0x18,0x06,
0x00,0x00,0x4c,0x89,0x84,0x24,0x08,0x06,0x00,0x00,0x48,0x89,0xc1,0x48,0x89,0xda,
0x49,0x89,0xe8,0xff,0x16,0x8a,0x84,0x24,0xf1,0x08,0x00,0x00,0x3a,0x05,0xbe,0x2d,
0x00,0x00,0x0f,0x94,0x84,0x24,0xf0,0x08,0x00,0x00,0x48,0x8d,0x84,0x24,0xf4,0x08,
0x00,0x00,0x48,0x8b,0x0d,0x0f,0x2f,0x00,0x00,0x48,0x89,0x84,0x24,0x20,0x06,0x00,
0x00,0x48,0x89,0x8c,0x24,0x30,0x06,0x00,0x00,0x48,0x8b,0x84,0x24,0x30,0x06,0x00,
0x00,0x48,0x8b,0x8c,0x24,0x20,0x06,0x00,0x00,0xff,0x10,0x48,0x8d,0x84,0x24,0xf1,
0x08,0x00,0x00,0x4c,0x8b,0x84,0x24,0x08,0x06,0x00,0x00,0x49,0x8d,0x88,0x0c,0x01,
0x00,0x00,0x48,0x8d,0x94,0x24,0xf4,0x08,0x00,0x00,0x48,0x8b,0x1d,0xbf,0x2e,0x00,
0x00,0x48,0x89,0x8c,0x24,0x38,0x06,0x00,0x00,0x48,0x89,0x94,0x24,0x10,0x06,0x00,
0x00,0x48,0x89,0xc1,0x48,0x8b,0x94,0x24,0x38,0x06,0x00,0x00,0x4c,0x8b,0x84,0x24,
0x10,0x06,0x00,0x00,0xff,0x13,0x48,0x8d,0x84,0x24,0xf4,0x08,0x00,0x00,0x48,0x8b,
0x0d,0x9b,0x2e,0x00,0x00,0x48,0x89,0x84,0x24,0x00,0x06,0x00,0x00,0x48,0x89,0x8c,
0x24,0xc8,0x05,0x00,0x00,0x48,0x8b,0x84,0x24,0xc8,0x05,0x00,0x00,0x48,0x8b,0x8c,
0x24,0x00,0x06,0x00,0x00,0xff,0x10,0x48,0x8b,0x05,0x7a,0x2e,0x00,0x00,0x8b,0x68,
0x68,0x48,0x8b,0x05,0x78,0x2e,0x00,0x00,0x8b,0x58,0x68,0x89,0xe8,0x01,0xd8,0x89,
0x84,0x24,0xf4,0x08,0x00,0x00,0x48,0x8d,0x84,0x24,0xf8,0x08,0x00,0x00,0x48,0x8d,
0x0d,0xdc,0x2c,0x00,0x00,0x48,0x8b,0x15,0x5c,0x2e,0x00,0x00,0x48,0x89,0x84,0x24,
0xf8,0x05,0x00,0x00,0x48,0x89,0x8c,0x24,0xf0,0x05,0x00,0x00,0x48,0x89,0x94,0x24,
0xe8,0x05,0x00,0x00,0x48,0x8b,0x84,0x24,0xe8,0x05,0x00,0x00,0x48,0x8b,0x8c,0x24,
0xf8,0x05,0x00,0x00,0x48,0x8b,0x94,0x24,0xf0,0x05,0x00,0x00,0xff,0x10,0x48,0x8b,
0x1d,0x2b,0x2e,0x00,0x00,0x48,0x8b,0x05,0x2c,0x2e,0x00,0x00,0x48,0x8d,0x8c,0x24,
0x08,0x09,0x00,0x00,0x48,0x8d,0x13,0x48,0x8d,0x00,0x48,0x8b,0x1d,0x1f,0x2e,0x00,
0x00,0x49,0x89,0xc0,0xff,0x13,0x48,0x8d,0x84,0x24,0x10,0x09,0x00,0x00,0x48,0x8b,
0x0d,0x13,0x2e,0x00,0x00,0x48,0x89,0x84,0x24,0xe0,0x05,0x00,0x00,0x48,0x89,0x8c,
0x24,0xd8,0x05,0x00,0x00,0x48,0x8b,0x84,0x24,0xd8,0x05,0x00,0x00,0x48,0x8b,0x8c,
0x24,0xe0,0x05,0x00,0x00,0xff,0x10,0x48,0x8b,0x35,0xf2,0x2d,0x00,0x00,0x48,0x8b,
0x4c,0x24,0x78,0x48,0x8d,0x01,0x48,0x8d,0x94,0x24,0xf8,0x08,0x00,0x00,0x48,0x8d,
0x9c,0x24,0x08,0x09,0x00,0x00,0x4c,0x8d,0x0d,0x33,0x2c,0x00,0x00,0x48,0x8d,0x2d,
0x2c,0x2c,0x00,0x00,0x48,0x8d,0x3d,0x25,0x2c,0x00,0x00,0x4c,0x8d,0x84,0x24,0x10,
0x09,0x00,0x00,0x48,0x8d,0x36,0x4c,0x8b,0x15,0xbb,0x2d,0x00,0x00,0x48,0x89,0x6c,
0x24,0x20,0x48,0x89,0x7c,0x24,0x28,0x4c,0x89,0x44,0x24,0x30,0x48,0x89,0x74,0x24,
0x38,0x48,0x89,0xc1,0x49,0x89,0xd8,0x41,0xff,0x12,0x48,0x8d,0x84,0x24,0x10,0x09,
0x00,0x00,0x48,0x8b,0x0d,0x97,0x2d,0x00,0x00,0x48,0x89,0x84,0x24,0x40,0x06,0x00,
0x00,0x48,0x89,0x8c,0x24,0x28,0x06,0x00,0x00,0x48,0x8b,0x84,0x24,0x28,0x06,0x00,
0x00,0x48,0x8b,0x8c,0x24,0x40,0x06,0x00,0x00,0xff,0x10,0x48,0x8d,0x84,0x24,0x08,
0x09,0x00,0x00,0x48,0x8b,0x0d,0x66,0x2d,0x00,0x00,0x48,0x89,0x84,0x24,0x48,0x06,
0x00,0x00,0x48,0x89,0x8c,0x24,0x58,0x06,0x00,0x00,0x48,0x8b,0x84,0x24,0x58,0x06,
0x00,0x00,0x48,0x8b,0x8c,0x24,0x48,0x06,0x00,0x00,0xff,0x10,0x48,0x8d,0x84,0x24,
0xf8,0x08,0x00,0x00,0x48,0x8b,0x0d,0x3d,0x2d,0x00,0x00,0x48,0x89,0x84,0x24,0xa0,
0x06,0x00,0x00,0x48,0x89,0x8c,0x24,0x90,0x06,0x00,0x00,0x48,0x8b,0x84,0x24,0x90,
0x06,0x00,0x00,0x48,0x8b,0x8c,0x24,0xa0,0x06,0x00,0x00,0xff,0x10,0x48,0x8d,0x84,
0x24,0xf8,0x08,0x00,0x00,0x48,0x8d,0x0d,0x58,0x2b,0x00,0x00,0x48,0x8b,0x15,0xc5,
0x2c,0x00,0x00,0x48,0x89,0x84,0x24,0xa8,0x06,0x00,0x00,0x48,0x89,0x8c,0x24,0xb8,
0x06,0x00,0x00,0x48,0x89,0x94,0x24,0xc0,0x06,0x00,0x00,0x48,0x8b,0x84,0x24,0xc0,
0x06,0x00,0x00,0x48,0x8b,0x8c,0x24,0xa8,0x06,0x00,0x00,0x48,0x8b,0x94,0x24,0xb8,
0x06,0x00,0x00,0xff,0x10,0x48,0x8b,0x05,0x94,0x2c,0x00,0x00,0x48,0x8b,0x1d,0x8d,
0x2c,0x00,0x00,0x48,0x8d,0x8c,0x24,0x08,0x09,0x00,0x00,0x48,0x8d,0x00,0x48,0x8d,
0x13,0x48,0x8b,0x1d,0x88,0x2c,0x00,0x00,0x48,0x89,0x94,0x24,0x98,0x06,0x00,0x00,
0x48,0x89,0xc2,0x4c,0x8b,0x84,0x24,0x98,0x06,0x00,0x00,0xff,0x13,0x48,0x8b,0x4c,
0x24,0x78,0x48,0x8d,0x01,0x48,0x8d,0x94,0x24,0xf8,0x08,0x00,0x00,0x48,0x8d,0x9c,
0x24,0x08,0x09,0x00,0x00,0x4c,0x8d,0x0d,0xc4,0x2a,0x00,0x00,0x48,0x8d,0x2d,0xad,
0x2a,0x00,0x00,0x4c,0x8b,0x84,0x24,0x08,0x06,0x00,0x00,0x49,0x8d,0x70,0x18,0x48,
0x8b,0x3d,0x6a,0x2c,0x00,0x00,0x48,0x89,0x6c,0x24,0x20,0x48,0x89,0x74,0x24,0x28,
0x48,0x89,0xc1,0x49,0x89,0xd8,0xff,0x17,0x48,0x8d,0x84,0x24,0x08,0x09,0x00,0x00,
0x48,0x8b,0x0d,0x39,0x2c,0x00,0x00,0x48,0x89,0x84,0x24,0x88,0x06,0x00,0x00,0x48,
0x89,0x8c,0x24,0x50,0x06,0x00,0x00,0x48,0x8b,0x84,0x24,0x50,0x06,0x00,0x00,0x48,
0x8b,0x8c,0x24,0x88,0x06,0x00,0x00,0xff,0x10,0x48,0x8d,0x84,0x24,0xf8,0x08,0x00,
0x00,0x48,0x8b,0x0d,0x10,0x2c,0x00,0x00,0x48,0x89,0x84,0x24,0x80,0x06,0x00,0x00,
0x48,0x89,0x8c,0x24,0x78,0x06,0x00,0x00,0x48,0x8b,0x84,0x24,0x78,0x06,0x00,0x00,
0x48,0x8b,0x8c,0x24,0x80,0x06,0x00,0x00,0xff,0x10,0x48,0x8d,0x84,0x24,0xf8,0x08,
0x00,0x00,0x48,0x8d,0x0d,0x38,0x2a,0x00,0x00,0x48,0x8b,0x15,0x98,0x2b,0x00,0x00,
0x48,0x89,0x84,0x24,0x70,0x06,0x00,0x00,0x48,0x89,0x8c,0x24,0x68,0x06,0x00,0x00,
0x48,0x89,0x94,0x24,0x60,0x06,0x00,0x00,0x48,0x8b,0x84,0x24,0x60,0x06,0x00,0x00,
0x48,0x8b,0x8c,0x24,0x70,0x06,0x00,0x00,0x48,0x8b,0x94,0x24,0x68,0x06,0x00,0x00,
0xff,0x10,0x48,0x8b,0x3d,0x67,0x2b,0x00,0x00,0x48,0x8b,0x35,0xa8,0x2b,0x00,0x00,
0x48,0x8b,0x2d,0xa9,0x2b,0x00,0x00,0x48,0x8b,0x05,0x3a,0x2b,0x00,0x00,0x8b,0x58,
0x68,0x8b,0x45,0x00,0x0f,0xaf,0xc3,0x8b,0x1e,0x01,0xc3,0x48,0x8d,0x84,0x24,0x08,
0x09,0x00,0x00,0x48,0x8d,0x0f,0x89,0x9c,0x24,0x10,0x09,0x00,0x00,0x48,0x8d,0x94,
0x24,0x10,0x09,0x00,0x00,0x48,0x8b,0x1d,0x34,0x2b,0x00,0x00,0x48,0x89,0x8c,0x24,
0xd0,0x05,0x00,0x00,0x48,0x89,0x94,0x24,0xc0,0x05,0x00,0x00,0x48,0x89,0xc1,0x48,
0x8b,0x94,0x24,0xd0,0x05,0x00,0x00,0x4c,0x8b,0x84,0x24,0xc0,0x05,0x00,0x00,0xff,
0x13,0x48,0x8d,0x84,0x24,0x14,0x09,0x00,0x00,0x48,0x8b,0x0d,0x08,0x2b,0x00,0x00,
0x48,0x89,0x84,0x24,0xa0,0x05,0x00,0x00,0x48,0x89,0x8c,0x24,0xb8,0x05,0x00,0x00,
0x48,0x8b,0x84,0x24,0xb8,0x05,0x00,0x00,0x48,0x8b,0x8c,0x24,0xa0,0x05,0x00,0x00,
0xff,0x10,0x48,0x8b,0x4c,0x24,0x78,0x48,0x8d,0x01,0x48,0x8d,0x94,0x24,0xf8,0x08,
0x00,0x00,0x48,0x8d,0x9c,0x24,0x08,0x09,0x00,0x00,0x48,0x8d,0x2d,0x2f,0x29,0x00,
0x00,0x48,0x8d,0x35,0x28,0x29,0x00,0x00,0x48,0x8d,0x3d,0x45,0x29,0x00,0x00,0x4c,
0x8d,0x84,0x24,0x14,0x09,0x00,0x00,0x4c,0x8d,0x0d,0x12,0x29,0x00,0x00,0x4c,0x8d,
0x15,0x2f,0x29,0x00,0x00,0x4c,0x8b,0x1d,0xdc,0x2a,0x00,0x00,0x48,0x89,0x74,0x24,
0x20,0x48,0x89,0x7c,0x24,0x28,0x4c,0x89,0x44,0x24,0x30,0x4c,0x89,0x4c,0x24,0x38,
0x4c,0x89,0x54,0x24,0x40,0x48,0x89,0xc1,0x49,0x89,0xd8,0x49,0x89,0xe9,0x41,0xff,
0x13,0x48,0x8d,0x84,0x24,0x14,0x09,0x00,0x00,0x48,0x8b,0x0d,0x80,0x2a,0x00,0x00,
0x48,0x89,0x84,0x24,0x08,0x05,0x00,0x00,0x48,0x89,0x8c,0x24,0xf8,0x04,0x00,0x00,
0x48,0x8b,0x84,0x24,0xf8,0x04,0x00,0x00,0x48,0x8b,0x8c,0x24,0x08,0x05,0x00,0x00,
0xff,0x10,0x48,0x8d,0x84,0x24,0x08,0x09,0x00,0x00,0x48,0x8b,0x0d,0x4f,0x2a,0x00,
0x00,0x48,0x89,0x84,0x24,0x10,0x05,0x00,0x00,0x48,0x89,0x8c,0x24,0x20,0x05,0x00,
0x00,0x48,0x8b,0x84,0x24,0x20,0x05,0x00,0x00,0x48,0x8b,0x8c,0x24,0x10,0x05,0x00,
0x00,0xff,0x10,0x48,0x8d,0x84,0x24,0xf8,0x08,0x00,0x00,0x48,0x8b,0x0d,0x26,0x2a,
0x00,0x00,0x48,0x89,0x84,0x24,0x28,0x05,0x00,0x00,0x48,0x89,0x8c,0x24,0x00,0x05,
0x00,0x00,0x48,0x8b,0x84,0x24,0x00,0x05,0x00,0x00,0x48,0x8b,0x8c,0x24,0x28,0x05,
0x00,0x00,0xff,0x10,0x48,0x8d,0x84,0x24,0xf8,0x08,0x00,0x00,0x48,0x8d,0x0d,0x65,
0x28,0x00,0x00,0x48,0x8b,0x15,0xae,0x29,0x00,0x00,0x48,0x89,0x84,0x24,0xf0,0x04,
0x00,0x00,0x48,0x89,0x8c,0x24,0xb8,0x04,0x00,0x00,0x48,0x89,0x94,0x24,0xe8,0x04,
0x00,0x00,0x48,0x8b,0x84,0x24,0xe8,0x04,0x00,0x00,0x48,0x8b,0x8c,0x24,0xf0,0x04,
0x00,0x00,0x48,0x8b,0x94,0x24,0xb8,0x04,0x00,0x00,0xff,0x10,0x48,0x8b,0x05,0xdd,
0x29,0x00,0x00,0x48,0x8b,0x1d,0xbe,0x29,0x00,0x00,0x48,0x8d,0x8c,0x24,0x08,0x09,
0x00,0x00,0x48,0x8d,0x00,0x48,0x8d,0x13,0x48,0x8b,0x1d,0x71,0x29,0x00,0x00,0x48,
0x89,0x94,0x24,0xe0,0x04,0x00,0x00,0x48,0x89,0xc2,0x4c,0x8b,0x84,0x24,0xe0,0x04,
0x00,0x00,0xff,0x13,0x48,0x8d,0x84,0x24,0x10,0x09,0x00,0x00,0x48,0x8b,0x0d,0x55,
0x29,0x00,0x00,0x48,0x89,0x84,0x24,0xd8,0x04,0x00,0x00,0x48,0x89,0x8c,0x24,0xd0,
0x04,0x00,0x00,0x48,0x8b,0x84,0x24,0xd0,0x04,0x00,0x00,0x48,0x8b,0x8c,0x24,0xd8,
0x04,0x00,0x00,0xff,0x10,0x48,0x8b,0x4c,0x24,0x78,0x48,0x8d,0x01,0x48,0x8d,0x94,
0x24,0xf8,0x08,0x00,0x00,0x48,0x8d,0x9c,0x24,0x08,0x09,0x00,0x00,0x4c,0x8d,0x0d,
0x7c,0x27,0x00,0x00,0x48,0x8d,0x2d,0xb5,0x27,0x00,0x00,0x48,0x8d,0x35,0x6e,0x27,
0x00,0x00,0x48,0x8d,0xbc,0x24,0x10,0x09,0x00,0x00,0x4c,0x8d,0x05,0x5f,0x27,0x00,
0x00,0x4c,0x8d,0x15,0x7c,0x27,0x00,0x00,0x4c,0x8b,0x1d,0x29,0x29,0x00,0x00,0x48,
0x89,0x6c,0x24,0x20,0x48,0x89,0x74,0x24,0x28,0x48,0x89,0x7c,0x24,0x30,0x4c,0x89,
0x44,0x24,0x38,0x4c,0x89,0x54,0x24,0x40,0x48,0x89,0xc1,0x49,0x89,0xd8,0x41,0xff,
0x13,0x48,0x8d,0x84,0x24,0x10,0x09,0x00,0x00,0x48,0x8b,0x0d,0xd0,0x28,0x00,0x00,
0x48,0x89,0x84,0x24,0xc8,0x04,0x00,0x00,0x48,0x89,0x8c,0x24,0x30,0x05,0x00,0x00,
0x48,0x8b,0x84,0x24,0x30,0x05,0x00,0x00,0x48,0x8b,0x8c,0x24,0xc8,0x04,0x00,0x00,
0xff,0x10,0x48,0x8d,0x84,0x24,0x08,0x09,0x00,0x00,0x48,0x8b,0x0d,0x9f,0x28,0x00,
0x00,0x48,0x89,0x84,0x24,0x18,0x05,0x00,0x00,0x48,0x89,0x8c,0x24,0x38,0x05,0x00,
0x00,0x48,0x8b,0x84,0x24,0x38,0x05,0x00,0x00,0x48,0x8b,0x8c,0x24,0x18,0x05,0x00,
0x00,0xff,0x10,0x48,0x8d,0x84,0x24,0xf8,0x08,0x00,0x00,0x48,0x8b,0x0d,0x76,0x28,
0x00,0x00,0x48,0x89,0x84,0x24,0x48,0x05,0x00,0x00,0x48,0x89,0x8c,0x24,0x90,0x05,
0x00,0x00,0x48,0x8b,0x84,0x24,0x90,0x05,0x00,0x00,0x48,0x8b,0x8c,0x24,0x48,0x05,
0x00,0x00,0xff,0x10,0x48,0x8d,0x84,0x24,0xf8,0x08,0x00,0x00,0x48,0x8d,0x0d,0xd1,
0x26,0x00,0x00,0x48,0x8b,0x15,0xfe,0x27,0x00,0x00,0x48,0x89,0x84,0x24,0x80,0x05,
0x00,0x00,0x48,0x89,0x8c,0x24,0x98,0x05,0x00,0x00,0x48,0x89,0x94,0x24,0xa8,0x05,
0x00,0x00,0x48,0x8b,0x84,0x24,0xa8,0x05,0x00,0x00,0x48,0x8b,0x8c,0x24,0x80,0x05,
0x00,0x00,0x48,0x8b,0x94,0x24,0x98,0x05,0x00,0x00,0xff,0x10,0x48,0x8b,0x1d,0x2d,
0x28,0x00,0x00,0x48,0x8b,0x05,0x0e,0x28,0x00,0x00,0x48,0x8d,0x8c,0x24,0x08,0x09,
0x00,0x00,0x48,0x8d,0x13,0x48,0x8d,0x00,0x48,0x8b,0x1d,0xc1,0x27,0x00,0x00,0x49,
0x89,0xc0,0xff,0x13,0x48,0x8d,0x84,0x24,0x10,0x09,0x00,0x00,0x48,0x8b,0x0d,0xb5,
0x27,0x00,0x00,0x48,0x89,0x84,0x24,0xb0,0x05,0x00,0x00,0x48,0x89,0x8c,0x24,0x88,
0x05,0x00,0x00,0x48,0x8b,0x84,0x24,0x88,0x05,0x00,0x00,0x48,0x8b,0x8c,0x24,0xb0,
0x05,0x00,0x00,0xff,0x10,0x48,0x8b,0x4c,0x24,0x78,0x48,0x8d,0x01,0x48,0x8d,0x94,
0x24,0xf8,0x08,0x00,0x00,0x48,0x8d,0x9c,0x24,0x08,0x09,0x00,0x00,0x4c,0x8d,0x0d,
0xdc,0x25,0x00,0x00,0x48,0x8d,0x2d,0x15,0x26,0x00,0x00,0x48,0x8d,0x35,0xce,0x25,
0x00,0x00,0x48,0x8d,0xbc,0x24,0x10,0x09,0x00,0x00,0x4c,0x8d,0x05,0xbf,0x25,0x00,
0x00,0x4c,0x8b,0x15,0x60,0x27,0x00,0x00,0x48,0x89,0x6c,0x24,0x20,0x48,0x89,0x74,
0x24,0x28,0x48,0x89,0x7c,0x24,0x30,0x4c,0x89,0x44,0x24,0x38,0x48,0x89,0xc1,0x49,
0x89,0xd8,0x41,0xff,0x12,0x48,0x8d,0x84,0x24,0x10,0x09,0x00,0x00,0x48,0x8b,0x0d,
0x3c,0x27,0x00,0x00,0x48,0x89,0x84,0x24,0x78,0x05,0x00,0x00,0x48,0x89,0x8c,0x24,
0x40,0x05,0x00,0x00,0x48,0x8b,0x84,0x24,0x40,0x05,0x00,0x00,0x48,0x8b,0x8c,0x24,
0x78,0x05,0x00,0x00,0xff,0x10,0x48,0x8d,0x84,0x24,0x08,0x09,0x00,0x00,0x48,0x8b,
0x0d,0x0b,0x27,0x00,0x00,0x48,0x89,0x84,0x24,0x70,0x05,0x00,0x00,0x48,0x89,0x8c,
0x24,0x68,0x05,0x00,0x00,0x48,0x8b,0x84,0x24,0x68,0x05,0x00,0x00,0x48,0x8b,0x8c,
0x24,0x70,0x05,0x00,0x00,0xff,0x10,0x48,0x8d,0x84,0x24,0xf8,0x08,0x00,0x00,0x48,
0x8b,0x0d,0xe2,0x26,0x00,0x00,0x48,0x89,0x84,0x24,0x60,0x05,0x00,0x00,0x48,0x89,
0x8c,0x24,0x58,0x05,0x00,0x00,0x48,0x8b,0x84,0x24,0x58,0x05,0x00,0x00,0x48,0x8b,
0x8c,0x24,0x60,0x05,0x00,0x00,0xff,0x10,0x48,0x8d,0x84,0x24,0xf8,0x08,0x00,0x00,
0x48,0x8d,0x0d,0x52,0x25,0x00,0x00,0x48,0x8b,0x15,0x6a,0x26,0x00,0x00,0x48,0x89,
0x84,0x24,0x50,0x05,0x00,0x00,0x48,0x89,0x8c,0x24,0xc8,0x06,0x00,0x00,0x48,0x89,
0x94,0x24,0xb0,0x06,0x00,0x00,0x48,0x8b,0x84,0x24,0xb0,0x06,0x00,0x00,0x48,0x8b,
0x8c,0x24,0x50,0x05,0x00,0x00,0x48,0x8b,0x94,0x24,0xc8,0x06,0x00,0x00,0xff,0x10,
0x48,0x8b,0x1d,0xa1,0x26,0x00,0x00,0x48,0x8d,0x84,0x24,0x08,0x09,0x00,0x00,0x48,
0x8b,0x0d,0x9a,0x26,0x00,0x00,0x48,0x89,0x84,0x24,0xd0,0x06,0x00,0x00,0x48,0x89,
0x8c,0x24,0xe0,0x06,0x00,0x00,0x48,0x8b,0x84,0x24,0xe0,0x06,0x00,0x00,0x48,0x8b,
0x8c,0x24,0xd0,0x06,0x00,0x00,0xff,0x10,0x48,0x8d,0x84,0x24,0x08,0x09,0x00,0x00,
0x48,0x8d,0x0b,0x48,0x8d,0x15,0xde,0x24,0x00,0x00,0x48,0x8b,0x1d,0x67,0x26,0x00,
0x00,0x48,0x89,0x8c,0x24,0x38,0x08,0x00,0x00,0x48,0x89,0x94,0x24,0x28,0x08,0x00,
0x00,0x48,0x89,0xc1,0x48,0x8b,0x94,0x24,0x38,0x08,0x00,0x00,0x4c,0x8b,0x84,0x24,
0x28,0x08,0x00,0x00,0xff,0x13,0x48,0x8b,0x4c,0x24,0x78,0x48,0x8d,0x01,0x48,0x8d,
0x94,0x24,0xf8,0x08,0x00,0x00,0x48,0x8d,0x9c,0x24,0x08,0x09,0x00,0x00,0x48,0x8b,
0x2d,0x2b,0x26,0x00,0x00,0x48,0x89,0xc1,0x49,0x89,0xd8,0xff,0x55,0x00,0x48,0x8d,
0x84,0x24,0x08,0x09,0x00,0x00,0x48,0x8b,0x0d,0xcb,0x25,0x00,0x00,0x48,0x89,0x84,
0x24,0x40,0x08,0x00,0x00,0x48,0x89,0x8c,0x24,0x50,0x08,0x00,0x00,0x48,0x8b,0x84,
0x24,0x50,0x08,0x00,0x00,0x48,0x8b,0x8c,0x24,0x40,0x08,0x00,0x00,0xff,0x10,0x48,
0x8d,0x84,0x24,0xf8,0x08,0x00,0x00,0x48,0x8b,0x0d,0x9a,0x25,0x00,0x00,0x48,0x89,
0x84,0x24,0x58,0x08,0x00,0x00,0x48,0x89,0x8c,0x24,0x30,0x08,0x00,0x00,0x48,0x8b,
0x84,0x24,0x30,0x08,0x00,0x00,0x48,0x8b,0x8c,0x24,0x58,0x08,0x00,0x00,0xff,0x10,
0x48,0x8b,0x4c,0x24,0x78,0x48,0x8d,0x01,0x48,0x8b,0x15,0xb9,0x25,0x00,0x00,0x48,
0x89,0xc1,0xff,0x12,0x48,0x8b,0x4c,0x24,0x78,0x48,0x8d,0x01,0x48,0x8b,0x15,0xa5,
0x25,0x00,0x00,0x48,0x89,0xc1,0xff,0x12,0x48,0x8d,0x84,0x24,0xf8,0x08,0x00,0x00,
0x48,0x8d,0x0d,0xf5,0x23,0x00,0x00,0x48,0x8b,0x15,0xfa,0x24,0x00,0x00,0x48,0x89,
0x84,0x24,0x20,0x08,0x00,0x00,0x48,0x89,0x8c,0x24,0xe8,0x07,0x00,0x00,0x48,0x89,
0x94,0x24,0x18,0x08,0x00,0x00,0x48,0x8b,0x84,0x24,0x18,0x08,0x00,0x00,0x48,0x8b,
0x8c,0x24,0x20,0x08,0x00,0x00,0x48,0x8b,0x94,0x24,0xe8,0x07,0x00,0x00,0xff,0x10,
0x48,0x8b,0x1d,0x29,0x25,0x00,0x00,0x48,0x8b,0x05,0x12,0x25,0x00,0x00,0x48,0x8d,
0x8c,0x24,0x08,0x09,0x00,0x00,0x48,0x8d,0x13,0x48,0x8d,0x00,0x48,0x8b,0x1d,0xbd,
0x24,0x00,0x00,0x49,0x89,0xc0,0xff,0x13,0x48,0x8b,0x4c,0x24,0x78,0x48,0x8d,0x01,
0x48,0x8d,0x94,0x24,0xf8,0x08,0x00,0x00,0x48,0x8d,0x1d,0x51,0x23,0x00,0x00,0x4c,
0x8d,0x8c,0x24,0x08,0x09,0x00,0x00,0x48,0x8d,0x2d,0x02,0x23,0x00,0x00,0x48,0x8b,
0x35,0x0b,0x25,0x00,0x00,0x48,0x89,0x6c,0x24,0x20,0x48,0x89,0xc1,0x49,0x89,0xd8,
0xff,0x16,0x48,0x8d,0x84,0x24,0x08,0x09,0x00,0x00,0x48,0x8b,0x0d,0x8f,0x24,0x00,
0x00,0x48,0x89,0x84,0x24,0x10,0x08,0x00,0x00,0x48,0x89,0x8c,0x24,0x08,0x08,0x00,
0x00,0x48,0x8b,0x84,0x24,0x08,0x08,0x00,0x00,0x48,0x8b,0x8c,0x24,0x10,0x08,0x00,
0x00,0xff,0x10,0x48,0x8d,0x84,0x24,0xf8,0x08,0x00,0x00,0x48,0x8b,0x0d,0x66,0x24,
0x00,0x00,0x48,0x89,0x84,0x24,0x00,0x08,0x00,0x00,0x48,0x89,0x8c,0x24,0xf8,0x07,
0x00,0x00,0x48,0x8b,0x84,0x24,0xf8,0x07,0x00,0x00,0x48,0x8b,0x8c,0x24,0x00,0x08,
0x00,0x00,0xff,0x10,0x48,0x8b,0x1d,0x6d,0x24,0x00,0x00,0x48,0x8d,0x84,0x24,0xf8,
0x08,0x00,0x00,0x48,0x8b,0x0d,0x66,0x24,0x00,0x00,0x48,0x89,0x84,0x24,0x60,0x08,
0x00,0x00,0x48,0x89,0x8c,0x24,0x48,0x08,0x00,0x00,0x48,0x8b,0x84,0x24,0x48,0x08,
0x00,0x00,0x48,0x8b,0x8c,0x24,0x60,0x08,0x00,0x00,0xff,0x10,0x48,0x8d,0x84,0x24,
0xf8,0x08,0x00,0x00,0x48,0x8d,0x0b,0x48,0x8d,0x15,0xbe,0x22,0x00,0x00,0x48,0x8b,
0x1d,0x33,0x24,0x00,0x00,0x48,0x89,0x8c,0x24,0x68,0x08,0x00,0x00,0x48,0x89,0x94,
0x24,0x78,0x08,0x00,0x00,0x48,0x89,0xc1,0x48,0x8b,0x94,0x24,0x68,0x08,0x00,0x00,
0x4c,0x8b,0x84,0x24,0x78,0x08,0x00,0x00,0xff,0x13,0x8b,0x05,0x10,0x22,0x00,0x00,
0x89,0xc6,0x8b,0x05,0x2c,0x22,0x00,0x00,0x89,0xc7,0x8b,0x05,0x00,0x22,0x00,0x00,
0x3b,0x05,0xfa,0x21,0x00,0x00,0x40,0x0f,0x94,0xc5,0x8b,0x05,0xf0,0x21,0x00,0x00,
0x89,0xc3,0x48,0x8b,0x05,0x4f,0x23,0x00,0x00,0x8b,0x40,0x68,0x2b,0x05,0x02,0x22,
0x00,0x00,0x39,0xc3,0x0f,0x94,0xc0,0x48,0x8b,0x4c,0x24,0x78,0x48,0x8d,0x11,0x4c,
0x8b,0x84,0x24,0x08,0x06,0x00,0x00,0x49,0x8d,0x18,0x4c,0x8d,0x8c,0x24,0xf8,0x08,
0x00,0x00,0x4c,0x8d,0x15,0xb7,0x21,0x00,0x00,0x4c,0x8d,0x2d,0x30,0x22,0x00,0x00,
0x89,0xb4,0x24,0x08,0x09,0x00,0x00,0x4c,0x8d,0xa4,0x24,0x08,0x09,0x00,0x00,0x89,
0xbc,0x24,0x0c,0x09,0x00,0x00,0x4c,0x8d,0x9c,0x24,0x0c,0x09,0x00,0x00,0x40,0x88,
0xac,0x24,0x10,0x09,0x00,0x00,0x48,0x8d,0xac,0x24,0x10,0x09,0x00,0x00,0x88,0x84,
0x24,0x11,0x09,0x00,0x00,0x48,0x8d,0x84,0x24,0x11,0x09,0x00,0x00,0x48,0x8d,0xb4,
0x24,0xf4,0x08,0x00,0x00,0x49,0x8d,0xb8,0x0c,0x01,0x00,0x00,0x4d,0x8d,0x70,0x1c,
0x4d,0x8d,0x78,0x18,0x4c,0x8b,0x05,0x6d,0x23,0x00,0x00,0x4c,0x89,0x6c,0x24,0x20,
0x4c,0x89,0x64,0x24,0x28,0x4c,0x89,0x5c,0x24,0x30,0x48,0x89,0x6c,0x24,0x38,0x48,
0x89,0x44,0x24,0x40,0x48,0x89,0x74,0x24,0x48,0x48,0x89,0x7c,0x24,0x50,0x4c,0x89,
0x74,0x24,0x58,0x4c,0x89,0x7c,0x24,0x60,0x4c,0x89,0xc0,0x48,0x89,0x94,0x24,0xc8,
0x08,0x00,0x00,0x4c,0x89,0x8c,0x24,0xb8,0x08,0x00,0x00,0x48,0x8b,0x8c,0x24,0xc8,
0x08,0x00,0x00,0x48,0x89,0xda,0x4c,0x8b,0x84,0x24,0xb8,0x08,0x00,0x00,0x4d,0x89,
0xd1,0xff,0x10,0x48,0x8d,0x84,0x24,0xf8,0x08,0x00,0x00,0x48,0x8b,0x0d,0xa6,0x22,
0x00,0x00,0x48,0x89,0x84,0x24,0xd0,0x08,0x00,0x00,0x48,0x89,0x8c,0x24,0x30,0x09,
0x00,0x00,0x48,0x8b,0x84,0x24,0x30,0x09,0x00,0x00,0x48,0x8b,0x8c,0x24,0xd0,0x08,
0x00,0x00,0xff,0x10,0x48,0x8b,0x1d,0xad,0x22,0x00,0x00,0x48,0x8d,0x84,0x24,0xf8,
0x08,0x00,0x00,0x48,0x8b,0x0d,0xa6,0x22,0x00,0x00,0x48,0x89,0x84,0x24,0x38,0x09,
0x00,0x00,0x48,0x89,0x8c,0x24,0xc0,0x08,0x00,0x00,0x48,0x8b,0x84,0x24,0xc0,0x08,
0x00,0x00,0x48,0x8b,0x8c,0x24,0x38,0x09,0x00,0x00,0xff,0x10,0x48,0x8d,0x84,0x24,
0xf8,0x08,0x00,0x00,0x48,0x8d,0x0b,0x48,0x8d,0x15,0x06,0x21,0x00,0x00,0x48,0x8b,
0x1d,0x73,0x22,0x00,0x00,0x48,0x89,0x8c,0x24,0xb0,0x08,0x00,0x00,0x48,0x89,0x94,
0x24,0x90,0x08,0x00,0x00,0x48,0x89,0xc1,0x48,0x8b,0x94,0x24,0xb0,0x08,0x00,0x00,
0x4c,0x8b,0x84,0x24,0x90,0x08,0x00,0x00,0xff,0x13,0x8b,0x05,0x74,0x20,0x00,0x00,
0x89,0xc7,0x8b,0x05,0x6c,0x20,0x00,0x00,0x89,0xc6,0x8b,0x05,0x64,0x20,0x00,0x00,
0x3b,0x05,0x3a,0x20,0x00,0x00,0x40,0x0f,0x94,0xc5,0x8b,0x05,0x54,0x20,0x00,0x00,
0x89,0xc3,0x48,0x8b,0x05,0x8f,0x21,0x00,0x00,0x8b,0x40,0x68,0x2b,0x05,0x42,0x20,
0x00,0x00,0x39,0xc3,0x0f,0x94,0xc0,0x48,0x8b,0x4c,0x24,0x78,0x48,0x8d,0x11,0x4c,
0x8b,0x84,0x24,0x08,0x06,0x00,0x00,0x49,0x8d,0x18,0x4c,0x8d,0x8c,0x24,0xf8,0x08,
0x00,0x00,0x4c,0x8d,0x15,0xf7,0x1f,0x00,0x00,0x4c,0x8d,0x2d,0x70,0x20,0x00,0x00,
0x89,0xbc,0x24,0x08,0x09,0x00,0x00,0x4c,0x8d,0xa4,0x24,0x08,0x09,0x00,0x00,0x89,
0xb4,0x24,0x0c,0x09,0x00,0x00,0x4c,0x8d,0x9c,0x24,0x0c,0x09,0x00,0x00,0x40,0x88,
0xac,0x24,0x10,0x09,0x00,0x00,0x48,0x8d,0xac,0x24,0x10,0x09,0x00,0x00,0x88,0x84,
0x24,0x11,0x09,0x00,0x00,0x48,0x8d,0x84,0x24,0x11,0x09,0x00,0x00,0x48,0x8d,0xb4,
0x24,0xf4,0x08,0x00,0x00,0x49,0x8d,0xb8,0x10,0x01,0x00,0x00,0x4d,0x8d,0x70,0x1c,
0x4d,0x8d,0x78,0x18,0x4c,0x8b,0x05,0xad,0x21,0x00,0x00,0x4c,0x89,0x6c,0x24,0x20,
0x4c,0x89,0x64,0x24,0x28,0x4c,0x89,0x5c,0x24,0x30,0x48,0x89,0x6c,0x24,0x38,0x48,
0x89,0x44,0x24,0x40,0x48,0x89,0x74,0x24,0x48,0x48,0x89,0x7c,0x24,0x50,0x4c,0x89,
0x74,0x24,0x58,0x4c,0x89,0x7c,0x24,0x60,0x48,0x89,0x94,0x24,0xa8,0x08,0x00,0x00,
0x48,0x89,0x9c,0x24,0x80,0x08,0x00,0x00,0x4c,0x89,0x84,0x24,0x70,0x08,0x00,0x00,
0x4c,0x89,0x8c,0x24,0x88,0x08,0x00,0x00,0x48,0x8b,0x9c,0x24,0x70,0x08,0x00,0x00,
0x48,0x8b,0x8c,0x24,0xa8,0x08,0x00,0x00,0x48,0x8b,0x94,0x24,0x80,0x08,0x00,0x00,
0x4c,0x8b,0x84,0x24,0x88,0x08,0x00,0x00,0x4d,0x89,0xd1,0xff,0x13,0x48,0x8d,0x84,
0x24,0xf8,0x08,0x00,0x00,0x48,0x8b,0x0d,0xcc,0x20,0x00,0x00,0x48,0x89,0x84,0x24,
0x98,0x08,0x00,0x00,0x48,0x89,0x8c,0x24,0xa0,0x08,0x00,0x00,0x48,0x8b,0x84,0x24,
0xa0,0x08,0x00,0x00,0x48,0x8b,0x8c,0x24,0x98,0x08,0x00,0x00,0xff,0x10,0x48,0x8b,
0x1d,0xd3,0x20,0x00,0x00,0x48,0x8d,0x84,0x24,0xf8,0x08,0x00,0x00,0x48,0x8b,0x0d,
0xcc,0x20,0x00,0x00,0x48,0x89,0x84,0x24,0xf0,0x07,0x00,0x00,0x48,0x89,0x8c,0x24,
0xe0,0x07,0x00,0x00,0x48,0x8b,0x84,0x24,0xe0,0x07,0x00,0x00,0x48,0x8b,0x8c,0x24,
0xf0,0x07,0x00,0x00,0xff,0x10,0x48,0x8d,0x84,0x24,0xf8,0x08,0x00,0x00,0x48,0x8d,
0x0b,0x48,0x8d,0x15,0x30,0x1f,0x00,0x00,0x48,0x8b,0x1d,0x99,0x20,0x00,0x00,0x48,
0x89,0x8c,0x24,0xc0,0x07,0x00,0x00,0x48,0x89,0x94,0x24,0xd8,0x07,0x00,0x00,0x48,
0x89,0xc1,0x48,0x8b,0x94,0x24,0xc0,0x07,0x00,0x00,0x4c,0x8b,0x84,0x24,0xd8,0x07,
0x00,0x00,0xff,0x13,0x8b,0x05,0xb6,0x1e,0x00,0x00,0x89,0xc7,0x8b,0x05,0x92,0x1e,
0x00,0x00,0x89,0xc6,0x8b,0x05,0xa6,0x1e,0x00,0x00,0x3b,0x05,0x60,0x1e,0x00,0x00,
0x40,0x0f,0x94,0xc5,0x8b,0x05,0x96,0x1e,0x00,0x00,0x89,0xc3,0x48,0x8b,0x05,0xb5,
0x1f,0x00,0x00,0x8b,0x40,0x68,0x2b,0x05,0x68,0x1e,0x00,0x00,0x39,0xc3,0x0f,0x94,
0xc0,0x48,0x8b,0x4c,0x24,0x78,0x48,0x8d,0x11,0x4c,0x8b,0x84,0x24,0x08,0x06,0x00,
0x00,0x49,0x8d,0x18,0x4c,0x8d,0x8c,0x24,0xf8,0x08,0x00,0x00,0x4c,0x8d,0x15,0x1d,
0x1e,0x00,0x00,0x4c,0x8d,0x2d,0x96,0x1e,0x00,0x00,0x89,0xbc,0x24,0x08,0x09,0x00,
0x00,0x4c,0x8d,0xa4,0x24,0x08,0x09,0x00,0x00,0x89,0xb4,0x24,0x0c,0x09,0x00,0x00,
0x4c,0x8d,0x9c,0x24,0x0c,0x09,0x00,0x00,0x40,0x88,0xac,0x24,0x10,0x09,0x00,0x00,
0x48,0x8d,0xac,0x24,0x10,0x09,0x00,0x00,0x88,0x84,0x24,0x11,0x09,0x00,0x00,0x48,
0x8d,0xb4,0x24,0x11,0x09,0x00,0x00,0x48,0x8d,0x84,0x24,0xf4,0x08,0x00,0x00,0x49,
0x8d,0xb8,0x14,0x01,0x00,0x00,0x4d,0x8d,0x70,0x1c,0x4d,0x8d,0x78,0x18,0x4c,0x8b,
0x05,0xd3,0x1f,0x00,0x00,0x4c,0x89,0x6c,0x24,0x20,0x4c,0x89,0x64,0x24,0x28,0x4c,
0x89,0x5c,0x24,0x30,0x48,0x89,0x6c,0x24,0x38,0x48,0x89,0x74,0x24,0x40,0x48,0x89,
0x44,0x24,0x48,0x48,0x89,0x7c,0x24,0x50,0x4c,0x89,0x74,0x24,0x58,0x4c,0x89,0x7c,
0x24,0x60,0x4c,0x89,0xc7,0x48,0x89,0x94,0x24,0x28,0x07,0x00,0x00,0x4c,0x89,0x8c,
0x24,0x18,0x07,0x00,0x00,0x48,0x8b,0x8c,0x24,0x28,0x07,0x00,0x00,0x48,0x89,0xda,
0x4c,0x8b,0x84,0x24,0x18,0x07,0x00,0x00,0x4d,0x89,0xd1,0xff,0x17,0x48,0x8d,0x84,
0x24,0xf8,0x08,0x00,0x00,0x48,0x8b,0x0d,0x0c,0x1f,0x00,0x00,0x48,0x89,0x84,0x24,
0x30,0x07,0x00,0x00,0x48,0x89,0x8c,0x24,0x40,0x07,0x00,0x00,0x48,0x8b,0x84,0x24,
0x40,0x07,0x00,0x00,0x48,0x8b,0x8c,0x24,0x30,0x07,0x00,0x00,0xff,0x10,0x48,0x8b,
0x1d,0x13,0x1f,0x00,0x00,0x48,0x8d,0x84,0x24,0xf8,0x08,0x00,0x00,0x48,0x8b,0x0d,
0x0c,0x1f,0x00,0x00,0x48,0x89,0x84,0x24,0x48,0x07,0x00,0x00,0x48,0x89,0x8c,0x24,
0x20,0x07,0x00,0x00,0x48,0x8b,0x84,0x24,0x20,0x07,0x00,0x00,0x48,0x8b,0x8c,0x24,
0x48,0x07,0x00,0x00,0xff,0x10,0x48,0x8d,0x84,0x24,0xf8,0x08,0x00,0x00,0x48,0x8d,
0x0b,0x48,0x8d,0x15,0x74,0x1d,0x00,0x00,0x48,0x8b,0x1d,0xd9,0x1e,0x00,0x00,0x48,
0x89,0x8c,0x24,0x10,0x07,0x00,0x00,0x48,0x89,0x94,0x24,0xd8,0x06,0x00,0x00,0x48,
0x89,0xc1,0x48,0x8b,0x94,0x24,0x10,0x07,0x00,0x00,0x4c,0x8b,0x84,0x24,0xd8,0x06,
0x00,0x00,0xff,0x13,0x8b,0x05,0x46,0x1d,0x00,0x00,0x89,0xc7,0x8b,0x05,0xd2,0x1c,
0x00,0x00,0x89,0xc6,0x8b,0x05,0x36,0x1d,0x00,0x00,0x3b,0x05,0xa0,0x1c,0x00,0x00,
0x40,0x0f,0x94,0xc5,0x8b,0x05,0x26,0x1d,0x00,0x00,0x89,0xc3,0x48,0x8b,0x05,0xf5,
0x1d,0x00,0x00,0x8b,0x40,0x68,0x2b,0x05,0xa8,0x1c,0x00,0x00,0x39,0xc3,0x0f,0x94,
0xc0,0x48,0x8b,0x4c,0x24,0x78,0x48,0x8d,0x11,0x4c,0x8b,0x84,0x24,0x08,0x06,0x00,
0x00,0x49,0x8d,0x18,0x4c,0x8d,0x8c,0x24,0xf8,0x08,0x00,0x00,0x4c,0x8d,0x15,0x5d,
0x1c,0x00,0x00,0x4c,0x8d,0x2d,0xd6,0x1c,0x00,0x00,0x89,0xbc,0x24,0x08,0x09,0x00,
0x00,0x4c,0x8d,0xa4,0x24,0x08,0x09,0x00,0x00,0x89,0xb4,0x24,0x0c,0x09,0x00,0x00,
0x4c,0x8d,0x9c,0x24,0x0c,0x09,0x00,0x00,0x40,0x88,0xac,0x24,0x10,0x09,0x00,0x00,
0x48,0x8d,0xac,0x24,0x10,0x09,0x00,0x00,0x88,0x84,0x24,0x11,0x09,0x00,0x00,0x48,
0x8d,0x84,0x24,0x11,0x09,0x00,0x00,0x48,0x8d,0xb4,0x24,0xf4,0x08,0x00,0x00,0x49,
0x8d,0xb8,0x18,0x01,0x00,0x00,0x4d,0x8d,0x70,0x1c,0x4d,0x8d,0x78,0x18,0x4c,0x8b,
0x05,0x13,0x1e,0x00,0x00,0x4c,0x89,0x6c,0x24,0x20,0x4c,0x89,0x64,0x24,0x28,0x4c,
0x89,0x5c,0x24,0x30,0x48,0x89,0x6c,0x24,0x38,0x48,0x89,0x44,0x24,0x40,0x48,0x89,
0x74,0x24,0x48,0x48,0x89,0x7c,0x24,0x50,0x4c,0x89,0x74,0x24,0x58,0x4c,0x89,0x7c,
0x24,0x60,0x48,0x89,0x94,0x24,0x08,0x07,0x00,0x00,0x48,0x89,0x9c,0x24,0x00,0x07,
0x00,0x00,0x4c,0x89,0x84,0x24,0xf8,0x06,0x00,0x00,0x4c,0x89,0x8c,0x24,0xf0,0x06,
0x00,0x00,0x48,0x8b,0x9c,0x24,0xf8,0x06,0x00,0x00,0x48,0x8b,0x8c,0x24,0x08,0x07,
0x00,0x00,0x48,0x8b,0x94,0x24,0x00,0x07,0x00,0x00,0x4c,0x8b,0x84,0x24,0xf0,0x06,
0x00,0x00,0x4d,0x89,0xd1,0xff,0x13,0x48,0x8d,0x84,0x24,0xf8,0x08,0x00,0x00,0x48,
0x8b,0x0d,0x32,0x1d,0x00,0x00,0x48,0x89,0x84,0x24,0xe8,0x06,0x00,0x00,0x48,0x89,
0x8c,0x24,0x50,0x07,0x00,0x00,0x48,0x8b,0x84,0x24,0x50,0x07,0x00,0x00,0x48,0x8b,
0x8c,0x24,0xe8,0x06,0x00,0x00,0xff,0x10,0x48,0x8b,0x1d,0x39,0x1d,0x00,0x00,0x48,
0x8d,0x84,0x24,0xf8,0x08,0x00,0x00,0x48,0x8b,0x0d,0x32,0x1d,0x00,0x00,0x48,0x89,
0x84,0x24,0x38,0x07,0x00,0x00,0x48,0x89,0x8c,0x24,0x58,0x07,0x00,0x00,0x48,0x8b,
0x84,0x24,0x58,0x07,0x00,0x00,0x48,0x8b,0x8c,0x24,0x38,0x07,0x00,0x00,0xff,0x10,
0x48,0x8d,0x84,0x24,0xf8,0x08,0x00,0x00,0x48,0x8d,0x0b,0x48,0x8d,0x15,0xa2,0x1b,
0x00,0x00,0x48,0x8b,0x1d,0xff,0x1c,0x00,0x00,0x48,0x89,0x8c,0x24,0x68,0x07,0x00,
0x00,0x48,0x89,0x94,0x24,0xb0,0x07,0x00,0x00,0x48,0x89,0xc1,0x48,0x8b,0x94,0x24,
0x68,0x07,0x00,0x00,0x4c,0x8b,0x84,0x24,0xb0,0x07,0x00,0x00,0xff,0x13,0x8b,0x05,
0x74,0x1b,0x00,0x00,0x89,0xc6,0x8b,0x05,0xf8,0x1a,0x00,0x00,0x89,0xc7,0x8b,0x05,
0x64,0x1b,0x00,0x00,0x3b,0x05,0xc6,0x1a,0x00,0x00,0x40,0x0f,0x94,0xc5,0x8b,0x05,
0x54,0x1b,0x00,0x00,0x89,0xc3,0x48,0x8b,0x05,0x1b,0x1c,0x00,0x00,0x8b,0x40,0x68,
0x2b,0x05,0xce,0x1a,0x00,0x00,0x39,0xc3,0x0f,0x94,0xc0,0x48,0x8b,0x4c,0x24,0x78,
0x48,0x8d,0x11,0x4c,0x8b,0x84,0x24,0x08,0x06,0x00,0x00,0x49,0x8d,0x18,0x4c,0x8d,
0x8c,0x24,0xf8,0x08,0x00,0x00,0x4c,0x8d,0x15,0x83,0x1a,0x00,0x00,0x4c,0x8d,0x2d,
0xfc,0x1a,0x00,0x00,0x89,0xb4,0x24,0x08,0x09,0x00,0x00,0x4c,0x8d,0xa4,0x24,0x08,
0x09,0x00,0x00,0x89,0xbc,0x24,0x0c,0x09,0x00,0x00,0x4c,0x8d,0x9c,0x24,0x0c,0x09,
0x00,0x00,0x40,0x88,0xac,0x24,0x10,0x09,0x00,0x00,0x48,0x8d,0xac,0x24,0x10,0x09,
0x00,0x00,0x88,0x84,0x24,0x11,0x09,0x00,0x00,0x48,0x8d,0x84,0x24,0x11,0x09,0x00,
0x00,0x48,0x8d,0xb4,0x24,0xf4,0x08,0x00,0x00,0x49,0x8d,0xb8,0x1c,0x01,0x00,0x00,
0x4d,0x8d,0x70,0x1c,0x4d,0x8d,0x78,0x18,0x4c,0x8b,0x05,0x39,0x1c,0x00,0x00,0x4c,
0x89,0x6c,0x24,0x20,0x4c,0x89,0x64,0x24,0x28,0x4c,0x89,0x5c,0x24,0x30,0x48,0x89,
0x6c,0x24,0x38,0x48,0x89,0x44,0x24,0x40,0x48,0x89,0x74,0x24,0x48,0x48,0x89,0x7c,
0x24,0x50,0x4c,0x89,0x74,0x24,0x58,0x4c,0x89,0x7c,0x24,0x60,0x48,0x89,0x94,0x24,
0xa0,0x07,0x00,0x00,0x4c,0x89,0x84,0x24,0xb8,0x07,0x00,0x00,0x4c,0x89,0x8c,0x24,
0xc8,0x07,0x00,0x00,0x4c,0x89,0x94,0x24,0xd0,0x07,0x00,0x00,0x4c,0x8b,0x94,0x24,
0xb8,0x07,0x00,0x00,0x48,0x8b,0x8c,0x24,0xa0,0x07,0x00,0x00,0x48,0x89,0xda,0x4c,
0x8b,0x84,0x24,0xc8,0x07,0x00,0x00,0x4c,0x8b,0x8c,0x24,0xd0,0x07,0x00,0x00,0x41,
0xff,0x12,0x48,0x8d,0x84,0x24,0xf8,0x08,0x00,0x00,0x48,0x8b,0x0d,0x57,0x1b,0x00,
0x00,0x48,0x89,0x84,0x24,0xa8,0x07,0x00,0x00,0x48,0x89,0x8c,0x24,0x98,0x07,0x00,
0x00,0x48,0x8b,0x84,0x24,0x98,0x07,0x00,0x00,0x48,0x8b,0x8c,0x24,0xa8,0x07,0x00,
0x00,0xff,0x10,0x48,0x8b,0x1d,0x5e,0x1b,0x00,0x00,0x48,0x8d,0x84,0x24,0xf8,0x08,
0x00,0x00,0x48,0x8b,0x0d,0x57,0x1b,0x00,0x00,0x48,0x89,0x84,0x24,0x60,0x07,0x00,
0x00,0x48,0x89,0x8c,0x24,0x90,0x07,0x00,0x00,0x48,0x8b,0x84,0x24,0x90,0x07,0x00,
0x00,0x48,0x8b,0x8c,0x24,0x60,0x07,0x00,0x00,0xff,0x10,0x48,0x8d,0x84,0x24,0xf8,
0x08,0x00,0x00,0x48,0x8d,0x0b,0x48,0x8d,0x15,0xcf,0x19,0x00,0x00,0x48,0x8b,0x1d,
0x24,0x1b,0x00,0x00,0x48,0x89,0x8c,0x24,0x88,0x07,0x00,0x00,0x48,0x89,0x94,0x24,
0x80,0x07,0x00,0x00,0x48,0x89,0xc1,0x48,0x8b,0x94,0x24,0x88,0x07,0x00,0x00,0x4c,
0x8b,0x84,0x24,0x80,0x07,0x00,0x00,0xff,0x13,0x8b,0x05,0xa1,0x19,0x00,0x00,0x89,
0xc6,0x8b,0x05,0x1d,0x19,0x00,0x00,0x89,0xc7,0x8b,0x05,0x91,0x19,0x00,0x00,0x3b,
0x05,0xeb,0x18,0x00,0x00,0x40,0x0f,0x94,0xc5,0x8b,0x05,0x81,0x19,0x00,0x00,0x89,
0xc3,0x48,0x8b,0x05,0x40,0x1a,0x00,0x00,0x8b,0x40,0x68,0x2b,0x05,0xf3,0x18,0x00,
0x00,0x39,0xc3,0x0f,0x94,0xc0,0x48,0x8b,0x4c,0x24,0x78,0x48,0x8d,0x11,0x4c,0x8b,
0x84,0x24,0x08,0x06,0x00,0x00,0x49,0x8d,0x18,0x4c,0x8d,0x8c,0x24,0xf8,0x08,0x00,
0x00,0x4c,0x8d,0x15,0xa8,0x18,0x00,0x00,0x4c,0x8d,0x2d,0x21,0x19,0x00,0x00,0x89,
0xb4,0x24,0x08,0x09,0x00,0x00,0x4c,0x8d,0xa4,0x24,0x08,0x09,0x00,0x00,0x89,0xbc,
0x24,0x0c,0x09,0x00,0x00,0x4c,0x8d,0x9c,0x24,0x0c,0x09,0x00,0x00,0x40,0x88,0xac,
0x24,0x10,0x09,0x00,0x00,0x48,0x8d,0xac,0x24,0x10,0x09,0x00,0x00,0x88,0x84,0x24,
0x11,0x09,0x00,0x00,0x48,0x8d,0x84,0x24,0x11,0x09,0x00,0x00,0x48,0x8d,0xbc,0x24,
0xf4,0x08,0x00,0x00,0x49,0x8d,0xb0,0x20,0x01,0x00,0x00,0x4d,0x8d,0x70,0x1c,0x4d,
0x8d,0x78,0x18,0x4c,0x8b,0x05,0x5e,0x1a,0x00,0x00,0x4c,0x89,0x6c,0x24,0x20,0x4c,
0x89,0x64,0x24,0x28,0x4c,0x89,0x5c,0x24,0x30,0x48,0x89,0x6c,0x24,0x38,0x48,0x89,
0x44,0x24,0x40,0x48,0x89,0x7c,0x24,0x48,0x48,0x89,0x74,0x24,0x50,0x4c,0x89,0x74,
0x24,0x58,0x4c,0x89,0x7c,0x24,0x60,0x48,0x89,0x94,0x24,0x78,0x07,0x00,0x00,0x48,
0x89,0x9c,0x24,0x70,0x07,0x00,0x00,0x4c,0x89,0x84,0x24,0xc0,0x04,0x00,0x00,0x4c,
0x89,0x8c,0x24,0xb0,0x04,0x00,0x00,0x48,0x8b,0x9c,0x24,0xc0,0x04,0x00,0x00,0x48,
0x8b,0x8c,0x24,0x78,0x07,0x00,0x00,0x48,0x8b,0x94,0x24,0x70,0x07,0x00,0x00,0x4c,
0x8b,0x84,0x24,0xb0,0x04,0x00,0x00,0x4d,0x89,0xd1,0xff,0x13,0x48,0x8d,0x84,0x24,
0xf8,0x08,0x00,0x00,0x48,0x8b,0x0d,0x7d,0x19,0x00,0x00,0x48,0x89,0x84,0x24,0x90,
0x04,0x00,0x00,0x48,0x89,0x8c,0x24,0xa8,0x04,0x00,0x00,0x48,0x8b,0x84,0x24,0xa8,
0x04,0x00,0x00,0x48,0x8b,0x8c,0x24,0x90,0x04,0x00,0x00,0xff,0x10,0x48,0x8b,0x1d,
0x84,0x19,0x00,0x00,0x48,0x8d,0x84,0x24,0xf8,0x08,0x00,0x00,0x48,0x8b,0x0d,0x7d,
0x19,0x00,0x00,0x48,0x89,0x84,0x24,0xd0,0x01,0x00,0x00,0x48,0x89,0x8c,0x24,0xc0,
0x01,0x00,0x00,0x48,0x8b,0x84,0x24,0xc0,0x01,0x00,0x00,0x48,0x8b,0x8c,0x24,0xd0,
0x01,0x00,0x00,0xff,0x10,0x48,0x8d,0x84,0x24,0xf8,0x08,0x00,0x00,0x48,0x8d,0x0b,
0x48,0x8d,0x15,0xfd,0x17,0x00,0x00,0x48,0x8b,0x1d,0x4a,0x19,0x00,0x00,0x48,0x89,
0x8c,0x24,0xd8,0x01,0x00,0x00,0x48,0x89,0x94,0x24,0xe8,0x01,0x00,0x00,0x48,0x89,
0xc1,0x48,0x8b,0x94,0x24,0xd8,0x01,0x00,0x00,0x4c,0x8b,0x84,0x24,0xe8,0x01,0x00,
0x00,0xff,0x13,0x8b,0x05,0xcf,0x17,0x00,0x00,0x89,0xc7,0x8b,0x05,0x43,0x17,0x00,
0x00,0x89,0xc6,0x8b,0x05,0xbf,0x17,0x00,0x00,0x3b,0x05,0x11,0x17,0x00,0x00,0x40,
0x0f,0x94,0xc5,0x8b,0x05,0xaf,0x17,0x00,0x00,0x89,0xc3,0x48,0x8b,0x05,0x66,0x18,
0x00,0x00,0x8b,0x40,0x68,0x2b,0x05,0x19,0x17,0x00,0x00,0x39,0xc3,0x0f,0x94,0xc0,
0x48,0x8b,0x4c,0x24,0x78,0x48,0x8d,0x11,0x4c,0x8b,0x84,0x24,0x08,0x06,0x00,0x00,
0x49,0x8d,0x18,0x4c,0x8d,0x8c,0x24,0xf8,0x08,0x00,0x00,0x4c,0x8d,0x15,0xce,0x16,
0x00,0x00,0x4c,0x8d,0x2d,0x47,0x17,0x00,0x00,0x89,0xbc,0x24,0x08,0x09,0x00,0x00,
0x4c,0x8d,0xa4,0x24,0x08,0x09,0x00,0x00,0x89,0xb4,0x24,0x0c,0x09,0x00,0x00,0x4c,
0x8d,0x9c,0x24,0x0c,0x09,0x00,0x00,0x40,0x88,0xac,0x24,0x10,0x09,0x00,0x00,0x48,
0x8d,0xac,0x24,0x10,0x09,0x00,0x00,0x88,0x84,0x24,0x11,0x09,0x00,0x00,0x48,0x8d,
0x84,0x24,0x11,0x09,0x00,0x00,0x48,0x8d,0xb4,0x24,0xf4,0x08,0x00,0x00,0x49,0x8d,
0xb8,0x24,0x01,0x00,0x00,0x4d,0x8d,0x70,0x1c,0x4d,0x8d,0x78,0x18,0x4c,0x8b,0x05,
0x84,0x18,0x00,0x00,0x4c,0x89,0x6c,0x24,0x20,0x4c,0x89,0x64,0x24,0x28,0x4c,0x89,
0x5c,0x24,0x30,0x48,0x89,0x6c,0x24,0x38,0x48,0x89,0x44,0x24,0x40,0x48,0x89,0x74,
0x24,0x48,0x48,0x89,0x7c,0x24,0x50,0x4c,0x89,0x74,0x24,0x58,0x4c,0x89,0x7c,0x24,
0x60,0x48,0x89,0x94,0x24,0xf0,0x01,0x00,0x00,0x4c,0x89,0x84,0x24,0xc8,0x01,0x00,
0x00,0x4c,0x89,0x8c,0x24,0xb8,0x01,0x00,0x00,0x4c,0x89,0x94,0x24,0x80,0x01,0x00,
0x00,0x4c,0x8b,0x94,0x24,0xc8,0x01,0x00,0x00,0x48,0x8b,0x8c,0x24,0xf0,0x01,0x00,
0x00,0x48,0x89,0xda,0x4c,0x8b,0x84,0x24,0xb8,0x01,0x00,0x00,0x4c,0x8b,0x8c,0x24,
0x80,0x01,0x00,0x00,0x41,0xff,0x12,0x48,0x8d,0x84,0x24,0xf8,0x08,0x00,0x00,0x48,
0x8b,0x0d,0xa2,0x17,0x00,0x00,0x48,0x89,0x84,0x24,0xb0,0x01,0x00,0x00,0x48,0x89,
0x8c,0x24,0xa8,0x01,0x00,0x00,0x48,0x8b,0x84,0x24,0xa8,0x01,0x00,0x00,0x48,0x8b,
0x8c,0x24,0xb0,0x01,0x00,0x00,0xff,0x10,0x48,0x8b,0x4c,0x24,0x78,0x48,0x8d,0x01,
0x48,0x8b,0x15,0xc1,0x17,0x00,0x00,0x48,0x89,0xc1,0xff,0x12,0x48,0x8b,0x4c,0x24,
0x78,0x48,0x8d,0x01,0x48,0x8b,0x15,0xad,0x17,0x00,0x00,0x48,0x89,0xc1,0xff,0x12,
0x48,0x8d,0x84,0x24,0xf8,0x08,0x00,0x00,0x48,0x8d,0x0d,0x3d,0x16,0x00,0x00,0x48,
0x8b,0x15,0x02,0x17,0x00,0x00,0x48,0x89,0x84,0x24,0xa0,0x01,0x00,0x00,0x48,0x89,
0x8c,0x24,0x98,0x01,0x00,0x00,0x48,0x89,0x94,0x24,0x90,0x01,0x00,0x00,0x48,0x8b,
0x84,0x24,0x90,0x01,0x00,0x00,0x48,0x8b,0x8c,0x24,0xa0,0x01,0x00,0x00,0x48,0x8b,
0x94,0x24,0x98,0x01,0x00,0x00,0xff,0x10,0x48,0x8b,0x35,0xd1,0x16,0x00,0x00,0x48,
0x8b,0x2d,0x12,0x17,0x00,0x00,0x48,0x8b,0x1d,0x13,0x17,0x00,0x00,0x48,0x8b,0x05,
0xa4,0x16,0x00,0x00,0x8b,0x40,0x68,0x8b,0x1b,0x0f,0xaf,0xd8,0x8b,0x45,0x00,0x01,
0xd8,0x48,0x8d,0x8c,0x24,0x08,0x09,0x00,0x00,0x48,0x8d,0x16,0x89,0x84,0x24,0x10,
0x09,0x00,0x00,0x48,0x8d,0x84,0x24,0x10,0x09,0x00,0x00,0x48,0x8b,0x1d,0x9e,0x16,
0x00,0x00,0x49,0x89,0xc0,0xff,0x13,0x48,0x8d,0x84,0x24,0x14,0x09,0x00,0x00,0x48,
0x8b,0x0d,0x92,0x16,0x00,0x00,0x48,0x89,0x84,0x24,0xf8,0x01,0x00,0x00,0x48,0x89,
0x8c,0x24,0xe0,0x01,0x00,0x00,0x48,0x8b,0x84,0x24,0xe0,0x01,0x00,0x00,0x48,0x8b,
0x8c,0x24,0xf8,0x01,0x00,0x00,0xff,0x10,0x48,0x8b,0x4c,0x24,0x78,0x48,0x8d,0x01,
0x48,0x8d,0x94,0x24,0xf8,0x08,0x00,0x00,0x48,0x8d,0x9c,0x24,0x08,0x09,0x00,0x00,
0x48,0x8d,0x2d,0xb9,0x14,0x00,0x00,0x48,0x8d,0x35,0xb2,0x14,0x00,0x00,0x48,0x8d,
0x3d,0xcf,0x14,0x00,0x00,0x4c,0x8d,0x84,0x24,0x14,0x09,0x00,0x00,0x4c,0x8d,0x0d,
0x9c,0x14,0x00,0x00,0x4c,0x8d,0x15,0xb9,0x14,0x00,0x00,0x4c,0x8b,0x1d,0x66,0x16,
0x00,0x00,0x48,0x89,0x74,0x24,0x20,0x48,0x89,0x7c,0x24,0x28,0x4c,0x89,0x44,0x24,
0x30,0x4c,0x89,0x4c,0x24,0x38,0x4c,0x89,0x54,0x24,0x40,0x48,0x89,0xc1,0x49,0x89,
0xd8,0x49,0x89,0xe9,0x41,0xff,0x13,0x48,0x8d,0x84,0x24,0x14,0x09,0x00,0x00,0x48,
0x8b,0x0d,0x0a,0x16,0x00,0x00,0x48,0x89,0x84,0x24,0x00,0x02,0x00,0x00,0x48,0x89,
0x8c,0x24,0x10,0x02,0x00,0x00,0x48,0x8b,0x84,0x24,0x10,0x02,0x00,0x00,0x48,0x8b,
0x8c,0x24,0x00,0x02,0x00,0x00,0xff,0x10,0x48,0x8d,0x84,0x24,0x08,0x09,0x00,0x00,
0x48,0x8b,0x0d,0xd9,0x15,0x00,0x00,0x48,0x89,0x84,0x24,0x58,0x02,0x00,0x00,0x48,
0x89,0x8c,0x24,0x48,0x02,0x00,0x00,0x48,0x8b,0x84,0x24,0x48,0x02,0x00,0x00,0x48,
0x8b,0x8c,0x24,0x58,0x02,0x00,0x00,0xff,0x10,0x48,0x8d,0x84,0x24,0xf8,0x08,0x00,
0x00,0x48,0x8b,0x0d,0xb0,0x15,0x00,0x00,0x48,0x89,0x84,0x24,0x60,0x02,0x00,0x00,
0x48,0x89,0x8c,0x24,0x70,0x02,0x00,0x00,0x48,0x8b,0x84,0x24,0x70,0x02,0x00,0x00,
0x48,0x8b,0x8c,0x24,0x60,0x02,0x00,0x00,0xff,0x10,0x48,0x8d,0x84,0x24,0xf8,0x08,
0x00,0x00,0x48,0x8d,0x0d,0x82,0x14,0x00,0x00,0x48,0x8b,0x15,0x38,0x15,0x00,0x00,
0x48,0x89,0x84,0x24,0x78,0x02,0x00,0x00,0x48,0x89,0x8c,0x24,0x50,0x02,0x00,0x00,
0x48,0x89,0x94,0x24,0x40,0x02,0x00,0x00,0x48,0x8b,0x84,0x24,0x40,0x02,0x00,0x00,
0x48,0x8b,0x8c,0x24,0x78,0x02,0x00,0x00,0x48,0x8b,0x94,0x24,0x50,0x02,0x00,0x00,
0xff,0x10,0x48,0x8b,0x05,0x67,0x15,0x00,0x00,0x48,0x8b,0x1d,0x48,0x15,0x00,0x00,
0x48,0x8d,0x8c,0x24,0x08,0x09,0x00,0x00,0x48,0x8d,0x00,0x48,0x8d,0x13,0x48,0x8b,
0x1d,0xfb,0x14,0x00,0x00,0x48,0x89,0x94,0x24,0x08,0x02,0x00,0x00,0x48,0x89,0xc2,
0x4c,0x8b,0x84,0x24,0x08,0x02,0x00,0x00,0xff,0x13,0x48,0x8d,0x84,0x24,0x10,0x09,
0x00,0x00,0x48,0x8b,0x0d,0xdf,0x14,0x00,0x00,0x48,0x89,0x84,0x24,0x38,0x02,0x00,
0x00,0x48,0x89,0x8c,0x24,0x30,0x02,0x00,0x00,0x48,0x8b,0x84,0x24,0x30,0x02,0x00,
0x00,0x48,0x8b,0x8c,0x24,0x38,0x02,0x00,0x00,0xff,0x10,0x48,0x8b,0x4c,0x24,0x78,
0x48,0x8d,0x01,0x48,0x8d,0x94,0x24,0xf8,0x08,0x00,0x00,0x48,0x8d,0x9c,0x24,0x08,
0x09,0x00,0x00,0x48,0x8d,0x2d,0x06,0x13,0x00,0x00,0x4c,0x8d,0x0d,0x3f,0x13,0x00,
0x00,0x48,0x8d,0x35,0xf8,0x12,0x00,0x00,0x48,0x8d,0xbc,0x24,0x10,0x09,0x00,0x00,
0x4c,0x8d,0x05,0xe9,0x12,0x00,0x00,0x4c,0x8d,0x15,0x06,0x13,0x00,0x00,0x4c,0x8b,
0x1d,0xb3,0x14,0x00,0x00,0x4c,0x89,0x4c,0x24,0x20,0x48,0x89,0x74,0x24,0x28,0x48,
0x89,0x7c,0x24,0x30,0x4c,0x89,0x44,0x24,0x38,0x4c,0x89,0x54,0x24,0x40,0x48,0x89,
0xc1,0x49,0x89,0xd8,0x49,0x89,0xe9,0x41,0xff,0x13,0x48,0x8d,0x84,0x24,0x10,0x09,
0x00,0x00,0x48,0x8b,0x0d,0x57,0x14,0x00,0x00,0x48,0x89,0x84,0x24,0x28,0x02,0x00,
0x00,0x48,0x89,0x8c,0x24,0x20,0x02,0x00,0x00,0x48,0x8b,0x84,0x24,0x20,0x02,0x00,
0x00,0x48,0x8b,0x8c,0x24,0x28,0x02,0x00,0x00,0xff,0x10,0x48,0x8d,0x84,0x24,0x08,
0x09,0x00,0x00,0x48,0x8b,0x0d,0x26,0x14,0x00,0x00,0x48,0x89,0x84,0x24,0x18,0x02,
0x00,0x00,0x48,0x89,0x8c,0x24,0x88,0x01,0x00,0x00,0x48,0x8b,0x84,0x24,0x88,0x01,
0x00,0x00,0x48,0x8b,0x8c,0x24,0x18,0x02,0x00,0x00,0xff,0x10,0x48,0x8d,0x84,0x24,
0xf8,0x08,0x00,0x00,0x48,0x8b,0x0d,0xfd,0x13,0x00,0x00,0x48,0x89,0x84,0x24,0x78,
0x01,0x00,0x00,0x48,0x89,0x8c,0x24,0x58,0x01,0x00,0x00,0x48,0x8b,0x84,0x24,0x58,
0x01,0x00,0x00,0x48,0x8b,0x8c,0x24,0x78,0x01,0x00,0x00,0xff,0x10,0x48,0x8d,0x84,
0x24,0xf8,0x08,0x00,0x00,0x48,0x8d,0x0d,0xe4,0x12,0x00,0x00,0x48,0x8b,0x15,0x85,
0x13,0x00,0x00,0x48,0x89,0x84,0x24,0x70,0x01,0x00,0x00,0x48,0x89,0x8c,0x24,0xc0,
0x00,0x00,0x00,0x48,0x89,0x94,0x24,0xb0,0x00,0x00,0x00,0x48,0x8b,0x84,0x24,0xb0,
0x00,0x00,0x00,0x48,0x8b,0x8c,0x24,0x70,0x01,0x00,0x00,0x48,0x8b,0x94,0x24,0xc0,
0x00,0x00,0x00,0xff,0x10,0x48,0x8b,0x1d,0xb4,0x13,0x00,0x00,0x48,0x8b,0x05,0x95,
0x13,0x00,0x00,0x48,0x8d,0x8c,0x24,0x08,0x09,0x00,0x00,0x48,0x8d,0x13,0x48,0x8d,
0x00,0x48,0x8b,0x1d,0x48,0x13,0x00,0x00,0x49,0x89,0xc0,0xff,0x13,0x48,0x8d,0x84,
0x24,0x10,0x09,0x00,0x00,0x48,0x8b,0x0d,0x3c,0x13,0x00,0x00,0x48,0x89,0x84,0x24,
0xc8,0x00,0x00,0x00,0x48,0x89,0x8c,0x24,0xd8,0x00,0x00,0x00,0x48,0x8b,0x84,0x24,
0xd8,0x00,0x00,0x00,0x48,0x8b,0x8c,0x24,0xc8,0x00,0x00,0x00,0xff,0x10,0x48,0x8b,
0x4c,0x24,0x78,0x48,0x8d,0x01,0x48,0x8d,0x94,0x24,0xf8,0x08,0x00,0x00,0x48,0x8d,
0x9c,0x24,0x08,0x09,0x00,0x00,0x4c,0x8d,0x0d,0x63,0x11,0x00,0x00,0x48,0x8d,0x2d,
0x9c,0x11,0x00,0x00,0x48,0x8d,0x35,0x55,0x11,0x00,0x00,0x48,0x8d,0xbc,0x24,0x10,
0x09,0x00,0x00,0x4c,0x8d,0x05,0x46,0x11,0x00,0x00,0x4c,0x8b,0x15,0xe7,0x12,0x00,
0x00,0x48,0x89,0x6c,0x24,0x20,0x48,0x89,0x74,0x24,0x28,0x48,0x89,0x7c,0x24,0x30,
0x4c,0x89,0x44,0x24,0x38,0x48,0x89,0xc1,0x49,0x89,0xd8,0x41,0xff,0x12,0x48,0x8d,
0x84,0x24,0x10,0x09,0x00,0x00,0x48,0x8b,0x0d,0xc3,0x12,0x00,0x00,0x48,0x89,0x84,
0x24,0xe0,0x00,0x00,0x00,0x48,0x89,0x8c,0x24,0xb8,0x00,0x00,0x00,0x48,0x8b,0x84,
0x24,0xb8,0x00,0x00,0x00,0x48,0x8b,0x8c,0x24,0xe0,0x00,0x00,0x00,0xff,0x10,0x48,
0x8d,0x84,0x24,0x08,0x09,0x00,0x00,0x48,0x8b,0x0d,0x92,0x12,0x00,0x00,0x48,0x89,
0x84,0x24,0xa8,0x00,0x00,0x00,0x48,0x89,0x4c,0x24,0x70,0x48,0x8b,0x44,0x24,0x70,
0x48,0x8b,0x8c,0x24,0xa8,0x00,0x00,0x00,0xff,0x10,0x48,0x8d,0x84,0x24,0xf8,0x08,
0x00,0x00,0x48,0x8b,0x0d,0x6f,0x12,0x00,0x00,0x48,0x89,0x84,0x24,0xa0,0x00,0x00,
0x00,0x48,0x89,0x8c,0x24,0x98,0x00,0x00,0x00,0x48,0x8b,0x84,0x24,0x98,0x00,0x00,
0x00,0x48,0x8b,0x8c,0x24,0xa0,0x00,0x00,0x00,0xff,0x10,0x48,0x8d,0x84,0x24,0xf8,
0x08,0x00,0x00,0x48,0x8d,0x0d,0x6a,0x11,0x00,0x00,0x48,0x8b,0x15,0xf7,0x11,0x00,
0x00,0x48,0x89,0x84,0x24,0x90,0x00,0x00,0x00,0x48,0x89,0x8c,0x24,0x88,0x00,0x00,
0x00,0x48,0x89,0x94,0x24,0x80,0x00,0x00,0x00,0x48,0x8b,0x84,0x24,0x80,0x00,0x00,
0x00,0x48,0x8b,0x8c,0x24,0x90,0x00,0x00,0x00,0x48,0x8b,0x94,0x24,0x88,0x00,0x00,
0x00,0xff,0x10,0x48,0x8b,0x1d,0x2e,0x12,0x00,0x00,0x48,0x8d,0x84,0x24,0x08,0x09,
0x00,0x00,0x48,0x8b,0x0d,0x27,0x12,0x00,0x00,0x48,0x89,0x84,0x24,0xe8,0x00,0x00,
0x00,0x48,0x89,0x8c,0x24,0xd0,0x00,0x00,0x00,0x48,0x8b,0x84,0x24,0xd0,0x00,0x00,
0x00,0x48,0x8b,0x8c,0x24,0xe8,0x00,0x00,0x00,0xff,0x10,0x48,0x8d,0x84,0x24,0x08,
0x09,0x00,0x00,0x48,0x8d,0x0b,0x48,0x8d,0x15,0xf7,0x10,0x00,0x00,0x48,0x8b,0x1d,
0xf4,0x11,0x00,0x00,0x48,0x89,0x8c,0x24,0xf0,0x00,0x00,0x00,0x48,0x89,0x94,0x24,
0x00,0x01,0x00,0x00,0x48,0x89,0xc1,0x48,0x8b,0x94,0x24,0xf0,0x00,0x00,0x00,0x4c,
0x8b,0x84,0x24,0x00,0x01,0x00,0x00,0xff,0x13,0x48,0x8b,0x4c,0x24,0x78,0x48,0x8d,
0x01,0x48,0x8d,0x94,0x24,0xf8,0x08,0x00,0x00,0x48,0x8d,0x9c,0x24,0x08,0x09,0x00,
0x00,0x48,0x8b,0x2d,0xb8,0x11,0x00,0x00,0x48,0x89,0xc1,0x49,0x89,0xd8,0xff,0x55,
0x00,0x48,0x8d,0x84,0x24,0x08,0x09,0x00,0x00,0x48,0x8b,0x0d,0x58,0x11,0x00,0x00,
0x48,0x89,0x84,0x24,0x48,0x01,0x00,0x00,0x48,0x89,0x8c,0x24,0x38,0x01,0x00,0x00,
0x48,0x8b,0x84,0x24,0x38,0x01,0x00,0x00,0x48,0x8b,0x8c,0x24,0x48,0x01,0x00,0x00,
0xff,0x10,0x48,0x8d,0x84,0x24,0xf8,0x08,0x00,0x00,0x48,0x8b,0x0d,0x27,0x11,0x00,
0x00,0x48,0x89,0x84,0x24,0x50,0x01,0x00,0x00,0x48,0x89,0x8c,0x24,0x60,0x01,0x00,
0x00,0x48,0x8b,0x84,0x24,0x60,0x01,0x00,0x00,0x48,0x8b,0x8c,0x24,0x50,0x01,0x00,
0x00,0xff,0x10,0x48,0x8b,0x4c,0x24,0x78,0x48,0x8d,0x01,0x48,0x8b,0x15,0x46,0x11,
0x00,0x00,0x48,0x89,0xc1,0xff,0x12,0x48,0x8b,0x4c,0x24,0x78,0x48,0x8d,0x01,0x48,
0x8b,0x15,0x32,0x11,0x00,0x00,0x48,0x89,0xc1,0xff,0x12,0x48,0x8d,0x84,0x24,0xf8,
0x08,0x00,0x00,0x48,0x8d,0x0d,0x82,0x0f,0x00,0x00,0x48,0x8b,0x15,0x87,0x10,0x00,
0x00,0x48,0x89,0x84,0x24,0x68,0x01,0x00,0x00,0x48,0x89,0x8c,0x24,0x40,0x01,0x00,
0x00,0x48,0x89,0x94,0x24,0x30,0x01,0x00,0x00,0x48,0x8b,0x84,0x24,0x30,0x01,0x00,
0x00,0x48,0x8b,0x8c,0x24,0x68,0x01,0x00,0x00,0x48,0x8b,0x94,0x24,0x40,0x01,0x00,
0x00,0xff,0x10,0x48,0x8b,0x1d,0xb6,0x10,0x00,0x00,0x48,0x8b,0x05,0x9f,0x10,0x00,
0x00,0x48,0x8d,0x8c,0x24,0x08,0x09,0x00,0x00,0x48,0x8d,0x13,0x48,0x8d,0x00,0x48,
0x8b,0x1d,0x4a,0x10,0x00,0x00,0x49,0x89,0xc0,0xff,0x13,0x48,0x8b,0x4c,0x24,0x78,
0x48,0x8d,0x01,0x48,0x8d,0x94,0x24,0xf8,0x08,0x00,0x00,0x48,0x8d,0x1d,0xde,0x0e,
0x00,0x00,0x4c,0x8d,0x8c,0x24,0x08,0x09,0x00,0x00,0x48,0x8d,0x2d,0x8f,0x0e,0x00,
0x00,0x48,0x8b,0x35,0x98,0x10,0x00,0x00,0x48,0x89,0x6c,0x24,0x20,0x48,0x89,0xc1,
0x49,0x89,0xd8,0xff,0x16,0x48,0x8d,0x84,0x24,0x08,0x09,0x00,0x00,0x48,0x8b,0x0d,
0x1c,0x10,0x00,0x00,0x48,0x89,0x84,0x24,0xf8,0x00,0x00,0x00,0x48,0x89,0x8c,0x24,
0x28,0x01,0x00,0x00,0x48,0x8b,0x84,0x24,0x28,0x01,0x00,0x00,0x48,0x8b,0x8c,0x24,
0xf8,0x00,0x00,0x00,0xff,0x10,0x48,0x8d,0x84,0x24,0xf8,0x08,0x00,0x00,0x48,0x8b,
0x0d,0xf3,0x0f,0x00,0x00,0x48,0x89,0x84,0x24,0x20,0x01,0x00,0x00,0x48,0x89,0x8c,
0x24,0x18,0x01,0x00,0x00,0x48,0x8b,0x84,0x24,0x18,0x01,0x00,0x00,0x48,0x8b,0x8c,
0x24,0x20,0x01,0x00,0x00,0xff,0x10,0x48,0x8b,0x1d,0xfa,0x0f,0x00,0x00,0x48,0x8d,
0x84,0x24,0xf8,0x08,0x00,0x00,0x48,0x8b,0x0d,0xf3,0x0f,0x00,0x00,0x48,0x89,0x84,
0x24,0x10,0x01,0x00,0x00,0x48,0x89,0x8c,0x24,0x08,0x01,0x00,0x00,0x48,0x8b,0x84,
0x24,0x08,0x01,0x00,0x00,0x48,0x8b,0x8c,0x24,0x10,0x01,0x00,0x00,0xff,0x10,0x48,
0x8d,0x84,0x24,0xf8,0x08,0x00,0x00,0x48,0x8d,0x0b,0x48,0x8d,0x15,0xc7,0x0e,0x00,
0x00,0x48,0x8b,0x1d,0xc0,0x0f,0x00,0x00,0x48,0x89,0x8c,0x24,0x80,0x02,0x00,0x00,
0x48,0x89,0x94,0x24,0x68,0x02,0x00,0x00,0x48,0x89,0xc1,0x48,0x8b,0x94,0x24,0x80,
0x02,0x00,0x00,0x4c,0x8b,0x84,0x24,0x68,0x02,0x00,0x00,0xff,0x13,0x48,0x8b,0x05,
0x04,0x0f,0x00,0x00,0x8b,0x58,0x68,0x8b,0x05,0x93,0x0d,0x00,0x00,0x89,0xdd,0x01,
0xc5,0x8b,0x05,0xc9,0x0d,0x00,0x00,0x89,0xc7,0x8b,0x05,0x81,0x0d,0x00,0x00,0x3b,
0x05,0x7b,0x0d,0x00,0x00,0x40,0x0f,0x94,0xc6,0x8b,0x05,0x71,0x0d,0x00,0x00,0x89,
0xc3,0x48,0x8b,0x05,0xd8,0x0e,0x00,0x00,0x8b,0x40,0x68,0x2b,0x05,0x83,0x0d,0x00,
0x00,0x39,0xc3,0x0f,0x94,0xc0,0x48,0x8b,0x4c,0x24,0x78,0x48,0x8d,0x11,0x4c,0x8b,
0x84,0x24,0x08,0x06,0x00,0x00,0x49,0x8d,0x18,0x4c,0x8d,0x8c,0x24,0xf8,0x08,0x00,
0x00,0x4c,0x8d,0x15,0x38,0x0d,0x00,0x00,0x4c,0x8d,0x2d,0xb1,0x0d,0x00,0x00,0x89,
0xac,0x24,0x08,0x09,0x00,0x00,0x4c,0x8d,0xa4,0x24,0x08,0x09,0x00,0x00,0x89,0xbc,
0x24,0x0c,0x09,0x00,0x00,0x4c,0x8d,0x9c,0x24,0x0c,0x09,0x00,0x00,0x40,0x88,0xb4,
0x24,0x10,0x09,0x00,0x00,0x48,0x8d,0xac,0x24,0x10,0x09,0x00,0x00,0x88,0x84,0x24,
0x11,0x09,0x00,0x00,0x48,0x8d,0x84,0x24,0x11,0x09,0x00,0x00,0x48,0x8d,0xb4,0x24,
0xf4,0x08,0x00,0x00,0x49,0x8d,0xb8,0x28,0x01,0x00,0x00,0x4d,0x8d,0x70,0x1c,0x4d,
0x8d,0x78,0x18,0x4c,0x8b,0x05,0xee,0x0e,0x00,0x00,0x4c,0x89,0x6c,0x24,0x20,0x4c,
0x89,0x64,0x24,0x28,0x4c,0x89,0x5c,0x24,0x30,0x48,0x89,0x6c,0x24,0x38,0x48,0x89,
0x44,0x24,0x40,0x48,0x89,0x74,0x24,0x48,0x48,0x89,0x7c,0x24,0x50,0x4c,0x89,0x74,
0x24,0x58,0x4c,0x89,0x7c,0x24,0x60,0x48,0x89,0x94,0x24,0x88,0x02,0x00,0x00,0x4c,
0x89,0x84,0x24,0x98,0x02,0x00,0x00,0x4c,0x89,0x8c,0x24,0xf0,0x03,0x00,0x00,0x4c,
0x89,0x94,0x24,0xe0,0x03,0x00,0x00,0x4c,0x8b,0x94,0x24,0x98,0x02,0x00,0x00,0x48,
0x8b,0x8c,0x24,0x88,0x02,0x00,0x00,0x48,0x89,0xda,0x4c,0x8b,0x84,0x24,0xf0,0x03,
0x00,0x00,0x4c,0x8b,0x8c,0x24,0xe0,0x03,0x00,0x00,0x41,0xff,0x12,0x48,0x8d,0x84,
0x24,0xf8,0x08,0x00,0x00,0x48,0x8b,0x0d,0x0c,0x0e,0x00,0x00,0x48,0x89,0x84,0x24,
0xf8,0x03,0x00,0x00,0x48,0x89,0x8c,0x24,0x08,0x04,0x00,0x00,0x48,0x8b,0x84,0x24,
0x08,0x04,0x00,0x00,0x48,0x8b,0x8c,0x24,0xf8,0x03,0x00,0x00,0xff,0x10,0x48,0x8b,
0x1d,0x13,0x0e,0x00,0x00,0x48,0x8d,0x84,0x24,0xf8,0x08,0x00,0x00,0x48,0x8b,0x0d,
0x0c,0x0e,0x00,0x00,0x48,0x89,0x84,0x24,0x10,0x04,0x00,0x00,0x48,0x89,0x8c,0x24,
0xe8,0x03,0x00,0x00,0x48,0x8b,0x84,0x24,0xe8,0x03,0x00,0x00,0x48,0x8b,0x8c,0x24,
0x10,0x04,0x00,0x00,0xff,0x10,0x48,0x8d,0x84,0x24,0xf8,0x08,0x00,0x00,0x48,0x8d,
0x0b,0x48,0x8d,0x15,0xe4,0x0c,0x00,0x00,0x48,0x8b,0x1d,0xd9,0x0d,0x00,0x00,0x48,
0x89,0x8c,0x24,0xd8,0x03,0x00,0x00,0x48,0x89,0x94,0x24,0xa0,0x03,0x00,0x00,0x48,
0x89,0xc1,0x48,0x8b,0x94,0x24,0xd8,0x03,0x00,0x00,0x4c,0x8b,0x84,0x24,0xa0,0x03,
0x00,0x00,0xff,0x13,0x48,0x8b,0x05,0x1d,0x0d,0x00,0x00,0x8b,0x58,0x68,0x8b,0x05,
0xd0,0x0b,0x00,0x00,0x89,0xdd,0x01,0xc5,0x8b,0x05,0xe2,0x0b,0x00,0x00,0x89,0xc7,
0x8b,0x05,0xbe,0x0b,0x00,0x00,0x3b,0x05,0x94,0x0b,0x00,0x00,0x40,0x0f,0x94,0xc6,
0x8b,0x05,0xae,0x0b,0x00,0x00,0x89,0xc3,0x48,0x8b,0x05,0xf1,0x0c,0x00,0x00,0x8b,
0x40,0x68,0x2b,0x05,0x9c,0x0b,0x00,0x00,0x39,0xc3,0x0f,0x94,0xc0,0x48,0x8b,0x4c,
0x24,0x78,0x48,0x8d,0x11,0x4c,0x8b,0x84,0x24,0x08,0x06,0x00,0x00,0x49,0x8d,0x18,
0x4c,0x8d,0x8c,0x24,0xf8,0x08,0x00,0x00,0x89,0xac,0x24,0x08,0x09,0x00,0x00,0x48,
0x8d,0xac,0x24,0x08,0x09,0x00,0x00,0x89,0xbc,0x24,0x0c,0x09,0x00,0x00,0x4c,0x8d,
0x9c,0x24,0x0c,0x09,0x00,0x00,0x40,0x88,0xb4,0x24,0x10,0x09,0x00,0x00,0x4c,0x8d,
0x94,0x24,0x10,0x09,0x00,0x00,0x88,0x84,0x24,0x11,0x09,0x00,0x00,0x48,0x8d,0x84,
0x24,0x11,0x09,0x00,0x00,0x48,0x8d,0xb4,0x24,0xf4,0x08,0x00,0x00,0x49,0x8d,0xb8,
0x2c,0x01,0x00,0x00,0x4d,0x8d,0x60,0x1c,0x4d,0x8d,0x68,0x18,0x4c,0x8b,0x35,0x1d,
0x0d,0x00,0x00,0x4c,0x89,0x5c,0x24,0x20,0x4c,0x89,0x54,0x24,0x28,0x48,0x89,0x44,
0x24,0x30,0x48,0x89,0x74,0x24,0x38,0x48,0x89,0x7c,0x24,0x40,0x4c,0x89,0x64,0x24,
0x48,0x4c,0x89,0x6c,0x24,0x50,0x48,0x89,0x94,0x24,0xd0,0x03,0x00,0x00,0x4c,0x89,
0x8c,0x24,0xc8,0x03,0x00,0x00,0x48,0x8b,0x8c,0x24,0xd0,0x03,0x00,0x00,0x48,0x89,
0xda,0x4c,0x8b,0x84,0x24,0xc8,0x03,0x00,0x00,0x49,0x89,0xe9,0x41,0xff,0x16,0x48,
0x8d,0x84,0x24,0xf8,0x08,0x00,0x00,0x48,0x8b,0x0d,0x5a,0x0c,0x00,0x00,0x48,0x89,
0x84,0x24,0xc0,0x03,0x00,0x00,0x48,0x89,0x8c,0x24,0xb8,0x03,0x00,0x00,0x48,0x8b,
0x84,0x24,0xb8,0x03,0x00,0x00,0x48,0x8b,0x8c,0x24,0xc0,0x03,0x00,0x00,0xff,0x10,
0x48,0x8b,0x1d,0x61,0x0c,0x00,0x00,0x48,0x8d,0x84,0x24,0xf8,0x08,0x00,0x00,0x48,
0x8b,0x0d,0x5a,0x0c,0x00,0x00,0x48,0x89,0x84,0x24,0xb0,0x03,0x00,0x00,0x48,0x89,
0x8c,0x24,0x18,0x04,0x00,0x00,0x48,0x8b,0x84,0x24,0x18,0x04,0x00,0x00,0x48,0x8b,
0x8c,0x24,0xb0,0x03,0x00,0x00,0xff,0x10,0x48,0x8d,0x84,0x24,0xf8,0x08,0x00,0x00,
0x48,0x8d,0x0b,0x48,0x8d,0x15,0x36,0x0b,0x00,0x00,0x48,0x8b,0x1d,0x27,0x0c,0x00,
0x00,0x48,0x89,0x8c,0x24,0x00,0x04,0x00,0x00,0x48,0x89,0x94,0x24,0x20,0x04,0x00,
0x00,0x48,0x89,0xc1,0x48,0x8b,0x94,0x24,0x00,0x04,0x00,0x00,0x4c,0x8b,0x84,0x24,
0x20,0x04,0x00,0x00,0xff,0x13,0x48,0x8b,0x05,0x6b,0x0b,0x00,0x00,0x8b,0x58,0x68,
0x8b,0x05,0x3a,0x0a,0x00,0x00,0x89,0xdd,0x01,0xc5,0x8b,0x05,0x30,0x0a,0x00,0x00,
0x89,0xc7,0x8b,0x05,0x28,0x0a,0x00,0x00,0x3b,0x05,0xe2,0x09,0x00,0x00,0x40,0x0f,
0x94,0xc6,0x8b,0x05,0x18,0x0a,0x00,0x00,0x89,0xc3,0x48,0x8b,0x05,0x3f,0x0b,0x00,
0x00,0x8b,0x40,0x68,0x2b,0x05,0xea,0x09,0x00,0x00,0x39,0xc3,0x0f,0x94,0xc0,0x48,
0x8b,0x4c,0x24,0x78,0x48,0x8d,0x11,0x4c,0x8b,0x84,0x24,0x08,0x06,0x00,0x00,0x49,
0x8d,0x18,0x4c,0x8d,0x8c,0x24,0xf8,0x08,0x00,0x00,0x89,0xac,0x24,0x08,0x09,0x00,
0x00,0x48,0x8d,0xac,0x24,0x08,0x09,0x00,0x00,0x89,0xbc,0x24,0x0c,0x09,0x00,0x00,
0x4c,0x8d,0x9c,0x24,0x0c,0x09,0x00,0x00,0x40,0x88,0xb4,0x24,0x10,0x09,0x00,0x00,
0x4c,0x8d,0x94,0x24,0x10,0x09,0x00,0x00,0x88,0x84,0x24,0x11,0x09,0x00,0x00,0x48,
0x8d,0x84,0x24,0x11,0x09,0x00,0x00,0x48,0x8d,0xbc,0x24,0xf4,0x08,0x00,0x00,0x49,
0x8d,0xb0,0x2d,0x01,0x00,0x00,0x4d,0x8d,0x60,0x1c,0x4d,0x8d,0x68,0x18,0x4c,0x8b,
0x35,0x6b,0x0b,0x00,0x00,0x4c,0x89,0x5c,0x24,0x20,0x4c,0x89,0x54,0x24,0x28,0x48,
0x89,0x44,0x24,0x30,0x48,0x89,0x7c,0x24,0x38,0x48,0x89,0x74,0x24,0x40,0x4c,0x89,
0x64,0x24,0x48,0x4c,0x89,0x6c,0x24,0x50,0x48,0x89,0x94,0x24,0x30,0x04,0x00,0x00,
0x4c,0x89,0x8c,0x24,0x80,0x04,0x00,0x00,0x48,0x8b,0x8c,0x24,0x30,0x04,0x00,0x00,
0x48,0x89,0xda,0x4c,0x8b,0x84,0x24,0x80,0x04,0x00,0x00,0x49,0x89,0xe9,0x41,0xff,
0x16,0x48,0x8d,0x84,0x24,0xf8,0x08,0x00,0x00,0x48,0x8b,0x0d,0xa8,0x0a,0x00,0x00,
0x48,0x89,0x84,0x24,0x70,0x04,0x00,0x00,0x48,0x89,0x8c,0x24,0x88,0x04,0x00,0x00,
0x48,0x8b,0x84,0x24,0x88,0x04,0x00,0x00,0x48,0x8b,0x8c,0x24,0x70,0x04,0x00,0x00,
0xff,0x10,0x48,0x8b,0x4c,0x24,0x78,0x48,0x8d,0x01,0x48,0x8b,0x15,0xc7,0x0a,0x00,
0x00,0x48,0x89,0xc1,0xff,0x12,0x48,0x8b,0x4c,0x24,0x78,0x48,0x8d,0x01,0x48,0x8b,
0x15,0xb3,0x0a,0x00,0x00,0x48,0x89,0xc1,0xff,0x12,0x48,0x8b,0x4c,0x24,0x78,0x48,
0x8d,0x01,0x48,0x8b,0x15,0x9f,0x0a,0x00,0x00,0x48,0x89,0xc1,0xff,0x12,0x48,0x8b,
0x4c,0x24,0x78,0x48,0x8d,0x01,0x48,0x8b,0x15,0x8b,0x0a,0x00,0x00,0x48,0x89,0xc1,
0xff,0x12,0x48,0x8d,0x84,0x24,0xf8,0x08,0x00,0x00,0x48,0x8d,0x0d,0x73,0x09,0x00,
0x00,0x48,0x8b,0x15,0xe0,0x09,0x00,0x00,0x48,0x89,0x84,0x24,0x98,0x04,0x00,0x00,
0x48,0x89,0x8c,0x24,0xa0,0x04,0x00,0x00,0x48,0x89,0x94,0x24,0x78,0x04,0x00,0x00,
0x48,0x8b,0x84,0x24,0x78,0x04,0x00,0x00,0x48,0x8b,0x8c,0x24,0x98,0x04,0x00,0x00,
0x48,0x8b,0x94,0x24,0xa0,0x04,0x00,0x00,0xff,0x10,0x48,0x8b,0x05,0xaf,0x09,0x00,
0x00,0x48,0x8b,0x1d,0xf0,0x09,0x00,0x00,0x48,0x8d,0x8c,0x24,0x08,0x09,0x00,0x00,
0x48,0x8d,0x00,0x48,0x8d,0x13,0x48,0x8b,0x1d,0xa3,0x09,0x00,0x00,0x48,0x89,0x94,
0x24,0x68,0x04,0x00,0x00,0x48,0x89,0xc2,0x4c,0x8b,0x84,0x24,0x68,0x04,0x00,0x00,
0xff,0x13,0x48,0x8d,0x84,0x24,0x10,0x09,0x00,0x00,0x48,0x8b,0x0d,0x87,0x09,0x00,
0x00,0x48,0x89,0x84,0x24,0x48,0x04,0x00,0x00,0x48,0x89,0x8c,0x24,0x60,0x04,0x00,
0x00,0x48,0x8b,0x84,0x24,0x60,0x04,0x00,0x00,0x48,0x8b,0x8c,0x24,0x48,0x04,0x00,
0x00,0xff,0x10,0x48,0x8b,0x4c,0x24,0x78,0x48,0x8d,0x01,0x48,0x8d,0x94,0x24,0xf8,
0x08,0x00,0x00,0x48,0x8d,0x9c,0x24,0x08,0x09,0x00,0x00,0x4c,0x8d,0x0d,0xee,0x07,
0x00,0x00,0x48,0x8d,0x2d,0xe7,0x07,0x00,0x00,0x48,0x8d,0x35,0xe0,0x07,0x00,0x00,
0x48,0x8d,0xbc,0x24,0x10,0x09,0x00,0x00,0x4c,0x8d,0x05,0x91,0x07,0x00,0x00,0x4c,
0x8b,0x15,0x32,0x09,0x00,0x00,0x48,0x89,0x6c,0x24,0x20,0x48,0x89,0x74,0x24,0x28,
0x48,0x89,0x7c,0x24,0x30,0x4c,0x89,0x44,0x24,0x38,0x48,0x89,0xc1,0x49,0x89,0xd8,
0x41,0xff,0x12,0x48,0x8d,0x84,0x24,0x10,0x09,0x00,0x00,0x48,0x8b,0x0d,0x0e,0x09,
0x00,0x00,0x48,0x89,0x84,0x24,0x38,0x04,0x00,0x00,0x48,0x89,0x8c,0x24,0x28,0x04,
0x00,0x00,0x48,0x8b,0x84,0x24,0x28,0x04,0x00,0x00,0x48,0x8b,0x8c,0x24,0x38,0x04,
0x00,0x00,0xff,0x10,0x48,0x8d,0x84,0x24,0x08,0x09,0x00,0x00,0x48,0x8b,0x0d,0xdd,
0x08,0x00,0x00,0x48,0x89,0x84,0x24,0x40,0x04,0x00,0x00,0x48,0x89,0x8c,0x24,0x50,
0x04,0x00,0x00,0x48,0x8b,0x84,0x24,0x50,0x04,0x00,0x00,0x48,0x8b,0x8c,0x24,0x40,
0x04,0x00,0x00,0xff,0x10,0x48,0x8d,0x84,0x24,0xf8,0x08,0x00,0x00,0x48,0x8b,0x0d,
0xb4,0x08,0x00,0x00,0x48,0x89,0x84,0x24,0x58,0x04,0x00,0x00,0x48,0x89,0x8c,0x24,
0xa8,0x03,0x00,0x00,0x48,0x8b,0x84,0x24,0xa8,0x03,0x00,0x00,0x48,0x8b,0x8c,0x24,
0x58,0x04,0x00,0x00,0xff,0x10,0x48,0x8b,0x4c,0x24,0x78,0x8a,0x81,0xc8,0x00,0x00,
0x00,0x3c,0x00,0x0f,0x84,0xe7,0x04,0x00,0x00,0x48,0x8d,0x84,0x24,0x00,0x09,0x00,
0x00,0x48,0x8d,0x15,0xc7,0x07,0x00,0x00,0x48,0x8b,0x1d,0x29,0x08,0x00,0x00,0x48,
0x89,0xc1,0xff,0x13,0x48,0x8b,0x1d,0x8d,0x08,0x00,0x00,0x48,0x8d,0x84,0x24,0x10,
0x09,0x00,0x00,0x48,0x8b,0x0d,0x86,0x08,0x00,0x00,0x48,0x89,0x84,0x24,0x98,0x03,
0x00,0x00,0x48,0x89,0x8c,0x24,0x78,0x03,0x00,0x00,0x48,0x8b,0x84,0x24,0x78,0x03,
0x00,0x00,0x48,0x8b,0x8c,0x24,0x98,0x03,0x00,0x00,0xff,0x10,0x48,0x8d,0x84,0x24,
0x10,0x09,0x00,0x00,0x48,0x8d,0x0b,0x48,0x8d,0x15,0x8a,0x07,0x00,0x00,0x48,0x8b,
0x1d,0x53,0x08,0x00,0x00,0x48,0x89,0x8c,0x24,0x90,0x03,0x00,0x00,0x48,0x89,0x94,
0x24,0xe0,0x02,0x00,0x00,0x48,0x89,0xc1,0x48,0x8b,0x94,0x24,0x90,0x03,0x00,0x00,
0x4c,0x8b,0x84,0x24,0xe0,0x02,0x00,0x00,0xff,0x13,0x48,0x8b,0x05,0x57,0x08,0x00,
0x00,0x48,0x8b,0x1d,0xf0,0x07,0x00,0x00,0x48,0x8d,0x8c,0x24,0x20,0x09,0x00,0x00,
0x48,0x8d,0x00,0x48,0x8d,0x13,0x48,0x8b,0x1d,0xa3,0x07,0x00,0x00,0x48,0x89,0x94,
0x24,0xd0,0x02,0x00,0x00,0x48,0x89,0xc2,0x4c,0x8b,0x84,0x24,0xd0,0x02,0x00,0x00,
0xff,0x13,0x8a,0x84,0x24,0xf1,0x08,0x00,0x00,0x3a,0x05,0x15,0x06,0x00,0x00,0x0f,
0x94,0xc0,0x48,0x8d,0x8c,0x24,0xf8,0x08,0x00,0x00,0x48,0x89,0x8c,0x24,0xe8,0x02,
0x00,0x00,0x48,0x8b,0x4c,0x24,0x78,0x48,0x8d,0x11,0x48,0x8d,0x9c,0x24,0x00,0x09,
0x00,0x00,0x4c,0x8d,0x8c,0x24,0x10,0x09,0x00,0x00,0x48,0x8d,0xbc,0x24,0x20,0x09,
0x00,0x00,0x48,0x8d,0xb1,0xe0,0x04,0x00,0x00,0x88,0x84,0x24,0x28,0x09,0x00,0x00,
0x48,0x8d,0x84,0x24,0x28,0x09,0x00,0x00,0x48,0x8d,0x2d,0x91,0x05,0x00,0x00,0x4c,
0x8b,0x05,0xca,0x07,0x00,0x00,0x48,0x89,0x7c,0x24,0x20,0x48,0x89,0x74,0x24,0x28,
0x48,0x89,0x44,0x24,0x30,0x48,0x89,0x6c,0x24,0x38,0x4c,0x89,0xc5,0x48,0x8b,0x8c,
0x24,0xe8,0x02,0x00,0x00,0x49,0x89,0xd8,0xff,0x55,0x00,0x8a,0x9c,0x24,0xf8,0x08,
0x00,0x00,0x48,0x8d,0x84,0x24,0x20,0x09,0x00,0x00,0x48,0x8b,0x0d,0x0f,0x07,0x00,
0x00,0x48,0x89,0x84,0x24,0xf8,0x02,0x00,0x00,0x48,0x89,0x8c,0x24,0x00,0x03,0x00,
0x00,0x48,0x8b,0x84,0x24,0x00,0x03,0x00,0x00,0x48,0x8b,0x8c,0x24,0xf8,0x02,0x00,
0x00,0xff,0x10,0x48,0x8d,0x84,0x24,0x10,0x09,0x00,0x00,0x48,0x8b,0x0d,0xe6,0x06,
0x00,0x00,0x48,0x89,0x84,0x24,0xd8,0x02,0x00,0x00,0x48,0x89,0x8c,0x24,0xc8,0x02,
0x00,0x00,0x48,0x8b,0x84,0x24,0xc8,0x02,0x00,0x00,0x48,0x8b,0x8c,0x24,0xd8,0x02,
0x00,0x00,0xff,0x10,0x48,0x8d,0x84,0x24,0x00,0x09,0x00,0x00,0x48,0x8b,0x0d,0xb5,
0x06,0x00,0x00,0x48,0x89,0x84,0x24,0x90,0x02,0x00,0x00,0x48,0x89,0x8c,0x24,0xc0,
0x02,0x00,0x00,0x48,0x8b,0x84,0x24,0xc0,0x02,0x00,0x00,0x48,0x8b,0x8c,0x24,0x90,
0x02,0x00,0x00,0xff,0x10,0x80,0xfb,0x00,0x0f,0x84,0x60,0x00,0x00,0x00,0x48,0x8d,
0x84,0x24,0xf8,0x08,0x00,0x00,0x48,0x8b,0x4c,0x24,0x78,0x48,0x8d,0x11,0x48,0x8b,
0x1d,0xf3,0x06,0x00,0x00,0x48,0x89,0xc1,0xff,0x13,0x8a,0x84,0x24,0xf8,0x08,0x00,
0x00,0x3c,0x00,0x0f,0x84,0x30,0x00,0x00,0x00,0x48,0x8b,0x4c,0x24,0x78,0x48,0x8d,
0x01,0x4c,0x8b,0x84,0x24,0x08,0x06,0x00,0x00,0x49,0x8d,0x10,0x48,0x8d,0x9c,0x24,
0xf1,0x08,0x00,0x00,0x48,0x8b,0x2d,0xc5,0x06,0x00,0x00,0x48,0x89,0xc1,0x49,0x89,
0xd8,0xff,0x55,0x00,0xe9,0x00,0x00,0x00,0x00,0xe9,0x00,0x00,0x00,0x00,0x48,0x8d,
0x84,0x24,0x00,0x09,0x00,0x00,0x48,0x8d,0x0d,0x8f,0x05,0x00,0x00,0x48,0x8b,0x15,
0xd4,0x05,0x00,0x00,0x48,0x89,0x84,0x24,0xb8,0x02,0x00,0x00,0x48,0x89,0x8c,0x24,
0xb0,0x02,0x00,0x00,0x48,0x89,0x94,0x24,0xa8,0x02,0x00,0x00,0x48,0x8b,0x84,0x24,
0xa8,0x02,0x00,0x00,0x48,0x8b,0x8c,0x24,0xb8,0x02,0x00,0x00,0x48,0x8b,0x94,0x24,
0xb0,0x02,0x00,0x00,0xff,0x10,0x48,0x8b,0x1d,0x0b,0x06,0x00,0x00,0x48,0x8d,0x84,
0x24,0x10,0x09,0x00,0x00,0x48,0x8b,0x0d,0x04,0x06,0x00,0x00,0x48,0x89,0x84,0x24,
0xa0,0x02,0x00,0x00,0x48,0x89,0x8c,0x24,0x08,0x03,0x00,0x00,0x48,0x8b,0x84,0x24,
0x08,0x03,0x00,0x00,0x48,0x8b,0x8c,0x24,0xa0,0x02,0x00,0x00,0xff,0x10,0x48,0x8d,
0x84,0x24,0x10,0x09,0x00,0x00,0x48,0x8d,0x0b,0x48,0x8d,0x15,0x24,0x05,0x00,0x00,
0x48,0x8b,0x1d,0xd1,0x05,0x00,0x00,0x48,0x89,0x8c,0x24,0xf0,0x02,0x00,0x00,0x48,
0x89,0x94,0x24,0x10,0x03,0x00,0x00,0x48,0x89,0xc1,0x48,0x8b,0x94,0x24,0xf0,0x02,
0x00,0x00,0x4c,0x8b,0x84,0x24,0x10,0x03,0x00,0x00,0xff,0x13,0x48,0x8b,0x05,0xd5,
0x05,0x00,0x00,0x48,0x8b,0x1d,0x6e,0x05,0x00,0x00,0x48,0x8d,0x8c,0x24,0x20,0x09,
0x00,0x00,0x48,0x8d,0x00,0x48,0x8d,0x13,0x48,0x8b,0x1d,0x21,0x05,0x00,0x00,0x48,
0x89,0x94,0x24,0x20,0x03,0x00,0x00,0x48,0x89,0xc2,0x4c,0x8b,0x84,0x24,0x20,0x03,
0x00,0x00,0xff,0x13,0x8a,0x84,0x24,0xf0,0x08,0x00,0x00,0x3a,0x05,0x5f,0x03,0x00,
0x00,0x0f,0x94,0xc0,0x48,0x8d,0x8c,0x24,0xf8,0x08,0x00,0x00,0x48,0x89,0x8c,0x24,
0x68,0x03,0x00,0x00,0x48,0x8b,0x4c,0x24,0x78,0x48,0x8d,0x11,0x48,0x8d,0x9c,0x24,
0x00,0x09,0x00,0x00,0x4c,0x8d,0x8c,0x24,0x10,0x09,0x00,0x00,0x48,0x8d,0xbc,0x24,
0x20,0x09,0x00,0x00,0x48,0x8d,0xb1,0x60,0x04,0x00,0x00,0x88,0x84,0x24,0x28,0x09,
0x00,0x00,0x48,0x8d,0x84,0x24,0x28,0x09,0x00,0x00,0x48,0x8d,0x2d,0x0f,0x03,0x00,
0x00,0x4c,0x8b,0x05,0x48,0x05,0x00,0x00,0x48,0x89,0x7c,0x24,0x20,0x48,0x89,0x74,
0x24,0x28,0x48,0x89,0x44,0x24,0x30,0x48,0x89,0x6c,0x24,0x38,0x4c,0x89,0xc5,0x48,
0x8b,0x8c,0x24,0x68,0x03,0x00,0x00,0x49,0x89,0xd8,0xff,0x55,0x00,0x8a,0x9c,0x24,
0xf8,0x08,0x00,0x00,0x48,0x8d,0x84,0x24,0x20,0x09,0x00,0x00,0x48,0x8b,0x0d,0x8d,
0x04,0x00,0x00,0x48,0x89,0x84,0x24,0x58,0x03,0x00,0x00,0x48,0x89,0x8c,0x24,0x70,
0x03,0x00,0x00,0x48,0x8b,0x84,0x24,0x70,0x03,0x00,0x00,0x48,0x8b,0x8c,0x24,0x58,
0x03,0x00,0x00,0xff,0x10,0x48,0x8d,0x84,0x24,0x10,0x09,0x00,0x00,0x48,0x8b,0x0d,
0x64,0x04,0x00,0x00,0x48,0x89,0x84,0x24,0x80,0x03,0x00,0x00,0x48,0x89,0x8c,0x24,
0x88,0x03,0x00,0x00,0x48,0x8b,0x84,0x24,0x88,0x03,0x00,0x00,0x48,0x8b,0x8c,0x24,
0x80,0x03,0x00,0x00,0xff,0x10,0x48,0x8d,0x84,0x24,0x00,0x09,0x00,0x00,0x48,0x8b,
0x0d,0x33,0x04,0x00,0x00,0x48,0x89,0x84,0x24,0x60,0x03,0x00,0x00,0x48,0x89,0x8c,
0x24,0x50,0x03,0x00,0x00,0x48,0x8b,0x84,0x24,0x50,0x03,0x00,0x00,0x48,0x8b,0x8c,
0x24,0x60,0x03,0x00,0x00,0xff,0x10,0x80,0xfb,0x00,0x0f,0x84,0x6b,0x00,0x00,0x00,
0x48,0x8d,0x84,0x24,0xf8,0x08,0x00,0x00,0x48,0x8b,0x4c,0x24,0x78,0x48,0x8d,0x11,
0x48,0x8b,0x1d,0x71,0x04,0x00,0x00,0x48,0x89,0xc1,0xff,0x13,0x8a,0x84,0x24,0xf8,
0x08,0x00,0x00,0x3c,0x00,0x0f,0x84,0x3b,0x00,0x00,0x00,0x48,0x8b,0x4c,0x24,0x78,
0x48,0x8d,0x01,0x48,0x8b,0x94,0x24,0x18,0x06,0x00,0x00,0x48,0x8d,0x12,0x4c,0x8b,
0x84,0x24,0x08,0x06,0x00,0x00,0x49,0x8d,0x18,0x4c,0x8d,0x8c,0x24,0xf0,0x08,0x00,
0x00,0x48,0x8b,0x2d,0x40,0x04,0x00,0x00,0x48,0x89,0xc1,0x49,0x89,0xd8,0xff,0x55,
0x00,0xe9,0x00,0x00,0x00,0x00,0xe9,0x00,0x00,0x00,0x00,0xe9,0xd1,0x00,0x00,0x00,
0x8a,0x84,0x24,0xf1,0x08,0x00,0x00,0x3a,0x05,0xc3,0x01,0x00,0x00,0x0f,0x94,0xc0,
0x48,0x8d,0x11,0x88,0x84,0x24,0xf8,0x08,0x00,0x00,0x48,0x8d,0x84,0x24,0xf8,0x08,
0x00,0x00,0x48,0x8d,0x9c,0x24,0xf0,0x08,0x00,0x00,0x48,0x8b,0x2d,0xff,0x03,0x00,
0x00,0x48,0x89,0x94,0x24,0x40,0x09,0x00,0x00,0x48,0x8b,0x8c,0x24,0x40,0x09,0x00,
0x00,0x48,0x89,0xc2,0x49,0x89,0xd8,0xff,0x55,0x00,0x48,0x8b,0x4c,0x24,0x78,0x8a,
0x81,0x19,0x08,0x00,0x00,0x3c,0x00,0x0f,0x84,0x30,0x00,0x00,0x00,0x48,0x8d,0x01,
0x4c,0x8b,0x84,0x24,0x08,0x06,0x00,0x00,0x49,0x8d,0x10,0x48,0x8d,0x9c,0x24,0xf1,
0x08,0x00,0x00,0x48,0x8b,0x2d,0xa6,0x03,0x00,0x00,0x48,0x89,0xc1,0x49,0x89,0xd8,
0xff,0x55,0x00,0x48,0x8b,0x4c,0x24,0x78,0xe9,0x00,0x00,0x00,0x00,0x8a,0x81,0x1a,
0x08,0x00,0x00,0x3c,0x00,0x0f,0x84,0x36,0x00,0x00,0x00,0x48,0x8d,0x01,0x48,0x8b,
0x94,0x24,0x18,0x06,0x00,0x00,0x48,0x8d,0x12,0x4c,0x8b,0x84,0x24,0x08,0x06,0x00,
0x00,0x49,0x8d,0x18,0x4c,0x8d,0x8c,0x24,0xf0,0x08,0x00,0x00,0x48,0x8b,0x2d,0x65,
0x03,0x00,0x00,0x48,0x89,0xc1,0x49,0x89,0xd8,0xff,0x55,0x00,0xe9,0x00,0x00,0x00,
0x00,0x48,0x8b,0x15,0xf0,0x02,0x00,0x00,0x48,0x8d,0x84,0x24,0x00,0x09,0x00,0x00,
0x48,0x8b,0x0d,0xe9,0x02,0x00,0x00,0x48,0x89,0x84,0x24,0x18,0x03,0x00,0x00,0x48,
0x89,0x8c,0x24,0x48,0x03,0x00,0x00,0x48,0x8b,0x84,0x24,0x48,0x03,0x00,0x00,0x48,
0x8b,0x8c,0x24,0x18,0x03,0x00,0x00,0x48,0x89,0x94,0x24,0x40,0x03,0x00,0x00,0xff,
0x10,0x48,0x8d,0x84,0x24,0x00,0x09,0x00,0x00,0x48,0x8b,0x94,0x24,0x40,0x03,0x00,
0x00,0x48,0x8d,0x12,0x48,0x8d,0x0d,0xfd,0x01,0x00,0x00,0x48,0x8b,0x1d,0xa6,0x02,
0x00,0x00,0x48,0x89,0x8c,0x24,0x38,0x03,0x00,0x00,0x48,0x89,0xc1,0x4c,0x8b,0x84,
0x24,0x38,0x03,0x00,0x00,0xff,0x13,0x48,0x8b,0x4c,0x24,0x78,0x48,0x8d,0x01,0x4c,
0x8b,0x84,0x24,0x08,0x06,0x00,0x00,0x49,0x8d,0x10,0x4c,0x8d,0x84,0x24,0xf0,0x08,
0x00,0x00,0x4c,0x8d,0x8c,0x24,0x00,0x09,0x00,0x00,0x48,0x8b,0x1d,0xc7,0x02,0x00,
0x00,0x48,0x89,0xc1,0xff,0x13,0x48,0x8d,0x84,0x24,0x00,0x09,0x00,0x00,0x48,0x8b,
0x0d,0x13,0x02,0x00,0x00,0x48,0x89,0x84,0x24,0x30,0x03,0x00,0x00,0x48,0x89,0x8c,
0x24,0x28,0x03,0x00,0x00,0x48,0x8b,0x84,0x24,0x28,0x03,0x00,0x00,0x48,0x8b,0x8c,
0x24,0x30,0x03,0x00,0x00,0xff,0x10,0x48,0x8b,0x4c,0x24,0x78,0x48,0x8d,0x09,0x48,
0x8b,0x05,0x32,0x02,0x00,0x00,0xff,0x10,0x48,0x81,0xc4,0x48,0x09,0x00,0x00,0x41,
0x5f,0x41,0x5e,0x41,0x5d,0x41,0x5c,0x5f,0x5e,0x5d,0x5b,0xc3,0x00,0x00,0x00,0x00,
0x00,0x75,0x69,0x5f,0x63,0x6f,0x6e,0x74,0x61,0x69,0x6e,0x65,0x72,0x00,0x74,0x69,
0x00,0x00,0x00,0x00,0x61,0x75,0x64,0x69,0x6f,0x5f,0x73,0x63,0x72,0x6f,0x6c,0x6c,
0x00,0x76,0x6f,0x6c,0x75,0x6d,0x65,0x5f,0x73,0x65,0x74,0x74,0x69,0x6e,0x67,0x73,
0x00,0x6e,0x65,0x72,0x01,0x00,0x00,0x00,0x76,0x6f,0x6c,0x75,0x6d,0x65,0x5f,0x68,
0x65,0x61,0x64,0x69,0x6e,0x67,0x73,0x5f,0x61,0x6c,0x69,0x67,0x6e,0x00,0x65,0x5f,
0x02,0x00,0x00,0x00,0x76,0x6f,0x6c,0x75,0x6d,0x65,0x5f,0x68,0x65,0x61,0x64,0x69,
0x6e,0x67,0x5f,0x61,0x6c,0x69,0x67,0x6e,0x00,0x76,0x6f,0x6c,0x75,0x6d,0x65,0x5f,
0x68,0x65,0x61,0x64,0x69,0x6e,0x67,0x00,0x53,0x00,0x00,0x00,0x6f,0x70,0x74,0x69,
0x6f,0x6e,0x73,0x5f,0x74,0x61,0x62,0x6c,0x65,0x00,0x6e,0x5f,0x54,0x00,0x00,0x00,
0x64,0x00,0x00,0x00,0x55,0x00,0x00,0x00,0x56,0x00,0x00,0x00,0x57,0x00,0x00,0x00,
0x03,0x00,0x00,0x00,0x58,0x00,0x00,0x00,0x04,0x00,0x00,0x00,0x59,0x00,0x00,0x00,
0x05,0x00,0x00,0x00,0x5a,0x00,0x00,0x00,0x06,0x00,0x00,0x00,0x69,0x6e,0x70,0x75,
0x74,0x5f,0x73,0x65,0x74,0x74,0x69,0x6e,0x67,0x73,0x00,0x69,0x6e,0x70,0x75,0x74,
0x5f,0x68,0x65,0x61,0x64,0x69,0x6e,0x67,0x73,0x5f,0x61,0x6c,0x69,0x67,0x6e,0x00,
0x69,0x6e,0x70,0x75,0x74,0x5f,0x68,0x65,0x61,0x64,0x69,0x6e,0x67,0x5f,0x61,0x6c,
0x69,0x67,0x6e,0x00,0x69,0x6e,0x70,0x75,0x74,0x5f,0x68,0x65,0x61,0x64,0x69,0x6e,
0x67,0x00,0x69,0x74,0x5b,0x00,0x00,0x00,0x5c,0x00,0x00,0x00,0x5d,0x00,0x00,0x00,
0x5e,0x00,0x00,0x00,0x66,0x6f,0x6f,0x74,0x65,0x72,0x5f,0x62,0x61,0x72,0x00,0x72,
0x65,0x76,0x65,0x72,0x73,0x65,0x5f,0x73,0x65,0x74,0x74,0x69,0x6e,0x67,0x73,0x5f,
0x62,0x75,0x74,0x74,0x6f,0x6e,0x00,0x00,0x10,0x00,0x00,0x00,0x61,0x70,0x70,0x6c,
0x79,0x5f,0x73,0x65,0x74,0x74,0x69,0x6e,0x67,0x73,0x5f,0x62,0x75,0x74,0x74,0x6f,
0x6e,0x00,0x0a,0x57,0x0f,0x00,0x00,0x00,0x94,0x00,0x00,0x00,0x00,0x00,0x00,0x00,
};

static const unsigned char MENU_OPTIONS_BOOL[]={0x53,0x55,0x56,0x57,0x41,0x54,0x41,0x55,0x48,0x81,0xec,0x18,0x02,0x00,0x00,0x4c,0x8b,0x94,0x24,0x70,0x02,0x00,0x00,0x4c,0x8b,0x9c,0x24,0x78,0x02,0x00,0x00,0x4c,0x8b,0xa4,0x24,0x80,0x02,0x00,0x00,0x48,0x8b,0xbc,0x24,0x88,0x02,0x00,0x00,0x48,0x8b,0xb4,0x24,0x90,0x02,0x00,0x00,0x48,0x8b,0xac,0x24,0x98,0x02,0x00,0x00,0x4c,0x8b,0xac,0x24,0xa0,0x02,0x00,0x00,0x48,0x89,0x8c,0x24,0x58,0x01,0x00,0x00,0x48,0x89,0x94,0x24,0x60,0x01,0x00,0x00,0x4c,0x89,0x84,0x24,0x68,0x01,0x00,0x00,0x4c,0x89,0x8c,0x24,0x70,0x01,0x00,0x00,0x4c,0x89,0x94,0x24,0x78,0x01,0x00,0x00,0x4c,0x89,0x9c,0x24,0x80,0x01,0x00,0x00,0x4c,0x89,0xa4,0x24,0x88,0x01,0x00,0x00,0x48,0x89,0xbc,0x24,0x90,0x01,0x00,0x00,0x48,0x89,0xb4,0x24,0x98,0x01,0x00,0x00,0x48,0x89,0xac,0x24,0xa0,0x01,0x00,0x00,0x4c,0x89,0xac,0x24,0xa8,0x01,0x00,0x00,0x48,0x8d,0x84,0x24,0xb0,0x01,0x00,0x00,0x48,0x8d,0x15,0x82,0x04,0x00,0x00,0x48,0x8b,0x1d,0x8b,0x04,0x00,0x00,0x48,0x89,0x4c,0x24,0x48,0x48,0x89,0xc1,0x4c,0x89,0x84,0x24,0x18,0x01,0x00,0x00,0x4c,0x89,0x8c,0x24,0x10,0x01,0x00,0x00,0x4c,0x89,0x94,0x24,0x00,0x01,0x00,0x00,0x4c,0x89,0x9c,0x24,0xe0,0x00,0x00,0x00,0xff,0x13,0x48,0x8d,0x84,0x24,0xc0,0x01,0x00,0x00,0x48,0x8b,0x0d,0x5a,0x04,0x00,0x00,0x48,0x89,0x84,0x24,0xf8,0x00,0x00,0x00,0x48,0x89,0x8c,0x24,0xf0,0x00,0x00,0x00,0x48,0x8b,0x84,0x24,0xf0,0x00,0x00,0x00,0x48,0x8b,0x8c,0x24,0xf8,0x00,0x00,0x00,0xff,0x10,0x48,0x8d,0x84,0x24,0xc0,0x01,0x00,0x00,0x4c,0x8b,0x8c,0x24,0x10,0x01,0x00,0x00,0x49,0x8d,0x11,0x48,0x8b,0x0d,0x26,0x04,0x00,0x00,0x48,0x89,0x84,0x24,0x20,0x01,0x00,0x00,0x48,0x89,0x8c,0x24,0x08,0x01,0x00,0x00,0x48,0x8b,0x84,0x24,0x08,0x01,0x00,0x00,0x48,0x8b,0x8c,0x24,0x20,0x01,0x00,0x00,0xff,0x10,0x48,0x8d,0x84,0x24,0xd0,0x01,0x00,0x00,0x48,0x8b,0x0d,0xed,0x03,0x00,0x00,0x48,0x89,0x84,0x24,0x28,0x01,0x00,0x00,0x48,0x89,0x8c,0x24,0x38,0x01,0x00,0x00,0x48,0x8b,0x84,0x24,0x38,0x01,0x00,0x00,0x48,0x8b,0x8c,0x24,0x28,0x01,0x00,0x00,0xff,0x10,0x48,0x8d,0x94,0x24,0xb0,0x01,0x00,0x00,0x48,0x8d,0x84,0x24,0xc0,0x01,0x00,0x00,0x48,0x8b,0x0d,0xc4,0x03,0x00,0x00,0x48,0x89,0x84,0x24,0x00,0x02,0x00,0x00,0x48,0x89,0x8c,0x24,0xf8,0x01,0x00,0x00,0x48,0x8b,0x84,0x24,0xf8,0x01,0x00,0x00,0x48,0x8b,0x8c,0x24,0x28,0x01,0x00,0x00,0x4c,0x8b,0x84,0x24,0x00,0x02,0x00,0x00,0xff,0x10,0x48,0x8b,0x4c,0x24,0x48,0x48,0x8d,0x01,0x48,0x8d,0x94,0x24,0xd0,0x01,0x00,0x00,0x4c,0x8b,0x84,0x24,0x18,0x01,0x00,0x00,0x4d,0x8d,0x00,0x48,0x8d,0x1d,0x56,0x03,0x00,0x00,0x4c,0x8b,0x0d,0x79,0x03,0x00,0x00,0x48,0x89,0x84,0x24,0xf0,0x01,0x00,0x00,0x4c,0x89,0x8c,0x24,0x50,0x01,0x00,0x00,0x48,0x8b,0x84,0x24,0x50,0x01,0x00,0x00,0x48,0x8b,0x8c,0x24,0xf0,0x01,0x00,0x00,0x49,0x89,0xd9,0xff,0x10,0x48,0x8d,0x84,0x24,0xd0,0x01,0x00,0x00,0x48,0x8b,0x0d,0x4d,0x03,0x00,0x00,0x48,0x89,0x84,0x24,0x30,0x01,0x00,0x00,0x48,0x89,0x8c,0x24,0x48,0x01,0x00,0x00,0x48,0x8b,0x84,0x24,0x48,0x01,0x00,0x00,0x48,0x8b,0x8c,0x24,0x30,0x01,0x00,0x00,0xff,0x10,0x48,0x8d,0x84,0x24,0xc0,0x01,0x00,0x00,0x48,0x8b,0x0d,0x1c,0x03,0x00,0x00,0x48,0x89,0x84,0x24,0x40,0x01,0x00,0x00,0x48,0x89,0x8c,0x24,0xe8,0x00,0x00,0x00,0x48,0x8b,0x84,0x24,0xe8,0x00,0x00,0x00,0x48,0x8b,0x8c,0x24,0x40,0x01,0x00,0x00,0xff,0x10,0x48,0x8d,0x84,0x24,0xb0,0x01,0x00,0x00,0x48,0x8b,0x0d,0xeb,0x02,0x00,0x00,0x48,0x89,0x84,0x24,0xd8,0x00,0x00,0x00,0x48,0x89,0x8c,0x24,0xb8,0x00,0x00,0x00,0x48,0x8b,0x84,0x24,0xb8,0x00,0x00,0x00,0x48,0x8b,0x8c,0x24,0xd8,0x00,0x00,0x00,0xff,0x10,0x48,0x8d,0x84,0x24,0xb8,0x01,0x00,0x00,0x48,0x8d,0x15,0x89,0x02,0x00,0x00,0x48,0x8b,0x0d,0x8b,0x02,0x00,0x00,0x48,0x89,0x84,0x24,0xd0,0x00,0x00,0x00,0x48,0x89,0x4c,0x24,0x78,0x48,0x8b,0x44,0x24,0x78,0x48,0x8b,0x8c,0x24,0xd0,0x00,0x00,0x00,0xff,0x10,0x48,0x8d,0x84,0x24,0xc8,0x01,0x00,0x00,0x48,0x8b,0x0d,0x68,0x02,0x00,0x00,0x48,0x89,0x44,0x24,0x70,0x48,0x89,0x4c,0x24,0x60,0x48,0x8b,0x44,0x24,0x60,0x48,0x8b,0x4c,0x24,0x70,0xff,0x10,0x48,0x8d,0x84,0x24,0xc8,0x01,0x00,0x00,0x4c,0x8b,0x8c,0x24,0x10,0x01,0x00,0x00,0x49,0x8d,0x11,0x48,0x8b,0x0d,0x40,0x02,0x00,0x00,0x48,0x89,0x44,0x24,0x40,0x48,0x89,0x4c,0x24,0x58,0x48,0x8b,0x44,0x24,0x58,0x48,0x8b,0x4c,0x24,0x40,0xff,0x10,0x48,0x8d,0x84,0x24,0xd8,0x01,0x00,0x00,0x48,0x8b,0x0d,0x13,0x02,0x00,0x00,0x48,0x89,0x44,0x24,0x50,0x48,0x89,0x8c,0x24,0x80,0x00,0x00,0x00,0x48,0x8b,0x84,0x24,0x80,0x00,0x00,0x00,0x48,0x8b,0x4c,0x24,0x50,0xff,0x10,0x48,0x8d,0x94,0x24,0xb8,0x01,0x00,0x00,0x4c,0x8d,0x84,0x24,0xc8,0x01,0x00,0x00,0x48,0x8b,0x05,0xf0,0x01,0x00,0x00,0x48,0x8b,0x4c,0x24,0x50,0xff,0x10,0x4c,0x8b,0x8c,0x24,0x10,0x01,0x00,0x00,0x41,0x8b,0x01,0x3b,0x45,0x00,0x0f,0x94,0xc0,0x48,0x8d,0x8c,0x24,0xb0,0x01,0x00,0x00,0x48,0x89,0x4c,0x24,0x68,0x48,0x8b,0x4c,0x24,0x48,0x48,0x8d,0x11,0x4c,0x8d,0x84,0x24,0xd8,0x01,0x00,0x00,0x4c,0x8d,0x0e,0x48,0x8d,0x99,0x60,0x04,0x00,0x00,0x88,0x84,0x24,0xe8,0x01,0x00,0x00,0x48,0x8d,0x84,0x24,0xe8,0x01,0x00,0x00,0x4c,0x8b,0x15,0xb3,0x01,0x00,0x00,0x48,0x89,0x5c,0x24,0x20,0x48,0x89,0x44,0x24,0x28,0x48,0x8b,0x4c,0x24,0x68,0x41,0xff,0x12,0x8a,0x94,0x24,0xb0,0x01,0x00,0x00,0x48,0x8d,0x84,0x24,0xd8,0x01,0x00,0x00,0x48,0x8b,0x0d,0x83,0x01,0x00,0x00,0x48,0x89,0x84,0x24,0x88,0x00,0x00,0x00,0x48,0x89,0x8c,0x24,0x98,0x00,0x00,0x00,0x48,0x8b,0x84,0x24,0x98,0x00,0x00,0x00,0x48,0x8b,0x8c,0x24,0x88,0x00,0x00,0x00,0x88,0x94,0x24,0xc8,0x00,0x00,0x00,0xff,0x10,0x48,0x8d,0x84,0x24,0xc8,0x01,0x00,0x00,0x48,0x8b,0x0d,0x4b,0x01,0x00,0x00,0x48,0x89,0x84,0x24,0xc0,0x00,0x00,0x00,0x48,0x89,0x8c,0x24,0xb0,0x00,0x00,0x00,0x48,0x8b,0x84,0x24,0xb0,0x00,0x00,0x00,0x48,0x8b,0x8c,0x24,0xc0,0x00,0x00,0x00,0xff,0x10,0x48,0x8d,0x84,0x24,0xb8,0x01,0x00,0x00,0x48,0x8b,0x0d,0x1a,0x01,0x00,0x00,0x48,0x89,0x84,0x24,0x90,0x00,0x00,0x00,0x48,0x89,0x8c,0x24,0xa8,0x00,0x00,0x00,0x48,0x8b,0x84,0x24,0xa8,0x00,0x00,0x00,0x48,0x8b,0x8c,0x24,0x90,0x00,0x00,0x00,0xff,0x10,0x80,0xbc,0x24,0xc8,0x00,0x00,0x00,0x00,0x0f,0x84,0xa1,0x00,0x00,0x00,0x48,0x8b,0x4c,0x24,0x48,0x48,0x8d,0x01,0x48,0x8d,0x17,0x4c,0x8b,0x94,0x24,0x00,0x01,0x00,0x00,0x4d,0x8d,0x02,0x4c,0x8b,0x9c,0x24,0xe0,0x00,0x00,0x00,0x4d,0x8d,0x0b,0x49,0x8d,0x1c,0x24,0x48,0x8d,0x6d,0x00,0x49,0x8d,0x7d,0x00,0x4c,0x8b,0x15,0xc6,0x00,0x00,0x00,0x48,0x89,0x5c,0x24,0x20,0x48,0x89,0x6c,0x24,0x28,0x48,0x89,0x7c,0x24,0x30,0x48,0x89,0xc1,0x41,0xff,0x12,0x48,0x8d,0x84,0x24,0xb0,0x01,0x00,0x00,0x48,0x8b,0x4c,0x24,0x48,0x48,0x8d,0x11,0x48,0x8b,0x0d,0xa2,0x00,0x00,0x00,0x48,0x89,0x84,0x24,0xa0,0x00,0x00,0x00,0x48,0x89,0x8c,0x24,0x08,0x02,0x00,0x00,0x48,0x8b,0x84,0x24,0x08,0x02,0x00,0x00,0x48,0x8b,0x8c,0x24,0xa0,0x00,0x00,0x00,0xff,0x10,0x8a,0x84,0x24,0xb0,0x01,0x00,0x00,0x3c,0x00,0x0f,0x84,0x0b,0x00,0x00,0x00,0x8a,0x06,0x34,0x01,0x88,0x06,0xe9,0x00,0x00,0x00,0x00,0xe9,0x00,0x00,0x00,0x00,0x48,0x81,0xc4,0x18,0x02,0x00,0x00,0x41,0x5d,0x41,0x5c,0x5f,0x5e,0x5d,0x5b,0xc3,0x00,0x6c,0x61,0x62,0x65,0x6c,0x5f,0x00,0x6f,0x70,0x74,0x69,0x6f,0x6e,0x5f,0x00,0x00};

static const unsigned char MENU_OPTIONS_FLOAT[]={0x53,0x55,0x56,0x57,0x41,0x54,0x41,0x55,0x41,0x56,0x41,0x57,0x48,0x81,0xec,0x28,0x02,0x00,0x00,0x48,0x8b,0xac,0x24,0x90,0x02,0x00,0x00,0x4c,0x8b,0x94,0x24,0x98,0x02,0x00,0x00,0x48,0x8b,0x9c,0x24,0xa0,0x02,0x00,0x00,0x4c,0x8b,0xac,0x24,0xa8,0x02,0x00,0x00,0x4c,0x8b,0xb4,0x24,0xb0,0x02,0x00,0x00,0x4c,0x8b,0xbc,0x24,0xb8,0x02,0x00,0x00,0x4c,0x8b,0xa4,0x24,0xc0,0x02,0x00,0x00,0x4c,0x8b,0x9c,0x24,0xc8,0x02,0x00,0x00,0x48,0x8b,0xbc,0x24,0xd0,0x02,0x00,0x00,0x48,0x8b,0x84,0x24,0xd8,0x02,0x00,0x00,0x48,0x89,0x8c,0x24,0x58,0x01,0x00,0x00,0x48,0x89,0x94,0x24,0x60,0x01,0x00,0x00,0x4c,0x89,0x84,0x24,0x68,0x01,0x00,0x00,0x4c,0x89,0x8c,0x24,0x70,0x01,0x00,0x00,0x48,0x89,0xac,0x24,0x78,0x01,0x00,0x00,0x4c,0x89,0x94,0x24,0x80,0x01,0x00,0x00,0x48,0x89,0x9c,0x24,0x88,0x01,0x00,0x00,0x4c,0x89,0xac,0x24,0x90,0x01,0x00,0x00,0x4c,0x89,0xb4,0x24,0x98,0x01,0x00,0x00,0x4c,0x89,0xbc,0x24,0xa0,0x01,0x00,0x00,0x4c,0x89,0xa4,0x24,0xa8,0x01,0x00,0x00,0x4c,0x89,0x9c,0x24,0xb0,0x01,0x00,0x00,0x48,0x89,0xbc,0x24,0xb8,0x01,0x00,0x00,0x48,0x89,0x84,0x24,0xc0,0x01,0x00,0x00,0x48,0x89,0x44,0x24,0x48,0x48,0x8d,0x84,0x24,0xc8,0x01,0x00,0x00,0x48,0x8d,0x15,0xe1,0x04,0x00,0x00,0x48,0x8b,0x35,0xea,0x04,0x00,0x00,0x48,0x89,0x8c,0x24,0x18,0x01,0x00,0x00,0x48,0x89,0xc1,0x4c,0x89,0x84,0x24,0x10,0x01,0x00,0x00,0x4c,0x89,0x8c,0x24,0x00,0x01,0x00,0x00,0x4c,0x89,0x94,0x24,0xe0,0x00,0x00,0x00,0x4c,0x89,0x9c,0x24,0xf8,0x00,0x00,0x00,0xff,0x16,0x48,0x8d,0x84,0x24,0xd8,0x01,0x00,0x00,0x48,0x8b,0x0d,0xb6,0x04,0x00,0x00,0x48,0x89,0x84,0x24,0xf0,0x00,0x00,0x00,0x48,0x89,0x8c,0x24,0x20,0x01,0x00,0x00,0x48,0x8b,0x84,0x24,0x20,0x01,0x00,0x00,0x48,0x8b,0x8c,0x24,0xf0,0x00,0x00,0x00,0xff,0x10,0x48,0x8d,0x84,0x24,0xd8,0x01,0x00,0x00,0x48,0x8d,0x13,0x48,0x8b,0x0d,0x8a,0x04,0x00,0x00,0x48,0x89,0x84,0x24,0x08,0x01,0x00,0x00,0x48,0x89,0x8c,0x24,0x28,0x01,0x00,0x00,0x48,0x8b,0x84,0x24,0x28,0x01,0x00,0x00,0x48,0x8b,0x8c,0x24,0x08,0x01,0x00,0x00,0xff,0x10,0x48,0x8d,0x84,0x24,0xe8,0x01,0x00,0x00,0x48,0x8b,0x0d,0x51,0x04,0x00,0x00,0x48,0x89,0x84,0x24,0x38,0x01,0x00,0x00,0x48,0x89,0x8c,0x24,0x18,0x02,0x00,0x00,0x48,0x8b,0x84,0x24,0x18,0x02,0x00,0x00,0x48,0x8b,0x8c,0x24,0x38,0x01,0x00,0x00,0xff,0x10,0x48,0x8d,0x94,0x24,0xc8,0x01,0x00,0x00,0x48,0x8d,0x84,0x24,0xd8,0x01,0x00,0x00,0x48,0x8b,0x0d,0x28,0x04,0x00,0x00,0x48,0x89,0x84,0x24,0x10,0x02,0x00,0x00,0x48,0x89,0x8c,0x24,0x08,0x02,0x00,0x00,0x48,0x8b,0x84,0x24,0x08,0x02,0x00,0x00,0x48,0x8b,0x8c,0x24,0x38,0x01,0x00,0x00,0x4c,0x8b,0x84,0x24,0x10,0x02,0x00,0x00,0xff,0x10,0x48,0x8b,0x8c,0x24,0x18,0x01,0x00,0x00,0x48,0x8d,0x01,0x48,0x8d,0x94,0x24,0xe8,0x01,0x00,0x00,0x4c,0x8b,0x84,0x24,0x10,0x01,0x00,0x00,0x4d,0x8d,0x00,0x48,0x8d,0x35,0xb7,0x03,0x00,0x00,0x4c,0x8b,0x0d,0xda,0x03,0x00,0x00,0x48,0x89,0x84,0x24,0x50,0x01,0x00,0x00,0x4c,0x89,0x8c,0x24,0x30,0x01,0x00,0x00,0x48,0x8b,0x84,0x24,0x30,0x01,0x00,0x00,0x48,0x8b,0x8c,0x24,0x50,0x01,0x00,0x00,0x49,0x89,0xf1,0xff,0x10,0x48,0x8d,0x84,0x24,0xe8,0x01,0x00,0x00,0x48,0x8b,0x0d,0xae,0x03,0x00,0x00,0x48,0x89,0x84,0x24,0x48,0x01,0x00,0x00,0x48,0x89,0x8c,0x24,0x40,0x01,0x00,0x00,0x48,0x8b,0x84,0x24,0x40,0x01,0x00,0x00,0x48,0x8b,0x8c,0x24,0x48,0x01,0x00,0x00,0xff,0x10,0x48,0x8d,0x84,0x24,0xd8,0x01,0x00,0x00,0x48,0x8b,0x0d,0x7d,0x03,0x00,0x00,0x48,0x89,0x84,0x24,0xe8,0x00,0x00,0x00,0x48,0x89,0x8c,0x24,0xd8,0x00,0x00,0x00,0x48,0x8b,0x84,0x24,0xd8,0x00,0x00,0x00,0x48,0x8b,0x8c,0x24,0xe8,0x00,0x00,0x00,0xff,0x10,0x48,0x8d,0x84,0x24,0xc8,0x01,0x00,0x00,0x48,0x8b,0x0d,0x4c,0x03,0x00,0x00,0x48,0x89,0x84,0x24,0xb8,0x00,0x00,0x00,0x48,0x89,0x8c,0x24,0xd0,0x00,0x00,0x00,0x48,0x8b,0x84,0x24,0xd0,0x00,0x00,0x00,0x48,0x8b,0x8c,0x24,0xb8,0x00,0x00,0x00,0xff,0x10,0x48,0x8d,0x84,0x24,0xd0,0x01,0x00,0x00,0x48,0x8d,0x15,0xea,0x02,0x00,0x00,0x48,0x8b,0x0d,0xec,0x02,0x00,0x00,0x48,0x89,0x44,0x24,0x78,0x48,0x89,0x4c,0x24,0x70,0x48,0x8b,0x44,0x24,0x70,0x48,0x8b,0x4c,0x24,0x78,0xff,0x10,0x48,0x8d,0x84,0x24,0xe0,0x01,0x00,0x00,0x48,0x8b,0x0d,0xcf,0x02,0x00,0x00,0x48,0x89,0x44,0x24,0x60,0x48,0x89,0x4c,0x24,0x40,0x48,0x8b,0x44,0x24,0x40,0x48,0x8b,0x4c,0x24,0x60,0xff,0x10,0x48,0x8d,0x84,0x24,0xe0,0x01,0x00,0x00,0x48,0x8d,0x13,0x48,0x8b,0x0d,0xaf,0x02,0x00,0x00,0x48,0x89,0x44,0x24,0x58,0x48,0x89,0x4c,0x24,0x50,0x48,0x8b,0x44,0x24,0x50,0x48,0x8b,0x4c,0x24,0x58,0xff,0x10,0x48,0x8d,0x84,0x24,0xf0,0x01,0x00,0x00,0x48,0x8b,0x0d,0x82,0x02,0x00,0x00,0x48,0x89,0x84,0x24,0x80,0x00,0x00,0x00,0x48,0x89,0x4c,0x24,0x68,0x48,0x8b,0x44,0x24,0x68,0x48,0x8b,0x8c,0x24,0x80,0x00,0x00,0x00,0xff,0x10,0x48,0x8d,0x94,0x24,0xd0,0x01,0x00,0x00,0x4c,0x8d,0x84,0x24,0xe0,0x01,0x00,0x00,0x48,0x8b,0x05,0x5f,0x02,0x00,0x00,0x48,0x8b,0x8c,0x24,0x80,0x00,0x00,0x00,0xff,0x10,0x8b,0x03,0x3b,0x07,0x0f,0x94,0xc0,0x48,0x8d,0x8c,0x24,0xc8,0x01,0x00,0x00,0x48,0x89,0x8c,0x24,0x88,0x00,0x00,0x00,0x48,0x8b,0x8c,0x24,0x18,0x01,0x00,0x00,0x48,0x8d,0x11,0x4c,0x8d,0x84,0x24,0xf0,0x01,0x00,0x00,0x4c,0x8b,0x8c,0x24,0x00,0x01,0x00,0x00,0x4d,0x8d,0x09,0x48,0x8d,0x75,0x00,0x4c,0x8b,0x94,0x24,0xe0,0x00,0x00,0x00,0x49,0x8d,0x2a,0x4c,0x8b,0x9c,0x24,0xf8,0x00,0x00,0x00,0x49,0x8d,0x1b,0x88,0x84,0x24,0x00,0x02,0x00,0x00,0x48,0x8d,0x84,0x24,0x00,0x02,0x00,0x00,0x4c,0x8b,0x15,0x08,0x02,0x00,0x00,0x48,0x89,0x74,0x24,0x20,0x48,0x89,0x6c,0x24,0x28,0x48,0x89,0x5c,0x24,0x30,0x48,0x89,0x44,0x24,0x38,0x48,0x8b,0x8c,0x24,0x88,0x00,0x00,0x00,0x41,0xff,0x12,0x8a,0x94,0x24,0xc8,0x01,0x00,0x00,0x48,0x8d,0x84,0x24,0xf0,0x01,0x00,0x00,0x48,0x8b,0x0d,0xcb,0x01,0x00,0x00,0x48,0x89,0x84,0x24,0x98,0x00,0x00,0x00,0x48,0x89,0x8c,0x24,0xc8,0x00,0x00,0x00,0x48,0x8b,0x84,0x24,0xc8,0x00,0x00,0x00,0x48,0x8b,0x8c,0x24,0x98,0x00,0x00,0x00,0x88,0x94,0x24,0xc0,0x00,0x00,0x00,0xff,0x10,0x48,0x8d,0x84,0x24,0xe0,0x01,0x00,0x00,0x48,0x8b,0x0d,0x93,0x01,0x00,0x00,0x48,0x89,0x84,0x24,0xb0,0x00,0x00,0x00,0x48,0x89,0x8c,0x24,0x90,0x00,0x00,0x00,0x48,0x8b,0x84,0x24,0x90,0x00,0x00,0x00,0x48,0x8b,0x8c,0x24,0xb0,0x00,0x00,0x00,0xff,0x10,0x48,0x8d,0x84,0x24,0xd0,0x01,0x00,0x00,0x48,0x8b,0x0d,0x62,0x01,0x00,0x00,0x48,0x89,0x84,0x24,0xa8,0x00,0x00,0x00,0x48,0x89,0x8c,0x24,0xa0,0x00,0x00,0x00,0x48,0x8b,0x84,0x24,0xa0,0x00,0x00,0x00,0x48,0x8b,0x8c,0x24,0xa8,0x00,0x00,0x00,0xff,0x10,0x80,0xbc,0x24,0xc0,0x00,0x00,0x00,0x00,0x0f,0x84,0xe2,0x00,0x00,0x00,0x48,0x8b,0x8c,0x24,0x18,0x01,0x00,0x00,0x48,0x8d,0x01,0x49,0x8d,0x14,0x24,0x4d,0x8d,0x45,0x00,0x4d,0x8d,0x0e,0x49,0x8d,0x2f,0x48,0x8d,0x1f,0x48,0x89,0x84,0x24,0x20,0x02,0x00,0x00,0x48,0x8b,0x44,0x24,0x48,0x48,0x8d,0x00,0x48,0x8b,0x35,0x0f,0x01,0x00,0x00,0x48,0x89,0x6c,0x24,0x20,0x48,0x89,0x5c,0x24,0x28,0x48,0x89,0x44,0x24,0x30,0x48,0x8b,0x8c,0x24,0x20,0x02,0x00,0x00,0xff,0x16,0x48,0x8d,0x84,0x24,0xc8,0x01,0x00,0x00,0x48,0x8b,0x8c,0x24,0x18,0x01,0x00,0x00,0x48,0x8d,0x11,0x48,0x8b,0x1d,0xe4,0x00,0x00,0x00,0x48,0x89,0xc1,0xff,0x13,0x8a,0x84,0x24,0xc8,0x01,0x00,0x00,0x3c,0x00,0x0f,0x84,0x1c,0x00,0x00,0x00,0x48,0x8b,0x8c,0x24,0x18,0x01,0x00,0x00,0x48,0x8d,0x01,0x48,0x8b,0x15,0xc6,0x00,0x00,0x00,0x48,0x89,0xc1,0xff,0x12,0xe9,0x00,0x00,0x00,0x00,0x48,0x8d,0x84,0x24,0xc8,0x01,0x00,0x00,0x48,0x8b,0x8c,0x24,0x18,0x01,0x00,0x00,0x48,0x8d,0x11,0x48,0x8b,0x1d,0xaa,0x00,0x00,0x00,0x48,0x89,0xc1,0xff,0x13,0x8a,0x84,0x24,0xc8,0x01,0x00,0x00,0x3c,0x00,0x0f,0x84,0x19,0x00,0x00,0x00,0x48,0x8b,0x8c,0x24,0x18,0x01,0x00,0x00,0x48,0x8d,0x09,0x48,0x8b,0x05,0x8c,0x00,0x00,0x00,0xff,0x10,0xe9,0x00,0x00,0x00,0x00,0xe9,0x00,0x00,0x00,0x00,0x48,0x81,0xc4,0x28,0x02,0x00,0x00,0x41,0x5f,0x41,0x5e,0x41,0x5d,0x41,0x5c,0x5f,0x5e,0x5d,0x5b,0xc3,0x00,0x00,0x00,0x00,0x6c,0x61,0x62,0x65,0x6c,0x5f,0x00,0x6f,0x70,0x74,0x69,0x6f,0x6e,0x5f,0x00,0x00};

static const unsigned char MENU_OPTIONS_INT[]={0x53,0x55,0x56,0x57,0x41,0x54,0x41,0x55,0x41,0x56,0x41,0x57,0x48,0x81,0xec,0x08,0x02,0x00,0x00,0x48,0x8b,0xac,0x24,0x70,0x02,0x00,0x00,0x48,0x8b,0x9c,0x24,0x78,0x02,0x00,0x00,0x4c,0x8b,0x9c,0x24,0x80,0x02,0x00,0x00,0x4c,0x8b,0xa4,0x24,0x88,0x02,0x00,0x00,0x4c,0x8b,0xac,0x24,0x90,0x02,0x00,0x00,0x4c,0x8b,0x94,0x24,0x98,0x02,0x00,0x00,0x48,0x8b,0xbc,0x24,0xa0,0x02,0x00,0x00,0x48,0x8b,0xb4,0x24,0xa8,0x02,0x00,0x00,0x4c,0x8b,0xb4,0x24,0xb0,0x02,0x00,0x00,0x48,0x89,0x8c,0x24,0x40,0x01,0x00,0x00,0x48,0x89,0x94,0x24,0x48,0x01,0x00,0x00,0x4c,0x89,0x84,0x24,0x50,0x01,0x00,0x00,0x4c,0x89,0x8c,0x24,0x58,0x01,0x00,0x00,0x48,0x89,0xac,0x24,0x60,0x01,0x00,0x00,0x48,0x89,0x9c,0x24,0x68,0x01,0x00,0x00,0x4c,0x89,0x9c,0x24,0x70,0x01,0x00,0x00,0x4c,0x89,0xa4,0x24,0x78,0x01,0x00,0x00,0x4c,0x89,0xac,0x24,0x80,0x01,0x00,0x00,0x4c,0x89,0x94,0x24,0x88,0x01,0x00,0x00,0x48,0x89,0xbc,0x24,0x90,0x01,0x00,0x00,0x48,0x89,0xb4,0x24,0x98,0x01,0x00,0x00,0x4c,0x89,0xb4,0x24,0xa0,0x01,0x00,0x00,0x48,0x8d,0x84,0x24,0xa8,0x01,0x00,0x00,0x48,0x8d,0x15,0x8e,0x04,0x00,0x00,0x4c,0x8b,0x3d,0x97,0x04,0x00,0x00,0x48,0x89,0x4c,0x24,0x48,0x48,0x89,0xc1,0x4c,0x89,0x84,0x24,0x00,0x01,0x00,0x00,0x4c,0x89,0x8c,0x24,0xf8,0x00,0x00,0x00,0x4c,0x89,0x94,0x24,0xe8,0x00,0x00,0x00,0x4c,0x89,0x9c,0x24,0xd0,0x00,0x00,0x00,0x41,0xff,0x17,0x48,0x8d,0x84,0x24,0xb8,0x01,0x00,0x00,0x48,0x8b,0x0d,0x65,0x04,0x00,0x00,0x48,0x89,0x84,0x24,0xe0,0x00,0x00,0x00,0x48,0x89,0x8c,0x24,0x08,0x01,0x00,0x00,0x48,0x8b,0x84,0x24,0x08,0x01,0x00,0x00,0x48,0x8b,0x8c,0x24,0xe0,0x00,0x00,0x00,0xff,0x10,0x48,0x8d,0x84,0x24,0xb8,0x01,0x00,0x00,0x48,0x8d,0x13,0x48,0x8b,0x0d,0x39,0x04,0x00,0x00,0x48,0x89,0x84,0x24,0xf0,0x00,0x00,0x00,0x48,0x89,0x8c,0x24,0x10,0x01,0x00,0x00,0x48,0x8b,0x84,0x24,0x10,0x01,0x00,0x00,0x48,0x8b,0x8c,0x24,0xf0,0x00,0x00,0x00,0xff,0x10,0x48,0x8d,0x84,0x24,0xc8,0x01,0x00,0x00,0x48,0x8b,0x0d,0x00,0x04,0x00,0x00,0x48,0x89,0x84,0x24,0x20,0x01,0x00,0x00,0x48,0x89,0x8c,0x24,0xf0,0x01,0x00,0x00,0x48,0x8b,0x84,0x24,0xf0,0x01,0x00,0x00,0x48,0x8b,0x8c,0x24,0x20,0x01,0x00,0x00,0xff,0x10,0x48,0x8d,0x94,0x24,0xa8,0x01,0x00,0x00,0x48,0x8d,0x84,0x24,0xb8,0x01,0x00,0x00,0x48,0x8b,0x0d,0xd7,0x03,0x00,0x00,0x48,0x89,0x84,0x24,0xe8,0x01,0x00,0x00,0x48,0x89,0x8c,0x24,0x38,0x01,0x00,0x00,0x48,0x8b,0x84,0x24,0x38,0x01,0x00,0x00,0x48,0x8b,0x8c,0x24,0x20,0x01,0x00,0x00,0x4c,0x8b,0x84,0x24,0xe8,0x01,0x00,0x00,0xff,0x10,0x48,0x8b,0x4c,0x24,0x48,0x48,0x8d,0x01,0x48,0x8d,0x94,0x24,0xc8,0x01,0x00,0x00,0x4c,0x8b,0x84,0x24,0x00,0x01,0x00,0x00,0x4d,0x8d,0x00,0x4c,0x8d,0x0d,0x69,0x03,0x00,0x00,0x4c,0x8b,0x15,0x8c,0x03,0x00,0x00,0x48,0x89,0xc1,0x41,0xff,0x12,0x48,0x8d,0x84,0x24,0xc8,0x01,0x00,0x00,0x48,0x8b,0x0d,0x7f,0x03,0x00,0x00,0x48,0x89,0x84,0x24,0x18,0x01,0x00,0x00,0x48,0x89,0x8c,0x24,0x30,0x01,0x00,0x00,0x48,0x8b,0x84,0x24,0x30,0x01,0x00,0x00,0x48,0x8b,0x8c,0x24,0x18,0x01,0x00,0x00,0xff,0x10,0x48,0x8d,0x84,0x24,0xb8,0x01,0x00,0x00,0x48,0x8b,0x0d,0x4e,0x03,0x00,0x00,0x48,0x89,0x84,0x24,0x28,0x01,0x00,0x00,0x48,0x89,0x8c,0x24,0xd8,0x00,0x00,0x00,0x48,0x8b,0x84,0x24,0xd8,0x00,0x00,0x00,0x48,0x8b,0x8c,0x24,0x28,0x01,0x00,0x00,0xff,0x10,0x48,0x8d,0x84,0x24,0xa8,0x01,0x00,0x00,0x48,0x8b,0x0d,0x1d,0x03,0x00,0x00,0x48,0x89,0x84,0x24,0xc8,0x00,0x00,0x00,0x48,0x89,0x8c,0x24,0xa8,0x00,0x00,0x00,0x48,0x8b,0x84,0x24,0xa8,0x00,0x00,0x00,0x48,0x8b,0x8c,0x24,0xc8,0x00,0x00,0x00,0xff,0x10,0x48,0x8d,0x84,0x24,0xb0,0x01,0x00,0x00,0x48,0x8d,0x15,0xbb,0x02,0x00,0x00,0x48,0x8b,0x0d,0xbd,0x02,0x00,0x00,0x48,0x89,0x84,0x24,0xc0,0x00,0x00,0x00,0x48,0x89,0x4c,0x24,0x70,0x48,0x8b,0x44,0x24,0x70,0x48,0x8b,0x8c,0x24,0xc0,0x00,0x00,0x00,0xff,0x10,0x48,0x8d,0x84,0x24,0xc0,0x01,0x00,0x00,0x48,0x8b,0x0d,0x9a,0x02,0x00,0x00,0x48,0x89,0x44,0x24,0x68,0x48,0x89,0x4c,0x24,0x58,0x48,0x8b,0x44,0x24,0x58,0x48,0x8b,0x4c,0x24,0x68,0xff,0x10,0x48,0x8d,0x84,0x24,0xc0,0x01,0x00,0x00,0x48,0x8d,0x13,0x48,0x8b,0x0d,0x7a,0x02,0x00,0x00,0x48,0x89,0x44,0x24,0x40,0x48,0x89,0x4c,0x24,0x50,0x48,0x8b,0x44,0x24,0x50,0x48,0x8b,0x4c,0x24,0x40,0xff,0x10,0x48,0x8d,0x84,0x24,0xd0,0x01,0x00,0x00,0x48,0x8b,0x0d,0x4d,0x02,0x00,0x00,0x48,0x89,0x44,0x24,0x78,0x48,0x89,0x4c,0x24,0x60,0x48,0x8b,0x44,0x24,0x60,0x48,0x8b,0x4c,0x24,0x78,0xff,0x10,0x48,0x8d,0x94,0x24,0xb0,0x01,0x00,0x00,0x4c,0x8d,0x84,0x24,0xc0,0x01,0x00,0x00,0x48,0x8b,0x05,0x30,0x02,0x00,0x00,0x48,0x8b,0x4c,0x24,0x78,0xff,0x10,0x8b,0x03,0x3b,0x06,0x0f,0x94,0xc0,0x48,0x8d,0x8c,0x24,0xa8,0x01,0x00,0x00,0x48,0x89,0x8c,0x24,0x80,0x00,0x00,0x00,0x48,0x8b,0x4c,0x24,0x48,0x48,0x8d,0x11,0x4c,0x8d,0x84,0x24,0xd0,0x01,0x00,0x00,0x4c,0x8b,0x8c,0x24,0xf8,0x00,0x00,0x00,0x4d,0x8d,0x09,0x48,0x8d,0x5d,0x00,0x48,0x8d,0x2f,0x88,0x84,0x24,0xe0,0x01,0x00,0x00,0x48,0x8d,0x84,0x24,0xe0,0x01,0x00,0x00,0x48,0x8b,0x3d,0xf2,0x01,0x00,0x00,0x48,0x89,0x5c,0x24,0x20,0x48,0x89,0x6c,0x24,0x28,0x48,0x89,0x44,0x24,0x30,0x48,0x8b,0x8c,0x24,0x80,0x00,0x00,0x00,0xff,0x17,0x8a,0x94,0x24,0xa8,0x01,0x00,0x00,0x48,0x8d,0x84,0x24,0xd0,0x01,0x00,0x00,0x48,0x8b,0x0d,0xbb,0x01,0x00,0x00,0x48,0x89,0x84,0x24,0x90,0x00,0x00,0x00,0x48,0x89,0x8c,0x24,0xb8,0x00,0x00,0x00,0x48,0x8b,0x84,0x24,0xb8,0x00,0x00,0x00,0x48,0x8b,0x8c,0x24,0x90,0x00,0x00,0x00,0x88,0x94,0x24,0xb0,0x00,0x00,0x00,0xff,0x10,0x48,0x8d,0x84,0x24,0xc0,0x01,0x00,0x00,0x48,0x8b,0x0d,0x83,0x01,0x00,0x00,0x48,0x89,0x84,0x24,0xa0,0x00,0x00,0x00,0x48,0x89,0x8c,0x24,0x88,0x00,0x00,0x00,0x48,0x8b,0x84,0x24,0x88,0x00,0x00,0x00,0x48,0x8b,0x8c,0x24,0xa0,0x00,0x00,0x00,0xff,0x10,0x48,0x8d,0x84,0x24,0xb0,0x01,0x00,0x00,0x48,0x8b,0x0d,0x52,0x01,0x00,0x00,0x48,0x89,0x84,0x24,0x98,0x00,0x00,0x00,0x48,0x89,0x8c,0x24,0xf8,0x01,0x00,0x00,0x48,0x8b,0x84,0x24,0xf8,0x01,0x00,0x00,0x48,0x8b,0x8c,0x24,0x98,0x00,0x00,0x00,0xff,0x10,0x80,0xbc,0x24,0xb0,0x00,0x00,0x00,0x00,0x0f,0x84,0xd1,0x00,0x00,0x00,0x48,0x8b,0x4c,0x24,0x48,0x48,0x8d,0x01,0x4c,0x8b,0x94,0x24,0xe8,0x00,0x00,0x00,0x49,0x8d,0x12,0x4c,0x8b,0x9c,0x24,0xd0,0x00,0x00,0x00,0x4d,0x8d,0x03,0x4d,0x8d,0x0c,0x24,0x49,0x8d,0x5d,0x00,0x48,0x8d,0x2e,0x49,0x8d,0x36,0x48,0x8b,0x3d,0xff,0x00,0x00,0x00,0x48,0x89,0x5c,0x24,0x20,0x48,0x89,0x6c,0x24,0x28,0x48,0x89,0x74,0x24,0x30,0x48,0x89,0xc1,0xff,0x17,0x48,0x8d,0x84,0x24,0xa8,0x01,0x00,0x00,0x48,0x8b,0x4c,0x24,0x48,0x48,0x8d,0x11,0x48,0x8b,0x1d,0xdc,0x00,0x00,0x00,0x48,0x89,0xc1,0xff,0x13,0x8a,0x84,0x24,0xa8,0x01,0x00,0x00,0x3c,0x00,0x0f,0x84,0x19,0x00,0x00,0x00,0x48,0x8b,0x4c,0x24,0x48,0x48,0x8d,0x01,0x48,0x8b,0x15,0xc1,0x00,0x00,0x00,0x48,0x89,0xc1,0xff,0x12,0xe9,0x00,0x00,0x00,0x00,0x48,0x8d,0x84,0x24,0xa8,0x01,0x00,0x00,0x48,0x8b,0x4c,0x24,0x48,0x48,0x8d,0x11,0x48,0x8b,0x1d,0xa8,0x00,0x00,0x00,0x48,0x89,0xc1,0xff,0x13,0x8a,0x84,0x24,0xa8,0x01,0x00,0x00,0x3c,0x00,0x0f,0x84,0x16,0x00,0x00,0x00,0x48,0x8b,0x4c,0x24,0x48,0x48,0x8d,0x09,0x48,0x8b,0x05,0x8d,0x00,0x00,0x00,0xff,0x10,0xe9,0x00,0x00,0x00,0x00,0xe9,0x00,0x00,0x00,0x00,0x48,0x81,0xc4,0x08,0x02,0x00,0x00,0x41,0x5f,0x41,0x5e,0x41,0x5d,0x41,0x5c,0x5f,0x5e,0x5d,0x5b,0xc3,0x00,0x00,0x00,0x00,0x00,0x6c,0x61,0x62,0x65,0x6c,0x5f,0x00,0x6f,0x70,0x74,0x69,0x6f,0x6e,0x5f,0x00,0x00};

static const unsigned char MENU_TOGGLE[]={0x53,0x55,0x56,0x57,0x48,0x81,0xec,0x18,0x01,0x00,0x00,0x48,0x8b,0xbc,0x24,0x60,0x01,0x00,0x00,0x4c,0x8b,0x94,0x24,0x68,0x01,0x00,0x00,0x48,0x89,0x8c,0x24,0x98,0x00,0x00,0x00,0x48,0x89,0x94,0x24,0xa0,0x00,0x00,0x00,0x4c,0x89,0x84,0x24,0xa8,0x00,0x00,0x00,0x4c,0x89,0x8c,0x24,0xb0,0x00,0x00,0x00,0x48,0x89,0xbc,0x24,0xb8,0x00,0x00,0x00,0x4c,0x89,0x94,0x24,0xc0,0x00,0x00,0x00,0x48,0xc7,0x84,0x24,0xc8,0x00,0x00,0x00,0x00,0x00,0x00,0x00,0x48,0xc7,0x84,0x24,0xd0,0x00,0x00,0x00,0x00,0x00,0x00,0x00,0x48,0x8d,0x84,0x24,0xc8,0x00,0x00,0x00,0x48,0x8d,0x1a,0x4d,0x8d,0x00,0x48,0x8b,0x2d,0x48,0x02,0x00,0x00,0x48,0x89,0x4c,0x24,0x28,0x48,0x89,0x94,0x24,0x80,0x00,0x00,0x00,0x48,0x89,0xc1,0x48,0x89,0xda,0x4c,0x89,0x8c,0x24,0x88,0x00,0x00,0x00,0x4c,0x89,0x54,0x24,0x70,0xff,0x55,0x00,0x48,0x8b,0x9c,0x24,0xd0,0x00,0x00,0x00,0x48,0x8b,0x2d,0x1e,0x02,0x00,0x00,0x48,0x8b,0x35,0x17,0x02,0x00,0x00,0x48,0x8d,0x43,0x1c,0x48,0x8b,0x0d,0x14,0x02,0x00,0x00,0x48,0x89,0x84,0x24,0x90,0x00,0x00,0x00,0x48,0x89,0x8c,0x24,0xf0,0x00,0x00,0x00,0x48,0x8b,0x84,0x24,0xf0,0x00,0x00,0x00,0x48,0x8b,0x8c,0x24,0x90,0x00,0x00,0x00,0xff,0x10,0x48,0x8d,0x43,0x1c,0x48,0x8d,0x4d,0x00,0x4c,0x8d,0x06,0x48,0x8b,0x15,0xe8,0x01,0x00,0x00,0x48,0x89,0x84,0x24,0xf8,0x00,0x00,0x00,0x48,0x89,0x8c,0x24,0x00,0x01,0x00,0x00,0x48,0x89,0x54,0x24,0x78,0x48,0x8b,0x44,0x24,0x78,0x48,0x8b,0x8c,0x24,0xf8,0x00,0x00,0x00,0x48,0x8b,0x94,0x24,0x00,0x01,0x00,0x00,0xff,0x10,0x48,0x8b,0x9c,0x24,0xd0,0x00,0x00,0x00,0x4c,0x8b,0x8c,0x24,0x88,0x00,0x00,0x00,0x41,0x8a,0x01,0x88,0x43,0x54,0x48,0x8b,0x9c,0x24,0xd0,0x00,0x00,0x00,0x48,0x8b,0x07,0x48,0x89,0x43,0x48,0x48,0x8b,0x9c,0x24,0xd0,0x00,0x00,0x00,0x48,0x8b,0x05,0x90,0x01,0x00,0x00,0x48,0x8d,0x4b,0x50,0x48,0x8d,0x00,0x48,0x8b,0x15,0x8a,0x01,0x00,0x00,0x48,0x89,0x44,0x24,0x68,0x48,0x89,0x54,0x24,0x48,0x48,0x8b,0x44,0x24,0x48,0x48,0x8b,0x54,0x24,0x68,0xff,0x10,0x48,0xc7,0x84,0x24,0xd8,0x00,0x00,0x00,0x00,0x00,0x00,0x00,0x48,0xc7,0x84,0x24,0xe0,0x00,0x00,0x00,0x00,0x00,0x00,0x00,0x48,0x8b,0x84,0x24,0xd0,0x00,0x00,0x00,0x48,0x8b,0x18,0x48,0x8b,0x05,0x52,0x01,0x00,0x00,0x8b,0x68,0x04,0x3b,0x6b,0x04,0x0f,0x84,0x28,0x00,0x00,0x00,0x48,0x8b,0x05,0x47,0x01,0x00,0x00,0x48,0x89,0x9c,0x24,0xe8,0x00,0x00,0x00,0x83,0x7b,0x08,0xff,0x0f,0x84,0x41,0x00,0x00,0x00,0x39,0x6b,0x08,0x0f,0x84,0x06,0x00,0x00,0x00,0x48,0x8b,0x5b,0x28,0xeb,0xe7,0x48,0x8d,0x84,0x24,0xc8,0x00,0x00,0x00,0x48,0x8d,0x8c,0x24,0xd8,0x00,0x00,0x00,0x48,0x8b,0x15,0x17,0x01,0x00,0x00,0x48,0x89,0x44,0x24,0x60,0x48,0x89,0x54,0x24,0x30,0x48,0x8b,0x44,0x24,0x30,0x48,0x8b,0x54,0x24,0x60,0xff,0x10,0xe9,0x2b,0x00,0x00,0x00,0x48,0x8d,0x84,0x24,0xd8,0x00,0x00,0x00,0x48,0x8b,0x0d,0xf5,0x00,0x00,0x00,0x48,0x89,0x44,0x24,0x58,0x48,0x89,0x8c,0x24,0x08,0x01,0x00,0x00,0x48,0x8b,0x84,0x24,0x08,0x01,0x00,0x00,0x48,0x8b,0x4c,0x24,0x58,0xff,0x10,0x48,0x8b,0x94,0x24,0x80,0x00,0x00,0x00,0x48,0x8d,0x02,0x48,0x8d,0x94,0x24,0xd8,0x00,0x00,0x00,0x4c,0x8b,0x54,0x24,0x70,0x4d,0x8d,0x02,0x48,0x8b,0x0d,0xbf,0x00,0x00,0x00,0x48,0x89,0x44,0x24,0x38,0x48,0x89,0x4c,0x24,0x20,0x48,0x8b,0x44,0x24,0x20,0x48,0x8b,0x4c,0x24,0x38,0xff,0x10,0x48,0x8d,0x84,0x24,0xd8,0x00,0x00,0x00,0x48,0x8b,0x0d,0x92,0x00,0x00,0x00,0x48,0x89,0x44,0x24,0x40,0x48,0x89,0x4c,0x24,0x50,0x48,0x8b,0x44,0x24,0x50,0x48,0x8b,0x4c,0x24,0x40,0xff,0x10,0x48,0x8b,0x84,0x24,0xd0,0x00,0x00,0x00,0x8a,0x40,0x40,0x48,0x8b,0x4c,0x24,0x28,0x88,0x01,0x48,0x8d,0x8c,0x24,0xc8,0x00,0x00,0x00,0x48,0x8b,0x05,0x5b,0x00,0x00,0x00,0xff,0x10,0xe9,0x00,0x00,0x00,0x00,0x48,0x81,0xc4,0x18,0x01,0x00,0x00,0x5f,0x5e,0x5d,0x5b,0xc3};

static const unsigned char MENU_SLIDER_FLOAT[]={0x53,0x55,0x56,0x57,0x41,0x54,0x48,0x81,0xec,0x50,0x01,0x00,0x00,0x4c,0x8b,0x94,0x24,0xa0,0x01,0x00,0x00,0x4c,0x8b,0x9c,0x24,0xa8,0x01,0x00,0x00,0x48,0x8b,0xbc,0x24,0xb0,0x01,0x00,0x00,0x4c,0x8b,0xa4,0x24,0xb8,0x01,0x00,0x00,0x48,0x89,0x8c,0x24,0xb0,0x00,0x00,0x00,0x48,0x89,0x94,0x24,0xb8,0x00,0x00,0x00,0x4c,0x89,0x84,0x24,0xc0,0x00,0x00,0x00,0x4c,0x89,0x8c,0x24,0xc8,0x00,0x00,0x00,0x4c,0x89,0x94,0x24,0xd0,0x00,0x00,0x00,0x4c,0x89,0x9c,0x24,0xd8,0x00,0x00,0x00,0x48,0x89,0xbc,0x24,0xe0,0x00,0x00,0x00,0x4c,0x89,0xa4,0x24,0xe8,0x00,0x00,0x00,0x48,0xc7,0x84,0x24,0xf0,0x00,0x00,0x00,0x00,0x00,0x00,0x00,0x48,0xc7,0x84,0x24,0xf8,0x00,0x00,0x00,0x00,0x00,0x00,0x00,0x48,0x8d,0x84,0x24,0xf0,0x00,0x00,0x00,0x48,0x8d,0x1a,0x4d,0x8d,0x00,0x48,0x8b,0x2d,0xfe,0x03,0x00,0x00,0x48,0x89,0x4c,0x24,0x28,0x48,0x89,0x94,0x24,0x90,0x00,0x00,0x00,0x48,0x89,0xc1,0x48,0x89,0xda,0x4c,0x89,0x8c,0x24,0x98,0x00,0x00,0x00,0x4c,0x89,0x94,0x24,0xa0,0x00,0x00,0x00,0x4c,0x89,0x9c,0x24,0x80,0x00,0x00,0x00,0xff,0x55,0x00,0x48,0x8b,0x9c,0x24,0xf8,0x00,0x00,0x00,0x48,0x8b,0x2d,0xc9,0x03,0x00,0x00,0x48,0x8b,0x35,0xca,0x03,0x00,0x00,0x48,0x8d,0x43,0x1c,0x48,0x8b,0x0d,0xc7,0x03,0x00,0x00,0x48,0x89,0x84,0x24,0xa8,0x00,0x00,0x00,0x48,0x89,0x8c,0x24,0x20,0x01,0x00,0x00,0x48,0x8b,0x84,0x24,0x20,0x01,0x00,0x00,0x48,0x8b,0x8c,0x24,0xa8,0x00,0x00,0x00,0xff,0x10,0x48,0x8d,0x43,0x1c,0x48,0x8d,0x4d,0x00,0x4c,0x8d,0x06,0x48,0x8b,0x15,0x9b,0x03,0x00,0x00,0x48,0x89,0x84,0x24,0x28,0x01,0x00,0x00,0x48,0x89,0x8c,0x24,0x30,0x01,0x00,0x00,0x48,0x89,0x94,0x24,0x38,0x01,0x00,0x00,0x48,0x8b,0x84,0x24,0x38,0x01,0x00,0x00,0x48,0x8b,0x8c,0x24,0x28,0x01,0x00,0x00,0x48,0x8b,0x94,0x24,0x30,0x01,0x00,0x00,0xff,0x10,0x48,0xc7,0x84,0x24,0x00,0x01,0x00,0x00,0x00,0x00,0x00,0x00,0x48,0xc7,0x84,0x24,0x08,0x01,0x00,0x00,0x00,0x00,0x00,0x00,0x48,0x8b,0x84,0x24,0xf8,0x00,0x00,0x00,0x48,0x8b,0x18,0x48,0x8b,0x05,0x47,0x03,0x00,0x00,0x8b,0x68,0x04,0x3b,0x6b,0x04,0x0f,0x84,0x28,0x00,0x00,0x00,0x48,0x8b,0x05,0x3c,0x03,0x00,0x00,0x48,0x89,0x9c,0x24,0x10,0x01,0x00,0x00,0x83,0x7b,0x08,0xff,0x0f,0x84,0x47,0x00,0x00,0x00,0x39,0x6b,0x08,0x0f,0x84,0x06,0x00,0x00,0x00,0x48,0x8b,0x5b,0x28,0xeb,0xe7,0x48,0x8d,0x84,0x24,0xf0,0x00,0x00,0x00,0x48,0x8d,0x8c,0x24,0x00,0x01,0x00,0x00,0x48,0x8b,0x15,0x0c,0x03,0x00,0x00,0x48,0x89,0x84,0x24,0x88,0x00,0x00,0x00,0x48,0x89,0x54,0x24,0x78,0x48,0x8b,0x44,0x24,0x78,0x48,0x8b,0x94,0x24,0x88,0x00,0x00,0x00,0xff,0x10,0xe9,0x2b,0x00,0x00,0x00,0x48,0x8d,0x84,0x24,0x00,0x01,0x00,0x00,0x48,0x8b,0x0d,0xe4,0x02,0x00,0x00,0x48,0x89,0x44,0x24,0x68,0x48,0x89,0x8c,0x24,0x40,0x01,0x00,0x00,0x48,0x8b,0x84,0x24,0x40,0x01,0x00,0x00,0x48,0x8b,0x4c,0x24,0x68,0xff,0x10,0x48,0x8b,0x94,0x24,0x90,0x00,0x00,0x00,0x48,0x8d,0x02,0x48,0x8d,0x94,0x24,0x00,0x01,0x00,0x00,0x4d,0x8d,0x04,0x24,0x48,0x8b,0x0d,0xb2,0x02,0x00,0x00,0x48,0x89,0x44,0x24,0x50,0x48,0x89,0x4c,0x24,0x70,0x48,0x8b,0x44,0x24,0x70,0x48,0x8b,0x4c,0x24,0x50,0xff,0x10,0x48,0x8d,0x84,0x24,0x00,0x01,0x00,0x00,0x48,0x8b,0x0d,0x85,0x02,0x00,0x00,0x48,0x89,0x44,0x24,0x30,0x48,0x89,0x4c,0x24,0x38,0x48,0x8b,0x44,0x24,0x38,0x48,0x8b,0x4c,0x24,0x30,0xff,0x10,0x48,0x8b,0x84,0x24,0xf8,0x00,0x00,0x00,0x48,0x8d,0x8c,0x24,0x00,0x01,0x00,0x00,0x48,0x8d,0x10,0x48,0x8b,0x00,0x48,0x8b,0x80,0x80,0x00,0x00,0x00,0x48,0x8b,0x1d,0x5b,0x02,0x00,0x00,0x48,0x01,0xd8,0x48,0x8b,0x00,0x48,0x8b,0x00,0xff,0xd0,0x8a,0x84,0x24,0x00,0x01,0x00,0x00,0x3c,0x00,0x0f,0x84,0x0a,0x01,0x00,0x00,0x4c,0x8b,0x94,0x24,0xa0,0x00,0x00,0x00,0xf2,0x41,0x0f,0x10,0x02,0x4c,0x8b,0x8c,0x24,0x98,0x00,0x00,0x00,0xf2,0x41,0x0f,0x5c,0x01,0x48,0x8b,0x84,0x24,0xf8,0x00,0x00,0x00,0xf2,0x0f,0x10,0xc8,0xf2,0x0f,0x59,0x48,0x48,0xf2,0x41,0x0f,0x10,0x01,0xf2,0x0f,0x58,0xc1,0xf2,0x0f,0x11,0x07,0x4c,0x8b,0x9c,0x24,0x80,0x00,0x00,0x00,0xf2,0x41,0x0f,0x10,0x03,0x66,0x0f,0x2f,0x05,0x9c,0x01,0x00,0x00,0x0f,0x97,0xc0,0x3c,0x00,0x0f,0x84,0xad,0x00,0x00,0x00,0xf2,0x0f,0x10,0x07,0xf2,0x41,0x0f,0x5c,0x01,0x48,0x8d,0x84,0x24,0x08,0x01,0x00,0x00,0xf2,0x0f,0x11,0x84,0x24,0x10,0x01,0x00,0x00,0x48,0x8d,0x94,0x24,0x10,0x01,0x00,0x00,0x4d,0x8d,0x03,0x48,0x8b,0x0d,0xc5,0x01,0x00,0x00,0x48,0x89,0x44,0x24,0x40,0x48,0x89,0x4c,0x24,0x20,0x48,0x8b,0x44,0x24,0x20,0x48,0x8b,0x4c,0x24,0x40,0xff,0x10,0x4c,0x8b,0x8c,0x24,0x98,0x00,0x00,0x00,0xf2,0x41,0x0f,0x10,0x01,0xf2,0x0f,0x58,0x84,0x24,0x08,0x01,0x00,0x00,0x48,0x8d,0x07,0xf2,0x0f,0x11,0x84,0x24,0x18,0x01,0x00,0x00,0x48,0x8d,0x94,0x24,0x18,0x01,0x00,0x00,0x4d,0x8d,0x01,0x4c,0x8b,0x94,0x24,0xa0,0x00,0x00,0x00,0x49,0x8d,0x0a,0x48,0x8b,0x1d,0x78,0x01,0x00,0x00,0x48,0x89,0x4c,0x24,0x48,0x48,0x89,0xc1,0x4c,0x8b,0x4c,0x24,0x48,0xff,0x13,0x4c,0x8b,0x8c,0x24,0x98,0x00,0x00,0x00,0x4c,0x8b,0x94,0x24,0xa0,0x00,0x00,0x00,0x4c,0x8b,0x9c,0x24,0x80,0x00,0x00,0x00,0xe9,0x00,0x00,0x00,0x00,0xe9,0x3c,0x00,0x00,0x00,0x48,0x8b,0x84,0x24,0xf8,0x00,0x00,0x00,0xf2,0x0f,0x10,0x07,0x4c,0x8b,0x8c,0x24,0x98,0x00,0x00,0x00,0xf2,0x41,0x0f,0x5c,0x01,0x4c,0x8b,0x94,0x24,0xa0,0x00,0x00,0x00,0xf2,0x41,0x0f,0x10,0x0a,0xf2,0x41,0x0f,0x5c,0x09,0xf2,0x0f,0x5e,0xc1,0xf2,0x0f,0x11,0x40,0x48,0x4c,0x8b,0x9c,0x24,0x80,0x00,0x00,0x00,0x48,0x8b,0x84,0x24,0xf8,0x00,0x00,0x00,0x48,0x8d,0x40,0x58,0x48,0x8d,0x17,0x4d,0x8d,0x03,0x48,0x8b,0x0d,0xfa,0x00,0x00,0x00,0x48,0x89,0x44,0x24,0x58,0x48,0x89,0x4c,0x24,0x60,0x48,0x8b,0x44,0x24,0x60,0x48,0x8b,0x4c,0x24,0x58,0xff,0x10,0x48,0x8b,0x84,0x24,0xf8,0x00,0x00,0x00,0x4c,0x8b,0x94,0x24,0xa0,0x00,0x00,0x00,0xf2,0x41,0x0f,0x10,0x0a,0x4c,0x8b,0x8c,0x24,0x98,0x00,0x00,0x00,0xf2,0x41,0x0f,0x5c,0x09,0x4c,0x8b,0x9c,0x24,0x80,0x00,0x00,0x00,0xf2,0x41,0x0f,0x10,0x03,0xf2,0x0f,0x5e,0xc1,0xf2,0x0f,0x11,0x40,0x50,0x48,0x8b,0x84,0x24,0xf8,0x00,0x00,0x00,0x8a,0x40,0x40,0x48,0x8b,0x4c,0x24,0x28,0x88,0x01,0x48,0x8d,0x8c,0x24,0xf0,0x00,0x00,0x00,0x48,0x8b,0x05,0x63,0x00,0x00,0x00,0xff,0x10,0xe9,0x00,0x00,0x00,0x00,0x48,0x81,0xc4,0x50,0x01,0x00,0x00,0x41,0x5c,0x5f,0x5e,0x5d,0x5b,0xc3,0x00,0x00,0x00,0x00,0x00,0x00,0x00,0x00,0x00,0x00,0x00,0x00,0x00,0x00};

static const unsigned char MENU_SLIDER_INT[]={0x53,0x55,0x56,0x57,0x48,0x81,0xec,0x48,0x01,0x00,0x00,0x4c,0x8b,0x94,0x24,0x90,0x01,0x00,0x00,0x48,0x8b,0xbc,0x24,0x98,0x01,0x00,0x00,0x4c,0x8b,0x9c,0x24,0xa0,0x01,0x00,0x00,0x48,0x89,0x8c,0x24,0xb8,0x00,0x00,0x00,0x48,0x89,0x94,0x24,0xc0,0x00,0x00,0x00,0x4c,0x89,0x84,0x24,0xc8,0x00,0x00,0x00,0x4c,0x89,0x8c,0x24,0xd0,0x00,0x00,0x00,0x4c,0x89,0x94,0x24,0xd8,0x00,0x00,0x00,0x48,0x89,0xbc,0x24,0xe0,0x00,0x00,0x00,0x4c,0x89,0x9c,0x24,0xe8,0x00,0x00,0x00,0x48,0xc7,0x84,0x24,0xf0,0x00,0x00,0x00,0x00,0x00,0x00,0x00,0x48,0xc7,0x84,0x24,0xf8,0x00,0x00,0x00,0x00,0x00,0x00,0x00,0x48,0x8d,0x84,0x24,0xf0,0x00,0x00,0x00,0x48,0x8d,0x1a,0x4d,0x8d,0x00,0x48,0x8b,0x2d,0xd8,0x03,0x00,0x00,0x48,0x89,0x4c,0x24,0x28,0x48,0x89,0x94,0x24,0x98,0x00,0x00,0x00,0x48,0x89,0xc1,0x48,0x89,0xda,0x4c,0x89,0x8c,0x24,0xa0,0x00,0x00,0x00,0x4c,0x89,0x94,0x24,0xa8,0x00,0x00,0x00,0x4c,0x89,0x9c,0x24,0x88,0x00,0x00,0x00,0xff,0x55,0x00,0x48,0x8b,0x9c,0x24,0xf8,0x00,0x00,0x00,0x48,0x8b,0x2d,0xa3,0x03,0x00,0x00,0x48,0x8b,0x35,0xa4,0x03,0x00,0x00,0x48,0x8d,0x43,0x1c,0x48,0x8b,0x0d,0xa1,0x03,0x00,0x00,0x48,0x89,0x84,0x24,0xb0,0x00,0x00,0x00,0x48,0x89,0x8c,0x24,0x20,0x01,0x00,0x00,0x48,0x8b,0x84,0x24,0x20,0x01,0x00,0x00,0x48,0x8b,0x8c,0x24,0xb0,0x00,0x00,0x00,0xff,0x10,0x48,0x8d,0x43,0x1c,0x48,0x8d,0x4d,0x00,0x4c,0x8d,0x06,0x48,0x8b,0x15,0x75,0x03,0x00,0x00,0x48,0x89,0x84,0x24,0x28,0x01,0x00,0x00,0x48,0x89,0x8c,0x24,0x30,0x01,0x00,0x00,0x48,0x89,0x94,0x24,0x38,0x01,0x00,0x00,0x48,0x8b,0x84,0x24,0x38,0x01,0x00,0x00,0x48,0x8b,0x8c,0x24,0x28,0x01,0x00,0x00,0x48,0x8b,0x94,0x24,0x30,0x01,0x00,0x00,0xff,0x10,0x48,0xc7,0x84,0x24,0x00,0x01,0x00,0x00,0x00,0x00,0x00,0x00,0x48,0xc7,0x84,0x24,0x08,0x01,0x00,0x00,0x00,0x00,0x00,0x00,0x48,0x8b,0x84,0x24,0xf8,0x00,0x00,0x00,0x48,0x8b,0x18,0x48,0x8b,0x05,0x21,0x03,0x00,0x00,0x8b,0x68,0x04,0x3b,0x6b,0x04,0x0f,0x84,0x28,0x00,0x00,0x00,0x48,0x8b,0x05,0x16,0x03,0x00,0x00,0x48,0x89,0x9c,0x24,0x10,0x01,0x00,0x00,0x83,0x7b,0x08,0xff,0x0f,0x84,0x4d,0x00,0x00,0x00,0x39,0x6b,0x08,0x0f,0x84,0x06,0x00,0x00,0x00,0x48,0x8b,0x5b,0x28,0xeb,0xe7,0x48,0x8d,0x84,0x24,0xf0,0x00,0x00,0x00,0x48,0x8d,0x8c,0x24,0x00,0x01,0x00,0x00,0x48,0x8b,0x15,0xe6,0x02,0x00,0x00,0x48,0x89,0x84,0x24,0x90,0x00,0x00,0x00,0x48,0x89,0x94,0x24,0x80,0x00,0x00,0x00,0x48,0x8b,0x84,0x24,0x80,0x00,0x00,0x00,0x48,0x8b,0x94,0x24,0x90,0x00,0x00,0x00,0xff,0x10,0xe9,0x2b,0x00,0x00,0x00,0x48,0x8d,0x84,0x24,0x00,0x01,0x00,0x00,0x48,0x8b,0x0d,0xb8,0x02,0x00,0x00,0x48,0x89,0x44,0x24,0x70,0x48,0x89,0x8c,0x24,0x40,0x01,0x00,0x00,0x48,0x8b,0x84,0x24,0x40,0x01,0x00,0x00,0x48,0x8b,0x4c,0x24,0x70,0xff,0x10,0x48,0x8b,0x94,0x24,0x98,0x00,0x00,0x00,0x48,0x8d,0x02,0x48,0x8d,0x94,0x24,0x00,0x01,0x00,0x00,0x4c,0x8b,0x9c,0x24,0x88,0x00,0x00,0x00,0x4d,0x8d,0x03,0x48,0x8b,0x0d,0x7f,0x02,0x00,0x00,0x48,0x89,0x44,0x24,0x50,0x48,0x89,0x4c,0x24,0x78,0x48,0x8b,0x44,0x24,0x78,0x48,0x8b,0x4c,0x24,0x50,0xff,0x10,0x48,0x8d,0x84,0x24,0x00,0x01,0x00,0x00,0x48,0x8b,0x0d,0x52,0x02,0x00,0x00,0x48,0x89,0x44,0x24,0x30,0x48,0x89,0x4c,0x24,0x38,0x48,0x8b,0x44,0x24,0x38,0x48,0x8b,0x4c,0x24,0x30,0xff,0x10,0x48,0x8b,0x84,0x24,0xf8,0x00,0x00,0x00,0x48,0x8d,0x8c,0x24,0x00,0x01,0x00,0x00,0x48,0x8d,0x10,0x48,0x8b,0x00,0x48,0x8b,0x80,0x80,0x00,0x00,0x00,0x48,0x8b,0x1d,0x28,0x02,0x00,0x00,0x48,0x01,0xd8,0x48,0x8b,0x00,0x48,0x8b,0x00,0xff,0xd0,0x8a,0x84,0x24,0x00,0x01,0x00,0x00,0x3c,0x00,0x0f,0x84,0xec,0x00,0x00,0x00,0x48,0x8b,0x94,0x24,0xf8,0x00,0x00,0x00,0x48,0x8b,0x9c,0x24,0xf8,0x00,0x00,0x00,0x4c,0x8b,0x94,0x24,0xa8,0x00,0x00,0x00,0x41,0x8b,0x02,0x4c,0x8b,0x8c,0x24,0xa0,0x00,0x00,0x00,0x41,0x2b,0x01,0xf2,0x0f,0x2a,0xc0,0xf2,0x0f,0x10,0x0d,0x84,0x01,0x00,0x00,0xf2,0x0f,0x5e,0xc8,0x48,0x8d,0x42,0x48,0x48,0x8d,0x53,0x48,0xf2,0x0f,0x11,0x8c,0x24,0x08,0x01,0x00,0x00,0x4c,0x8d,0x84,0x24,0x08,0x01,0x00,0x00,0x48,0x8b,0x0d,0xc0,0x01,0x00,0x00,0x48,0x89,0x44,0x24,0x40,0x48,0x89,0x4c,0x24,0x20,0x48,0x8b,0x44,0x24,0x20,0x48,0x8b,0x4c,0x24,0x40,0xff,0x10,0x4c,0x8b,0x8c,0x24,0xa0,0x00,0x00,0x00,0xf2,0x41,0x0f,0x2a,0x11,0x4c,0x8b,0x94,0x24,0xa8,0x00,0x00,0x00,0x41,0x8b,0x02,0x41,0x2b,0x01,0xf2,0x0f,0x2a,0xc0,0x48,0x8b,0x84,0x24,0xf8,0x00,0x00,0x00,0xf2,0x0f,0x10,0xc8,0xf2,0x0f,0x59,0x48,0x48,0xf2,0x0f,0x10,0xc2,0xf2,0x0f,0x58,0xc1,0x48,0x8d,0x84,0x24,0x10,0x01,0x00,0x00,0xf2,0x0f,0x11,0x84,0x24,0x18,0x01,0x00,0x00,0x48,0x8d,0x94,0x24,0x18,0x01,0x00,0x00,0x48,0x8b,0x0d,0x5a,0x01,0x00,0x00,0x48,0x89,0x44,0x24,0x48,0x48,0x89,0x4c,0x24,0x58,0x48,0x8b,0x44,0x24,0x58,0x48,0x8b,0x4c,0x24,0x48,0xff,0x10,0x8b,0x07,0xf2,0x0f,0x2d,0x84,0x24,0x10,0x01,0x00,0x00,0x89,0x07,0xe9,0x34,0x00,0x00,0x00,0x48,0x8b,0x94,0x24,0xf8,0x00,0x00,0x00,0x8b,0x07,0x4c,0x8b,0x8c,0x24,0xa0,0x00,0x00,0x00,0x41,0x2b,0x01,0xf2,0x0f,0x2a,0xc0,0x4c,0x8b,0x94,0x24,0xa8,0x00,0x00,0x00,0x41,0x8b,0x02,0x41,0x2b,0x01,0xf2,0x0f,0x2a,0xc8,0xf2,0x0f,0x5e,0xc1,0xf2,0x0f,0x11,0x42,0x48,0x48,0x8b,0x84,0x24,0xf8,0x00,0x00,0x00,0x48,0x8d,0x40,0x58,0x48,0x8d,0x17,0x48,0x8b,0x0d,0xf0,0x00,0x00,0x00,0x48,0x89,0x44,0x24,0x60,0x48,0x89,0x4c,0x24,0x68,0x48,0x8b,0x44,0x24,0x68,0x48,0x8b,0x4c,0x24,0x60,0xff,0x10,0x48,0x8b,0x94,0x24,0xf8,0x00,0x00,0x00,0x4c,0x8b,0x94,0x24,0xa8,0x00,0x00,0x00,0x41,0x8b,0x02,0x4c,0x8b,0x8c,0x24,0xa0,0x00,0x00,0x00,0x41,0x2b,0x01,0xf2,0x0f,0x2a,0xc8,0xf2,0x0f,0x10,0x05,0x40,0x00,0x00,0x00,0xf2,0x0f,0x5e,0xc1,0xf2,0x0f,0x11,0x42,0x50,0x48,0x8b,0x84,0x24,0xf8,0x00,0x00,0x00,0x8a,0x40,0x40,0x48,0x8b,0x4c,0x24,0x28,0x88,0x01,0x48,0x8d,0x8c,0x24,0xf0,0x00,0x00,0x00,0x48,0x8b,0x05,0x5e,0x00,0x00,0x00,0xff,0x10,0xe9,0x00,0x00,0x00,0x00,0x48,0x81,0xc4,0x48,0x01,0x00,0x00,0x5f,0x5e,0x5d,0x5b,0xc3,0x00,0x00,0x00,0x00,0x00,0x00,0x00,0x00,0x00,0xf0,0x3f};

static const unsigned char MENU_INPUT_TEXT[]={0x53,0x55,0x56,0x57,0x41,0x54,0x48,0x81,0xec,0x20,0x01,0x00,0x00,0x48,0x8b,0x9c,0x24,0x70,0x01,0x00,0x00,0x4c,0x8b,0xa4,0x24,0x78,0x01,0x00,0x00,0x4c,0x8b,0x94,0x24,0x80,0x01,0x00,0x00,0x4c,0x8b,0x9c,0x24,0x88,0x01,0x00,0x00,0x48,0x8b,0xbc,0x24,0x90,0x01,0x00,0x00,0x48,0x89,0x8c,0x24,0x90,0x00,0x00,0x00,0x48,0x89,0x94,0x24,0x98,0x00,0x00,0x00,0x4c,0x89,0x84,0x24,0xa0,0x00,0x00,0x00,0x4c,0x89,0x8c,0x24,0xa8,0x00,0x00,0x00,0x48,0x89,0x9c,0x24,0xb0,0x00,0x00,0x00,0x4c,0x89,0xa4,0x24,0xb8,0x00,0x00,0x00,0x4c,0x89,0x94,0x24,0xc0,0x00,0x00,0x00,0x4c,0x89,0x9c,0x24,0xc8,0x00,0x00,0x00,0x48,0x89,0xbc,0x24,0xd0,0x00,0x00,0x00,0x48,0xc7,0x84,0x24,0xd8,0x00,0x00,0x00,0x00,0x00,0x00,0x00,0x48,0xc7,0x84,0x24,0xe0,0x00,0x00,0x00,0x00,0x00,0x00,0x00,0x48,0x8d,0x84,0x24,0xd8,0x00,0x00,0x00,0x48,0x8d,0x2a,0x4d,0x8d,0x00,0x48,0x8b,0x35,0x2e,0x04,0x00,0x00,0x48,0x89,0x4c,0x24,0x28,0x48,0x89,0x54,0x24,0x78,0x48,0x89,0xc1,0x48,0x89,0xea,0x4c,0x89,0x8c,0x24,0x80,0x00,0x00,0x00,0x4c,0x89,0x54,0x24,0x68,0x4c,0x89,0x9c,0x24,0x88,0x00,0x00,0x00,0xff,0x16,0x48,0x8b,0x84,0x24,0xe0,0x00,0x00,0x00,0x48,0x8d,0x08,0x48,0x8d,0x13,0x48,0x8b,0x00,0x48,0x8b,0x98,0x80,0x00,0x00,0x00,0x48,0x8b,0x05,0xf0,0x03,0x00,0x00,0x48,0x01,0xc3,0x48,0x8b,0x03,0x48,0x8b,0x00,0xff,0xd0,0x48,0x8b,0x9c,0x24,0xe0,0x00,0x00,0x00,0x48,0x8b,0x35,0xde,0x03,0x00,0x00,0x48,0x8b,0x2d,0xdf,0x03,0x00,0x00,0x48,0x8d,0x43,0x1c,0x48,0x8b,0x0d,0xdc,0x03,0x00,0x00,0x48,0x89,0x84,0x24,0x00,0x01,0x00,0x00,0x48,0x89,0x8c,0x24,0x08,0x01,0x00,0x00,0x48,0x8b,0x84,0x24,0x08,0x01,0x00,0x00,0x48,0x8b,0x8c,0x24,0x00,0x01,0x00,0x00,0xff,0x10,0x48,0x8d,0x43,0x1c,0x48,0x8d,0x0e,0x4c,0x8d,0x45,0x00,0x48,0x8b,0x15,0xb0,0x03,0x00,0x00,0x48,0x89,0x44,0x24,0x70,0x48,0x89,0x4c,0x24,0x60,0x48,0x89,0x54,0x24,0x40,0x48,0x8b,0x44,0x24,0x40,0x48,0x8b,0x4c,0x24,0x70,0x48,0x8b,0x54,0x24,0x60,0xff,0x10,0x48,0x8b,0x84,0x24,0xe0,0x00,0x00,0x00,0x48,0x8d,0x08,0x48,0x8d,0x17,0x48,0x8b,0x00,0x48,0x8b,0x98,0x80,0x00,0x00,0x00,0x48,0x8b,0x05,0x79,0x03,0x00,0x00,0x48,0x01,0xc3,0x48,0x8b,0x03,0x48,0x8b,0x00,0xff,0xd0,0x48,0x8b,0x84,0x24,0xe0,0x00,0x00,0x00,0x48,0x8d,0x08,0x4c,0x8b,0x54,0x24,0x68,0x49,0x8d,0x12,0x48,0x8b,0x00,0x48,0x8b,0x98,0x80,0x00,0x00,0x00,0x48,0x8b,0x05,0x52,0x03,0x00,0x00,0x48,0x01,0xc3,0x48,0x8b,0x03,0x48,0x8b,0x00,0xff,0xd0,0x48,0x8b,0x9c,0x24,0xe0,0x00,0x00,0x00,0x4c,0x8b,0x9c,0x24,0x88,0x00,0x00,0x00,0x41,0x8a,0x03,0x88,0x83,0xe1,0x00,0x00,0x00,0x48,0xc7,0x84,0x24,0xe8,0x00,0x00,0x00,0x00,0x00,0x00,0x00,0x48,0xc7,0x84,0x24,0xf0,0x00,0x00,0x00,0x00,0x00,0x00,0x00,0x48,0x8b,0x84,0x24,0xe0,0x00,0x00,0x00,0x48,0x8b,0x18,0x48,0x8b,0x05,0x0c,0x03,0x00,0x00,0x8b,0x68,0x04,0x3b,0x6b,0x04,0x0f,0x84,0x28,0x00,0x00,0x00,0x48,0x8b,0x05,0x01,0x03,0x00,0x00,0x48,0x89,0x9c,0x24,0xf8,0x00,0x00,0x00,0x83,0x7b,0x08,0xff,0x0f,0x84,0x41,0x00,0x00,0x00,0x39,0x6b,0x08,0x0f,0x84,0x06,0x00,0x00,0x00,0x48,0x8b,0x5b,0x28,0xeb,0xe7,0x48,0x8d,0x84,0x24,0xd8,0x00,0x00,0x00,0x48,0x8d,0x8c,0x24,0xe8,0x00,0x00,0x00,0x48,0x8b,0x15,0xd1,0x02,0x00,0x00,0x48,0x89,0x44,0x24,0x58,0x48,0x89,0x54,0x24,0x30,0x48,0x8b,0x44,0x24,0x30,0x48,0x8b,0x54,0x24,0x58,0xff,0x10,0xe9,0x2b,0x00,0x00,0x00,0x48,0x8d,0x84,0x24,0xe8,0x00,0x00,0x00,0x48,0x8b,0x0d,0xaf,0x02,0x00,0x00,0x48,0x89,0x44,0x24,0x50,0x48,0x89,0x8c,0x24,0x10,0x01,0x00,0x00,0x48,0x8b,0x84,0x24,0x10,0x01,0x00,0x00,0x48,0x8b,0x4c,0x24,0x50,0xff,0x10,0x48,0x8b,0x54,0x24,0x78,0x48,0x8d,0x02,0x48,0x8d,0x8c,0x24,0xe8,0x00,0x00,0x00,0x4d,0x8d,0x04,0x24,0x48,0x8b,0x1d,0x80,0x02,0x00,0x00,0x48,0x89,0x4c,0x24,0x20,0x48,0x89,0xc1,0x48,0x8b,0x54,0x24,0x20,0xff,0x13,0x48,0x8d,0x84,0x24,0xe8,0x00,0x00,0x00,0x48,0x8b,0x0d,0x5a,0x02,0x00,0x00,0x48,0x89,0x44,0x24,0x38,0x48,0x89,0x4c,0x24,0x48,0x48,0x8b,0x44,0x24,0x48,0x48,0x8b,0x4c,0x24,0x38,0xff,0x10,0x48,0x8b,0x84,0x24,0xe0,0x00,0x00,0x00,0x48,0x8d,0x8c,0x24,0xe8,0x00,0x00,0x00,0x48,0x8d,0x10,0x48,0x8b,0x00,0x48,0x8b,0x98,0x80,0x00,0x00,0x00,0x48,0x8b,0x05,0x30,0x02,0x00,0x00,0x48,0x01,0xc3,0x48,0x8b,0x03,0x48,0x8b,0x00,0xff,0xd0,0x8a,0x84,0x24,0xe8,0x00,0x00,0x00,0x3c,0x00,0x0f,0x84,0x37,0x00,0x00,0x00,0x48,0x8b,0x84,0x24,0xe0,0x00,0x00,0x00,0x4c,0x8b,0x8c,0x24,0x80,0x00,0x00,0x00,0x49,0x8d,0x09,0x48,0x8d,0x10,0x48,0x8b,0x00,0x48,0x8b,0x98,0x80,0x00,0x00,0x00,0x48,0x8b,0x05,0xf7,0x01,0x00,0x00,0x48,0x01,0xc3,0x48,0x8b,0x03,0x48,0x8b,0x00,0xff,0xd0,0xe9,0x53,0x00,0x00,0x00,0x48,0x8b,0x84,0x24,0xe0,0x00,0x00,0x00,0x8a,0x40,0x41,0x3a,0x05,0x5e,0x01,0x00,0x00,0x0f,0x94,0xc0,0x3c,0x00,0x0f,0x84,0x37,0x00,0x00,0x00,0x48,0x8b,0x84,0x24,0xe0,0x00,0x00,0x00,0x48,0x8d,0x08,0x4c,0x8b,0x8c,0x24,0x80,0x00,0x00,0x00,0x49,0x8d,0x11,0x48,0x8b,0x00,0x48,0x8b,0x98,0x80,0x00,0x00,0x00,0x48,0x8b,0x05,0xac,0x01,0x00,0x00,0x48,0x01,0xc3,0x48,0x8b,0x03,0x48,0x8b,0x00,0xff,0xd0,0xe9,0x00,0x00,0x00,0x00,0x48,0x8b,0x54,0x24,0x78,0x8a,0x82,0xc8,0x00,0x00,0x00,0x3a,0x05,0x0b,0x01,0x00,0x00,0x0f,0x94,0xc0,0x3c,0x00,0x0f,0x84,0x2a,0x00,0x00,0x00,0x48,0x8b,0x84,0x24,0xe0,0x00,0x00,0x00,0x8a,0x40,0x40,0x3a,0x05,0xf0,0x00,0x00,0x00,0x0f,0x94,0xc0,0x3c,0x00,0x0f,0x84,0x07,0x00,0x00,0x00,0xb0,0x01,0xe9,0x0e,0x00,0x00,0x00,0xb0,0x00,0xe9,0x07,0x00,0x00,0x00,0xb0,0x00,0xe9,0x00,0x00,0x00,0x00,0x3c,0x00,0x0f,0x84,0x2a,0x00,0x00,0x00,0x48,0x8b,0x84,0x24,0xe0,0x00,0x00,0x00,0x8a,0x40,0x41,0x3a,0x05,0xb6,0x00,0x00,0x00,0x0f,0x94,0xc0,0x3c,0x00,0x0f,0x84,0x07,0x00,0x00,0x00,0xb0,0x01,0xe9,0x0e,0x00,0x00,0x00,0xb0,0x00,0xe9,0x07,0x00,0x00,0x00,0xb0,0x00,0xe9,0x00,0x00,0x00,0x00,0x3c,0x00,0x0f,0x84,0x2f,0x00,0x00,0x00,0x48,0x8b,0x84,0x24,0xe0,0x00,0x00,0x00,0x48,0x8d,0x08,0x48,0x8d,0x12,0x48,0x8b,0x00,0x48,0x8b,0x80,0x80,0x00,0x00,0x00,0x48,0x8b,0x1d,0xf7,0x00,0x00,0x00,0x48,0x01,0xd8,0x48,0x8b,0x00,0x48,0x8b,0x00,0xff,0xd0,0xe9,0x00,0x00,0x00,0x00,0x48,0x8b,0x9c,0x24,0xe0,0x00,0x00,0x00,0x48,0x8b,0x4c,0x24,0x28,0x48,0x8d,0x01,0x48,0x8b,0x15,0xd8,0x00,0x00,0x00,0x48,0x89,0xc1,0xff,0x12,0x48,0x8b,0x4c,0x24,0x28,0x48,0x8d,0x09,0x48,0x8d,0x94,0x24,0xe8,0x00,0x00,0x00,0x4c,0x8d,0x43,0x40,0x48,0x8b,0x05,0xc0,0x00,0x00,0x00,0xff,0x10,0x48,0x8d,0x8c,0x24,0xd8,0x00,0x00,0x00,0x48,0x8b,0x05,0x77,0x00,0x00,0x00,0xff,0x10,0xe9,0x00,0x00,0x00,0x00,0x48,0x81,0xc4,0x20,0x01,0x00,0x00,0x41,0x5c,0x5f,0x5e,0x5d,0x5b,0xc3,0x00,0x00,0x00,0x01,0x00,0x00,0x00,0x00,0x00,0x00};

static const unsigned char MENU_CAPTURE[]={0x53,0x48,0x83,0xec,0x50,0x48,0x89,0x4c,0x24,0x20,0x48,0x83,0xb9,0xe8,0x00,0x00,0x00,0x00,0x0f,0x94,0xc0,0x3c,0x00,0x0f,0x84,0xf7,0x00,0x00,0x00,0x48,0x83,0xb9,0xd8,0x00,0x00,0x00,0x00,0x0f,0x95,0xc0,0x3c,0x00,0x0f,0x84,0xdf,0x00,0x00,0x00,0x48,0x8d,0x91,0xd0,0x00,0x00,0x00,0x48,0x8d,0x81,0xe0,0x00,0x00,0x00,0x48,0x8b,0x1d,0xe3,0x00,0x00,0x00,0x48,0x89,0x4c,0x24,0x30,0x48,0x89,0xc1,0xff,0x13,0x48,0x8b,0x4c,0x24,0x30,0x48,0x8b,0x81,0xe8,0x00,0x00,0x00,0x48,0x8d,0x10,0x48,0x8b,0x00,0x48,0x8b,0x80,0x80,0x00,0x00,0x00,0x48,0x8b,0x1d,0xc1,0x00,0x00,0x00,0x48,0x01,0xd8,0x48,0x8b,0x00,0x48,0x8b,0x00,0x48,0x89,0xd1,0xff,0xd0,0x48,0x8b,0x05,0xb4,0x00,0x00,0x00,0x48,0x8d,0x00,0x48,0x8b,0x0d,0xb2,0x00,0x00,0x00,0x48,0x89,0x44,0x24,0x38,0x48,0x89,0x4c,0x24,0x40,0x48,0x8b,0x44,0x24,0x40,0x48,0x8b,0x4c,0x24,0x38,0xff,0x10,0x48,0x8b,0x4c,0x24,0x30,0x48,0x8b,0x81,0xe8,0x00,0x00,0x00,0x48,0x8d,0x4c,0x24,0x28,0x48,0x8d,0x10,0x48,0x8b,0x00,0x48,0x8b,0x80,0x80,0x00,0x00,0x00,0x48,0x8b,0x1d,0x7f,0x00,0x00,0x00,0x48,0x01,0xd8,0x48,0x8b,0x00,0x48,0x8b,0x00,0xff,0xd0,0x8a,0x44,0x24,0x28,0x3c,0x00,0x0f,0x84,0x2a,0x00,0x00,0x00,0x48,0x8d,0x0d,0x39,0x00,0x00,0x00,0x48,0x8d,0x15,0x32,0x00,0x00,0x00,0x4c,0x8d,0x05,0x2f,0x00,0x00,0x00,0x4c,0x8d,0x0d,0x28,0x00,0x00,0x00,0x48,0x8b,0x05,0x4d,0x00,0x00,0x00,0xff,0x10,0xe9,0x00,0x00,0x00,0x00,0xe9,0x00,0x00,0x00,0x00,0xe9,0x00,0x00,0x00,0x00,0x48,0x83,0xc4,0x50,0x5b,0xc3,0x00,0x00,0x00,0x00,0x00,0x00,0x00,0x00,0x00,0x00,0x01,0x00,0x00,0x00};

static const unsigned char MENU_RELEASE[]={0x53,0x48,0x83,0xec,0x30,0x48,0x89,0x4c,0x24,0x20,0x48,0x83,0xb9,0xe8,0x00,0x00,0x00,0x00,0x0f,0x95,0xc0,0x3c,0x00,0x0f,0x84,0x5b,0x00,0x00,0x00,0x48,0x8b,0x81,0xe8,0x00,0x00,0x00,0x48,0x8d,0x10,0x48,0x8b,0x00,0x48,0x8b,0x80,0x80,0x00,0x00,0x00,0x48,0x8b,0x1d,0x48,0x00,0x00,0x00,0x48,0x01,0xd8,0x48,0x8b,0x00,0x48,0x8b,0x00,0x48,0x89,0x4c,0x24,0x28,0x48,0x89,0xd1,0xff,0xd0,0x48,0x8b,0x4c,0x24,0x28,0x48,0x8d,0x89,0xe0,0x00,0x00,0x00,0x48,0x8b,0x05,0x2a,0x00,0x00,0x00,0xff,0x10,0x48,0x8b,0x05,0x29,0x00,0x00,0x00,0x48,0x8d,0x08,0x48,0x8b,0x05,0x27,0x00,0x00,0x00,0xff,0x10,0xe9,0x00,0x00,0x00,0x00,0x48,0x83,0xc4,0x30,0x5b,0xc3,0x00,0x00};

static const unsigned char MENU_BACK[]={0x53,0x48,0x83,0xec,0x30,0x48,0x89,0x4c,0x24,0x20,0x48,0x89,0x54,0x24,0x28,0x48,0x83,0xba,0xd8,0x00,0x00,0x00,0x00,0x0f,0x95,0xc0,0x3c,0x00,0x0f,0x84,0x2e,0x00,0x00,0x00,0x48,0x8b,0x82,0xd8,0x00,0x00,0x00,0x48,0x8d,0x09,0x48,0x8d,0x10,0x48,0x8b,0x00,0x48,0x8b,0x80,0x80,0x00,0x00,0x00,0x48,0x8b,0x1d,0x30,0x00,0x00,0x00,0x48,0x01,0xd8,0x48,0x8b,0x00,0x48,0x8b,0x00,0xff,0xd0,0xe9,0x0d,0x00,0x00,0x00,0x8a,0x05,0x12,0x00,0x00,0x00,0x88,0x01,0xe9,0x00,0x00,0x00,0x00,0x48,0x83,0xc4,0x30,0x5b,0xc3,0x00,0x00,0x00,0x00,0x00,0x00,0x00,0x00,0x00,0x00,0x00,0x00,0x00};

static const unsigned char MENU_TEXT_RESULTS[]={0x48,0x83,0xec,0x18,0x48,0x89,0x0c,0x24,0x48,0x89,0x54,0x24,0x08,0x4c,0x89,0x44,0x24,0x10,0x8a,0x05,0x20,0x00,0x00,0x00,0x88,0x01,0x8a,0x05,0x18,0x00,0x00,0x00,0x88,0x41,0x01,0x8a,0x02,0x88,0x01,0x41,0x8a,0x00,0x88,0x41,0x01,0x48,0x83,0xc4,0x18,0xc3,0x00,0x00,0x00,0x00,0x00,0x00,0x00};

// Exact native tab rendering body: fixture coverage for the mandatory atlas region.
static const unsigned char MENU_TAB_RENDER[]={
0x53,0x55,0x56,0x48,0x81,0xec,0xb0,0x00,0x00,0x00,0x48,0x89,0x4c,0x24,0x60,0x48,
0x89,0x54,0x24,0x68,0x80,0x79,0x48,0x00,0x0f,0x85,0x18,0x00,0x00,0x00,0x80,0x79,
0x40,0x00,0x0f,0x85,0x07,0x00,0x00,0x00,0xb0,0x00,0xe9,0x0e,0x00,0x00,0x00,0xb0,
0x01,0xe9,0x07,0x00,0x00,0x00,0xb0,0x01,0xe9,0x00,0x00,0x00,0x00,0x3c,0x00,0x0f,
0x84,0x31,0x00,0x00,0x00,0x48,0x8b,0x05,0xd4,0x02,0x00,0x00,0x48,0x8d,0x5c,0x24,
0x70,0x48,0x8d,0x00,0x48,0x8b,0x2d,0xcd,0x02,0x00,0x00,0x48,0x89,0x4c,0x24,0x38,
0x48,0x89,0x94,0x24,0x98,0x00,0x00,0x00,0x48,0x89,0xd9,0x48,0x89,0xc2,0xff,0x55,
0x00,0xe9,0x67,0x00,0x00,0x00,0x80,0x79,0x70,0x00,0x0f,0x84,0x31,0x00,0x00,0x00,
0x48,0x8b,0x05,0xa9,0x02,0x00,0x00,0x48,0x8d,0x5c,0x24,0x70,0x48,0x8d,0x00,0x48,
0x8b,0x2d,0x92,0x02,0x00,0x00,0x48,0x89,0x4c,0x24,0x38,0x48,0x89,0x94,0x24,0x98,
0x00,0x00,0x00,0x48,0x89,0xd9,0x48,0x89,0xc2,0xff,0x55,0x00,0xe9,0x2c,0x00,0x00,
0x00,0x48,0x8b,0x05,0x80,0x02,0x00,0x00,0x48,0x8d,0x5c,0x24,0x70,0x48,0x8d,0x00,
0x48,0x8b,0x2d,0x61,0x02,0x00,0x00,0x48,0x89,0x4c,0x24,0x38,0x48,0x89,0x94,0x24,
0x98,0x00,0x00,0x00,0x48,0x89,0xd9,0x48,0x89,0xc2,0xff,0x55,0x00,0x48,0x8b,0x94,
0x24,0x98,0x00,0x00,0x00,0x48,0x8d,0x02,0x48,0x8b,0x4c,0x24,0x38,0x48,0x8d,0x59,
0x24,0x4c,0x8d,0x41,0x2c,0x4c,0x8d,0x0d,0x14,0x02,0x00,0x00,0x48,0x8d,0x6c,0x24,
0x70,0x48,0x8b,0x35,0x38,0x02,0x00,0x00,0x48,0x89,0x6c,0x24,0x20,0x48,0x89,0xc1,
0x48,0x89,0xda,0xff,0x16,0x48,0x8d,0x44,0x24,0x74,0x48,0x8d,0x0d,0xf7,0x01,0x00,
0x00,0x4c,0x8d,0x05,0xf0,0x01,0x00,0x00,0x4c,0x8d,0x0d,0xe9,0x01,0x00,0x00,0x48,
0x8d,0x15,0xe2,0x01,0x00,0x00,0x48,0x8b,0x1d,0x0b,0x02,0x00,0x00,0x48,0x89,0x54,
0x24,0x20,0x48,0x89,0x8c,0x24,0x90,0x00,0x00,0x00,0x48,0x89,0xc1,0x48,0x8b,0x94,
0x24,0x90,0x00,0x00,0x00,0xff,0x13,0x48,0x8b,0x94,0x24,0x98,0x00,0x00,0x00,0x48,
0x8d,0x02,0x48,0x8b,0x4c,0x24,0x38,0x48,0x8d,0x59,0x24,0x4c,0x8d,0x41,0x2c,0x48,
0x8b,0x2d,0xda,0x01,0x00,0x00,0x48,0x89,0xc1,0x48,0x89,0xda,0xff,0x55,0x00,0x48,
0x8d,0x44,0x24,0x78,0x48,0x8b,0x4c,0x24,0x38,0x48,0x8d,0x51,0x30,0x4c,0x8d,0x41,
0x30,0x48,0x8b,0x1d,0xc0,0x01,0x00,0x00,0x48,0x89,0xc1,0xff,0x13,0x48,0x8b,0x4c,
0x24,0x38,0x48,0x8b,0x41,0x68,0x48,0x8b,0x94,0x24,0x98,0x00,0x00,0x00,0x48,0x8d,
0x1a,0x48,0x8d,0x69,0x24,0x4c,0x8d,0x44,0x24,0x78,0x4c,0x8d,0x08,0x48,0x8d,0x44,
0x24,0x74,0x48,0x8b,0x35,0x97,0x01,0x00,0x00,0x48,0x89,0x44,0x24,0x20,0x48,0x89,
0xd9,0x48,0x89,0xea,0xff,0x16,0x48,0x8d,0x44,0x24,0x78,0x48,0x8b,0x0d,0x86,0x01,
0x00,0x00,0x48,0x89,0x84,0x24,0x88,0x00,0x00,0x00,0x48,0x89,0x4c,0x24,0x58,0x48,
0x8b,0x44,0x24,0x58,0x48,0x8b,0x8c,0x24,0x88,0x00,0x00,0x00,0xff,0x10,0x48,0x8d,
0x84,0x24,0x80,0x00,0x00,0x00,0x48,0x8b,0x4c,0x24,0x38,0x48,0x8d,0x51,0x30,0x4c,
0x8d,0x05,0xfa,0x00,0x00,0x00,0x48,0x8b,0x1d,0x3b,0x01,0x00,0x00,0x48,0x89,0xc1,
0xff,0x13,0x48,0x8d,0x44,0x24,0x78,0x48,0x8b,0x0d,0x42,0x01,0x00,0x00,0x48,0x89,
0x44,0x24,0x30,0x48,0x89,0x4c,0x24,0x50,0x48,0x8b,0x44,0x24,0x50,0x48,0x8b,0x4c,
0x24,0x30,0xff,0x10,0x48,0x8d,0x44,0x24,0x78,0x48,0x8b,0x4c,0x24,0x38,0x48,0x8d,
0x51,0x24,0x4c,0x8d,0x84,0x24,0x80,0x00,0x00,0x00,0x48,0x8b,0x1d,0x17,0x01,0x00,
0x00,0x48,0x89,0xc1,0xff,0x13,0x48,0x8b,0x94,0x24,0x98,0x00,0x00,0x00,0x48,0x8d,
0x02,0x48,0x8d,0x4c,0x24,0x78,0x48,0x89,0x4c,0x24,0x48,0x48,0x8b,0x4c,0x24,0x38,
0x4c,0x8d,0x41,0x60,0x4c,0x8d,0x4c,0x24,0x74,0x48,0x8b,0x0d,0xf0,0x00,0x00,0x00,
0x48,0x89,0x44,0x24,0x40,0x48,0x89,0x8c,0x24,0xa0,0x00,0x00,0x00,0x48,0x8b,0x84,
0x24,0xa0,0x00,0x00,0x00,0x48,0x8b,0x4c,0x24,0x40,0x48,0x8b,0x54,0x24,0x48,0xff,
0x10,0x48,0x8d,0x8c,0x24,0x80,0x00,0x00,0x00,0x48,0x8b,0x05,0xa8,0x00,0x00,0x00,
0xff,0x10,0x48,0x8d,0x4c,0x24,0x78,0x48,0x8b,0x05,0x9a,0x00,0x00,0x00,0xff,0x10,
0x48,0x8b,0x94,0x24,0x98,0x00,0x00,0x00,0x48,0x8d,0x0a,0x48,0x8b,0x05,0xa6,0x00,
0x00,0x00,0xff,0x10,0x48,0x8d,0x4c,0x24,0x74,0x48,0x8b,0x05,0xa0,0x00,0x00,0x00,
0xff,0x10,0x48,0x8d,0x4c,0x24,0x70,0x48,0x8b,0x05,0x92,0x00,0x00,0x00,0xff,0x10,
0x48,0x81,0xc4,0xb0,0x00,0x00,0x00,0x5e,0x5d,0x5b,0xc3,0x00,0x00,0x00,0x00,0x00,
0x00,0x00,0x00,0x00,0x00,0x00,0xf0,0x3f,0xff,0x00,0x00,0x00,0x00,0x00,0x00,0x00,
};
