#pragma once
// Exact current native item request path. No direct server inventory writes.
static const unsigned char INV_GIVE_OWNER[]={
0x53,0x55,0x56,0x57,0x41,0x54,0x41,0x55,0x41,0x56,0x48,0x81,0xec,0xa0,0x32,0x00,
0x00,0x48,0x89,0x8c,0x24,0x30,0x31,0x00,0x00,0x48,0x89,0x94,0x24,0x38,0x31,0x00,
0x00,0x4c,0x89,0x84,0x24,0x40,0x31,0x00,0x00,0x48,0x8b,0x1d,0x98,0xcf,0x00,0x00,
0x48,0x8d,0x84,0x24,0x50,0x31,0x00,0x00,0x48,0x8d,0x2d,0xc9,0xc6,0x00,0x00,0x48,
0x8b,0x35,0x8a,0xcf,0x00,0x00,0x48,0x89,0x4c,0x24,0x48,0x48,0x89,0x94,0x24,0xe8,
0x20,0x00,0x00,0x48,0x89,0xc1,0x48,0x89,0xea,0x4c,0x89,0x84,0x24,0xf0,0x20,0x00,
0x00,0xff,0x16,0x48,0x8d,0x84,0x24,0x48,0x31,0x00,0x00,0x48,0x8d,0x0b,0x48,0x8d,
0x94,0x24,0x50,0x31,0x00,0x00,0x48,0x8b,0x1d,0x5b,0xcf,0x00,0x00,0x48,0x89,0x8c,
0x24,0xf8,0x20,0x00,0x00,0x48,0x89,0x94,0x24,0xd8,0x20,0x00,0x00,0x48,0x89,0xc1,
0x48,0x8b,0x94,0x24,0xf8,0x20,0x00,0x00,0x4c,0x8b,0x84,0x24,0xd8,0x20,0x00,0x00,
0xff,0x13,0x8a,0x9c,0x24,0x48,0x31,0x00,0x00,0x48,0x8d,0x84,0x24,0x50,0x31,0x00,
0x00,0x48,0x8b,0x0d,0x28,0xcf,0x00,0x00,0x48,0x89,0x84,0x24,0x00,0x21,0x00,0x00,
0x48,0x89,0x8c,0x24,0x10,0x21,0x00,0x00,0x48,0x8b,0x84,0x24,0x10,0x21,0x00,0x00,
0x48,0x8b,0x8c,0x24,0x00,0x21,0x00,0x00,0xff,0x10,0x80,0xfb,0x00,0x0f,0x84,0xf1,
0x8f,0x00,0x00,0x48,0x8b,0x05,0xde,0xce,0x00,0x00,0x48,0x8d,0x00,0x48,0x8b,0x0d,
0xf4,0xce,0x00,0x00,0x48,0x89,0x84,0x24,0x18,0x21,0x00,0x00,0x48,0x89,0x8c,0x24,
0x20,0x21,0x00,0x00,0x48,0x8b,0x84,0x24,0x20,0x21,0x00,0x00,0x48,0x8b,0x8c,0x24,
0x18,0x21,0x00,0x00,0xff,0x10,0x48,0xc7,0x84,0x24,0x48,0x31,0x00,0x00,0x00,0x00,
0x00,0x00,0x48,0xc7,0x84,0x24,0x50,0x31,0x00,0x00,0x00,0x00,0x00,0x00,0x48,0x8d,
0x84,0x24,0x58,0x31,0x00,0x00,0x48,0x8b,0x0d,0xb3,0xce,0x00,0x00,0x48,0x89,0x84,
0x24,0xe0,0x20,0x00,0x00,0x48,0x89,0x8c,0x24,0xd0,0x20,0x00,0x00,0x48,0x8b,0x84,
0x24,0xd0,0x20,0x00,0x00,0x48,0x8b,0x8c,0x24,0xe0,0x20,0x00,0x00,0xff,0x10,0x48,
0x8b,0xac,0x24,0xa8,0x20,0x00,0x00,0x48,0x89,0xac,0x24,0x80,0x31,0x00,0x00,0x4c,
0x8d,0x8c,0x24,0x80,0x31,0x00,0x00,0x48,0x8d,0x84,0x24,0x88,0x31,0x00,0x00,0x48,
0x89,0x84,0x24,0xc8,0x20,0x00,0x00,0x48,0x8b,0x4c,0x24,0x48,0x48,0x8d,0x81,0x30,
0x15,0x00,0x00,0x48,0x8b,0x15,0x5e,0xce,0x00,0x00,0x48,0x89,0x84,0x24,0x88,0x20,
0x00,0x00,0x48,0x89,0x94,0x24,0x90,0x20,0x00,0x00,0x48,0x8b,0x84,0x24,0x90,0x20,
0x00,0x00,0x4c,0x89,0xc9,0x48,0x8b,0x94,0x24,0x88,0x20,0x00,0x00,0x48,0x89,0x8c,
0x24,0x98,0x20,0x00,0x00,0xff,0x10,0x48,0x8d,0x84,0x24,0x90,0x31,0x00,0x00,0x48,
0x8b,0x0d,0x2a,0xce,0x00,0x00,0x48,0x89,0x84,0x24,0x78,0x20,0x00,0x00,0x48,0x89,
0x8c,0x24,0xa0,0x20,0x00,0x00,0x48,0x8b,0x84,0x24,0xa0,0x20,0x00,0x00,0x48,0x8b,
0x8c,0x24,0x78,0x20,0x00,0x00,0x48,0x8b,0x94,0x24,0x88,0x20,0x00,0x00,0xff,0x10,
0x48,0x8b,0x84,0x24,0x90,0x31,0x00,0x00,0x48,0x39,0x84,0x24,0x80,0x31,0x00,0x00,
0x0f,0x84,0xae,0x02,0x00,0x00,0x48,0x8b,0x05,0xeb,0xcd,0x00,0x00,0x48,0x8b,0x8c,
0x24,0xc8,0x20,0x00,0x00,0x48,0x8b,0x94,0x24,0x88,0x20,0x00,0x00,0x4c,0x8b,0x84,
0x24,0x98,0x20,0x00,0x00,0xff,0x10,0x48,0x8b,0x84,0x24,0x88,0x31,0x00,0x00,0x48,
0x8b,0x58,0x08,0x48,0x8d,0x84,0x24,0x98,0x31,0x00,0x00,0x48,0x8d,0x0d,0xbd,0xc4,
0x00,0x00,0x48,0x8b,0x15,0x77,0xcd,0x00,0x00,0x48,0x89,0x84,0x24,0xb0,0x20,0x00,
0x00,0x48,0x89,0x8c,0x24,0xb8,0x20,0x00,0x00,0x48,0x89,0x94,0x24,0xc0,0x20,0x00,
0x00,0x48,0x8b,0x84,0x24,0xc0,0x20,0x00,0x00,0x48,0x8b,0x8c,0x24,0xb0,0x20,0x00,
0x00,0x48,0x8b,0x94,0x24,0xb8,0x20,0x00,0x00,0xff,0x10,0x48,0x8d,0x84,0x24,0xa8,
0x31,0x00,0x00,0x48,0x8d,0x0b,0x48,0x8d,0x94,0x24,0x98,0x31,0x00,0x00,0x48,0x8b,
0x1d,0x6b,0xcd,0x00,0x00,0x48,0x89,0x8c,0x24,0x28,0x21,0x00,0x00,0x48,0x89,0x94,
0x24,0x08,0x21,0x00,0x00,0x48,0x89,0xc1,0x48,0x8b,0x94,0x24,0x28,0x21,0x00,0x00,
0x4c,0x8b,0x84,0x24,0x08,0x21,0x00,0x00,0xff,0x13,0x8a,0x9c,0x24,0xa8,0x31,0x00,
0x00,0x48,0x8d,0x84,0x24,0x98,0x31,0x00,0x00,0x48,0x8b,0x0d,0x00,0xcd,0x00,0x00,
0x48,0x89,0x84,0x24,0x30,0x21,0x00,0x00,0x48,0x89,0x8c,0x24,0x40,0x21,0x00,0x00,
0x48,0x8b,0x84,0x24,0x40,0x21,0x00,0x00,0x48,0x8b,0x8c,0x24,0x30,0x21,0x00,0x00,
0xff,0x10,0x80,0xfb,0x00,0x0f,0x84,0x1c,0x00,0x00,0x00,0x48,0x8b,0x84,0x24,0x88,
0x31,0x00,0x00,0x48,0x8b,0x40,0x08,0x48,0x8d,0x00,0x48,0x89,0x84,0x24,0x48,0x31,
0x00,0x00,0xe9,0x7c,0x01,0x00,0x00,0x48,0x8b,0x84,0x24,0x88,0x31,0x00,0x00,0x48,
0x8b,0x58,0x08,0x48,0x8d,0x84,0x24,0x98,0x31,0x00,0x00,0x48,0x8d,0x0d,0xea,0xc3,
0x00,0x00,0x48,0x8b,0x15,0x87,0xcc,0x00,0x00,0x48,0x89,0x84,0x24,0xa8,0x21,0x00,
0x00,0x48,0x89,0x8c,0x24,0xb0,0x21,0x00,0x00,0x48,0x89,0x94,0x24,0xb8,0x21,0x00,
0x00,0x48,0x8b,0x84,0x24,0xb8,0x21,0x00,0x00,0x48,0x8b,0x8c,0x24,0xa8,0x21,0x00,
0x00,0x48,0x8b,0x94,0x24,0xb0,0x21,0x00,0x00,0xff,0x10,0x48,0x8d,0x84,0x24,0xa8,
0x31,0x00,0x00,0x48,0x8d,0x0b,0x48,0x8d,0x94,0x24,0x98,0x31,0x00,0x00,0x48,0x8b,
0x1d,0x7b,0xcc,0x00,0x00,0x48,0x89,0x8c,0x24,0x98,0x21,0x00,0x00,0x48,0x89,0x94,
0x24,0xc0,0x21,0x00,0x00,0x48,0x89,0xc1,0x48,0x8b,0x94,0x24,0x98,0x21,0x00,0x00,
0x4c,0x8b,0x84,0x24,0xc0,0x21,0x00,0x00,0xff,0x13,0x8a,0x9c,0x24,0xa8,0x31,0x00,
0x00,0x48,0x8d,0x84,0x24,0x98,0x31,0x00,0x00,0x48,0x8b,0x0d,0x10,0xcc,0x00,0x00,
0x48,0x89,0x84,0x24,0xd0,0x21,0x00,0x00,0x48,0x89,0x8c,0x24,0xd8,0x21,0x00,0x00,
0x48,0x8b,0x84,0x24,0xd8,0x21,0x00,0x00,0x48,0x8b,0x8c,0x24,0xd0,0x21,0x00,0x00,
0xff,0x10,0x80,0xfb,0x00,0x0f,0x84,0x1c,0x00,0x00,0x00,0x48,0x8b,0x84,0x24,0x88,
0x31,0x00,0x00,0x48,0x8b,0x40,0x08,0x48,0x8d,0x00,0x48,0x89,0x84,0x24,0x50,0x31,
0x00,0x00,0xe9,0x8c,0x00,0x00,0x00,0x48,0x8d,0x84,0x24,0x98,0x31,0x00,0x00,0x48,
0x8d,0x8c,0x24,0x58,0x31,0x00,0x00,0x48,0x8b,0x15,0xea,0xcb,0x00,0x00,0x48,0x89,
0x84,0x24,0xe0,0x21,0x00,0x00,0x48,0x89,0x8c,0x24,0xe8,0x21,0x00,0x00,0x48,0x89,
0x94,0x24,0xa0,0x21,0x00,0x00,0x48,0x8b,0x84,0x24,0xa0,0x21,0x00,0x00,0x48,0x8b,
0x8c,0x24,0xe0,0x21,0x00,0x00,0x48,0x8b,0x94,0x24,0xe8,0x21,0x00,0x00,0xff,0x10,
0x48,0x8b,0x9c,0x24,0x98,0x31,0x00,0x00,0x48,0x8b,0x84,0x24,0x88,0x31,0x00,0x00,
0x48,0x8b,0x40,0x08,0x48,0x8d,0x0b,0x48,0x8d,0x00,0x48,0x8b,0x15,0x9f,0xcb,0x00,
0x00,0x48,0x89,0x84,0x24,0x90,0x21,0x00,0x00,0x48,0x89,0x94,0x24,0x68,0x21,0x00,
0x00,0x48,0x8b,0x84,0x24,0x68,0x21,0x00,0x00,0x48,0x8b,0x94,0x24,0x90,0x21,0x00,
0x00,0xff,0x10,0x48,0x8b,0x05,0x7e,0xcb,0x00,0x00,0x48,0x8b,0x8c,0x24,0x98,0x20,
0x00,0x00,0x48,0x8b,0x94,0x24,0x88,0x20,0x00,0x00,0x49,0x89,0xc8,0xff,0x10,0xe9,
0x03,0xfd,0xff,0xff,0x48,0x8b,0x1d,0xfd,0xca,0x00,0x00,0x48,0x8d,0x84,0x24,0x90,
0x31,0x00,0x00,0x48,0x8d,0x0d,0x78,0xc2,0x00,0x00,0x48,0x8b,0x15,0xef,0xca,0x00,
0x00,0x48,0x89,0x84,0x24,0x88,0x21,0x00,0x00,0x48,0x89,0x8c,0x24,0x48,0x21,0x00,
0x00,0x48,0x89,0x94,0x24,0x50,0x21,0x00,0x00,0x48,0x8b,0x84,0x24,0x50,0x21,0x00,
0x00,0x48,0x8b,0x8c,0x24,0x88,0x21,0x00,0x00,0x48,0x8b,0x94,0x24,0x48,0x21,0x00,
0x00,0xff,0x10,0x48,0x8d,0x84,0x24,0x88,0x31,0x00,0x00,0x48,0x8d,0x0b,0x48,0x8d,
0x94,0x24,0x90,0x31,0x00,0x00,0x48,0x8b,0x1d,0x0b,0xcb,0x00,0x00,0x48,0x89,0x8c,
0x24,0x58,0x21,0x00,0x00,0x48,0x89,0x94,0x24,0x38,0x21,0x00,0x00,0x48,0x89,0xc1,
0x48,0x8b,0x94,0x24,0x58,0x21,0x00,0x00,0x4c,0x8b,0x84,0x24,0x38,0x21,0x00,0x00,
0xff,0x13,0x8a,0x9c,0x24,0x88,0x31,0x00,0x00,0x48,0x8d,0x84,0x24,0x90,0x31,0x00,
0x00,0x48,0x8b,0x0d,0x78,0xca,0x00,0x00,0x48,0x89,0x84,0x24,0x60,0x21,0x00,0x00,
0x48,0x89,0x8c,0x24,0x70,0x21,0x00,0x00,0x48,0x8b,0x84,0x24,0x70,0x21,0x00,0x00,
0x48,0x8b,0x8c,0x24,0x60,0x21,0x00,0x00,0xff,0x10,0x80,0xfb,0x00,0x0f,0x84,0xe7,
0x0b,0x00,0x00,0x48,0x8b,0x1d,0x2e,0xca,0x00,0x00,0x48,0x8d,0x84,0x24,0x88,0x31,
0x00,0x00,0x48,0x8d,0x0d,0xaf,0xc1,0x00,0x00,0x48,0x8b,0x15,0x20,0xca,0x00,0x00,
0x48,0x89,0x84,0x24,0x78,0x21,0x00,0x00,0x48,0x89,0x8c,0x24,0x80,0x21,0x00,0x00,
0x48,0x89,0x94,0x24,0x80,0x20,0x00,0x00,0x48,0x8b,0x84,0x24,0x80,0x20,0x00,0x00,
0x48,0x8b,0x8c,0x24,0x78,0x21,0x00,0x00,0x48,0x8b,0x94,0x24,0x80,0x21,0x00,0x00,
0xff,0x10,0x48,0x8d,0x03,0x48,0x8d,0x8c,0x24,0x88,0x31,0x00,0x00,0x48,0x8b,0x15,
0x4c,0xca,0x00,0x00,0x48,0x89,0x84,0x24,0x70,0x20,0x00,0x00,0x48,0x89,0x8c,0x24,
0x40,0x20,0x00,0x00,0x48,0x89,0x94,0x24,0x68,0x20,0x00,0x00,0x48,0x8b,0x84,0x24,
0x68,0x20,0x00,0x00,0x48,0x8b,0x8c,0x24,0x70,0x20,0x00,0x00,0x48,0x8b,0x94,0x24,
0x40,0x20,0x00,0x00,0xff,0x10,0x48,0x8d,0x84,0x24,0x88,0x31,0x00,0x00,0x48,0x8b,
0x0d,0xab,0xc9,0x00,0x00,0x48,0x89,0x84,0x24,0x60,0x1f,0x00,0x00,0x48,0x89,0x8c,
0x24,0x68,0x1f,0x00,0x00,0x48,0x8b,0x84,0x24,0x68,0x1f,0x00,0x00,0x48,0x8b,0x8c,
0x24,0x60,0x1f,0x00,0x00,0xff,0x10,0x48,0x8b,0x1d,0x6a,0xc9,0x00,0x00,0x48,0x8d,
0x84,0x24,0x90,0x31,0x00,0x00,0x48,0x8d,0x0d,0xf5,0xc0,0x00,0x00,0x48,0x8b,0x15,
0x5c,0xc9,0x00,0x00,0x48,0x89,0x84,0x24,0x70,0x1f,0x00,0x00,0x48,0x89,0x8c,0x24,
0x50,0x1f,0x00,0x00,0x48,0x89,0x94,0x24,0x78,0x1f,0x00,0x00,0x48,0x8b,0x84,0x24,
0x78,0x1f,0x00,0x00,0x48,0x8b,0x8c,0x24,0x70,0x1f,0x00,0x00,0x48,0x8b,0x94,0x24,
0x50,0x1f,0x00,0x00,0xff,0x10,0x48,0x8d,0x84,0x24,0xa0,0x31,0x00,0x00,0x48,0x8d,
0x0d,0xb4,0xc0,0x00,0x00,0x48,0x8b,0x15,0x14,0xc9,0x00,0x00,0x48,0x89,0x84,0x24,
0x88,0x1f,0x00,0x00,0x48,0x89,0x8c,0x24,0x90,0x1f,0x00,0x00,0x48,0x89,0x94,0x24,
0x98,0x1f,0x00,0x00,0x48,0x8b,0x84,0x24,0x98,0x1f,0x00,0x00,0x48,0x8b,0x8c,0x24,
0x88,0x1f,0x00,0x00,0x48,0x8b,0x94,0x24,0x90,0x1f,0x00,0x00,0xff,0x10,0x48,0x8d,
0x84,0x24,0x88,0x31,0x00,0x00,0x48,0x8b,0x0d,0x4b,0xc9,0x00,0x00,0x48,0x89,0x84,
0x24,0x58,0x1f,0x00,0x00,0x48,0x89,0x8c,0x24,0x48,0x1f,0x00,0x00,0x48,0x8b,0x84,
0x24,0x48,0x1f,0x00,0x00,0x48,0x8b,0x8c,0x24,0x58,0x1f,0x00,0x00,0xff,0x10,0x48,
0x8d,0x84,0x24,0x88,0x31,0x00,0x00,0x48,0x8d,0x0b,0x48,0x8d,0x94,0x24,0x90,0x31,
0x00,0x00,0x48,0x89,0x8c,0x24,0x20,0x1f,0x00,0x00,0x48,0x8b,0x4c,0x24,0x48,0x4c,
0x8d,0x89,0x58,0x03,0x00,0x00,0x48,0x8d,0xac,0x24,0xa0,0x31,0x00,0x00,0x48,0x8d,
0x9c,0x24,0x58,0x31,0x00,0x00,0x48,0x8d,0x35,0x1a,0xc0,0x00,0x00,0x48,0x8b,0x3d,
0xec,0xc8,0x00,0x00,0x48,0x89,0x6c,0x24,0x20,0x48,0x89,0x5c,0x24,0x28,0x48,0x89,
0x74,0x24,0x30,0x48,0x89,0x94,0x24,0x40,0x1f,0x00,0x00,0x48,0x89,0xc1,0x48,0x8b,
0x94,0x24,0x20,0x1f,0x00,0x00,0x4c,0x8b,0x84,0x24,0x40,0x1f,0x00,0x00,0xff,0x17,
0x48,0x8d,0x84,0x24,0xa0,0x31,0x00,0x00,0x48,0x8b,0x0d,0x41,0xc8,0x00,0x00,0x48,
0x89,0x84,0x24,0x00,0x1f,0x00,0x00,0x48,0x89,0x8c,0x24,0x08,0x1f,0x00,0x00,0x48,
0x8b,0x84,0x24,0x08,0x1f,0x00,0x00,0x48,0x8b,0x8c,0x24,0x00,0x1f,0x00,0x00,0xff,
0x10,0x48,0x8d,0x84,0x24,0x90,0x31,0x00,0x00,0x48,0x8b,0x0d,0x10,0xc8,0x00,0x00,
0x48,0x89,0x84,0x24,0x10,0x1f,0x00,0x00,0x48,0x89,0x8c,0x24,0xf0,0x1e,0x00,0x00,
0x48,0x8b,0x84,0x24,0xf0,0x1e,0x00,0x00,0x48,0x8b,0x8c,0x24,0x10,0x1f,0x00,0x00,
0xff,0x10,0x8b,0x84,0x24,0x8c,0x31,0x00,0x00,0x3b,0x05,0x79,0xbf,0x00,0x00,0x0f,
0x95,0xc0,0x3c,0x00,0x0f,0x84,0x7c,0x00,0x00,0x00,0x48,0x8d,0x84,0x24,0x90,0x31,
0x00,0x00,0x48,0x8d,0x8c,0x24,0x58,0x31,0x00,0x00,0x48,0x8d,0x94,0x24,0x8c,0x31,
0x00,0x00,0x48,0x8b,0x1d,0x2f,0xc8,0x00,0x00,0x48,0x89,0x8c,0x24,0x18,0x1f,0x00,
0x00,0x48,0x89,0x94,0x24,0x28,0x1f,0x00,0x00,0x48,0x89,0xc1,0x48,0x8b,0x94,0x24,
0x18,0x1f,0x00,0x00,0x4c,0x8b,0x84,0x24,0x28,0x1f,0x00,0x00,0xff,0x13,0x48,0x8b,
0x84,0x24,0x90,0x31,0x00,0x00,0x48,0x8b,0x4c,0x24,0x48,0x48,0x8d,0x91,0x58,0x03,
0x00,0x00,0x48,0x8d,0x00,0x48,0x8b,0x1d,0xb4,0xc7,0x00,0x00,0x48,0x89,0x94,0x24,
0x30,0x1f,0x00,0x00,0x48,0x8b,0x8c,0x24,0x30,0x1f,0x00,0x00,0x48,0x89,0xc2,0xff,
0x13,0xe9,0x00,0x00,0x00,0x00,0x48,0x8d,0x84,0x24,0x88,0x31,0x00,0x00,0x48,0x8b,
0x0d,0xcb,0xc7,0x00,0x00,0x48,0x89,0x84,0x24,0x38,0x1f,0x00,0x00,0x48,0x89,0x8c,
0x24,0xa0,0x1f,0x00,0x00,0x48,0x8b,0x84,0x24,0xa0,0x1f,0x00,0x00,0x48,0x8b,0x8c,
0x24,0x38,0x1f,0x00,0x00,0xff,0x10,0x48,0x8d,0x84,0x24,0x88,0x31,0x00,0x00,0x48,
0x8b,0x4c,0x24,0x48,0x48,0x8d,0x91,0x30,0x15,0x00,0x00,0x48,0x8d,0x99,0x58,0x03,
0x00,0x00,0x48,0x8b,0x2d,0x8f,0xc7,0x00,0x00,0x48,0x89,0xc1,0x49,0x89,0xd8,0xff,
0x55,0x00,0x48,0x83,0xbc,0x24,0x88,0x31,0x00,0x00,0x00,0x0f,0x95,0xc0,0x3c,0x00,
0x0f,0x84,0x7f,0x08,0x00,0x00,0x48,0x8b,0x9c,0x24,0x88,0x31,0x00,0x00,0x48,0x8d,
0x84,0x24,0x98,0x31,0x00,0x00,0x48,0x8d,0x0d,0x6f,0xbe,0x00,0x00,0x48,0x8b,0x15,
0xbc,0xc6,0x00,0x00,0x48,0x89,0x84,0x24,0x80,0x1f,0x00,0x00,0x48,0x89,0x8c,0x24,
0xa8,0x1f,0x00,0x00,0x48,0x89,0x94,0x24,0xb8,0x1f,0x00,0x00,0x48,0x8b,0x84,0x24,
0xb8,0x1f,0x00,0x00,0x48,0x8b,0x8c,0x24,0x80,0x1f,0x00,0x00,0x48,0x8b,0x94,0x24,
0xa8,0x1f,0x00,0x00,0xff,0x10,0x48,0x8d,0x84,0x24,0x90,0x31,0x00,0x00,0x48,0x8d,
0x0b,0x48,0x8d,0x94,0x24,0x98,0x31,0x00,0x00,0x48,0x8b,0x1d,0xb0,0xc6,0x00,0x00,
0x48,0x89,0x8c,0x24,0x20,0x20,0x00,0x00,0x48,0x89,0x94,0x24,0x28,0x20,0x00,0x00,
0x48,0x89,0xc1,0x48,0x8b,0x94,0x24,0x20,0x20,0x00,0x00,0x4c,0x8b,0x84,0x24,0x28,
0x20,0x00,0x00,0xff,0x13,0x48,0x8d,0x84,0x24,0x98,0x31,0x00,0x00,0x48,0x8b,0x0d,
0x4c,0xc6,0x00,0x00,0x48,0x89,0x84,0x24,0x30,0x20,0x00,0x00,0x48,0x89,0x8c,0x24,
0x10,0x20,0x00,0x00,0x48,0x8b,0x84,0x24,0x10,0x20,0x00,0x00,0x48,0x8b,0x8c,0x24,
0x30,0x20,0x00,0x00,0xff,0x10,0x8a,0x84,0x24,0x90,0x31,0x00,0x00,0x3c,0x00,0x0f,
0x84,0xdd,0x00,0x00,0x00,0x48,0x8b,0x1d,0xfc,0xc5,0x00,0x00,0x48,0x8d,0x84,0x24,
0x98,0x31,0x00,0x00,0x48,0x8d,0x0d,0xb6,0xbd,0x00,0x00,0x48,0x8b,0x15,0xee,0xc5,
0x00,0x00,0x48,0x89,0x84,0x24,0x38,0x20,0x00,0x00,0x48,0x89,0x8c,0x24,0x48,0x20,
0x00,0x00,0x48,0x89,0x94,0x24,0x50,0x20,0x00,0x00,0x48,0x8b,0x84,0x24,0x50,0x20,
0x00,0x00,0x48,0x8b,0x8c,0x24,0x38,0x20,0x00,0x00,0x48,0x8b,0x94,0x24,0x48,0x20,
0x00,0x00,0xff,0x10,0x48,0x8d,0x84,0x24,0x91,0x31,0x00,0x00,0x48,0x8d,0x0b,0x48,
0x8d,0x94,0x24,0x98,0x31,0x00,0x00,0x48,0x89,0x8c,0x24,0x58,0x20,0x00,0x00,0x48,
0x8b,0x4c,0x24,0x48,0x4c,0x8d,0x89,0x88,0x03,0x00,0x00,0x48,0x8d,0x1d,0xcc,0xbc,
0x00,0x00,0x48,0x8b,0x2d,0x27,0xc6,0x00,0x00,0x48,0x89,0x5c,0x24,0x20,0x48,0x89,
0x94,0x24,0x60,0x20,0x00,0x00,0x48,0x89,0xc1,0x48,0x8b,0x94,0x24,0x58,0x20,0x00,
0x00,0x4c,0x8b,0x84,0x24,0x60,0x20,0x00,0x00,0xff,0x55,0x00,0x48,0x8d,0x84,0x24,
0x98,0x31,0x00,0x00,0x48,0x8b,0x0d,0x65,0xc5,0x00,0x00,0x48,0x89,0x84,0x24,0x18,
0x20,0x00,0x00,0x48,0x89,0x8c,0x24,0x08,0x20,0x00,0x00,0x48,0x8b,0x84,0x24,0x08,
0x20,0x00,0x00,0x48,0x8b,0x8c,0x24,0x18,0x20,0x00,0x00,0xff,0x10,0xe9,0x00,0x00,
0x00,0x00,0x48,0x8b,0x9c,0x24,0x88,0x31,0x00,0x00,0x48,0x8d,0x84,0x24,0x98,0x31,
0x00,0x00,0x48,0x8d,0x0d,0xde,0xbc,0x00,0x00,0x48,0x8b,0x15,0x10,0xc5,0x00,0x00,
0x48,0x89,0x84,0x24,0xe0,0x1f,0x00,0x00,0x48,0x89,0x8c,0x24,0x00,0x20,0x00,0x00,
0x48,0x89,0x94,0x24,0xc0,0x1f,0x00,0x00,0x48,0x8b,0x84,0x24,0xc0,0x1f,0x00,0x00,
0x48,0x8b,0x8c,0x24,0xe0,0x1f,0x00,0x00,0x48,0x8b,0x94,0x24,0x00,0x20,0x00,0x00,
0xff,0x10,0x48,0x8d,0x84,0x24,0xa8,0x31,0x00,0x00,0x48,0x8d,0x0b,0x48,0x8d,0x94,
0x24,0x98,0x31,0x00,0x00,0x48,0x8b,0x1d,0x04,0xc5,0x00,0x00,0x48,0x89,0x8c,0x24,
0xc8,0x1f,0x00,0x00,0x48,0x89,0x94,0x24,0xd0,0x1f,0x00,0x00,0x48,0x89,0xc1,0x48,
0x8b,0x94,0x24,0xc8,0x1f,0x00,0x00,0x4c,0x8b,0x84,0x24,0xd0,0x1f,0x00,0x00,0xff,
0x13,0x8a,0x9c,0x24,0xa8,0x31,0x00,0x00,0x48,0x8d,0x84,0x24,0x98,0x31,0x00,0x00,
0x48,0x8b,0x0d,0x99,0xc4,0x00,0x00,0x48,0x89,0x84,0x24,0xb0,0x1f,0x00,0x00,0x48,
0x89,0x8c,0x24,0xd8,0x1f,0x00,0x00,0x48,0x8b,0x84,0x24,0xd8,0x1f,0x00,0x00,0x48,
0x8b,0x8c,0x24,0xb0,0x1f,0x00,0x00,0xff,0x10,0x80,0xfb,0x00,0x0f,0x84,0xd0,0x00,
0x00,0x00,0x48,0x8b,0x1d,0x4f,0xc4,0x00,0x00,0x48,0x8d,0x84,0x24,0x98,0x31,0x00,
0x00,0x48,0x8d,0x0d,0x17,0xbc,0x00,0x00,0x48,0x8b,0x15,0x41,0xc4,0x00,0x00,0x48,
0x89,0x84,0x24,0xe8,0x1f,0x00,0x00,0x48,0x89,0x8c,0x24,0xf0,0x1f,0x00,0x00,0x48,
0x89,0x94,0x24,0xf8,0x1f,0x00,0x00,0x48,0x8b,0x84,0x24,0xf8,0x1f,0x00,0x00,0x48,
0x8b,0x8c,0x24,0xe8,0x1f,0x00,0x00,0x48,0x8b,0x94,0x24,0xf0,0x1f,0x00,0x00,0xff,
0x10,0x48,0x8d,0x84,0x24,0x91,0x31,0x00,0x00,0x48,0x8d,0x0b,0x48,0x8d,0x94,0x24,
0x98,0x31,0x00,0x00,0x48,0x89,0x8c,0x24,0xf0,0x21,0x00,0x00,0x48,0x8b,0x4c,0x24,
0x48,0x4c,0x8d,0x89,0x90,0x03,0x00,0x00,0x48,0x8b,0x1d,0x89,0xc4,0x00,0x00,0x48,
0x89,0x94,0x24,0xc8,0x21,0x00,0x00,0x48,0x89,0xc1,0x48,0x8b,0x94,0x24,0xf0,0x21,
0x00,0x00,0x4c,0x8b,0x84,0x24,0xc8,0x21,0x00,0x00,0xff,0x13,0x48,0x8d,0x84,0x24,
0x98,0x31,0x00,0x00,0x48,0x8b,0x0d,0xc5,0xc3,0x00,0x00,0x48,0x89,0x84,0x24,0xf8,
0x21,0x00,0x00,0x48,0x89,0x8c,0x24,0x08,0x22,0x00,0x00,0x48,0x8b,0x84,0x24,0x08,
0x22,0x00,0x00,0x48,0x8b,0x8c,0x24,0xf8,0x21,0x00,0x00,0xff,0x10,0xe9,0x00,0x00,
0x00,0x00,0x48,0x8b,0x9c,0x24,0x88,0x31,0x00,0x00,0x48,0x8d,0x84,0x24,0x98,0x31,
0x00,0x00,0x48,0x8d,0x0d,0x4a,0xbb,0x00,0x00,0x48,0x8b,0x15,0x70,0xc3,0x00,0x00,
0x48,0x89,0x84,0x24,0xf8,0x23,0x00,0x00,0x48,0x89,0x8c,0x24,0x00,0x24,0x00,0x00,
0x48,0x89,0x94,0x24,0x08,0x24,0x00,0x00,0x48,0x8b,0x84,0x24,0x08,0x24,0x00,0x00,
0x48,0x8b,0x8c,0x24,0xf8,0x23,0x00,0x00,0x48,0x8b,0x94,0x24,0x00,0x24,0x00,0x00,
0xff,0x10,0x48,0x8d,0x84,0x24,0xa8,0x31,0x00,0x00,0x48,0x8d,0x0b,0x48,0x8d,0x94,
0x24,0x98,0x31,0x00,0x00,0x48,0x8b,0x1d,0x64,0xc3,0x00,0x00,0x48,0x89,0x8c,0x24,
0xe8,0x23,0x00,0x00,0x48,0x89,0x94,0x24,0x10,0x24,0x00,0x00,0x48,0x89,0xc1,0x48,
0x8b,0x94,0x24,0xe8,0x23,0x00,0x00,0x4c,0x8b,0x84,0x24,0x10,0x24,0x00,0x00,0xff,
0x13,0x8a,0x9c,0x24,0xa8,0x31,0x00,0x00,0x48,0x8d,0x84,0x24,0x98,0x31,0x00,0x00,
0x48,0x8b,0x0d,0xf9,0xc2,0x00,0x00,0x48,0x89,0x84,0x24,0x20,0x24,0x00,0x00,0x48,
0x89,0x8c,0x24,0x28,0x24,0x00,0x00,0x48,0x8b,0x84,0x24,0x28,0x24,0x00,0x00,0x48,
0x8b,0x8c,0x24,0x20,0x24,0x00,0x00,0xff,0x10,0x80,0xfb,0x00,0x0f,0x84,0xd0,0x00,
0x00,0x00,0x48,0x8b,0x1d,0xaf,0xc2,0x00,0x00,0x48,0x8d,0x84,0x24,0x98,0x31,0x00,
0x00,0x48,0x8d,0x0d,0x8f,0xba,0x00,0x00,0x48,0x8b,0x15,0xa1,0xc2,0x00,0x00,0x48,
0x89,0x84,0x24,0x30,0x24,0x00,0x00,0x48,0x89,0x8c,0x24,0x38,0x24,0x00,0x00,0x48,
0x89,0x94,0x24,0xf0,0x23,0x00,0x00,0x48,0x8b,0x84,0x24,0xf0,0x23,0x00,0x00,0x48,
0x8b,0x8c,0x24,0x30,0x24,0x00,0x00,0x48,0x8b,0x94,0x24,0x38,0x24,0x00,0x00,0xff,
0x10,0x48,0x8d,0x84,0x24,0x91,0x31,0x00,0x00,0x48,0x8d,0x0b,0x48,0x8d,0x94,0x24,
0x98,0x31,0x00,0x00,0x48,0x89,0x8c,0x24,0xe0,0x23,0x00,0x00,0x48,0x8b,0x4c,0x24,
0x48,0x4c,0x8d,0x89,0x90,0x03,0x00,0x00,0x48,0x8b,0x1d,0xe9,0xc2,0x00,0x00,0x48,
0x89,0x94,0x24,0xb8,0x23,0x00,0x00,0x48,0x89,0xc1,0x48,0x8b,0x94,0x24,0xe0,0x23,
0x00,0x00,0x4c,0x8b,0x84,0x24,0xb8,0x23,0x00,0x00,0xff,0x13,0x48,0x8d,0x84,0x24,
0x98,0x31,0x00,0x00,0x48,0x8b,0x0d,0x25,0xc2,0x00,0x00,0x48,0x89,0x84,0x24,0xd8,
0x23,0x00,0x00,0x48,0x89,0x8c,0x24,0x98,0x23,0x00,0x00,0x48,0x8b,0x84,0x24,0x98,
0x23,0x00,0x00,0x48,0x8b,0x8c,0x24,0xd8,0x23,0x00,0x00,0xff,0x10,0xe9,0x00,0x00,
0x00,0x00,0x48,0x8b,0x9c,0x24,0x88,0x31,0x00,0x00,0x48,0x8d,0x84,0x24,0x98,0x31,
0x00,0x00,0x48,0x8d,0x0d,0xc8,0xb9,0x00,0x00,0x48,0x8b,0x15,0xd0,0xc1,0x00,0x00,
0x48,0x89,0x84,0x24,0xa0,0x23,0x00,0x00,0x48,0x89,0x8c,0x24,0xa8,0x23,0x00,0x00,
0x48,0x89,0x94,0x24,0x88,0x23,0x00,0x00,0x48,0x8b,0x84,0x24,0x88,0x23,0x00,0x00,
0x48,0x8b,0x8c,0x24,0xa0,0x23,0x00,0x00,0x48,0x8b,0x94,0x24,0xa8,0x23,0x00,0x00,
0xff,0x10,0x48,0x8d,0x84,0x24,0xa8,0x31,0x00,0x00,0x48,0x8d,0x0b,0x48,0x8d,0x94,
0x24,0x98,0x31,0x00,0x00,0x48,0x8b,0x1d,0xc4,0xc1,0x00,0x00,0x48,0x89,0x8c,0x24,
0xb0,0x23,0x00,0x00,0x48,0x89,0x94,0x24,0xc0,0x23,0x00,0x00,0x48,0x89,0xc1,0x48,
0x8b,0x94,0x24,0xb0,0x23,0x00,0x00,0x4c,0x8b,0x84,0x24,0xc0,0x23,0x00,0x00,0xff,
0x13,0x8a,0x9c,0x24,0xa8,0x31,0x00,0x00,0x48,0x8d,0x84,0x24,0x98,0x31,0x00,0x00,
0x48,0x8b,0x0d,0x59,0xc1,0x00,0x00,0x48,0x89,0x84,0x24,0xc8,0x23,0x00,0x00,0x48,
0x89,0x8c,0x24,0xd0,0x23,0x00,0x00,0x48,0x8b,0x84,0x24,0xd0,0x23,0x00,0x00,0x48,
0x8b,0x8c,0x24,0xc8,0x23,0x00,0x00,0xff,0x10,0x80,0xfb,0x00,0x0f,0x84,0xd0,0x00,
0x00,0x00,0x48,0x8b,0x1d,0x0f,0xc1,0x00,0x00,0x48,0x8d,0x84,0x24,0x98,0x31,0x00,
0x00,0x48,0x8d,0x0d,0x01,0xb9,0x00,0x00,0x48,0x8b,0x15,0x01,0xc1,0x00,0x00,0x48,
0x89,0x84,0x24,0x40,0x24,0x00,0x00,0x48,0x89,0x8c,0x24,0x18,0x24,0x00,0x00,0x48,
0x89,0x94,0x24,0x48,0x24,0x00,0x00,0x48,0x8b,0x84,0x24,0x48,0x24,0x00,0x00,0x48,
0x8b,0x8c,0x24,0x40,0x24,0x00,0x00,0x48,0x8b,0x94,0x24,0x18,0x24,0x00,0x00,0xff,
0x10,0x48,0x8d,0x84,0x24,0x91,0x31,0x00,0x00,0x48,0x8d,0x0b,0x48,0x8d,0x94,0x24,
0x98,0x31,0x00,0x00,0x48,0x89,0x8c,0x24,0x58,0x24,0x00,0x00,0x48,0x8b,0x4c,0x24,
0x48,0x4c,0x8d,0x89,0x90,0x03,0x00,0x00,0x48,0x8b,0x1d,0x49,0xc1,0x00,0x00,0x48,
0x89,0x94,0x24,0xc0,0x24,0x00,0x00,0x48,0x89,0xc1,0x48,0x8b,0x94,0x24,0x58,0x24,
0x00,0x00,0x4c,0x8b,0x84,0x24,0xc0,0x24,0x00,0x00,0xff,0x13,0x48,0x8d,0x84,0x24,
0x98,0x31,0x00,0x00,0x48,0x8b,0x0d,0x85,0xc0,0x00,0x00,0x48,0x89,0x84,0x24,0xc8,
0x24,0x00,0x00,0x48,0x89,0x8c,0x24,0xd0,0x24,0x00,0x00,0x48,0x8b,0x84,0x24,0xd0,
0x24,0x00,0x00,0x48,0x8b,0x8c,0x24,0xc8,0x24,0x00,0x00,0xff,0x10,0xe9,0x00,0x00,
0x00,0x00,0x48,0x8b,0x05,0x3f,0xc0,0x00,0x00,0x48,0x8d,0x00,0x48,0x8b,0x0d,0xed,
0xc0,0x00,0x00,0x48,0x89,0x84,0x24,0xb0,0x24,0x00,0x00,0x48,0x89,0x8c,0x24,0xd8,
0x24,0x00,0x00,0x48,0x8b,0x84,0x24,0xd8,0x24,0x00,0x00,0x48,0x8b,0x8c,0x24,0xb0,
0x24,0x00,0x00,0xff,0x10,0x48,0x8b,0x1d,0x0c,0xc0,0x00,0x00,0x48,0x8d,0x84,0x24,
0x98,0x31,0x00,0x00,0x48,0x8d,0x0d,0x04,0xb8,0x00,0x00,0x48,0x8b,0x15,0xfe,0xbf,
0x00,0x00,0x48,0x89,0x84,0x24,0xe8,0x24,0x00,0x00,0x48,0x89,0x8c,0x24,0xf0,0x24,
0x00,0x00,0x48,0x89,0x94,0x24,0xf8,0x24,0x00,0x00,0x48,0x8b,0x84,0x24,0xf8,0x24,
0x00,0x00,0x48,0x8b,0x8c,0x24,0xe8,0x24,0x00,0x00,0x48,0x8b,0x94,0x24,0xf0,0x24,
0x00,0x00,0xff,0x10,0x48,0x8d,0x84,0x24,0x91,0x31,0x00,0x00,0x48,0x8d,0x0b,0x48,
0x8d,0x94,0x24,0x98,0x31,0x00,0x00,0x48,0x8b,0x1d,0x6a,0xc0,0x00,0x00,0x48,0x89,
0x8c,0x24,0x00,0x25,0x00,0x00,0x48,0x89,0x94,0x24,0xb8,0x24,0x00,0x00,0x48,0x89,
0xc1,0x48,0x8b,0x94,0x24,0x00,0x25,0x00,0x00,0x4c,0x8b,0x84,0x24,0xb8,0x24,0x00,
0x00,0xff,0x13,0x8a,0x9c,0x24,0x91,0x31,0x00,0x00,0x48,0x8d,0x84,0x24,0x98,0x31,
0x00,0x00,0x48,0x8b,0x0d,0x87,0xbf,0x00,0x00,0x48,0x89,0x84,0x24,0xa8,0x24,0x00,
0x00,0x48,0x89,0x8c,0x24,0x80,0x24,0x00,0x00,0x48,0x8b,0x84,0x24,0x80,0x24,0x00,
0x00,0x48,0x8b,0x8c,0x24,0xa8,0x24,0x00,0x00,0xff,0x10,0x80,0xfb,0x00,0x0f,0x84,
0xec,0x00,0x00,0x00,0x80,0xbc,0x24,0x90,0x31,0x00,0x00,0x00,0x0f,0x84,0x4f,0x00,
0x00,0x00,0x48,0x8b,0x05,0xf7,0xbf,0x00,0x00,0x48,0x8d,0x8c,0x24,0x94,0x31,0x00,
0x00,0x48,0x8d,0x00,0x48,0x89,0x8c,0x24,0xa0,0x24,0x00,0x00,0x48,0x8b,0x4c,0x24,
0x48,0x48,0x8d,0x91,0x88,0x03,0x00,0x00,0x48,0x8b,0x1d,0xd9,0xbf,0x00,0x00,0x48,
0x89,0x94,0x24,0x60,0x24,0x00,0x00,0x48,0x8b,0x8c,0x24,0xa0,0x24,0x00,0x00,0x48,
0x89,0xc2,0x4c,0x8b,0x84,0x24,0x60,0x24,0x00,0x00,0xff,0x13,0xe9,0x2d,0x00,0x00,
0x00,0x48,0x8b,0x9c,0x24,0x88,0x31,0x00,0x00,0x48,0x8b,0x05,0xb0,0xbf,0x00,0x00,
0x48,0x8d,0x8c,0x24,0x94,0x31,0x00,0x00,0x48,0x8d,0x93,0xd0,0x01,0x00,0x00,0x48,
0x8d,0x00,0x48,0x8b,0x1d,0x9f,0xbf,0x00,0x00,0x49,0x89,0xc0,0xff,0x13,0x48,0x8b,
0x84,0x24,0x88,0x31,0x00,0x00,0x48,0x8b,0x94,0x24,0xe8,0x20,0x00,0x00,0x48,0x8d,
0x8a,0x90,0x00,0x00,0x00,0x48,0x8d,0x80,0x08,0x04,0x00,0x00,0x48,0x8d,0x1d,0xa1,
0xb6,0x00,0x00,0x4c,0x8d,0x8c,0x24,0x94,0x31,0x00,0x00,0x48,0x89,0x8c,0x24,0x68,
0x24,0x00,0x00,0x48,0x8b,0x4c,0x24,0x48,0x48,0x8d,0xa9,0x90,0x03,0x00,0x00,0x48,
0x8b,0x35,0x5a,0xbf,0x00,0x00,0x48,0x89,0x6c,0x24,0x20,0x48,0x8b,0x8c,0x24,0x68,
0x24,0x00,0x00,0x48,0x89,0xc2,0x49,0x89,0xd8,0xff,0x16,0xe9,0x00,0x00,0x00,0x00,
0xe9,0x00,0x00,0x00,0x00,0xe9,0x00,0x00,0x00,0x00,0x48,0x8b,0x05,0x47,0xbe,0x00,
0x00,0x48,0x8d,0x00,0x48,0x8b,0x0d,0x2d,0xbf,0x00,0x00,0x48,0x89,0x84,0x24,0x70,
0x24,0x00,0x00,0x48,0x89,0x8c,0x24,0x50,0x24,0x00,0x00,0x48,0x8b,0x84,0x24,0x50,
0x24,0x00,0x00,0x48,0x8b,0x8c,0x24,0x70,0x24,0x00,0x00,0xff,0x10,0x48,0x8b,0x1d,
0x14,0xbe,0x00,0x00,0x48,0x8d,0x84,0x24,0x90,0x31,0x00,0x00,0x48,0x8d,0x0d,0x15,
0xb6,0x00,0x00,0x48,0x8b,0x15,0x06,0xbe,0x00,0x00,0x48,0x89,0x84,0x24,0x78,0x24,
0x00,0x00,0x48,0x89,0x8c,0x24,0x88,0x24,0x00,0x00,0x48,0x89,0x94,0x24,0x90,0x24,
0x00,0x00,0x48,0x8b,0x84,0x24,0x90,0x24,0x00,0x00,0x48,0x8b,0x8c,0x24,0x78,0x24,
0x00,0x00,0x48,0x8b,0x94,0x24,0x88,0x24,0x00,0x00,0xff,0x10,0x48,0x8d,0x84,0x24,
0x88,0x31,0x00,0x00,0x48,0x8d,0x0b,0x48,0x8d,0x94,0x24,0x90,0x31,0x00,0x00,0x48,
0x8b,0x1d,0x22,0xbe,0x00,0x00,0x48,0x89,0x8c,0x24,0x98,0x24,0x00,0x00,0x48,0x89,
0x94,0x24,0x90,0x23,0x00,0x00,0x48,0x89,0xc1,0x48,0x8b,0x94,0x24,0x98,0x24,0x00,
0x00,0x4c,0x8b,0x84,0x24,0x90,0x23,0x00,0x00,0xff,0x13,0x8a,0x9c,0x24,0x88,0x31,
0x00,0x00,0x48,0x8d,0x84,0x24,0x90,0x31,0x00,0x00,0x48,0x8b,0x0d,0x8f,0xbd,0x00,
0x00,0x48,0x89,0x84,0x24,0x80,0x23,0x00,0x00,0x48,0x89,0x8c,0x24,0x50,0x23,0x00,
0x00,0x48,0x8b,0x84,0x24,0x50,0x23,0x00,0x00,0x48,0x8b,0x8c,0x24,0x80,0x23,0x00,
0x00,0xff,0x10,0x80,0xfb,0x00,0x0f,0x84,0x4d,0x07,0x00,0x00,0x48,0x8b,0x1d,0x45,
0xbd,0x00,0x00,0x48,0x8d,0x84,0x24,0x88,0x31,0x00,0x00,0x48,0x8d,0x0d,0x51,0xb5,
0x00,0x00,0x48,0x8b,0x15,0x37,0xbd,0x00,0x00,0x48,0x89,0x84,0x24,0x78,0x23,0x00,
0x00,0x48,0x89,0x8c,0x24,0x70,0x22,0x00,0x00,0x48,0x89,0x94,0x24,0x78,0x22,0x00,
0x00,0x48,0x8b,0x84,0x24,0x78,0x22,0x00,0x00,0x48,0x8b,0x8c,0x24,0x78,0x23,0x00,
0x00,0x48,0x8b,0x94,0x24,0x70,0x22,0x00,0x00,0xff,0x10,0x48,0x8d,0x03,0x48,0x8d,
0x8c,0x24,0x88,0x31,0x00,0x00,0x48,0x8b,0x15,0x63,0xbd,0x00,0x00,0x48,0x89,0x84,
0x24,0x80,0x22,0x00,0x00,0x48,0x89,0x8c,0x24,0x60,0x22,0x00,0x00,0x48,0x89,0x94,
0x24,0x88,0x22,0x00,0x00,0x48,0x8b,0x84,0x24,0x88,0x22,0x00,0x00,0x48,0x8b,0x8c,
0x24,0x80,0x22,0x00,0x00,0x48,0x8b,0x94,0x24,0x60,0x22,0x00,0x00,0xff,0x10,0x48,
0x8d,0x84,0x24,0x88,0x31,0x00,0x00,0x48,0x8b,0x0d,0xc2,0xbc,0x00,0x00,0x48,0x89,
0x84,0x24,0x98,0x22,0x00,0x00,0x48,0x89,0x8c,0x24,0xa0,0x22,0x00,0x00,0x48,0x8b,
0x84,0x24,0xa0,0x22,0x00,0x00,0x48,0x8b,0x8c,0x24,0x98,0x22,0x00,0x00,0xff,0x10,
0x48,0x8d,0x84,0x24,0x88,0x31,0x00,0x00,0x48,0x8b,0x0d,0xa1,0xbc,0x00,0x00,0x48,
0x89,0x84,0x24,0xa8,0x22,0x00,0x00,0x48,0x89,0x8c,0x24,0x68,0x22,0x00,0x00,0x48,
0x8b,0x84,0x24,0x68,0x22,0x00,0x00,0x48,0x8b,0x8c,0x24,0xa8,0x22,0x00,0x00,0xff,
0x10,0x48,0x8b,0xbc,0x24,0x58,0x22,0x00,0x00,0x48,0x89,0xbc,0x24,0xb0,0x31,0x00,
0x00,0x4c,0x8d,0x8c,0x24,0xb0,0x31,0x00,0x00,0x48,0x8d,0x84,0x24,0xb8,0x31,0x00,
0x00,0x48,0x89,0x84,0x24,0x30,0x22,0x00,0x00,0x48,0x8b,0x4c,0x24,0x48,0x48,0x8d,
0x81,0xe0,0x15,0x00,0x00,0x48,0x8b,0x15,0x14,0xbd,0x00,0x00,0x48,0x89,0x84,0x24,
0x50,0x22,0x00,0x00,0x48,0x89,0x94,0x24,0x10,0x22,0x00,0x00,0x48,0x8b,0x84,0x24,
0x10,0x22,0x00,0x00,0x4c,0x89,0xc9,0x48,0x8b,0x94,0x24,0x50,0x22,0x00,0x00,0x48,
0x89,0x8c,0x24,0x18,0x22,0x00,0x00,0xff,0x10,0x48,0x8d,0x84,0x24,0xc0,0x31,0x00,
0x00,0x48,0x8b,0x0d,0xe0,0xbc,0x00,0x00,0x48,0x89,0x84,0x24,0x20,0x22,0x00,0x00,
0x48,0x89,0x8c,0x24,0x00,0x22,0x00,0x00,0x48,0x8b,0x84,0x24,0x00,0x22,0x00,0x00,
0x48,0x8b,0x8c,0x24,0x20,0x22,0x00,0x00,0x48,0x8b,0x94,0x24,0x50,0x22,0x00,0x00,
0xff,0x10,0x48,0x8b,0x84,0x24,0xc0,0x31,0x00,0x00,0x48,0x39,0x84,0x24,0xb0,0x31,
0x00,0x00,0x0f,0x84,0xf6,0x00,0x00,0x00,0x48,0x8b,0x05,0xa1,0xbc,0x00,0x00,0x48,
0x8b,0x8c,0x24,0x30,0x22,0x00,0x00,0x48,0x8b,0x94,0x24,0x50,0x22,0x00,0x00,0x4c,
0x8b,0x84,0x24,0x18,0x22,0x00,0x00,0xff,0x10,0x48,0x8b,0x84,0x24,0xb8,0x31,0x00,
0x00,0x48,0x8b,0x40,0x08,0x8a,0x80,0xb1,0x01,0x00,0x00,0x3a,0x05,0xad,0xb2,0x00,
0x00,0x0f,0x94,0xc0,0x3c,0x00,0x0f,0x84,0x91,0x00,0x00,0x00,0x48,0x8d,0x84,0x24,
0xc8,0x31,0x00,0x00,0x48,0x8d,0x8c,0x24,0x88,0x31,0x00,0x00,0x48,0x8b,0x15,0x95,
0xbb,0x00,0x00,0x48,0x89,0x84,0x24,0x28,0x22,0x00,0x00,0x48,0x89,0x8c,0x24,0x38,
0x22,0x00,0x00,0x48,0x89,0x94,0x24,0x40,0x22,0x00,0x00,0x48,0x8b,0x84,0x24,0x40,
0x22,0x00,0x00,0x48,0x8b,0x8c,0x24,0x28,0x22,0x00,0x00,0x48,0x8b,0x94,0x24,0x38,
0x22,0x00,0x00,0xff,0x10,0x48,0x8b,0x9c,0x24,0xc8,0x31,0x00,0x00,0x48,0x8b,0x84,
0x24,0xb8,0x31,0x00,0x00,0x48,0x8b,0x40,0x08,0x48,0x8d,0x0b,0x48,0x8d,0x00,0x48,
0x8b,0x15,0x4a,0xbb,0x00,0x00,0x48,0x89,0x84,0x24,0x48,0x22,0x00,0x00,0x48,0x89,
0x94,0x24,0xb0,0x22,0x00,0x00,0x48,0x8b,0x84,0x24,0xb0,0x22,0x00,0x00,0x48,0x8b,
0x94,0x24,0x48,0x22,0x00,0x00,0xff,0x10,0xe9,0x00,0x00,0x00,0x00,0x48,0x8b,0x05,
0xd4,0xbb,0x00,0x00,0x48,0x8b,0x8c,0x24,0x18,0x22,0x00,0x00,0x48,0x8b,0x94,0x24,
0x50,0x22,0x00,0x00,0x49,0x89,0xc8,0xff,0x10,0xe9,0xbb,0xfe,0xff,0xff,0x48,0x8b,
0x1d,0xa3,0xba,0x00,0x00,0x48,0x8d,0x84,0x24,0xc0,0x31,0x00,0x00,0x48,0x8d,0x0d,
0xb4,0xb2,0x00,0x00,0x48,0x8b,0x15,0x95,0xba,0x00,0x00,0x48,0x89,0x84,0x24,0x90,
0x22,0x00,0x00,0x48,0x89,0x8c,0x24,0xb8,0x22,0x00,0x00,0x48,0x89,0x94,0x24,0xc8,
0x22,0x00,0x00,0x48,0x8b,0x84,0x24,0xc8,0x22,0x00,0x00,0x48,0x8b,0x8c,0x24,0x90,
0x22,0x00,0x00,0x48,0x8b,0x94,0x24,0xb8,0x22,0x00,0x00,0xff,0x10,0x48,0x8d,0x84,
0x24,0xd0,0x31,0x00,0x00,0x48,0x8d,0x0d,0xed,0xb1,0x00,0x00,0x48,0x8b,0x15,0x4d,
0xba,0x00,0x00,0x48,0x89,0x84,0x24,0x30,0x23,0x00,0x00,0x48,0x89,0x8c,0x24,0x38,
0x23,0x00,0x00,0x48,0x89,0x94,0x24,0x40,0x23,0x00,0x00,0x48,0x8b,0x84,0x24,0x40,
0x23,0x00,0x00,0x48,0x8b,0x8c,0x24,0x30,0x23,0x00,0x00,0x48,0x8b,0x94,0x24,0x38,
0x23,0x00,0x00,0xff,0x10,0x48,0x8d,0x84,0x24,0xb8,0x31,0x00,0x00,0x48,0x8b,0x0d,
0x84,0xba,0x00,0x00,0x48,0x89,0x84,0x24,0x20,0x23,0x00,0x00,0x48,0x89,0x8c,0x24,
0x48,0x23,0x00,0x00,0x48,0x8b,0x84,0x24,0x48,0x23,0x00,0x00,0x48,0x8b,0x8c,0x24,
0x20,0x23,0x00,0x00,0xff,0x10,0x48,0x8d,0x84,0x24,0xb8,0x31,0x00,0x00,0x48,0x8d,
0x0b,0x48,0x8d,0x94,0x24,0xc0,0x31,0x00,0x00,0x48,0x89,0x8c,0x24,0x58,0x23,0x00,
0x00,0x48,0x8b,0x4c,0x24,0x48,0x4c,0x8d,0x89,0x68,0x03,0x00,0x00,0x48,0x8d,0xb4,
0x24,0xd0,0x31,0x00,0x00,0x48,0x8d,0x9c,0x24,0x88,0x31,0x00,0x00,0x48,0x8d,0x2d,
0x53,0xb1,0x00,0x00,0x48,0x8b,0x3d,0x25,0xba,0x00,0x00,0x48,0x89,0x74,0x24,0x20,
0x48,0x89,0x5c,0x24,0x28,0x48,0x89,0x6c,0x24,0x30,0x48,0x89,0x94,0x24,0x60,0x23,
0x00,0x00,0x48,0x89,0xc1,0x48,0x8b,0x94,0x24,0x58,0x23,0x00,0x00,0x4c,0x8b,0x84,
0x24,0x60,0x23,0x00,0x00,0xff,0x17,0x48,0x8d,0x84,0x24,0xd0,0x31,0x00,0x00,0x48,
0x8b,0x0d,0x7a,0xb9,0x00,0x00,0x48,0x89,0x84,0x24,0x68,0x23,0x00,0x00,0x48,0x89,
0x8c,0x24,0x70,0x23,0x00,0x00,0x48,0x8b,0x84,0x24,0x70,0x23,0x00,0x00,0x48,0x8b,
0x8c,0x24,0x68,0x23,0x00,0x00,0xff,0x10,0x48,0x8d,0x84,0x24,0xc0,0x31,0x00,0x00,
0x48,0x8b,0x0d,0x49,0xb9,0x00,0x00,0x48,0x89,0x84,0x24,0x28,0x23,0x00,0x00,0x48,
0x89,0x8c,0x24,0x18,0x23,0x00,0x00,0x48,0x8b,0x84,0x24,0x18,0x23,0x00,0x00,0x48,
0x8b,0x8c,0x24,0x28,0x23,0x00,0x00,0xff,0x10,0x8b,0x84,0x24,0xbc,0x31,0x00,0x00,
0x3b,0x05,0xb2,0xb0,0x00,0x00,0x0f,0x95,0xc0,0x3c,0x00,0x0f,0x84,0x7c,0x00,0x00,
0x00,0x48,0x8d,0x84,0x24,0xc0,0x31,0x00,0x00,0x48,0x8d,0x8c,0x24,0x88,0x31,0x00,
0x00,0x48,0x8d,0x94,0x24,0xbc,0x31,0x00,0x00,0x48,0x8b,0x1d,0x68,0xb9,0x00,0x00,
0x48,0x89,0x8c,0x24,0xf0,0x22,0x00,0x00,0x48,0x89,0x94,0x24,0x10,0x23,0x00,0x00,
0x48,0x89,0xc1,0x48,0x8b,0x94,0x24,0xf0,0x22,0x00,0x00,0x4c,0x8b,0x84,0x24,0x10,
0x23,0x00,0x00,0xff,0x13,0x48,0x8b,0x84,0x24,0xc0,0x31,0x00,0x00,0x48,0x8b,0x4c,
0x24,0x48,0x48,0x8d,0x91,0x68,0x03,0x00,0x00,0x48,0x8d,0x00,0x48,0x8b,0x1d,0xed,
0xb8,0x00,0x00,0x48,0x89,0x94,0x24,0xd0,0x22,0x00,0x00,0x48,0x8b,0x8c,0x24,0xd0,
0x22,0x00,0x00,0x48,0x89,0xc2,0xff,0x13,0xe9,0x00,0x00,0x00,0x00,0x8b,0x05,0x81,
0xb0,0x00,0x00,0x89,0x84,0x24,0xc0,0x31,0x00,0x00,0x48,0x8d,0x84,0x24,0xc8,0x31,
0x00,0x00,0x48,0x8b,0x4c,0x24,0x48,0x48,0x8d,0x91,0xd8,0x15,0x00,0x00,0x48,0x8d,
0x99,0x68,0x03,0x00,0x00,0x48,0x8b,0x2d,0x6c,0xb9,0x00,0x00,0x48,0x89,0xc1,0x49,
0x89,0xd8,0xff,0x55,0x00,0x48,0x83,0xbc,0x24,0xc8,0x31,0x00,0x00,0x00,0x0f,0x95,
0xc0,0x3c,0x00,0x0f,0x84,0x1a,0x00,0x00,0x00,0x48,0x8b,0x84,0x24,0xc8,0x31,0x00,
0x00,0x8b,0x80,0x90,0x02,0x00,0x00,0x89,0x84,0x24,0xc0,0x31,0x00,0x00,0xe9,0x00,
0x00,0x00,0x00,0x48,0x8b,0x05,0x0e,0xb8,0x00,0x00,0x48,0x8d,0x00,0x48,0x8b,0x0d,
0xbc,0xb8,0x00,0x00,0x48,0x89,0x84,0x24,0xd8,0x22,0x00,0x00,0x48,0x89,0x8c,0x24,
0xe0,0x22,0x00,0x00,0x48,0x8b,0x84,0x24,0xe0,0x22,0x00,0x00,0x48,0x8b,0x8c,0x24,
0xd8,0x22,0x00,0x00,0xff,0x10,0x48,0x8b,0x1d,0xdb,0xb7,0x00,0x00,0x48,0x8d,0x84,
0x24,0xc8,0x31,0x00,0x00,0x48,0x8d,0x0d,0xd3,0xaf,0x00,0x00,0x48,0x8b,0x15,0xcd,
0xb7,0x00,0x00,0x48,0x89,0x84,0x24,0xc0,0x22,0x00,0x00,0x48,0x89,0x8c,0x24,0xe8,
0x22,0x00,0x00,0x48,0x89,0x94,0x24,0xf8,0x22,0x00,0x00,0x48,0x8b,0x84,0x24,0xf8,
0x22,0x00,0x00,0x48,0x8b,0x8c,0x24,0xc0,0x22,0x00,0x00,0x48,0x8b,0x94,0x24,0xe8,
0x22,0x00,0x00,0xff,0x10,0x48,0x8d,0x84,0x24,0xc4,0x31,0x00,0x00,0x48,0x8d,0x0b,
0x48,0x8d,0x94,0x24,0xc8,0x31,0x00,0x00,0x48,0x8b,0x1d,0x39,0xb8,0x00,0x00,0x48,
0x89,0x8c,0x24,0x00,0x23,0x00,0x00,0x48,0x89,0x94,0x24,0x08,0x23,0x00,0x00,0x48,
0x89,0xc1,0x48,0x8b,0x94,0x24,0x00,0x23,0x00,0x00,0x4c,0x8b,0x84,0x24,0x08,0x23,
0x00,0x00,0xff,0x13,0x8a,0x9c,0x24,0xc4,0x31,0x00,0x00,0x48,0x8d,0x84,0x24,0xc8,
0x31,0x00,0x00,0x48,0x8b,0x0d,0x56,0xb7,0x00,0x00,0x48,0x89,0x84,0x24,0xf8,0x1e,
0x00,0x00,0x48,0x89,0x8c,0x24,0xe8,0x1e,0x00,0x00,0x48,0x8b,0x84,0x24,0xe8,0x1e,
0x00,0x00,0x48,0x8b,0x8c,0x24,0xf8,0x1e,0x00,0x00,0xff,0x10,0x80,0xfb,0x00,0x0f,
0x84,0xad,0x00,0x00,0x00,0x48,0x8b,0x05,0xd4,0xb7,0x00,0x00,0x48,0x8d,0x8c,0x24,
0xc4,0x31,0x00,0x00,0x48,0x8d,0x00,0x48,0x89,0x8c,0x24,0xb8,0x1e,0x00,0x00,0x48,
0x8b,0x4c,0x24,0x48,0x48,0x8d,0x91,0x88,0x03,0x00,0x00,0x48,0x8b,0x1d,0xb6,0xb7,
0x00,0x00,0x48,0x89,0x94,0x24,0xe0,0x1e,0x00,0x00,0x48,0x8b,0x8c,0x24,0xb8,0x1e,
0x00,0x00,0x48,0x89,0xc2,0x4c,0x8b,0x84,0x24,0xe0,0x1e,0x00,0x00,0xff,0x13,0x48,
0x8b,0x84,0x24,0x48,0x31,0x00,0x00,0x48,0x8b,0x94,0x24,0xe8,0x20,0x00,0x00,0x48,
0x8d,0x8a,0x90,0x00,0x00,0x00,0x48,0x8d,0x80,0x08,0x04,0x00,0x00,0x48,0x8d,0x9c,
0x24,0xc0,0x31,0x00,0x00,0x4c,0x8d,0x8c,0x24,0xc4,0x31,0x00,0x00,0x48,0x89,0x8c,
0x24,0xc8,0x1a,0x00,0x00,0x48,0x8b,0x4c,0x24,0x48,0x48,0x8d,0xa9,0x90,0x03,0x00,
0x00,0x48,0x8b,0x35,0x68,0xb7,0x00,0x00,0x48,0x89,0x6c,0x24,0x20,0x48,0x8b,0x8c,
0x24,0xc8,0x1a,0x00,0x00,0x48,0x89,0xc2,0x49,0x89,0xd8,0xff,0x16,0xe9,0x00,0x00,
0x00,0x00,0x48,0x8d,0x84,0x24,0xb8,0x31,0x00,0x00,0x48,0x8b,0x0d,0xef,0xb6,0x00,
0x00,0x48,0x89,0x84,0x24,0xd0,0x1a,0x00,0x00,0x48,0x89,0x8c,0x24,0xd8,0x1a,0x00,
0x00,0x48,0x8b,0x84,0x24,0xd8,0x1a,0x00,0x00,0x48,0x8b,0x8c,0x24,0xd0,0x1a,0x00,
0x00,0xff,0x10,0x48,0x8d,0x84,0x24,0x88,0x31,0x00,0x00,0x48,0x8b,0x0d,0x4e,0xb7,
0x00,0x00,0x48,0x89,0x84,0x24,0xb8,0x1a,0x00,0x00,0x48,0x89,0x8c,0x24,0xe0,0x1a,
0x00,0x00,0x48,0x8b,0x84,0x24,0xe0,0x1a,0x00,0x00,0x48,0x8b,0x8c,0x24,0xb8,0x1a,
0x00,0x00,0xff,0x10,0xe9,0x00,0x00,0x00,0x00,0x48,0x8b,0x05,0xf8,0xb5,0x00,0x00,
0x48,0x8d,0x00,0x48,0x8b,0x0d,0xde,0xb6,0x00,0x00,0x48,0x89,0x84,0x24,0xf0,0x1a,
0x00,0x00,0x48,0x89,0x8c,0x24,0xf8,0x1a,0x00,0x00,0x48,0x8b,0x84,0x24,0xf8,0x1a,
0x00,0x00,0x48,0x8b,0x8c,0x24,0xf0,0x1a,0x00,0x00,0xff,0x10,0x48,0x8b,0x1d,0xc5,
0xb5,0x00,0x00,0x48,0x8d,0x84,0x24,0x90,0x31,0x00,0x00,0x48,0x8d,0x0d,0xe0,0xad,
0x00,0x00,0x48,0x8b,0x15,0xb7,0xb5,0x00,0x00,0x48,0x89,0x84,0x24,0x00,0x1b,0x00,
0x00,0x48,0x89,0x8c,0x24,0xc0,0x1a,0x00,0x00,0x48,0x89,0x94,0x24,0xb0,0x1a,0x00,
0x00,0x48,0x8b,0x84,0x24,0xb0,0x1a,0x00,0x00,0x48,0x8b,0x8c,0x24,0x00,0x1b,0x00,
0x00,0x48,0x8b,0x94,0x24,0xc0,0x1a,0x00,0x00,0xff,0x10,0x48,0x8d,0x84,0x24,0x88,
0x31,0x00,0x00,0x48,0x8d,0x0b,0x48,0x8d,0x94,0x24,0x90,0x31,0x00,0x00,0x48,0x8b,
0x1d,0xd3,0xb5,0x00,0x00,0x48,0x89,0x8c,0x24,0x88,0x1a,0x00,0x00,0x48,0x89,0x94,
0x24,0xa8,0x1a,0x00,0x00,0x48,0x89,0xc1,0x48,0x8b,0x94,0x24,0x88,0x1a,0x00,0x00,
0x4c,0x8b,0x84,0x24,0xa8,0x1a,0x00,0x00,0xff,0x13,0x8a,0x9c,0x24,0x88,0x31,0x00,
0x00,0x48,0x8d,0x84,0x24,0x90,0x31,0x00,0x00,0x48,0x8b,0x0d,0x40,0xb5,0x00,0x00,
0x48,0x89,0x84,0x24,0x68,0x1a,0x00,0x00,0x48,0x89,0x8c,0x24,0x70,0x1a,0x00,0x00,
0x48,0x8b,0x84,0x24,0x70,0x1a,0x00,0x00,0x48,0x8b,0x8c,0x24,0x68,0x1a,0x00,0x00,
0xff,0x10,0x80,0xfb,0x00,0x0f,0x84,0x44,0x07,0x00,0x00,0x48,0x8b,0x1d,0xf6,0xb4,
0x00,0x00,0x48,0x8d,0x84,0x24,0x88,0x31,0x00,0x00,0x48,0x8d,0x0d,0x02,0xad,0x00,
0x00,0x48,0x8b,0x15,0xe8,0xb4,0x00,0x00,0x48,0x89,0x84,0x24,0x78,0x1a,0x00,0x00,
0x48,0x89,0x8c,0x24,0x58,0x1a,0x00,0x00,0x48,0x89,0x94,0x24,0x80,0x1a,0x00,0x00,
0x48,0x8b,0x84,0x24,0x80,0x1a,0x00,0x00,0x48,0x8b,0x8c,0x24,0x78,0x1a,0x00,0x00,
0x48,0x8b,0x94,0x24,0x58,0x1a,0x00,0x00,0xff,0x10,0x48,0x8d,0x03,0x48,0x8d,0x8c,
0x24,0x88,0x31,0x00,0x00,0x48,0x8b,0x15,0x14,0xb5,0x00,0x00,0x48,0x89,0x84,0x24,
0x90,0x1a,0x00,0x00,0x48,0x89,0x8c,0x24,0x98,0x1a,0x00,0x00,0x48,0x89,0x94,0x24,
0xa0,0x1a,0x00,0x00,0x48,0x8b,0x84,0x24,0xa0,0x1a,0x00,0x00,0x48,0x8b,0x8c,0x24,
0x90,0x1a,0x00,0x00,0x48,0x8b,0x94,0x24,0x98,0x1a,0x00,0x00,0xff,0x10,0x48,0x8d,
0x84,0x24,0x88,0x31,0x00,0x00,0x48,0x8b,0x0d,0x73,0xb4,0x00,0x00,0x48,0x89,0x84,
0x24,0x08,0x1b,0x00,0x00,0x48,0x89,0x8c,0x24,0xe8,0x1a,0x00,0x00,0x48,0x8b,0x84,
0x24,0xe8,0x1a,0x00,0x00,0x48,0x8b,0x8c,0x24,0x08,0x1b,0x00,0x00,0xff,0x10,0x48,
0x8d,0x84,0x24,0x88,0x31,0x00,0x00,0x48,0x8b,0x0d,0x52,0xb4,0x00,0x00,0x48,0x89,
0x84,0x24,0x10,0x1b,0x00,0x00,0x48,0x89,0x8c,0x24,0x20,0x1b,0x00,0x00,0x48,0x8b,
0x84,0x24,0x20,0x1b,0x00,0x00,0x48,0x8b,0x8c,0x24,0x10,0x1b,0x00,0x00,0xff,0x10,
0x4c,0x8b,0x94,0x24,0x88,0x1b,0x00,0x00,0x4c,0x89,0x94,0x24,0xb0,0x31,0x00,0x00,
0x4c,0x8d,0x8c,0x24,0xb0,0x31,0x00,0x00,0x48,0x8d,0x84,0x24,0xb8,0x31,0x00,0x00,
0x48,0x89,0x84,0x24,0x90,0x1b,0x00,0x00,0x48,0x8b,0x4c,0x24,0x48,0x48,0x8d,0x81,
0xe0,0x15,0x00,0x00,0x48,0x8b,0x15,0xc5,0xb4,0x00,0x00,0x48,0x89,0x84,0x24,0x98,
0x1b,0x00,0x00,0x48,0x89,0x94,0x24,0x78,0x1b,0x00,0x00,0x48,0x8b,0x84,0x24,0x78,
0x1b,0x00,0x00,0x4c,0x89,0xc9,0x48,0x8b,0x94,0x24,0x98,0x1b,0x00,0x00,0x48,0x89,
0x8c,0x24,0xa0,0x1b,0x00,0x00,0xff,0x10,0x48,0x8d,0x84,0x24,0xc0,0x31,0x00,0x00,
0x48,0x8b,0x0d,0x91,0xb4,0x00,0x00,0x48,0x89,0x84,0x24,0xb0,0x1b,0x00,0x00,0x48,
0x89,0x8c,0x24,0xb8,0x1b,0x00,0x00,0x48,0x8b,0x84,0x24,0xb8,0x1b,0x00,0x00,0x48,
0x8b,0x8c,0x24,0xb0,0x1b,0x00,0x00,0x48,0x8b,0x94,0x24,0x98,0x1b,0x00,0x00,0xff,
0x10,0x48,0x8b,0x84,0x24,0xc0,0x31,0x00,0x00,0x48,0x39,0x84,0x24,0xb0,0x31,0x00,
0x00,0x0f,0x84,0xed,0x00,0x00,0x00,0x48,0x8b,0x05,0x52,0xb4,0x00,0x00,0x48,0x8b,
0x8c,0x24,0x90,0x1b,0x00,0x00,0x48,0x8b,0x94,0x24,0x98,0x1b,0x00,0x00,0x4c,0x8b,
0x84,0x24,0xa0,0x1b,0x00,0x00,0xff,0x10,0x48,0x8b,0x84,0x24,0xb8,0x31,0x00,0x00,
0x48,0x8b,0x40,0x08,0x8a,0x80,0xb1,0x01,0x00,0x00,0x3c,0x00,0x0f,0x84,0x91,0x00,
0x00,0x00,0x48,0x8d,0x84,0x24,0xc8,0x31,0x00,0x00,0x48,0x8d,0x8c,0x24,0x88,0x31,
0x00,0x00,0x48,0x8b,0x15,0x4f,0xb3,0x00,0x00,0x48,0x89,0x84,0x24,0xc0,0x1b,0x00,
0x00,0x48,0x89,0x8c,0x24,0xc8,0x1b,0x00,0x00,0x48,0x89,0x94,0x24,0x80,0x1b,0x00,
0x00,0x48,0x8b,0x84,0x24,0x80,0x1b,0x00,0x00,0x48,0x8b,0x8c,0x24,0xc0,0x1b,0x00,
0x00,0x48,0x8b,0x94,0x24,0xc8,0x1b,0x00,0x00,0xff,0x10,0x48,0x8b,0x9c,0x24,0xc8,
0x31,0x00,0x00,0x48,0x8b,0x84,0x24,0xb8,0x31,0x00,0x00,0x48,0x8b,0x40,0x08,0x48,
0x8d,0x0b,0x48,0x8d,0x00,0x48,0x8b,0x15,0x04,0xb3,0x00,0x00,0x48,0x89,0x84,0x24,
0x70,0x1b,0x00,0x00,0x48,0x89,0x94,0x24,0x48,0x1b,0x00,0x00,0x48,0x8b,0x84,0x24,
0x48,0x1b,0x00,0x00,0x48,0x8b,0x94,0x24,0x70,0x1b,0x00,0x00,0xff,0x10,0xe9,0x00,
0x00,0x00,0x00,0x48,0x8b,0x05,0x8e,0xb3,0x00,0x00,0x48,0x8b,0x8c,0x24,0xa0,0x1b,
0x00,0x00,0x48,0x8b,0x94,0x24,0x98,0x1b,0x00,0x00,0x49,0x89,0xc8,0xff,0x10,0xe9,
0xc4,0xfe,0xff,0xff,0x48,0x8b,0x1d,0x5d,0xb2,0x00,0x00,0x48,0x8d,0x84,0x24,0xc0,
0x31,0x00,0x00,0x48,0x8d,0x0d,0x6e,0xaa,0x00,0x00,0x48,0x8b,0x15,0x4f,0xb2,0x00,
0x00,0x48,0x89,0x84,0x24,0x68,0x1b,0x00,0x00,0x48,0x89,0x8c,0x24,0x28,0x1b,0x00,
0x00,0x48,0x89,0x94,0x24,0x30,0x1b,0x00,0x00,0x48,0x8b,0x84,0x24,0x30,0x1b,0x00,
0x00,0x48,0x8b,0x8c,0x24,0x68,0x1b,0x00,0x00,0x48,0x8b,0x94,0x24,0x28,0x1b,0x00,
0x00,0xff,0x10,0x48,0x8d,0x84,0x24,0xd0,0x31,0x00,0x00,0x48,0x8d,0x0d,0xa7,0xa9,
0x00,0x00,0x48,0x8b,0x15,0x07,0xb2,0x00,0x00,0x48,0x89,0x84,0x24,0x38,0x1b,0x00,
0x00,0x48,0x89,0x8c,0x24,0x18,0x1b,0x00,0x00,0x48,0x89,0x94,0x24,0x40,0x1b,0x00,
0x00,0x48,0x8b,0x84,0x24,0x40,0x1b,0x00,0x00,0x48,0x8b,0x8c,0x24,0x38,0x1b,0x00,
0x00,0x48,0x8b,0x94,0x24,0x18,0x1b,0x00,0x00,0xff,0x10,0x48,0x8d,0x84,0x24,0xb8,
0x31,0x00,0x00,0x48,0x8b,0x0d,0x3e,0xb2,0x00,0x00,0x48,0x89,0x84,0x24,0x50,0x1b,
0x00,0x00,0x48,0x89,0x8c,0x24,0x58,0x1b,0x00,0x00,0x48,0x8b,0x84,0x24,0x58,0x1b,
0x00,0x00,0x48,0x8b,0x8c,0x24,0x50,0x1b,0x00,0x00,0xff,0x10,0x48,0x8d,0x84,0x24,
0xb8,0x31,0x00,0x00,0x48,0x8d,0x0b,0x48,0x8d,0x94,0x24,0xc0,0x31,0x00,0x00,0x48,
0x89,0x8c,0x24,0x60,0x1b,0x00,0x00,0x48,0x8b,0x4c,0x24,0x48,0x4c,0x8d,0x89,0x78,
0x03,0x00,0x00,0x48,0x8d,0x9c,0x24,0xd0,0x31,0x00,0x00,0x48,0x8d,0xac,0x24,0x88,
0x31,0x00,0x00,0x48,0x8d,0x35,0x0d,0xa9,0x00,0x00,0x48,0x8b,0x3d,0xdf,0xb1,0x00,
0x00,0x48,0x89,0x5c,0x24,0x20,0x48,0x89,0x6c,0x24,0x28,0x48,0x89,0x74,0x24,0x30,
0x48,0x89,0x94,0x24,0x60,0x1a,0x00,0x00,0x48,0x89,0xc1,0x48,0x8b,0x94,0x24,0x60,
0x1b,0x00,0x00,0x4c,0x8b,0x84,0x24,0x60,0x1a,0x00,0x00,0xff,0x17,0x48,0x8d,0x84,
0x24,0xd0,0x31,0x00,0x00,0x48,0x8b,0x0d,0x34,0xb1,0x00,0x00,0x48,0x89,0x84,0x24,
0x50,0x1a,0x00,0x00,0x48,0x89,0x8c,0x24,0x20,0x1a,0x00,0x00,0x48,0x8b,0x84,0x24,
0x20,0x1a,0x00,0x00,0x48,0x8b,0x8c,0x24,0x50,0x1a,0x00,0x00,0xff,0x10,0x48,0x8d,
0x84,0x24,0xc0,0x31,0x00,0x00,0x48,0x8b,0x0d,0x03,0xb1,0x00,0x00,0x48,0x89,0x84,
0x24,0x48,0x1a,0x00,0x00,0x48,0x89,0x8c,0x24,0x40,0x19,0x00,0x00,0x48,0x8b,0x84,
0x24,0x40,0x19,0x00,0x00,0x48,0x8b,0x8c,0x24,0x48,0x1a,0x00,0x00,0xff,0x10,0x8b,
0x84,0x24,0xbc,0x31,0x00,0x00,0x3b,0x05,0x6c,0xa8,0x00,0x00,0x0f,0x95,0xc0,0x3c,
0x00,0x0f,0x84,0x7c,0x00,0x00,0x00,0x48,0x8d,0x84,0x24,0xc0,0x31,0x00,0x00,0x48,
0x8d,0x8c,0x24,0x88,0x31,0x00,0x00,0x48,0x8d,0x94,0x24,0xbc,0x31,0x00,0x00,0x48,
0x8b,0x1d,0x22,0xb1,0x00,0x00,0x48,0x89,0x8c,0x24,0x48,0x19,0x00,0x00,0x48,0x89,
0x94,0x24,0x50,0x19,0x00,0x00,0x48,0x89,0xc1,0x48,0x8b,0x94,0x24,0x48,0x19,0x00,
0x00,0x4c,0x8b,0x84,0x24,0x50,0x19,0x00,0x00,0xff,0x13,0x48,0x8b,0x84,0x24,0xc0,
0x31,0x00,0x00,0x48,0x8b,0x4c,0x24,0x48,0x48,0x8d,0x91,0x78,0x03,0x00,0x00,0x48,
0x8d,0x00,0x48,0x8b,0x1d,0xa7,0xb0,0x00,0x00,0x48,0x89,0x94,0x24,0x30,0x19,0x00,
0x00,0x48,0x8b,0x8c,0x24,0x30,0x19,0x00,0x00,0x48,0x89,0xc2,0xff,0x13,0xe9,0x00,
0x00,0x00,0x00,0x8b,0x05,0x3b,0xa8,0x00,0x00,0x89,0x84,0x24,0xc0,0x31,0x00,0x00,
0x48,0x8d,0x84,0x24,0xc8,0x31,0x00,0x00,0x48,0x8b,0x4c,0x24,0x48,0x48,0x8d,0x91,
0xd8,0x15,0x00,0x00,0x48,0x8d,0x99,0x78,0x03,0x00,0x00,0x48,0x8b,0x2d,0x26,0xb1,
0x00,0x00,0x48,0x89,0xc1,0x49,0x89,0xd8,0xff,0x55,0x00,0x48,0x83,0xbc,0x24,0xc8,
0x31,0x00,0x00,0x00,0x0f,0x95,0xc0,0x3c,0x00,0x0f,0x84,0x1a,0x00,0x00,0x00,0x48,
0x8b,0x84,0x24,0xc8,0x31,0x00,0x00,0x8b,0x80,0x90,0x02,0x00,0x00,0x89,0x84,0x24,
0xc0,0x31,0x00,0x00,0xe9,0x00,0x00,0x00,0x00,0x48,0x8b,0x05,0xc8,0xaf,0x00,0x00,
0x48,0x8d,0x00,0x48,0x8b,0x0d,0x76,0xb0,0x00,0x00,0x48,0x89,0x84,0x24,0x58,0x19,
0x00,0x00,0x48,0x89,0x8c,0x24,0x68,0x19,0x00,0x00,0x48,0x8b,0x84,0x24,0x68,0x19,
0x00,0x00,0x48,0x8b,0x8c,0x24,0x58,0x19,0x00,0x00,0xff,0x10,0x48,0x8b,0x1d,0x95,
0xaf,0x00,0x00,0x48,0x8d,0x84,0x24,0xc8,0x31,0x00,0x00,0x48,0x8d,0x0d,0x8d,0xa7,
0x00,0x00,0x48,0x8b,0x15,0x87,0xaf,0x00,0x00,0x48,0x89,0x84,0x24,0x70,0x19,0x00,
0x00,0x48,0x89,0x8c,0x24,0x78,0x19,0x00,0x00,0x48,0x89,0x94,0x24,0x38,0x19,0x00,
0x00,0x48,0x8b,0x84,0x24,0x38,0x19,0x00,0x00,0x48,0x8b,0x8c,0x24,0x70,0x19,0x00,
0x00,0x48,0x8b,0x94,0x24,0x78,0x19,0x00,0x00,0xff,0x10,0x48,0x8d,0x84,0x24,0xc4,
0x31,0x00,0x00,0x48,0x8d,0x0b,0x48,0x8d,0x94,0x24,0xc8,0x31,0x00,0x00,0x48,0x8b,
0x1d,0xf3,0xaf,0x00,0x00,0x48,0x89,0x8c,0x24,0x28,0x19,0x00,0x00,0x48,0x89,0x94,
0x24,0x00,0x19,0x00,0x00,0x48,0x89,0xc1,0x48,0x8b,0x94,0x24,0x28,0x19,0x00,0x00,
0x4c,0x8b,0x84,0x24,0x00,0x19,0x00,0x00,0xff,0x13,0x8a,0x9c,0x24,0xc4,0x31,0x00,
0x00,0x48,0x8d,0x84,0x24,0xc8,0x31,0x00,0x00,0x48,0x8b,0x0d,0x10,0xaf,0x00,0x00,
0x48,0x89,0x84,0x24,0x20,0x19,0x00,0x00,0x48,0x89,0x8c,0x24,0xe0,0x18,0x00,0x00,
0x48,0x8b,0x84,0x24,0xe0,0x18,0x00,0x00,0x48,0x8b,0x8c,0x24,0x20,0x19,0x00,0x00,
0xff,0x10,0x80,0xfb,0x00,0x0f,0x84,0xad,0x00,0x00,0x00,0x48,0x8b,0x05,0x8e,0xaf,
0x00,0x00,0x48,0x8d,0x8c,0x24,0xc4,0x31,0x00,0x00,0x48,0x8d,0x00,0x48,0x89,0x8c,
0x24,0xe8,0x18,0x00,0x00,0x48,0x8b,0x4c,0x24,0x48,0x48,0x8d,0x91,0x88,0x03,0x00,
0x00,0x48,0x8b,0x1d,0x70,0xaf,0x00,0x00,0x48,0x89,0x94,0x24,0xf0,0x18,0x00,0x00,
0x48,0x8b,0x8c,0x24,0xe8,0x18,0x00,0x00,0x48,0x89,0xc2,0x4c,0x8b,0x84,0x24,0xf0,
0x18,0x00,0x00,0xff,0x13,0x48,0x8b,0x84,0x24,0x50,0x31,0x00,0x00,0x48,0x8b,0x94,
0x24,0xe8,0x20,0x00,0x00,0x48,0x8d,0x8a,0x90,0x00,0x00,0x00,0x48,0x8d,0x80,0x08,
0x04,0x00,0x00,0x48,0x8d,0x9c,0x24,0xc0,0x31,0x00,0x00,0x4c,0x8d,0x8c,0x24,0xc4,
0x31,0x00,0x00,0x48,0x89,0x8c,0x24,0xd0,0x18,0x00,0x00,0x48,0x8b,0x4c,0x24,0x48,
0x48,0x8d,0xa9,0x90,0x03,0x00,0x00,0x48,0x8b,0x35,0x22,0xaf,0x00,0x00,0x48,0x89,
0x6c,0x24,0x20,0x48,0x8b,0x8c,0x24,0xd0,0x18,0x00,0x00,0x48,0x89,0xc2,0x49,0x89,
0xd8,0xff,0x16,0xe9,0x00,0x00,0x00,0x00,0x48,0x8d,0x84,0x24,0xb8,0x31,0x00,0x00,
0x48,0x8b,0x0d,0xa9,0xae,0x00,0x00,0x48,0x89,0x84,0x24,0xf8,0x18,0x00,0x00,0x48,
0x89,0x8c,0x24,0x08,0x19,0x00,0x00,0x48,0x8b,0x84,0x24,0x08,0x19,0x00,0x00,0x48,
0x8b,0x8c,0x24,0xf8,0x18,0x00,0x00,0xff,0x10,0x48,0x8d,0x84,0x24,0x88,0x31,0x00,
0x00,0x48,0x8b,0x0d,0x08,0xaf,0x00,0x00,0x48,0x89,0x84,0x24,0x10,0x19,0x00,0x00,
0x48,0x89,0x8c,0x24,0x18,0x19,0x00,0x00,0x48,0x8b,0x84,0x24,0x18,0x19,0x00,0x00,
0x48,0x8b,0x8c,0x24,0x10,0x19,0x00,0x00,0xff,0x10,0xe9,0x00,0x00,0x00,0x00,0x48,
0x8b,0x05,0xb2,0xad,0x00,0x00,0x48,0x8d,0x00,0x48,0x8b,0x0d,0x98,0xae,0x00,0x00,
0x48,0x89,0x84,0x24,0x80,0x19,0x00,0x00,0x48,0x89,0x8c,0x24,0x60,0x19,0x00,0x00,
0x48,0x8b,0x84,0x24,0x60,0x19,0x00,0x00,0x48,0x8b,0x8c,0x24,0x80,0x19,0x00,0x00,
0xff,0x10,0x48,0x8b,0x1d,0x7f,0xad,0x00,0x00,0x48,0x8d,0x84,0x24,0x90,0x31,0x00,
0x00,0x48,0x8d,0x0d,0xa3,0xa5,0x00,0x00,0x48,0x8b,0x15,0x71,0xad,0x00,0x00,0x48,
0x89,0x84,0x24,0x88,0x19,0x00,0x00,0x48,0x89,0x8c,0x24,0x98,0x19,0x00,0x00,0x48,
0x89,0x94,0x24,0x00,0x1a,0x00,0x00,0x48,0x8b,0x84,0x24,0x00,0x1a,0x00,0x00,0x48,
0x8b,0x8c,0x24,0x88,0x19,0x00,0x00,0x48,0x8b,0x94,0x24,0x98,0x19,0x00,0x00,0xff,
0x10,0x48,0x8d,0x84,0x24,0x88,0x31,0x00,0x00,0x48,0x8d,0x0b,0x48,0x8d,0x94,0x24,
0x90,0x31,0x00,0x00,0x48,0x8b,0x1d,0x8d,0xad,0x00,0x00,0x48,0x89,0x8c,0x24,0x08,
0x1a,0x00,0x00,0x48,0x89,0x94,0x24,0x10,0x1a,0x00,0x00,0x48,0x89,0xc1,0x48,0x8b,
0x94,0x24,0x08,0x1a,0x00,0x00,0x4c,0x8b,0x84,0x24,0x10,0x1a,0x00,0x00,0xff,0x13,
0x8a,0x9c,0x24,0x88,0x31,0x00,0x00,0x48,0x8d,0x84,0x24,0x90,0x31,0x00,0x00,0x48,
0x8b,0x0d,0xfa,0xac,0x00,0x00,0x48,0x89,0x84,0x24,0xf0,0x19,0x00,0x00,0x48,0x89,
0x8c,0x24,0x18,0x1a,0x00,0x00,0x48,0x8b,0x84,0x24,0x18,0x1a,0x00,0x00,0x48,0x8b,
0x8c,0x24,0xf0,0x19,0x00,0x00,0xff,0x10,0x80,0xfb,0x00,0x0f,0x84,0xc6,0x02,0x00,
0x00,0x48,0x8b,0x1d,0xb0,0xac,0x00,0x00,0x48,0x8d,0x84,0x24,0x88,0x31,0x00,0x00,
0x48,0x8d,0x0d,0xdc,0xa4,0x00,0x00,0x48,0x8b,0x15,0xa2,0xac,0x00,0x00,0x48,0x89,
0x84,0x24,0x28,0x1a,0x00,0x00,0x48,0x89,0x8c,0x24,0x30,0x1a,0x00,0x00,0x48,0x89,
0x94,0x24,0x38,0x1a,0x00,0x00,0x48,0x8b,0x84,0x24,0x38,0x1a,0x00,0x00,0x48,0x8b,
0x8c,0x24,0x28,0x1a,0x00,0x00,0x48,0x8b,0x94,0x24,0x30,0x1a,0x00,0x00,0xff,0x10,
0x48,0x8d,0x03,0x48,0x8d,0x8c,0x24,0x88,0x31,0x00,0x00,0x48,0x8b,0x15,0xce,0xac,
0x00,0x00,0x48,0x89,0x84,0x24,0x40,0x1a,0x00,0x00,0x48,0x89,0x8c,0x24,0xf8,0x19,
0x00,0x00,0x48,0x89,0x94,0x24,0xe8,0x19,0x00,0x00,0x48,0x8b,0x84,0x24,0xe8,0x19,
0x00,0x00,0x48,0x8b,0x8c,0x24,0x40,0x1a,0x00,0x00,0x48,0x8b,0x94,0x24,0xf8,0x19,
0x00,0x00,0xff,0x10,0x48,0x8d,0x84,0x24,0x88,0x31,0x00,0x00,0x48,0x8b,0x0d,0x2d,
0xac,0x00,0x00,0x48,0x89,0x84,0x24,0xc0,0x19,0x00,0x00,0x48,0x89,0x8c,0x24,0xe0,
0x19,0x00,0x00,0x48,0x8b,0x84,0x24,0xe0,0x19,0x00,0x00,0x48,0x8b,0x8c,0x24,0xc0,
0x19,0x00,0x00,0xff,0x10,0x48,0x8b,0x1d,0xec,0xab,0x00,0x00,0x48,0x8d,0x84,0x24,
0x90,0x31,0x00,0x00,0x48,0x8d,0x0d,0x2b,0xa4,0x00,0x00,0x48,0x8b,0x15,0xde,0xab,
0x00,0x00,0x48,0x89,0x84,0x24,0xa0,0x19,0x00,0x00,0x48,0x89,0x8c,0x24,0xa8,0x19,
0x00,0x00,0x48,0x89,0x94,0x24,0xb0,0x19,0x00,0x00,0x48,0x8b,0x84,0x24,0xb0,0x19,
0x00,0x00,0x48,0x8b,0x8c,0x24,0xa0,0x19,0x00,0x00,0x48,0x8b,0x94,0x24,0xa8,0x19,
0x00,0x00,0xff,0x10,0x48,0x8d,0x84,0x24,0x88,0x31,0x00,0x00,0x48,0x8d,0x0b,0x48,
0x8d,0x94,0x24,0x90,0x31,0x00,0x00,0x48,0x89,0x8c,0x24,0x90,0x19,0x00,0x00,0x48,
0x8b,0x4c,0x24,0x48,0x4c,0x8d,0x89,0xa0,0x03,0x00,0x00,0x48,0x8b,0x1d,0xa6,0xac,
0x00,0x00,0x48,0x89,0x94,0x24,0xb8,0x19,0x00,0x00,0x48,0x89,0xc1,0x48,0x8b,0x94,
0x24,0x90,0x19,0x00,0x00,0x4c,0x8b,0x84,0x24,0xb8,0x19,0x00,0x00,0xff,0x13,0x48,
0x8d,0x84,0x24,0x90,0x31,0x00,0x00,0x48,0x8b,0x0d,0x62,0xab,0x00,0x00,0x48,0x89,
0x84,0x24,0xc8,0x19,0x00,0x00,0x48,0x89,0x8c,0x24,0xd0,0x19,0x00,0x00,0x48,0x8b,
0x84,0x24,0xd0,0x19,0x00,0x00,0x48,0x8b,0x8c,0x24,0xc8,0x19,0x00,0x00,0xff,0x10,
0x48,0x8b,0x05,0x21,0xab,0x00,0x00,0x48,0x8d,0x00,0x48,0x8b,0x0d,0xcf,0xab,0x00,
0x00,0x48,0x89,0x84,0x24,0xd8,0x19,0x00,0x00,0x48,0x89,0x8c,0x24,0xd0,0x1b,0x00,
0x00,0x48,0x8b,0x84,0x24,0xd0,0x1b,0x00,0x00,0x48,0x8b,0x8c,0x24,0xd8,0x19,0x00,
0x00,0xff,0x10,0x48,0x8b,0x1d,0xee,0xaa,0x00,0x00,0x48,0x8d,0x84,0x24,0x90,0x31,
0x00,0x00,0x48,0x8d,0x0d,0x32,0xa3,0x00,0x00,0x48,0x8b,0x15,0xe0,0xaa,0x00,0x00,
0x48,0x89,0x84,0x24,0xa8,0x1b,0x00,0x00,0x48,0x89,0x8c,0x24,0xd8,0x1b,0x00,0x00,
0x48,0x89,0x94,0x24,0xe8,0x1b,0x00,0x00,0x48,0x8b,0x84,0x24,0xe8,0x1b,0x00,0x00,
0x48,0x8b,0x8c,0x24,0xa8,0x1b,0x00,0x00,0x48,0x8b,0x94,0x24,0xd8,0x1b,0x00,0x00,
0xff,0x10,0x48,0x8d,0x84,0x24,0x88,0x31,0x00,0x00,0x48,0x8d,0x0b,0x48,0x8d,0x94,
0x24,0x90,0x31,0x00,0x00,0x48,0x8b,0x1d,0x4c,0xab,0x00,0x00,0x48,0x89,0x8c,0x24,
0xd8,0x1d,0x00,0x00,0x48,0x89,0x94,0x24,0xe0,0x1d,0x00,0x00,0x48,0x89,0xc1,0x48,
0x8b,0x94,0x24,0xd8,0x1d,0x00,0x00,0x4c,0x8b,0x84,0x24,0xe0,0x1d,0x00,0x00,0xff,
0x13,0x8a,0x9c,0x24,0x88,0x31,0x00,0x00,0x48,0x8d,0x84,0x24,0x90,0x31,0x00,0x00,
0x48,0x8b,0x0d,0x69,0xaa,0x00,0x00,0x48,0x89,0x84,0x24,0xe8,0x1d,0x00,0x00,0x48,
0x89,0x8c,0x24,0xc8,0x1d,0x00,0x00,0x48,0x8b,0x84,0x24,0xc8,0x1d,0x00,0x00,0x48,
0x8b,0x8c,0x24,0xe8,0x1d,0x00,0x00,0xff,0x10,0x80,0xfb,0x00,0x0f,0x84,0x30,0x00,
0x00,0x00,0x48,0x8b,0x94,0x24,0xe8,0x20,0x00,0x00,0x48,0x8d,0x82,0x90,0x00,0x00,
0x00,0x48,0x8b,0x4c,0x24,0x48,0x48,0x8d,0x99,0xa0,0x03,0x00,0x00,0x48,0x8b,0x2d,
0x3c,0xab,0x00,0x00,0x48,0x89,0xc1,0x48,0x89,0xda,0xff,0x55,0x00,0xe9,0x00,0x00,
0x00,0x00,0xe9,0x00,0x00,0x00,0x00,0x48,0x8b,0x05,0xea,0xa9,0x00,0x00,0x48,0x8d,
0x00,0x48,0x8b,0x0d,0xd0,0xaa,0x00,0x00,0x48,0x89,0x84,0x24,0xf0,0x1d,0x00,0x00,
0x48,0x89,0x8c,0x24,0x00,0x1e,0x00,0x00,0x48,0x8b,0x84,0x24,0x00,0x1e,0x00,0x00,
0x48,0x8b,0x8c,0x24,0xf0,0x1d,0x00,0x00,0xff,0x10,0x48,0x8b,0x1d,0xb7,0xa9,0x00,
0x00,0x48,0x8d,0x84,0x24,0x90,0x31,0x00,0x00,0x48,0x8d,0x0d,0x01,0xa2,0x00,0x00,
0x48,0x8b,0x15,0xa9,0xa9,0x00,0x00,0x48,0x89,0x84,0x24,0x08,0x1e,0x00,0x00,0x48,
0x89,0x8c,0x24,0x10,0x1e,0x00,0x00,0x48,0x89,0x94,0x24,0xd0,0x1d,0x00,0x00,0x48,
0x8b,0x84,0x24,0xd0,0x1d,0x00,0x00,0x48,0x8b,0x8c,0x24,0x08,0x1e,0x00,0x00,0x48,
0x8b,0x94,0x24,0x10,0x1e,0x00,0x00,0xff,0x10,0x48,0x8d,0x84,0x24,0x88,0x31,0x00,
0x00,0x48,0x8d,0x0b,0x48,0x8d,0x94,0x24,0x90,0x31,0x00,0x00,0x48,0x8b,0x1d,0x15,
0xaa,0x00,0x00,0x48,0x89,0x8c,0x24,0xc0,0x1d,0x00,0x00,0x48,0x89,0x94,0x24,0x98,
0x1d,0x00,0x00,0x48,0x89,0xc1,0x48,0x8b,0x94,0x24,0xc0,0x1d,0x00,0x00,0x4c,0x8b,
0x84,0x24,0x98,0x1d,0x00,0x00,0xff,0x13,0x8a,0x9c,0x24,0x88,0x31,0x00,0x00,0x48,
0x8d,0x84,0x24,0x90,0x31,0x00,0x00,0x48,0x8b,0x0d,0x32,0xa9,0x00,0x00,0x48,0x89,
0x84,0x24,0xb8,0x1d,0x00,0x00,0x48,0x89,0x8c,0x24,0x78,0x1d,0x00,0x00,0x48,0x8b,
0x84,0x24,0x78,0x1d,0x00,0x00,0x48,0x8b,0x8c,0x24,0xb8,0x1d,0x00,0x00,0xff,0x10,
0x80,0xfb,0x00,0x0f,0x84,0x87,0x01,0x00,0x00,0x48,0x8b,0x4c,0x24,0x48,0x48,0x83,
0xb9,0x88,0x01,0x00,0x00,0x00,0x0f,0x95,0xc0,0x3c,0x00,0x0f,0x84,0x6a,0x01,0x00,
0x00,0x48,0x8b,0x99,0x88,0x01,0x00,0x00,0x48,0x8d,0x84,0x24,0x88,0x31,0x00,0x00,
0x48,0x8d,0x15,0x29,0xa1,0x00,0x00,0x48,0x8d,0x2d,0x22,0xa1,0x00,0x00,0x4c,0x8d,
0x0d,0x1b,0xa1,0x00,0x00,0x48,0x8b,0x35,0xec,0xa9,0x00,0x00,0x48,0x89,0xc1,0x49,
0x89,0xe8,0xff,0x16,0x48,0x8d,0x84,0x24,0xa0,0x31,0x00,0x00,0x48,0x8d,0x0d,0xfd,
0xa0,0x00,0x00,0x48,0x8d,0x15,0xee,0xa0,0x00,0x00,0x4c,0x8d,0x0d,0xef,0xa0,0x00,
0x00,0x48,0x8b,0x2d,0xc0,0xa9,0x00,0x00,0x48,0x89,0x8c,0x24,0x80,0x1d,0x00,0x00,
0x48,0x89,0x94,0x24,0x88,0x1d,0x00,0x00,0x48,0x89,0xc1,0x48,0x8b,0x94,0x24,0x80,
0x1d,0x00,0x00,0x4c,0x8b,0x84,0x24,0x88,0x1d,0x00,0x00,0xff,0x55,0x00,0x8b,0x05,
0xc4,0xa0,0x00,0x00,0x48,0x8b,0x94,0x24,0xe8,0x20,0x00,0x00,0x48,0x8d,0x8a,0x90,
0x00,0x00,0x00,0x48,0x8d,0x5b,0x08,0x48,0x8d,0x2d,0x9a,0xa0,0x00,0x00,0x4c,0x8d,
0x8c,0x24,0x88,0x31,0x00,0x00,0x48,0x8d,0xb4,0x24,0xa0,0x31,0x00,0x00,0x48,0x8d,
0x3d,0x2f,0xa0,0x00,0x00,0x89,0x84,0x24,0xb8,0x31,0x00,0x00,0x48,0x8d,0x84,0x24,
0xb8,0x31,0x00,0x00,0x4c,0x8b,0x05,0x55,0xa9,0x00,0x00,0x48,0x89,0x74,0x24,0x20,
0x48,0x89,0x7c,0x24,0x28,0x48,0x89,0x44,0x24,0x30,0x48,0x89,0x9c,0x24,0x68,0x1d,
0x00,0x00,0x4c,0x89,0x84,0x24,0x90,0x1d,0x00,0x00,0x48,0x8b,0x9c,0x24,0x90,0x1d,
0x00,0x00,0x48,0x8b,0x94,0x24,0x68,0x1d,0x00,0x00,0x49,0x89,0xe8,0xff,0x13,0x48,
0x8d,0x84,0x24,0xa0,0x31,0x00,0x00,0x48,0x8b,0x0d,0x1a,0xa9,0x00,0x00,0x48,0x89,
0x84,0x24,0xa0,0x1d,0x00,0x00,0x48,0x89,0x8c,0x24,0xa8,0x1d,0x00,0x00,0x48,0x8b,
0x84,0x24,0xa8,0x1d,0x00,0x00,0x48,0x8b,0x8c,0x24,0xa0,0x1d,0x00,0x00,0xff,0x10,
0x48,0x8d,0x84,0x24,0x88,0x31,0x00,0x00,0x48,0x8b,0x0d,0xe9,0xa8,0x00,0x00,0x48,
0x89,0x84,0x24,0xb0,0x1d,0x00,0x00,0x48,0x89,0x8c,0x24,0x18,0x1e,0x00,0x00,0x48,
0x8b,0x84,0x24,0x18,0x1e,0x00,0x00,0x48,0x8b,0x8c,0x24,0xb0,0x1d,0x00,0x00,0xff,
0x10,0x48,0x8b,0x4c,0x24,0x48,0xe9,0x00,0x00,0x00,0x00,0xe9,0x00,0x00,0x00,0x00,
0x48,0x8b,0x1d,0x61,0xa7,0x00,0x00,0x48,0x8d,0x84,0x24,0x90,0x31,0x00,0x00,0x48,
0x8d,0x0d,0xc6,0x9f,0x00,0x00,0x48,0x8b,0x15,0x53,0xa7,0x00,0x00,0x48,0x89,0x84,
0x24,0xf8,0x1d,0x00,0x00,0x48,0x89,0x8c,0x24,0x20,0x1e,0x00,0x00,0x48,0x89,0x94,
0x24,0x30,0x1e,0x00,0x00,0x48,0x8b,0x84,0x24,0x30,0x1e,0x00,0x00,0x48,0x8b,0x8c,
0x24,0xf8,0x1d,0x00,0x00,0x48,0x8b,0x94,0x24,0x20,0x1e,0x00,0x00,0xff,0x10,0x48,
0x8d,0x84,0x24,0x88,0x31,0x00,0x00,0x48,0x8d,0x0b,0x48,0x8d,0x94,0x24,0x90,0x31,
0x00,0x00,0x48,0x8b,0x1d,0xbf,0xa7,0x00,0x00,0x48,0x89,0x8c,0x24,0x98,0x1e,0x00,
0x00,0x48,0x89,0x94,0x24,0xa0,0x1e,0x00,0x00,0x48,0x89,0xc1,0x48,0x8b,0x94,0x24,
0x98,0x1e,0x00,0x00,0x4c,0x8b,0x84,0x24,0xa0,0x1e,0x00,0x00,0xff,0x13,0x8a,0x9c,
0x24,0x88,0x31,0x00,0x00,0x48,0x8d,0x84,0x24,0x90,0x31,0x00,0x00,0x48,0x8b,0x0d,
0xdc,0xa6,0x00,0x00,0x48,0x89,0x84,0x24,0xa8,0x1e,0x00,0x00,0x48,0x89,0x8c,0x24,
0x88,0x1e,0x00,0x00,0x48,0x8b,0x84,0x24,0x88,0x1e,0x00,0x00,0x48,0x8b,0x8c,0x24,
0xa8,0x1e,0x00,0x00,0xff,0x10,0x80,0xfb,0x00,0x0f,0x84,0x3d,0x00,0x00,0x00,0x48,
0x8b,0x94,0x24,0xe8,0x20,0x00,0x00,0x48,0x8d,0x82,0x90,0x00,0x00,0x00,0x48,0x8b,
0x0d,0xdb,0xa7,0x00,0x00,0x48,0x89,0x84,0x24,0xb0,0x1e,0x00,0x00,0x48,0x89,0x8c,
0x24,0xc0,0x1e,0x00,0x00,0x48,0x8b,0x84,0x24,0xc0,0x1e,0x00,0x00,0x48,0x8b,0x8c,
0x24,0xb0,0x1e,0x00,0x00,0xff,0x10,0xe9,0x00,0x00,0x00,0x00,0x48,0x8b,0x1d,0x55,
0xa6,0x00,0x00,0x48,0x8d,0x84,0x24,0x90,0x31,0x00,0x00,0x48,0x8d,0x0d,0xc2,0x9e,
0x00,0x00,0x48,0x8b,0x15,0x47,0xa6,0x00,0x00,0x48,0x89,0x84,0x24,0xc8,0x1e,0x00,
0x00,0x48,0x89,0x8c,0x24,0xd0,0x1e,0x00,0x00,0x48,0x89,0x94,0x24,0xd8,0x1e,0x00,
0x00,0x48,0x8b,0x84,0x24,0xd8,0x1e,0x00,0x00,0x48,0x8b,0x8c,0x24,0xc8,0x1e,0x00,
0x00,0x48,0x8b,0x94,0x24,0xd0,0x1e,0x00,0x00,0xff,0x10,0x48,0x8d,0x84,0x24,0x88,
0x31,0x00,0x00,0x48,0x8d,0x0b,0x48,0x8d,0x94,0x24,0x90,0x31,0x00,0x00,0x48,0x8b,
0x1d,0x63,0xa6,0x00,0x00,0x48,0x89,0x8c,0x24,0x90,0x1e,0x00,0x00,0x48,0x89,0x94,
0x24,0x80,0x1e,0x00,0x00,0x48,0x89,0xc1,0x48,0x8b,0x94,0x24,0x90,0x1e,0x00,0x00,
0x4c,0x8b,0x84,0x24,0x80,0x1e,0x00,0x00,0xff,0x13,0x8a,0x9c,0x24,0x88,0x31,0x00,
0x00,0x48,0x8d,0x84,0x24,0x90,0x31,0x00,0x00,0x48,0x8b,0x0d,0xd0,0xa5,0x00,0x00,
0x48,0x89,0x84,0x24,0x58,0x1e,0x00,0x00,0x48,0x89,0x8c,0x24,0x78,0x1e,0x00,0x00,
0x48,0x8b,0x84,0x24,0x78,0x1e,0x00,0x00,0x48,0x8b,0x8c,0x24,0x58,0x1e,0x00,0x00,
0xff,0x10,0x80,0xfb,0x00,0x0f,0x84,0xf1,0x25,0x00,0x00,0x48,0x8b,0x1d,0x86,0xa5,
0x00,0x00,0x48,0x8d,0x84,0x24,0x88,0x31,0x00,0x00,0x48,0x8d,0x0d,0xfc,0x9d,0x00,
0x00,0x48,0x8b,0x15,0x78,0xa5,0x00,0x00,0x48,0x89,0x84,0x24,0x38,0x1e,0x00,0x00,
0x48,0x89,0x8c,0x24,0x40,0x1e,0x00,0x00,0x48,0x89,0x94,0x24,0x48,0x1e,0x00,0x00,
0x48,0x8b,0x84,0x24,0x48,0x1e,0x00,0x00,0x48,0x8b,0x8c,0x24,0x38,0x1e,0x00,0x00,
0x48,0x8b,0x94,0x24,0x40,0x1e,0x00,0x00,0xff,0x10,0x48,0x8d,0x03,0x48,0x8d,0x8c,
0x24,0x88,0x31,0x00,0x00,0x48,0x8b,0x15,0xa4,0xa5,0x00,0x00,0x48,0x89,0x84,0x24,
0x28,0x1e,0x00,0x00,0x48,0x89,0x8c,0x24,0x50,0x1e,0x00,0x00,0x48,0x89,0x94,0x24,
0x60,0x1e,0x00,0x00,0x48,0x8b,0x84,0x24,0x60,0x1e,0x00,0x00,0x48,0x8b,0x8c,0x24,
0x28,0x1e,0x00,0x00,0x48,0x8b,0x94,0x24,0x50,0x1e,0x00,0x00,0xff,0x10,0x48,0x8d,
0x84,0x24,0x88,0x31,0x00,0x00,0x48,0x8b,0x0d,0x03,0xa5,0x00,0x00,0x48,0x89,0x84,
0x24,0x68,0x1e,0x00,0x00,0x48,0x89,0x8c,0x24,0x70,0x1e,0x00,0x00,0x48,0x8b,0x84,
0x24,0x70,0x1e,0x00,0x00,0x48,0x8b,0x8c,0x24,0x68,0x1e,0x00,0x00,0xff,0x10,0x48,
0x8b,0x1d,0xc2,0xa4,0x00,0x00,0x48,0x8d,0x84,0x24,0x90,0x31,0x00,0x00,0x48,0x8d,
0x0d,0x41,0x9d,0x00,0x00,0x48,0x8b,0x15,0xb4,0xa4,0x00,0x00,0x48,0x89,0x84,0x24,
0x70,0x1d,0x00,0x00,0x48,0x89,0x8c,0x24,0x60,0x1d,0x00,0x00,0x48,0x89,0x94,0x24,
0x30,0x1d,0x00,0x00,0x48,0x8b,0x84,0x24,0x30,0x1d,0x00,0x00,0x48,0x8b,0x8c,0x24,
0x70,0x1d,0x00,0x00,0x48,0x8b,0x94,0x24,0x60,0x1d,0x00,0x00,0xff,0x10,0x48,0x8d,
0x84,0x24,0x88,0x31,0x00,0x00,0x48,0x8d,0x0b,0x48,0x8d,0x94,0x24,0x90,0x31,0x00,
0x00,0x48,0x8b,0x1d,0x20,0xa5,0x00,0x00,0x48,0x89,0x8c,0x24,0x58,0x1d,0x00,0x00,
0x48,0x89,0x94,0x24,0x50,0x1c,0x00,0x00,0x48,0x89,0xc1,0x48,0x8b,0x94,0x24,0x58,
0x1d,0x00,0x00,0x4c,0x8b,0x84,0x24,0x50,0x1c,0x00,0x00,0xff,0x13,0x8a,0x9c,0x24,
0x88,0x31,0x00,0x00,0x48,0x8d,0x84,0x24,0x90,0x31,0x00,0x00,0x48,0x8b,0x0d,0x3d,
0xa4,0x00,0x00,0x48,0x89,0x84,0x24,0x58,0x1c,0x00,0x00,0x48,0x89,0x8c,0x24,0x60,
0x1c,0x00,0x00,0x48,0x8b,0x84,0x24,0x60,0x1c,0x00,0x00,0x48,0x8b,0x8c,0x24,0x58,
0x1c,0x00,0x00,0xff,0x10,0x80,0xfb,0x00,0x0f,0x84,0xe9,0x04,0x00,0x00,0x48,0x8b,
0x05,0x53,0xa5,0x00,0x00,0x48,0x8d,0x8c,0x24,0x88,0x31,0x00,0x00,0x48,0x8d,0x00,
0x48,0x8b,0x15,0x49,0xa5,0x00,0x00,0x48,0x89,0x84,0x24,0x40,0x1c,0x00,0x00,0x48,
0x89,0x94,0x24,0x68,0x1c,0x00,0x00,0x48,0x8b,0x84,0x24,0x68,0x1c,0x00,0x00,0x48,
0x8b,0x94,0x24,0x40,0x1c,0x00,0x00,0xff,0x10,0x48,0x8b,0x4c,0x24,0x48,0x48,0x8b,
0x81,0x88,0x01,0x00,0x00,0x48,0x8d,0x94,0x24,0xa0,0x31,0x00,0x00,0x48,0x8d,0x18,
0x48,0x8b,0x00,0x48,0x8b,0x80,0x80,0x00,0x00,0x00,0x48,0x8b,0x2d,0x07,0xa5,0x00,
0x00,0x48,0x01,0xe8,0x48,0x8b,0x00,0x48,0x8b,0x00,0x48,0x89,0x94,0x24,0x78,0x1c,
0x00,0x00,0x48,0x8b,0x8c,0x24,0x78,0x1c,0x00,0x00,0x48,0x89,0xda,0xff,0xd0,0x48,
0x8b,0x9c,0x24,0xa0,0x31,0x00,0x00,0x48,0x8d,0x84,0x24,0x08,0x32,0x00,0x00,0x48,
0x8b,0x0d,0xda,0xa4,0x00,0x00,0x48,0x89,0x84,0x24,0x80,0x1c,0x00,0x00,0x48,0x89,
0x8c,0x24,0x88,0x1c,0x00,0x00,0x48,0x8b,0x84,0x24,0x88,0x1c,0x00,0x00,0x48,0x8b,
0x8c,0x24,0x80,0x1c,0x00,0x00,0xff,0x10,0x48,0x8d,0x84,0x24,0xa8,0x31,0x00,0x00,
0x48,0x8d,0x8c,0x24,0x08,0x32,0x00,0x00,0x48,0x8d,0x94,0x24,0x88,0x31,0x00,0x00,
0x48,0x8b,0x2d,0xa1,0xa4,0x00,0x00,0x48,0x89,0x8c,0x24,0x48,0x1c,0x00,0x00,0x48,
0x89,0x94,0x24,0x38,0x1c,0x00,0x00,0x48,0x89,0xc1,0x48,0x8b,0x94,0x24,0x48,0x1c,
0x00,0x00,0x4c,0x8b,0x84,0x24,0x38,0x1c,0x00,0x00,0xff,0x55,0x00,0x48,0x8d,0x03,
0x48,0x8d,0x8c,0x24,0xa8,0x31,0x00,0x00,0x48,0x8b,0x13,0x48,0x8b,0x9a,0x80,0x00,
0x00,0x00,0x48,0x8b,0x15,0x67,0xa4,0x00,0x00,0x48,0x01,0xd3,0x48,0x8b,0x13,0x48,
0x8b,0x12,0x48,0x89,0x84,0x24,0x10,0x1c,0x00,0x00,0x48,0x89,0x8c,0x24,0x30,0x1c,
0x00,0x00,0x48,0x89,0x94,0x24,0xf0,0x1b,0x00,0x00,0x48,0x8b,0x84,0x24,0xf0,0x1b,
0x00,0x00,0x48,0x8b,0x8c,0x24,0x10,0x1c,0x00,0x00,0x48,0x8b,0x94,0x24,0x30,0x1c,
0x00,0x00,0xff,0xd0,0x48,0x8d,0x84,0x24,0x08,0x32,0x00,0x00,0x48,0x8b,0x0d,0x25,
0xa4,0x00,0x00,0x48,0x89,0x84,0x24,0xf8,0x1b,0x00,0x00,0x48,0x89,0x8c,0x24,0x00,
0x1c,0x00,0x00,0x48,0x8b,0x84,0x24,0x00,0x1c,0x00,0x00,0x48,0x8b,0x8c,0x24,0xf8,
0x1b,0x00,0x00,0xff,0x10,0x48,0x8d,0x84,0x24,0xa8,0x31,0x00,0x00,0x48,0x8b,0x0d,
0xfc,0xa3,0x00,0x00,0x48,0x89,0x84,0x24,0xe0,0x1b,0x00,0x00,0x48,0x89,0x8c,0x24,
0x08,0x1c,0x00,0x00,0x48,0x8b,0x84,0x24,0x08,0x1c,0x00,0x00,0x48,0x8b,0x8c,0x24,
0xe0,0x1b,0x00,0x00,0xff,0x10,0x48,0x8b,0x4c,0x24,0x48,0x48,0x8b,0x81,0x88,0x01,
0x00,0x00,0x48,0x8d,0x94,0x24,0xa0,0x31,0x00,0x00,0x48,0x8d,0x18,0x48,0x8b,0x00,
0x48,0x8b,0x80,0x80,0x00,0x00,0x00,0x48,0x8b,0x2d,0x8a,0xa3,0x00,0x00,0x48,0x01,
0xe8,0x48,0x8b,0x00,0x48,0x8b,0x00,0x48,0x89,0x94,0x24,0x18,0x1c,0x00,0x00,0x48,
0x8b,0x8c,0x24,0x18,0x1c,0x00,0x00,0x48,0x89,0xda,0xff,0xd0,0x48,0x8b,0x9c,0x24,
0xa0,0x31,0x00,0x00,0x48,0x8d,0x84,0x24,0xa8,0x31,0x00,0x00,0x48,0x8b,0x0d,0x85,
0xa3,0x00,0x00,0x48,0x89,0x84,0x24,0x20,0x1c,0x00,0x00,0x48,0x89,0x8c,0x24,0x28,
0x1c,0x00,0x00,0x48,0x8b,0x84,0x24,0x28,0x1c,0x00,0x00,0x48,0x8b,0x8c,0x24,0x20,
0x1c,0x00,0x00,0xff,0x10,0x48,0x8d,0x03,0x48,0x8d,0x8c,0x24,0xa8,0x31,0x00,0x00,
0x48,0x8b,0x13,0x48,0x8b,0x9a,0x80,0x00,0x00,0x00,0x48,0x8b,0x15,0x4f,0xa3,0x00,
0x00,0x48,0x01,0xd3,0x48,0x8b,0x13,0x48,0x8b,0x12,0x48,0x89,0x84,0x24,0x90,0x1c,
0x00,0x00,0x48,0x89,0x8c,0x24,0x70,0x1c,0x00,0x00,0x48,0x89,0x94,0x24,0x98,0x1c,
0x00,0x00,0x48,0x8b,0x84,0x24,0x98,0x1c,0x00,0x00,0x48,0x8b,0x8c,0x24,0x90,0x1c,
0x00,0x00,0x48,0x8b,0x94,0x24,0x70,0x1c,0x00,0x00,0xff,0xd0,0x48,0x8d,0x84,0x24,
0xa8,0x31,0x00,0x00,0x48,0x8b,0x0d,0xad,0xa2,0x00,0x00,0x48,0x89,0x84,0x24,0xa8,
0x1c,0x00,0x00,0x48,0x89,0x8c,0x24,0x10,0x1d,0x00,0x00,0x48,0x8b,0x84,0x24,0x10,
0x1d,0x00,0x00,0x48,0x8b,0x8c,0x24,0xa8,0x1c,0x00,0x00,0xff,0x10,0x48,0x8d,0x84,
0x24,0xa0,0x31,0x00,0x00,0x48,0x8b,0x4c,0x24,0x48,0x48,0x8d,0x51,0x10,0x48,0x8b,
0x59,0x10,0x48,0x8b,0x9b,0x80,0x00,0x00,0x00,0x48,0x8b,0x2d,0xc8,0xa2,0x00,0x00,
0x48,0x01,0xeb,0x48,0x8b,0x1b,0x48,0x8b,0x1b,0x48,0x89,0xc1,0xff,0xd3,0x48,0x8b,
0x84,0x24,0xa0,0x31,0x00,0x00,0x48,0x8b,0x4c,0x24,0x48,0x48,0x8d,0x91,0xb8,0x07,
0x00,0x00,0x48,0x8d,0x19,0x48,0x8d,0xac,0x24,0x88,0x31,0x00,0x00,0x4c,0x8d,0x08,
0x48,0x8b,0x05,0x99,0xa2,0x00,0x00,0x48,0x89,0x94,0x24,0x18,0x1d,0x00,0x00,0x48,
0x8b,0x8c,0x24,0x18,0x1d,0x00,0x00,0x48,0x89,0xda,0x49,0x89,0xe8,0xff,0x10,0x48,
0x8b,0x94,0x24,0xe8,0x20,0x00,0x00,0x48,0x8d,0x82,0x90,0x00,0x00,0x00,0x48,0x8d,
0x8c,0x24,0x88,0x31,0x00,0x00,0x48,0x8b,0x1d,0x6b,0xa2,0x00,0x00,0x48,0x89,0x8c,
0x24,0x20,0x1d,0x00,0x00,0x48,0x89,0xc1,0x48,0x8b,0x94,0x24,0x20,0x1d,0x00,0x00,
0xff,0x13,0x4c,0x8b,0x84,0x24,0xf0,0x20,0x00,0x00,0x49,0x8d,0x00,0x48,0x8d,0x0d,
0x18,0x99,0x00,0x00,0x48,0x8b,0x15,0x45,0xa2,0x00,0x00,0x48,0x89,0x84,0x24,0x00,
0x1d,0x00,0x00,0x48,0x89,0x8c,0x24,0x28,0x1d,0x00,0x00,0x48,0x89,0x94,0x24,0x38,
0x1d,0x00,0x00,0x48,0x8b,0x84,0x24,0x38,0x1d,0x00,0x00,0x48,0x8b,0x8c,0x24,0x00,
0x1d,0x00,0x00,0x48,0x8b,0x94,0x24,0x28,0x1d,0x00,0x00,0xff,0x10,0x48,0x8b,0x05,
0x14,0xa2,0x00,0x00,0x48,0x8b,0x00,0x48,0x8d,0x8c,0x24,0xa0,0x31,0x00,0x00,0x48,
0x8b,0x15,0x0a,0xa2,0x00,0x00,0xbb,0x08,0x00,0x00,0x00,0x48,0x89,0x84,0x24,0x40,
0x1d,0x00,0x00,0x48,0x89,0x94,0x24,0x48,0x1d,0x00,0x00,0x48,0x8b,0x84,0x24,0x48,
0x1d,0x00,0x00,0x89,0xda,0x4c,0x8b,0x84,0x24,0x40,0x1d,0x00,0x00,0xff,0x10,0x48,
0x8b,0x84,0x24,0xa8,0x31,0x00,0x00,0x48,0x8d,0x00,0x48,0x8b,0x0d,0xd7,0xa1,0x00,
0x00,0x48,0x89,0x84,0x24,0x50,0x1d,0x00,0x00,0x48,0x89,0x8c,0x24,0x08,0x1d,0x00,
0x00,0x48,0x8b,0x84,0x24,0x08,0x1d,0x00,0x00,0x48,0x8b,0x8c,0x24,0x50,0x1d,0x00,
0x00,0xff,0x10,0x48,0x8b,0x05,0xb6,0xa1,0x00,0x00,0x48,0x8d,0x00,0x4c,0x8b,0x84,
0x24,0xf0,0x20,0x00,0x00,0x49,0x8d,0x08,0x48,0x8d,0x94,0x24,0xa0,0x31,0x00,0x00,
0x4c,0x8d,0x0d,0xf7,0x96,0x00,0x00,0x48,0x8d,0x1d,0xf0,0x96,0x00,0x00,0x48,0x8b,
0x2d,0x93,0xa1,0x00,0x00,0x48,0x89,0x5c,0x24,0x20,0x48,0x89,0x8c,0x24,0xf8,0x1c,
0x00,0x00,0x48,0x89,0x94,0x24,0xd0,0x1c,0x00,0x00,0x48,0x89,0xc1,0x48,0x8b,0x94,
0x24,0xf8,0x1c,0x00,0x00,0x4c,0x8b,0x84,0x24,0xd0,0x1c,0x00,0x00,0xff,0x55,0x00,
0x48,0x8d,0x84,0x24,0xa0,0x31,0x00,0x00,0x48,0x8b,0x0d,0x61,0xa1,0x00,0x00,0x48,
0x89,0x84,0x24,0xf0,0x1c,0x00,0x00,0x48,0x89,0x8c,0x24,0xb0,0x1c,0x00,0x00,0x48,
0x8b,0x84,0x24,0xb0,0x1c,0x00,0x00,0x48,0x8b,0x8c,0x24,0xf0,0x1c,0x00,0x00,0xff,
0x10,0x48,0x8d,0x84,0x24,0x88,0x31,0x00,0x00,0x48,0x8b,0x0d,0x88,0xa0,0x00,0x00,
0x48,0x89,0x84,0x24,0xb8,0x1c,0x00,0x00,0x48,0x89,0x8c,0x24,0xc0,0x1c,0x00,0x00,
0x48,0x8b,0x84,0x24,0xc0,0x1c,0x00,0x00,0x48,0x8b,0x8c,0x24,0xb8,0x1c,0x00,0x00,
0xff,0x10,0xe9,0x00,0x00,0x00,0x00,0x48,0x8b,0x1d,0x0a,0x9f,0x00,0x00,0x48,0x8d,
0x84,0x24,0x90,0x31,0x00,0x00,0x48,0x8d,0x0d,0x93,0x97,0x00,0x00,0x48,0x8b,0x15,
0xfc,0x9e,0x00,0x00,0x48,0x89,0x84,0x24,0xa0,0x1c,0x00,0x00,0x48,0x89,0x8c,0x24,
0xc8,0x1c,0x00,0x00,0x48,0x89,0x94,0x24,0xd8,0x1c,0x00,0x00,0x48,0x8b,0x84,0x24,
0xd8,0x1c,0x00,0x00,0x48,0x8b,0x8c,0x24,0xa0,0x1c,0x00,0x00,0x48,0x8b,0x94,0x24,
0xc8,0x1c,0x00,0x00,0xff,0x10,0x48,0x8d,0x84,0x24,0x88,0x31,0x00,0x00,0x48,0x8d,
0x0b,0x48,0x8d,0x94,0x24,0x90,0x31,0x00,0x00,0x48,0x8b,0x1d,0x68,0x9f,0x00,0x00,
0x48,0x89,0x8c,0x24,0xe0,0x1c,0x00,0x00,0x48,0x89,0x94,0x24,0xe8,0x1c,0x00,0x00,
0x48,0x89,0xc1,0x48,0x8b,0x94,0x24,0xe0,0x1c,0x00,0x00,0x4c,0x8b,0x84,0x24,0xe8,
0x1c,0x00,0x00,0xff,0x13,0x8a,0x9c,0x24,0x88,0x31,0x00,0x00,0x48,0x8d,0x84,0x24,
0x90,0x31,0x00,0x00,0x48,0x8b,0x0d,0x85,0x9e,0x00,0x00,0x48,0x89,0x84,0x24,0x08,
0x25,0x00,0x00,0x48,0x89,0x8c,0x24,0xe0,0x24,0x00,0x00,0x48,0x8b,0x84,0x24,0xe0,
0x24,0x00,0x00,0x48,0x8b,0x8c,0x24,0x08,0x25,0x00,0x00,0xff,0x10,0x80,0xfb,0x00,
0x0f,0x84,0xe9,0x04,0x00,0x00,0x48,0x8b,0x05,0x3b,0xa0,0x00,0x00,0x48,0x8d,0x8c,
0x24,0x88,0x31,0x00,0x00,0x48,0x8d,0x00,0x48,0x8b,0x15,0x91,0x9f,0x00,0x00,0x48,
0x89,0x84,0x24,0x10,0x25,0x00,0x00,0x48,0x89,0x94,0x24,0x20,0x25,0x00,0x00,0x48,
0x8b,0x84,0x24,0x20,0x25,0x00,0x00,0x48,0x8b,0x94,0x24,0x10,0x25,0x00,0x00,0xff,
0x10,0x48,0x8b,0x4c,0x24,0x48,0x48,0x8b,0x81,0x88,0x01,0x00,0x00,0x48,0x8d,0x94,
0x24,0xa0,0x31,0x00,0x00,0x48,0x8d,0x18,0x48,0x8b,0x00,0x48,0x8b,0x80,0x80,0x00,
0x00,0x00,0x48,0x8b,0x2d,0x4f,0x9f,0x00,0x00,0x48,0x01,0xe8,0x48,0x8b,0x00,0x48,
0x8b,0x00,0x48,0x89,0x94,0x24,0x38,0x2d,0x00,0x00,0x48,0x8b,0x8c,0x24,0x38,0x2d,
0x00,0x00,0x48,0x89,0xda,0xff,0xd0,0x48,0x8b,0x9c,0x24,0xa0,0x31,0x00,0x00,0x48,
0x8d,0x84,0x24,0x08,0x32,0x00,0x00,0x48,0x8b,0x0d,0x22,0x9f,0x00,0x00,0x48,0x89,
0x84,0x24,0x40,0x2d,0x00,0x00,0x48,0x89,0x8c,0x24,0x48,0x2d,0x00,0x00,0x48,0x8b,
0x84,0x24,0x48,0x2d,0x00,0x00,0x48,0x8b,0x8c,0x24,0x40,0x2d,0x00,0x00,0xff,0x10,
0x48,0x8d,0x84,0x24,0xa8,0x31,0x00,0x00,0x48,0x8d,0x8c,0x24,0x08,0x32,0x00,0x00,
0x48,0x8d,0x94,0x24,0x88,0x31,0x00,0x00,0x48,0x8b,0x2d,0xe9,0x9e,0x00,0x00,0x48,
0x89,0x8c,0x24,0x28,0x2d,0x00,0x00,0x48,0x89,0x94,0x24,0x50,0x2d,0x00,0x00,0x48,
0x89,0xc1,0x48,0x8b,0x94,0x24,0x28,0x2d,0x00,0x00,0x4c,0x8b,0x84,0x24,0x50,0x2d,
0x00,0x00,0xff,0x55,0x00,0x48,0x8d,0x03,0x48,0x8d,0x8c,0x24,0xa8,0x31,0x00,0x00,
0x48,0x8b,0x13,0x48,0x8b,0x9a,0x80,0x00,0x00,0x00,0x48,0x8b,0x15,0xaf,0x9e,0x00,
0x00,0x48,0x01,0xd3,0x48,0x8b,0x13,0x48,0x8b,0x12,0x48,0x89,0x84,0x24,0x60,0x2d,
0x00,0x00,0x48,0x89,0x8c,0x24,0x68,0x2d,0x00,0x00,0x48,0x89,0x94,0x24,0x70,0x2d,
0x00,0x00,0x48,0x8b,0x84,0x24,0x70,0x2d,0x00,0x00,0x48,0x8b,0x8c,0x24,0x60,0x2d,
0x00,0x00,0x48,0x8b,0x94,0x24,0x68,0x2d,0x00,0x00,0xff,0xd0,0x48,0x8d,0x84,0x24,
0x08,0x32,0x00,0x00,0x48,0x8b,0x0d,0x6d,0x9e,0x00,0x00,0x48,0x89,0x84,0x24,0x30,
0x2d,0x00,0x00,0x48,0x89,0x8c,0x24,0x20,0x2d,0x00,0x00,0x48,0x8b,0x84,0x24,0x20,
0x2d,0x00,0x00,0x48,0x8b,0x8c,0x24,0x30,0x2d,0x00,0x00,0xff,0x10,0x48,0x8d,0x84,
0x24,0xa8,0x31,0x00,0x00,0x48,0x8b,0x0d,0x44,0x9e,0x00,0x00,0x48,0x89,0x84,0x24,
0xf8,0x2c,0x00,0x00,0x48,0x89,0x8c,0x24,0x18,0x2d,0x00,0x00,0x48,0x8b,0x84,0x24,
0x18,0x2d,0x00,0x00,0x48,0x8b,0x8c,0x24,0xf8,0x2c,0x00,0x00,0xff,0x10,0x48,0x8b,
0x4c,0x24,0x48,0x48,0x8b,0x81,0x88,0x01,0x00,0x00,0x48,0x8d,0x94,0x24,0xa0,0x31,
0x00,0x00,0x48,0x8d,0x18,0x48,0x8b,0x00,0x48,0x8b,0x80,0x80,0x00,0x00,0x00,0x48,
0x8b,0x2d,0xd2,0x9d,0x00,0x00,0x48,0x01,0xe8,0x48,0x8b,0x00,0x48,0x8b,0x00,0x48,
0x89,0x94,0x24,0xd8,0x2c,0x00,0x00,0x48,0x8b,0x8c,0x24,0xd8,0x2c,0x00,0x00,0x48,
0x89,0xda,0xff,0xd0,0x48,0x8b,0x9c,0x24,0xa0,0x31,0x00,0x00,0x48,0x8d,0x84,0x24,
0xa8,0x31,0x00,0x00,0x48,0x8b,0x0d,0xcd,0x9d,0x00,0x00,0x48,0x89,0x84,0x24,0xe0,
0x2c,0x00,0x00,0x48,0x89,0x8c,0x24,0xe8,0x2c,0x00,0x00,0x48,0x8b,0x84,0x24,0xe8,
0x2c,0x00,0x00,0x48,0x8b,0x8c,0x24,0xe0,0x2c,0x00,0x00,0xff,0x10,0x48,0x8d,0x03,
0x48,0x8d,0x8c,0x24,0xa8,0x31,0x00,0x00,0x48,0x8b,0x13,0x48,0x8b,0x9a,0x80,0x00,
0x00,0x00,0x48,0x8b,0x15,0x97,0x9d,0x00,0x00,0x48,0x01,0xd3,0x48,0x8b,0x13,0x48,
0x8b,0x12,0x48,0x89,0x84,0x24,0xc8,0x2c,0x00,0x00,0x48,0x89,0x8c,0x24,0xf0,0x2c,
0x00,0x00,0x48,0x89,0x94,0x24,0x00,0x2d,0x00,0x00,0x48,0x8b,0x84,0x24,0x00,0x2d,
0x00,0x00,0x48,0x8b,0x8c,0x24,0xc8,0x2c,0x00,0x00,0x48,0x8b,0x94,0x24,0xf0,0x2c,
0x00,0x00,0xff,0xd0,0x48,0x8d,0x84,0x24,0xa8,0x31,0x00,0x00,0x48,0x8b,0x0d,0xf5,
0x9c,0x00,0x00,0x48,0x89,0x84,0x24,0x08,0x2d,0x00,0x00,0x48,0x89,0x8c,0x24,0x10,
0x2d,0x00,0x00,0x48,0x8b,0x84,0x24,0x10,0x2d,0x00,0x00,0x48,0x8b,0x8c,0x24,0x08,
0x2d,0x00,0x00,0xff,0x10,0x48,0x8d,0x84,0x24,0xa0,0x31,0x00,0x00,0x48,0x8b,0x4c,
0x24,0x48,0x48,0x8d,0x51,0x10,0x48,0x8b,0x59,0x10,0x48,0x8b,0x9b,0x80,0x00,0x00,
0x00,0x48,0x8b,0x2d,0x10,0x9d,0x00,0x00,0x48,0x01,0xeb,0x48,0x8b,0x1b,0x48,0x8b,
0x1b,0x48,0x89,0xc1,0xff,0xd3,0x48,0x8b,0x84,0x24,0xa0,0x31,0x00,0x00,0x48,0x8b,
0x4c,0x24,0x48,0x48,0x8d,0x91,0xb8,0x07,0x00,0x00,0x48,0x8d,0x19,0x48,0x8d,0xac,
0x24,0x88,0x31,0x00,0x00,0x4c,0x8d,0x08,0x48,0x8b,0x05,0xe1,0x9c,0x00,0x00,0x48,
0x89,0x94,0x24,0x78,0x2d,0x00,0x00,0x48,0x8b,0x8c,0x24,0x78,0x2d,0x00,0x00,0x48,
0x89,0xda,0x49,0x89,0xe8,0xff,0x10,0x48,0x8b,0x94,0x24,0xe8,0x20,0x00,0x00,0x48,
0x8d,0x82,0x90,0x00,0x00,0x00,0x48,0x8d,0x8c,0x24,0x88,0x31,0x00,0x00,0x48,0x8b,
0x1d,0xb3,0x9c,0x00,0x00,0x48,0x89,0x8c,0x24,0x58,0x2d,0x00,0x00,0x48,0x89,0xc1,
0x48,0x8b,0x94,0x24,0x58,0x2d,0x00,0x00,0xff,0x13,0x4c,0x8b,0x84,0x24,0xf0,0x20,
0x00,0x00,0x49,0x8d,0x00,0x48,0x8d,0x0d,0x60,0x93,0x00,0x00,0x48,0x8b,0x15,0x8d,
0x9c,0x00,0x00,0x48,0x89,0x84,0x24,0x80,0x2d,0x00,0x00,0x48,0x89,0x8c,0x24,0x90,
0x2d,0x00,0x00,0x48,0x89,0x94,0x24,0xf8,0x2d,0x00,0x00,0x48,0x8b,0x84,0x24,0xf8,
0x2d,0x00,0x00,0x48,0x8b,0x8c,0x24,0x80,0x2d,0x00,0x00,0x48,0x8b,0x94,0x24,0x90,
0x2d,0x00,0x00,0xff,0x10,0x48,0x8b,0x05,0x5c,0x9c,0x00,0x00,0x48,0x8b,0x00,0x48,
0x8d,0x8c,0x24,0xa0,0x31,0x00,0x00,0x48,0x8b,0x15,0x52,0x9c,0x00,0x00,0xbb,0x08,
0x00,0x00,0x00,0x48,0x89,0x84,0x24,0x00,0x2e,0x00,0x00,0x48,0x89,0x94,0x24,0x08,
0x2e,0x00,0x00,0x48,0x8b,0x84,0x24,0x08,0x2e,0x00,0x00,0x89,0xda,0x4c,0x8b,0x84,
0x24,0x00,0x2e,0x00,0x00,0xff,0x10,0x48,0x8b,0x84,0x24,0xa8,0x31,0x00,0x00,0x48,
0x8d,0x00,0x48,0x8b,0x0d,0x1f,0x9c,0x00,0x00,0x48,0x89,0x84,0x24,0xe8,0x2d,0x00,
0x00,0x48,0x89,0x8c,0x24,0x10,0x2e,0x00,0x00,0x48,0x8b,0x84,0x24,0x10,0x2e,0x00,
0x00,0x48,0x8b,0x8c,0x24,0xe8,0x2d,0x00,0x00,0xff,0x10,0x48,0x8b,0x05,0xfe,0x9b,
0x00,0x00,0x48,0x8d,0x00,0x4c,0x8b,0x84,0x24,0xf0,0x20,0x00,0x00,0x49,0x8d,0x08,
0x48,0x8d,0x94,0x24,0xa0,0x31,0x00,0x00,0x4c,0x8d,0x0d,0x3f,0x91,0x00,0x00,0x48,
0x8d,0x1d,0x38,0x91,0x00,0x00,0x48,0x8b,0x2d,0xdb,0x9b,0x00,0x00,0x48,0x89,0x5c,
0x24,0x20,0x48,0x89,0x8c,0x24,0x20,0x2e,0x00,0x00,0x48,0x89,0x94,0x24,0x28,0x2e,
0x00,0x00,0x48,0x89,0xc1,0x48,0x8b,0x94,0x24,0x20,0x2e,0x00,0x00,0x4c,0x8b,0x84,
0x24,0x28,0x2e,0x00,0x00,0xff,0x55,0x00,0x48,0x8d,0x84,0x24,0xa0,0x31,0x00,0x00,
0x48,0x8b,0x0d,0xa9,0x9b,0x00,0x00,0x48,0x89,0x84,0x24,0x30,0x2e,0x00,0x00,0x48,
0x89,0x8c,0x24,0x38,0x2e,0x00,0x00,0x48,0x8b,0x84,0x24,0x38,0x2e,0x00,0x00,0x48,
0x8b,0x8c,0x24,0x30,0x2e,0x00,0x00,0xff,0x10,0x48,0x8d,0x84,0x24,0x88,0x31,0x00,
0x00,0x48,0x8b,0x0d,0xd0,0x9a,0x00,0x00,0x48,0x89,0x84,0x24,0xf0,0x2d,0x00,0x00,
0x48,0x89,0x8c,0x24,0xe0,0x2d,0x00,0x00,0x48,0x8b,0x84,0x24,0xe0,0x2d,0x00,0x00,
0x48,0x8b,0x8c,0x24,0xf0,0x2d,0x00,0x00,0xff,0x10,0xe9,0x00,0x00,0x00,0x00,0x4c,
0x8b,0x9c,0x24,0xb8,0x2d,0x00,0x00,0x4c,0x89,0x9c,0x24,0x88,0x31,0x00,0x00,0x4c,
0x8d,0x94,0x24,0x88,0x31,0x00,0x00,0x48,0x8d,0x84,0x24,0x90,0x31,0x00,0x00,0x48,
0x89,0x84,0x24,0xd8,0x2d,0x00,0x00,0x48,0x8d,0x84,0x24,0x98,0x31,0x00,0x00,0x48,
0x89,0x84,0x24,0x98,0x2d,0x00,0x00,0x48,0x8b,0x4c,0x24,0x48,0x48,0x8d,0x81,0x48,
0x33,0x00,0x00,0x48,0x8b,0x15,0x16,0x9b,0x00,0x00,0x48,0x89,0x84,0x24,0xa0,0x2d,
0x00,0x00,0x48,0x89,0x94,0x24,0xa8,0x2d,0x00,0x00,0x48,0x8b,0x84,0x24,0xa8,0x2d,
0x00,0x00,0x4c,0x89,0xd1,0x48,0x8b,0x94,0x24,0xa0,0x2d,0x00,0x00,0x48,0x89,0x8c,
0x24,0x88,0x2d,0x00,0x00,0xff,0x10,0x48,0x8d,0x84,0x24,0xa0,0x31,0x00,0x00,0x48,
0x8b,0x0d,0xe2,0x9a,0x00,0x00,0x48,0x89,0x84,0x24,0xb0,0x2d,0x00,0x00,0x48,0x89,
0x8c,0x24,0xc0,0x2d,0x00,0x00,0x48,0x8b,0x84,0x24,0xc0,0x2d,0x00,0x00,0x48,0x8b,
0x8c,0x24,0xb0,0x2d,0x00,0x00,0x48,0x8b,0x94,0x24,0xa0,0x2d,0x00,0x00,0xff,0x10,
0x48,0x8b,0x84,0x24,0xa0,0x31,0x00,0x00,0x48,0x39,0x84,0x24,0x88,0x31,0x00,0x00,
0x0f,0x84,0xb0,0x07,0x00,0x00,0x48,0x8b,0x05,0xa3,0x9a,0x00,0x00,0x48,0x8b,0x8c,
0x24,0xd8,0x2d,0x00,0x00,0x48,0x8b,0x94,0x24,0xa0,0x2d,0x00,0x00,0x4c,0x8b,0x84,
0x24,0x88,0x2d,0x00,0x00,0xff,0x10,0x48,0x8b,0x05,0x8a,0x9a,0x00,0x00,0x48,0x8b,
0x8c,0x24,0x98,0x2d,0x00,0x00,0x48,0x8b,0x94,0x24,0xa0,0x2d,0x00,0x00,0x4c,0x8b,
0x84,0x24,0x88,0x2d,0x00,0x00,0xff,0x10,0x48,0x8b,0x1d,0x49,0x98,0x00,0x00,0x48,
0x8d,0x84,0x24,0xb0,0x31,0x00,0x00,0x48,0x8d,0x0d,0xe1,0x90,0x00,0x00,0x48,0x8b,
0x15,0x3b,0x98,0x00,0x00,0x48,0x89,0x84,0x24,0xc8,0x2d,0x00,0x00,0x48,0x89,0x8c,
0x24,0xd0,0x2d,0x00,0x00,0x48,0x89,0x94,0x24,0xd0,0x2c,0x00,0x00,0x48,0x8b,0x84,
0x24,0xd0,0x2c,0x00,0x00,0x48,0x8b,0x8c,0x24,0xc8,0x2d,0x00,0x00,0x48,0x8b,0x94,
0x24,0xd0,0x2d,0x00,0x00,0xff,0x10,0x48,0x8d,0x84,0x24,0xc0,0x31,0x00,0x00,0x48,
0x8b,0x0d,0x1a,0x9a,0x00,0x00,0x48,0x89,0x84,0x24,0xc0,0x2c,0x00,0x00,0x48,0x89,
0x8c,0x24,0x90,0x2c,0x00,0x00,0x48,0x8b,0x84,0x24,0x90,0x2c,0x00,0x00,0x48,0x8b,
0x8c,0x24,0xc0,0x2c,0x00,0x00,0xff,0x10,0x48,0x8d,0x84,0x24,0xc0,0x31,0x00,0x00,
0x48,0x8d,0x8c,0x24,0x90,0x31,0x00,0x00,0x48,0x8b,0x15,0xe9,0x99,0x00,0x00,0x48,
0x89,0x84,0x24,0xb8,0x2c,0x00,0x00,0x48,0x89,0x8c,0x24,0xb0,0x2b,0x00,0x00,0x48,
0x89,0x94,0x24,0xb8,0x2b,0x00,0x00,0x48,0x8b,0x84,0x24,0xb8,0x2b,0x00,0x00,0x48,
0x8b,0x8c,0x24,0xb8,0x2c,0x00,0x00,0x48,0x8b,0x94,0x24,0xb0,0x2b,0x00,0x00,0xff,
0x10,0x48,0x8d,0x84,0x24,0xd0,0x31,0x00,0x00,0x48,0x8b,0x0d,0xa0,0x99,0x00,0x00,
0x48,0x89,0x84,0x24,0xc0,0x2b,0x00,0x00,0x48,0x89,0x8c,0x24,0xa0,0x2b,0x00,0x00,
0x48,0x8b,0x84,0x24,0xa0,0x2b,0x00,0x00,0x48,0x8b,0x8c,0x24,0xc0,0x2b,0x00,0x00,
0xff,0x10,0x48,0x8d,0x84,0x24,0xb0,0x31,0x00,0x00,0x48,0x8d,0x8c,0x24,0xc0,0x31,
0x00,0x00,0x48,0x8b,0x15,0x77,0x99,0x00,0x00,0x48,0x89,0x84,0x24,0xc8,0x2b,0x00,
0x00,0x48,0x89,0x8c,0x24,0xd8,0x2b,0x00,0x00,0x48,0x89,0x94,0x24,0xe0,0x2b,0x00,
0x00,0x48,0x8b,0x84,0x24,0xe0,0x2b,0x00,0x00,0x48,0x8b,0x8c,0x24,0xc0,0x2b,0x00,
0x00,0x48,0x8b,0x94,0x24,0xc8,0x2b,0x00,0x00,0x4c,0x8b,0x84,0x24,0xd8,0x2b,0x00,
0x00,0xff,0x10,0x48,0x8d,0x84,0x24,0xa8,0x31,0x00,0x00,0x48,0x8d,0x0b,0x48,0x8d,
0x94,0x24,0xd0,0x31,0x00,0x00,0x48,0x8b,0x1d,0xab,0x97,0x00,0x00,0x48,0x89,0x8c,
0x24,0xe8,0x2b,0x00,0x00,0x48,0x89,0x94,0x24,0xa8,0x2b,0x00,0x00,0x48,0x89,0xc1,
0x48,0x8b,0x94,0x24,0xe8,0x2b,0x00,0x00,0x4c,0x8b,0x84,0x24,0xa8,0x2b,0x00,0x00,
0xff,0x13,0x8a,0x9c,0x24,0xa8,0x31,0x00,0x00,0x48,0x8d,0x84,0x24,0xd0,0x31,0x00,
0x00,0x48,0x8b,0x0d,0xc8,0x96,0x00,0x00,0x48,0x89,0x84,0x24,0x98,0x2b,0x00,0x00,
0x48,0x89,0x8c,0x24,0x70,0x2b,0x00,0x00,0x48,0x8b,0x84,0x24,0x70,0x2b,0x00,0x00,
0x48,0x8b,0x8c,0x24,0x98,0x2b,0x00,0x00,0xff,0x10,0x48,0x8d,0x84,0x24,0xc0,0x31,
0x00,0x00,0x48,0x8b,0x0d,0x97,0x96,0x00,0x00,0x48,0x89,0x84,0x24,0x90,0x2b,0x00,
0x00,0x48,0x89,0x8c,0x24,0x50,0x2b,0x00,0x00,0x48,0x8b,0x84,0x24,0x50,0x2b,0x00,
0x00,0x48,0x8b,0x8c,0x24,0x90,0x2b,0x00,0x00,0xff,0x10,0x48,0x8d,0x84,0x24,0xb0,
0x31,0x00,0x00,0x48,0x8b,0x0d,0x66,0x96,0x00,0x00,0x48,0x89,0x84,0x24,0x58,0x2b,
0x00,0x00,0x48,0x89,0x8c,0x24,0x60,0x2b,0x00,0x00,0x48,0x8b,0x84,0x24,0x60,0x2b,
0x00,0x00,0x48,0x8b,0x8c,0x24,0x58,0x2b,0x00,0x00,0xff,0x10,0x80,0xfb,0x00,0x0f,
0x84,0x20,0x05,0x00,0x00,0x48,0x8b,0x84,0x24,0x98,0x31,0x00,0x00,0x48,0x8b,0x40,
0x08,0x48,0x8d,0x8c,0x24,0xc0,0x31,0x00,0x00,0x48,0x8d,0x50,0x08,0x48,0x8b,0x40,
0x08,0x48,0x8b,0x98,0x80,0x00,0x00,0x00,0x48,0x8b,0x05,0x39,0x98,0x00,0x00,0x48,
0x01,0xc3,0x48,0x8b,0x03,0x48,0x8b,0x00,0xff,0xd0,0x48,0x8b,0x84,0x24,0xc0,0x31,
0x00,0x00,0x48,0x8d,0x8c,0x24,0xa8,0x31,0x00,0x00,0x48,0x8d,0x40,0x48,0x48,0x8b,
0x15,0x3b,0x97,0x00,0x00,0x48,0x89,0x84,0x24,0x40,0x2b,0x00,0x00,0x48,0x89,0x94,
0x24,0x68,0x2b,0x00,0x00,0x48,0x8b,0x84,0x24,0x68,0x2b,0x00,0x00,0x48,0x8b,0x94,
0x24,0x40,0x2b,0x00,0x00,0xff,0x10,0x48,0x8b,0x4c,0x24,0x48,0x48,0x8b,0x81,0x88,
0x01,0x00,0x00,0x48,0x8d,0x94,0x24,0xc0,0x31,0x00,0x00,0x48,0x8d,0x18,0x48,0x8b,
0x00,0x48,0x8b,0x80,0x80,0x00,0x00,0x00,0x48,0x8b,0x2d,0xf9,0x96,0x00,0x00,0x48,
0x01,0xe8,0x48,0x8b,0x00,0x48,0x8b,0x00,0x48,0x89,0x94,0x24,0x78,0x2b,0x00,0x00,
0x48,0x8b,0x8c,0x24,0x78,0x2b,0x00,0x00,0x48,0x89,0xda,0xff,0xd0,0x48,0x8b,0x9c,
0x24,0xc0,0x31,0x00,0x00,0x48,0x8d,0x84,0x24,0x28,0x32,0x00,0x00,0x48,0x8b,0x0d,
0xcc,0x96,0x00,0x00,0x48,0x89,0x84,0x24,0x80,0x2b,0x00,0x00,0x48,0x89,0x8c,0x24,
0x88,0x2b,0x00,0x00,0x48,0x8b,0x84,0x24,0x88,0x2b,0x00,0x00,0x48,0x8b,0x8c,0x24,
0x80,0x2b,0x00,0x00,0xff,0x10,0x48,0x8d,0x84,0x24,0xc8,0x31,0x00,0x00,0x48,0x8d,
0x8c,0x24,0x28,0x32,0x00,0x00,0x48,0x8d,0x94,0x24,0xa8,0x31,0x00,0x00,0x48,0x8b,
0x2d,0x93,0x96,0x00,0x00,0x48,0x89,0x8c,0x24,0xf0,0x2b,0x00,0x00,0x48,0x89,0x94,
0x24,0xd0,0x2b,0x00,0x00,0x48,0x89,0xc1,0x48,0x8b,0x94,0x24,0xf0,0x2b,0x00,0x00,
0x4c,0x8b,0x84,0x24,0xd0,0x2b,0x00,0x00,0xff,0x55,0x00,0x48,0x8d,0x03,0x48,0x8d,
0x8c,0x24,0xc8,0x31,0x00,0x00,0x48,0x8b,0x13,0x48,0x8b,0x9a,0x80,0x00,0x00,0x00,
0x48,0x8b,0x15,0x59,0x96,0x00,0x00,0x48,0x01,0xd3,0x48,0x8b,0x13,0x48,0x8b,0x12,
0x48,0x89,0x84,0x24,0xf8,0x2b,0x00,0x00,0x48,0x89,0x8c,0x24,0x08,0x2c,0x00,0x00,
0x48,0x89,0x94,0x24,0x70,0x2c,0x00,0x00,0x48,0x8b,0x84,0x24,0x70,0x2c,0x00,0x00,
0x48,0x8b,0x8c,0x24,0xf8,0x2b,0x00,0x00,0x48,0x8b,0x94,0x24,0x08,0x2c,0x00,0x00,
0xff,0xd0,0x48,0x8d,0x84,0x24,0x28,0x32,0x00,0x00,0x48,0x8b,0x0d,0x17,0x96,0x00,
0x00,0x48,0x89,0x84,0x24,0x78,0x2c,0x00,0x00,0x48,0x89,0x8c,0x24,0x80,0x2c,0x00,
0x00,0x48,0x8b,0x84,0x24,0x80,0x2c,0x00,0x00,0x48,0x8b,0x8c,0x24,0x78,0x2c,0x00,
0x00,0xff,0x10,0x48,0x8d,0x84,0x24,0xc8,0x31,0x00,0x00,0x48,0x8b,0x0d,0xee,0x95,
0x00,0x00,0x48,0x89,0x84,0x24,0x60,0x2c,0x00,0x00,0x48,0x89,0x8c,0x24,0x88,0x2c,
0x00,0x00,0x48,0x8b,0x84,0x24,0x88,0x2c,0x00,0x00,0x48,0x8b,0x8c,0x24,0x60,0x2c,
0x00,0x00,0xff,0x10,0x48,0x8b,0x4c,0x24,0x48,0x48,0x8b,0x81,0x88,0x01,0x00,0x00,
0x48,0x8d,0x94,0x24,0xc0,0x31,0x00,0x00,0x48,0x8d,0x18,0x48,0x8b,0x00,0x48,0x8b,
0x80,0x80,0x00,0x00,0x00,0x48,0x8b,0x2d,0x7c,0x95,0x00,0x00,0x48,0x01,0xe8,0x48,
0x8b,0x00,0x48,0x8b,0x00,0x48,0x89,0x94,0x24,0x98,0x2c,0x00,0x00,0x48,0x8b,0x8c,
0x24,0x98,0x2c,0x00,0x00,0x48,0x89,0xda,0xff,0xd0,0x48,0x8b,0x9c,0x24,0xc0,0x31,
0x00,0x00,0x48,0x8d,0x84,0x24,0xc8,0x31,0x00,0x00,0x48,0x8b,0x0d,0x77,0x95,0x00,
0x00,0x48,0x89,0x84,0x24,0xa0,0x2c,0x00,0x00,0x48,0x89,0x8c,0x24,0xa8,0x2c,0x00,
0x00,0x48,0x8b,0x84,0x24,0xa8,0x2c,0x00,0x00,0x48,0x8b,0x8c,0x24,0xa0,0x2c,0x00,
0x00,0xff,0x10,0x48,0x8d,0x03,0x48,0x8d,0x8c,0x24,0xc8,0x31,0x00,0x00,0x48,0x8b,
0x13,0x48,0x8b,0x9a,0x80,0x00,0x00,0x00,0x48,0x8b,0x15,0x41,0x95,0x00,0x00,0x48,
0x01,0xd3,0x48,0x8b,0x13,0x48,0x8b,0x12,0x48,0x89,0x84,0x24,0xb0,0x2c,0x00,0x00,
0x48,0x89,0x8c,0x24,0x68,0x2c,0x00,0x00,0x48,0x89,0x94,0x24,0x58,0x2c,0x00,0x00,
0x48,0x8b,0x84,0x24,0x58,0x2c,0x00,0x00,0x48,0x8b,0x8c,0x24,0xb0,0x2c,0x00,0x00,
0x48,0x8b,0x94,0x24,0x68,0x2c,0x00,0x00,0xff,0xd0,0x48,0x8d,0x84,0x24,0xc8,0x31,
0x00,0x00,0x48,0x8b,0x0d,0x9f,0x94,0x00,0x00,0x48,0x89,0x84,0x24,0x30,0x2c,0x00,
0x00,0x48,0x89,0x8c,0x24,0x50,0x2c,0x00,0x00,0x48,0x8b,0x84,0x24,0x50,0x2c,0x00,
0x00,0x48,0x8b,0x8c,0x24,0x30,0x2c,0x00,0x00,0xff,0x10,0x48,0x8d,0x84,0x24,0xc0,
0x31,0x00,0x00,0x48,0x8b,0x4c,0x24,0x48,0x48,0x8d,0x51,0x10,0x48,0x8b,0x59,0x10,
0x48,0x8b,0x9b,0x80,0x00,0x00,0x00,0x48,0x8b,0x2d,0xba,0x94,0x00,0x00,0x48,0x01,
0xeb,0x48,0x8b,0x1b,0x48,0x8b,0x1b,0x48,0x89,0xc1,0xff,0xd3,0x48,0x8b,0x84,0x24,
0xc0,0x31,0x00,0x00,0x48,0x8b,0x4c,0x24,0x48,0x48,0x8d,0x91,0xb8,0x07,0x00,0x00,
0x48,0x8d,0x19,0x48,0x8d,0xac,0x24,0xa8,0x31,0x00,0x00,0x4c,0x8d,0x08,0x48,0x8b,
0x05,0x8b,0x94,0x00,0x00,0x48,0x89,0x94,0x24,0x10,0x2c,0x00,0x00,0x48,0x8b,0x8c,
0x24,0x10,0x2c,0x00,0x00,0x48,0x89,0xda,0x49,0x89,0xe8,0xff,0x10,0x48,0x8b,0x94,
0x24,0xe8,0x20,0x00,0x00,0x48,0x8d,0x82,0x90,0x00,0x00,0x00,0x48,0x8d,0x8c,0x24,
0xa8,0x31,0x00,0x00,0x48,0x8b,0x1d,0x5d,0x94,0x00,0x00,0x48,0x89,0x8c,0x24,0x18,
0x2c,0x00,0x00,0x48,0x89,0xc1,0x48,0x8b,0x94,0x24,0x18,0x2c,0x00,0x00,0xff,0x13,
0x4c,0x8b,0x84,0x24,0xf0,0x20,0x00,0x00,0x49,0x8d,0x00,0x48,0x8d,0x0d,0x0a,0x8b,
0x00,0x00,0x48,0x8b,0x15,0x37,0x94,0x00,0x00,0x48,0x89,0x84,0x24,0x20,0x2c,0x00,
0x00,0x48,0x89,0x8c,0x24,0x00,0x2c,0x00,0x00,0x48,0x89,0x94,0x24,0x28,0x2c,0x00,
0x00,0x48,0x8b,0x84,0x24,0x28,0x2c,0x00,0x00,0x48,0x8b,0x8c,0x24,0x20,0x2c,0x00,
0x00,0x48,0x8b,0x94,0x24,0x00,0x2c,0x00,0x00,0xff,0x10,0x48,0x8b,0x05,0x06,0x94,
0x00,0x00,0x48,0x8b,0x00,0x48,0x8d,0x8c,0x24,0xc0,0x31,0x00,0x00,0x48,0x8b,0x15,
0xfc,0x93,0x00,0x00,0xbb,0x08,0x00,0x00,0x00,0x48,0x89,0x84,0x24,0x38,0x2c,0x00,
0x00,0x48,0x89,0x94,0x24,0x40,0x2c,0x00,0x00,0x48,0x8b,0x84,0x24,0x40,0x2c,0x00,
0x00,0x89,0xda,0x4c,0x8b,0x84,0x24,0x38,0x2c,0x00,0x00,0xff,0x10,0x48,0x8b,0x84,
0x24,0xc8,0x31,0x00,0x00,0x48,0x8d,0x00,0x48,0x8b,0x0d,0xc9,0x93,0x00,0x00,0x48,
0x89,0x84,0x24,0x48,0x2c,0x00,0x00,0x48,0x89,0x8c,0x24,0x40,0x2e,0x00,0x00,0x48,
0x8b,0x84,0x24,0x40,0x2e,0x00,0x00,0x48,0x8b,0x8c,0x24,0x48,0x2c,0x00,0x00,0xff,
0x10,0x48,0x8b,0x05,0xa8,0x93,0x00,0x00,0x48,0x8d,0x00,0x4c,0x8b,0x84,0x24,0xf0,
0x20,0x00,0x00,0x49,0x8d,0x08,0x48,0x8d,0x94,0x24,0xc0,0x31,0x00,0x00,0x4c,0x8d,
0x0d,0xe9,0x88,0x00,0x00,0x48,0x8d,0x1d,0xe2,0x88,0x00,0x00,0x48,0x8b,0x2d,0x85,
0x93,0x00,0x00,0x48,0x89,0x5c,0x24,0x20,0x48,0x89,0x8c,0x24,0x18,0x2e,0x00,0x00,
0x48,0x89,0x94,0x24,0x48,0x2e,0x00,0x00,0x48,0x89,0xc1,0x48,0x8b,0x94,0x24,0x18,
0x2e,0x00,0x00,0x4c,0x8b,0x84,0x24,0x48,0x2e,0x00,0x00,0xff,0x55,0x00,0x48,0x8d,
0x84,0x24,0xc0,0x31,0x00,0x00,0x48,0x8b,0x0d,0x53,0x93,0x00,0x00,0x48,0x89,0x84,
0x24,0x58,0x2e,0x00,0x00,0x48,0x89,0x8c,0x24,0x48,0x30,0x00,0x00,0x48,0x8b,0x84,
0x24,0x48,0x30,0x00,0x00,0x48,0x8b,0x8c,0x24,0x58,0x2e,0x00,0x00,0xff,0x10,0x48,
0x8d,0x84,0x24,0xa8,0x31,0x00,0x00,0x48,0x8b,0x0d,0x7a,0x92,0x00,0x00,0x48,0x89,
0x84,0x24,0x50,0x30,0x00,0x00,0x48,0x89,0x8c,0x24,0x58,0x30,0x00,0x00,0x48,0x8b,
0x84,0x24,0x58,0x30,0x00,0x00,0x48,0x8b,0x8c,0x24,0x50,0x30,0x00,0x00,0xff,0x10,
0xe9,0x00,0x00,0x00,0x00,0x48,0x8b,0x05,0x44,0x93,0x00,0x00,0x48,0x8b,0x8c,0x24,
0x88,0x2d,0x00,0x00,0x48,0x8b,0x94,0x24,0xa0,0x2d,0x00,0x00,0x49,0x89,0xc8,0xff,
0x10,0xe9,0x01,0xf8,0xff,0xff,0x48,0x8b,0x1d,0xdb,0x90,0x00,0x00,0x48,0x8d,0x84,
0x24,0x98,0x31,0x00,0x00,0x48,0x8d,0x0d,0x7c,0x89,0x00,0x00,0x48,0x8b,0x15,0xcd,
0x90,0x00,0x00,0x48,0x89,0x84,0x24,0x38,0x30,0x00,0x00,0x48,0x89,0x8c,0x24,0x60,
0x30,0x00,0x00,0x48,0x89,0x94,0x24,0x70,0x30,0x00,0x00,0x48,0x8b,0x84,0x24,0x70,
0x30,0x00,0x00,0x48,0x8b,0x8c,0x24,0x38,0x30,0x00,0x00,0x48,0x8b,0x94,0x24,0x60,
0x30,0x00,0x00,0xff,0x10,0x48,0x8d,0x84,0x24,0x90,0x31,0x00,0x00,0x48,0x8d,0x0b,
0x48,0x8d,0x94,0x24,0x98,0x31,0x00,0x00,0x48,0x8b,0x1d,0x39,0x91,0x00,0x00,0x48,
0x89,0x8c,0x24,0x78,0x30,0x00,0x00,0x48,0x89,0x94,0x24,0x80,0x30,0x00,0x00,0x48,
0x89,0xc1,0x48,0x8b,0x94,0x24,0x78,0x30,0x00,0x00,0x4c,0x8b,0x84,0x24,0x80,0x30,
0x00,0x00,0xff,0x13,0x8a,0x9c,0x24,0x90,0x31,0x00,0x00,0x48,0x8d,0x84,0x24,0x98,
0x31,0x00,0x00,0x48,0x8b,0x0d,0x56,0x90,0x00,0x00,0x48,0x89,0x84,0x24,0x88,0x30,
0x00,0x00,0x48,0x89,0x8c,0x24,0x40,0x30,0x00,0x00,0x48,0x8b,0x84,0x24,0x40,0x30,
0x00,0x00,0x48,0x8b,0x8c,0x24,0x88,0x30,0x00,0x00,0xff,0x10,0x80,0xfb,0x00,0x0f,
0x84,0xf7,0x04,0x00,0x00,0x48,0x8d,0x84,0x24,0x90,0x31,0x00,0x00,0x48,0x8d,0x0d,
0xc4,0x88,0x00,0x00,0x48,0x8d,0x15,0xc5,0x88,0x00,0x00,0x4c,0x8d,0x0d,0xc6,0x88,
0x00,0x00,0x48,0x8b,0x1d,0x2f,0x91,0x00,0x00,0x48,0x89,0x8c,0x24,0x30,0x30,0x00,
0x00,0x48,0x89,0x94,0x24,0x08,0x30,0x00,0x00,0x48,0x89,0xc1,0x48,0x8b,0x94,0x24,
0x30,0x30,0x00,0x00,0x4c,0x8b,0x84,0x24,0x08,0x30,0x00,0x00,0xff,0x13,0x48,0x8b,
0x4c,0x24,0x48,0x48,0x8b,0x81,0x88,0x01,0x00,0x00,0x48,0x8d,0x94,0x24,0xa8,0x31,
0x00,0x00,0x48,0x8d,0x18,0x48,0x8b,0x00,0x48,0x8b,0x80,0x80,0x00,0x00,0x00,0x48,
0x8b,0x2d,0x12,0x91,0x00,0x00,0x48,0x01,0xe8,0x48,0x8b,0x00,0x48,0x8b,0x00,0x48,
0x89,0x94,0x24,0x28,0x30,0x00,0x00,0x48,0x8b,0x8c,0x24,0x28,0x30,0x00,0x00,0x48,
0x89,0xda,0xff,0xd0,0x48,0x8b,0x9c,0x24,0xa8,0x31,0x00,0x00,0x48,0x8d,0x84,0x24,
0x10,0x32,0x00,0x00,0x48,0x8b,0x0d,0xe5,0x90,0x00,0x00,0x48,0x89,0x84,0x24,0xe8,
0x2f,0x00,0x00,0x48,0x89,0x8c,0x24,0xf0,0x2f,0x00,0x00,0x48,0x8b,0x84,0x24,0xf0,
0x2f,0x00,0x00,0x48,0x8b,0x8c,0x24,0xe8,0x2f,0x00,0x00,0xff,0x10,0x48,0x8d,0x84,
0x24,0xb0,0x31,0x00,0x00,0x48,0x8d,0x8c,0x24,0x10,0x32,0x00,0x00,0x48,0x8d,0x94,
0x24,0x90,0x31,0x00,0x00,0x48,0x8b,0x2d,0xac,0x90,0x00,0x00,0x48,0x89,0x8c,0x24,
0xf8,0x2f,0x00,0x00,0x48,0x89,0x94,0x24,0xd8,0x2f,0x00,0x00,0x48,0x89,0xc1,0x48,
0x8b,0x94,0x24,0xf8,0x2f,0x00,0x00,0x4c,0x8b,0x84,0x24,0xd8,0x2f,0x00,0x00,0xff,
0x55,0x00,0x48,0x8d,0x03,0x48,0x8d,0x8c,0x24,0xb0,0x31,0x00,0x00,0x48,0x8b,0x13,
0x48,0x8b,0x9a,0x80,0x00,0x00,0x00,0x48,0x8b,0x15,0x72,0x90,0x00,0x00,0x48,0x01,
0xd3,0x48,0x8b,0x13,0x48,0x8b,0x12,0x48,0x89,0x84,0x24,0x00,0x30,0x00,0x00,0x48,
0x89,0x8c,0x24,0x10,0x30,0x00,0x00,0x48,0x89,0x94,0x24,0x18,0x30,0x00,0x00,0x48,
0x8b,0x84,0x24,0x18,0x30,0x00,0x00,0x48,0x8b,0x8c,0x24,0x00,0x30,0x00,0x00,0x48,
0x8b,0x94,0x24,0x10,0x30,0x00,0x00,0xff,0xd0,0x48,0x8d,0x84,0x24,0x10,0x32,0x00,
0x00,0x48,0x8b,0x0d,0x30,0x90,0x00,0x00,0x48,0x89,0x84,0x24,0x20,0x30,0x00,0x00,
0x48,0x89,0x8c,0x24,0x90,0x30,0x00,0x00,0x48,0x8b,0x84,0x24,0x90,0x30,0x00,0x00,
0x48,0x8b,0x8c,0x24,0x20,0x30,0x00,0x00,0xff,0x10,0x48,0x8d,0x84,0x24,0xb0,0x31,
0x00,0x00,0x48,0x8b,0x0d,0x07,0x90,0x00,0x00,0x48,0x89,0x84,0x24,0x68,0x30,0x00,
0x00,0x48,0x89,0x8c,0x24,0x98,0x30,0x00,0x00,0x48,0x8b,0x84,0x24,0x98,0x30,0x00,
0x00,0x48,0x8b,0x8c,0x24,0x68,0x30,0x00,0x00,0xff,0x10,0x48,0x8b,0x4c,0x24,0x48,
0x48,0x8b,0x81,0x88,0x01,0x00,0x00,0x48,0x8d,0x94,0x24,0xa8,0x31,0x00,0x00,0x48,
0x8d,0x18,0x48,0x8b,0x00,0x48,0x8b,0x80,0x80,0x00,0x00,0x00,0x48,0x8b,0x2d,0x95,
0x8f,0x00,0x00,0x48,0x01,0xe8,0x48,0x8b,0x00,0x48,0x8b,0x00,0x48,0x89,0x94,0x24,
0xa8,0x30,0x00,0x00,0x48,0x8b,0x8c,0x24,0xa8,0x30,0x00,0x00,0x48,0x89,0xda,0xff,
0xd0,0x48,0x8b,0x9c,0x24,0xa8,0x31,0x00,0x00,0x48,0x8d,0x84,0x24,0xb0,0x31,0x00,
0x00,0x48,0x8b,0x0d,0x90,0x8f,0x00,0x00,0x48,0x89,0x84,0x24,0x10,0x31,0x00,0x00,
0x48,0x89,0x8c,0x24,0x18,0x31,0x00,0x00,0x48,0x8b,0x84,0x24,0x18,0x31,0x00,0x00,
0x48,0x8b,0x8c,0x24,0x10,0x31,0x00,0x00,0xff,0x10,0x48,0x8d,0x03,0x48,0x8d,0x8c,
0x24,0xb0,0x31,0x00,0x00,0x48,0x8b,0x13,0x48,0x8b,0x9a,0x80,0x00,0x00,0x00,0x48,
0x8b,0x15,0x5a,0x8f,0x00,0x00,0x48,0x01,0xd3,0x48,0x8b,0x13,0x48,0x8b,0x12,0x48,
0x89,0x84,0x24,0x20,0x31,0x00,0x00,0x48,0x89,0x8c,0x24,0x00,0x31,0x00,0x00,0x48,
0x89,0x94,0x24,0x28,0x31,0x00,0x00,0x48,0x8b,0x84,0x24,0x28,0x31,0x00,0x00,0x48,
0x8b,0x8c,0x24,0x20,0x31,0x00,0x00,0x48,0x8b,0x94,0x24,0x00,0x31,0x00,0x00,0xff,
0xd0,0x48,0x8d,0x84,0x24,0xb0,0x31,0x00,0x00,0x48,0x8b,0x0d,0xb8,0x8e,0x00,0x00,
0x48,0x89,0x84,0x24,0x70,0x32,0x00,0x00,0x48,0x89,0x8c,0x24,0x78,0x32,0x00,0x00,
0x48,0x8b,0x84,0x24,0x78,0x32,0x00,0x00,0x48,0x8b,0x8c,0x24,0x70,0x32,0x00,0x00,
0xff,0x10,0x48,0x8d,0x84,0x24,0xa8,0x31,0x00,0x00,0x48,0x8b,0x4c,0x24,0x48,0x48,
0x8d,0x51,0x10,0x48,0x8b,0x59,0x10,0x48,0x8b,0x9b,0x80,0x00,0x00,0x00,0x48,0x8b,
0x2d,0xd3,0x8e,0x00,0x00,0x48,0x01,0xeb,0x48,0x8b,0x1b,0x48,0x8b,0x1b,0x48,0x89,
0xc1,0xff,0xd3,0x48,0x8b,0x84,0x24,0xa8,0x31,0x00,0x00,0x48,0x8b,0x4c,0x24,0x48,
0x48,0x8d,0x91,0xb8,0x07,0x00,0x00,0x48,0x8d,0x19,0x48,0x8d,0xac,0x24,0x90,0x31,
0x00,0x00,0x4c,0x8d,0x08,0x48,0x8b,0x05,0xa4,0x8e,0x00,0x00,0x48,0x89,0x94,0x24,
0x80,0x32,0x00,0x00,0x48,0x8b,0x8c,0x24,0x80,0x32,0x00,0x00,0x48,0x89,0xda,0x49,
0x89,0xe8,0xff,0x10,0x48,0x8b,0x94,0x24,0xe8,0x20,0x00,0x00,0x48,0x8d,0x82,0x90,
0x00,0x00,0x00,0x48,0x8d,0x8c,0x24,0x90,0x31,0x00,0x00,0x48,0x8b,0x1d,0x76,0x8e,
0x00,0x00,0x48,0x89,0x8c,0x24,0x88,0x32,0x00,0x00,0x48,0x89,0xc1,0x48,0x8b,0x94,
0x24,0x88,0x32,0x00,0x00,0xff,0x13,0x4c,0x8b,0x84,0x24,0xf0,0x20,0x00,0x00,0x49,
0x8d,0x00,0x48,0x8d,0x0d,0x23,0x85,0x00,0x00,0x48,0x8b,0x15,0x50,0x8e,0x00,0x00,
0x48,0x89,0x84,0x24,0x08,0x31,0x00,0x00,0x48,0x89,0x8c,0x24,0xf8,0x30,0x00,0x00,
0x48,0x89,0x94,0x24,0xd0,0x30,0x00,0x00,0x48,0x8b,0x84,0x24,0xd0,0x30,0x00,0x00,
0x48,0x8b,0x8c,0x24,0x08,0x31,0x00,0x00,0x48,0x8b,0x94,0x24,0xf8,0x30,0x00,0x00,
0xff,0x10,0x48,0x8b,0x05,0x1f,0x8e,0x00,0x00,0x48,0x8b,0x00,0x48,0x8d,0x8c,0x24,
0xa8,0x31,0x00,0x00,0x48,0x8b,0x15,0x15,0x8e,0x00,0x00,0xbb,0x08,0x00,0x00,0x00,
0x48,0x89,0x84,0x24,0xf0,0x30,0x00,0x00,0x48,0x89,0x94,0x24,0xb0,0x30,0x00,0x00,
0x48,0x8b,0x84,0x24,0xb0,0x30,0x00,0x00,0x89,0xda,0x4c,0x8b,0x84,0x24,0xf0,0x30,
0x00,0x00,0xff,0x10,0x48,0x8b,0x84,0x24,0xb0,0x31,0x00,0x00,0x48,0x8d,0x00,0x48,
0x8b,0x0d,0xe2,0x8d,0x00,0x00,0x48,0x89,0x84,0x24,0xb8,0x30,0x00,0x00,0x48,0x89,
0x8c,0x24,0xc0,0x30,0x00,0x00,0x48,0x8b,0x84,0x24,0xc0,0x30,0x00,0x00,0x48,0x8b,
0x8c,0x24,0xb8,0x30,0x00,0x00,0xff,0x10,0x48,0x8b,0x05,0xc1,0x8d,0x00,0x00,0x48,
0x8d,0x00,0x4c,0x8b,0x84,0x24,0xf0,0x20,0x00,0x00,0x49,0x8d,0x08,0x48,0x8d,0x94,
0x24,0xa8,0x31,0x00,0x00,0x4c,0x8d,0x0d,0x02,0x83,0x00,0x00,0x48,0x8d,0x1d,0xfb,
0x82,0x00,0x00,0x48,0x8b,0x2d,0x9e,0x8d,0x00,0x00,0x48,0x89,0x5c,0x24,0x20,0x48,
0x89,0x8c,0x24,0xa0,0x30,0x00,0x00,0x48,0x89,0x94,0x24,0xc8,0x30,0x00,0x00,0x48,
0x89,0xc1,0x48,0x8b,0x94,0x24,0xa0,0x30,0x00,0x00,0x4c,0x8b,0x84,0x24,0xc8,0x30,
0x00,0x00,0xff,0x55,0x00,0x48,0x8d,0x84,0x24,0xa8,0x31,0x00,0x00,0x48,0x8b,0x0d,
0x6c,0x8d,0x00,0x00,0x48,0x89,0x84,0x24,0xd8,0x30,0x00,0x00,0x48,0x89,0x8c,0x24,
0xe0,0x30,0x00,0x00,0x48,0x8b,0x84,0x24,0xe0,0x30,0x00,0x00,0x48,0x8b,0x8c,0x24,
0xd8,0x30,0x00,0x00,0xff,0x10,0x48,0x8d,0x84,0x24,0x90,0x31,0x00,0x00,0x48,0x8b,
0x0d,0x93,0x8c,0x00,0x00,0x48,0x89,0x84,0x24,0xe8,0x30,0x00,0x00,0x48,0x89,0x8c,
0x24,0xe0,0x2f,0x00,0x00,0x48,0x8b,0x84,0x24,0xe0,0x2f,0x00,0x00,0x48,0x8b,0x8c,
0x24,0xe8,0x30,0x00,0x00,0xff,0x10,0xe9,0x00,0x00,0x00,0x00,0x48,0x8b,0x1d,0x15,
0x8b,0x00,0x00,0x48,0x8d,0x84,0x24,0x98,0x31,0x00,0x00,0x48,0x8d,0x0d,0xde,0x83,
0x00,0x00,0x48,0x8b,0x15,0x07,0x8b,0x00,0x00,0x48,0x89,0x84,0x24,0xd0,0x2f,0x00,
0x00,0x48,0x89,0x8c,0x24,0xa0,0x2f,0x00,0x00,0x48,0x89,0x94,0x24,0xc8,0x2f,0x00,
0x00,0x48,0x8b,0x84,0x24,0xc8,0x2f,0x00,0x00,0x48,0x8b,0x8c,0x24,0xd0,0x2f,0x00,
0x00,0x48,0x8b,0x94,0x24,0xa0,0x2f,0x00,0x00,0xff,0x10,0x48,0x8d,0x84,0x24,0x90,
0x31,0x00,0x00,0x48,0x8d,0x0b,0x48,0x8d,0x94,0x24,0x98,0x31,0x00,0x00,0x48,0x8b,
0x1d,0x73,0x8b,0x00,0x00,0x48,0x89,0x8c,0x24,0xc0,0x2e,0x00,0x00,0x48,0x89,0x94,
0x24,0xc8,0x2e,0x00,0x00,0x48,0x89,0xc1,0x48,0x8b,0x94,0x24,0xc0,0x2e,0x00,0x00,
0x4c,0x8b,0x84,0x24,0xc8,0x2e,0x00,0x00,0xff,0x13,0x8a,0x9c,0x24,0x90,0x31,0x00,
0x00,0x48,0x8d,0x84,0x24,0x98,0x31,0x00,0x00,0x48,0x8b,0x0d,0x90,0x8a,0x00,0x00,
0x48,0x89,0x84,0x24,0xd0,0x2e,0x00,0x00,0x48,0x89,0x8c,0x24,0xb0,0x2e,0x00,0x00,
0x48,0x8b,0x84,0x24,0xb0,0x2e,0x00,0x00,0x48,0x8b,0x8c,0x24,0xd0,0x2e,0x00,0x00,
0xff,0x10,0x80,0xfb,0x00,0x0f,0x84,0xf7,0x04,0x00,0x00,0x48,0x8d,0x84,0x24,0x90,
0x31,0x00,0x00,0x48,0x8d,0x0d,0x26,0x83,0x00,0x00,0x48,0x8d,0x15,0x27,0x83,0x00,
0x00,0x4c,0x8d,0x0d,0x28,0x83,0x00,0x00,0x48,0x8b,0x1d,0x69,0x8b,0x00,0x00,0x48,
0x89,0x8c,0x24,0xd8,0x2e,0x00,0x00,0x48,0x89,0x94,0x24,0xe8,0x2e,0x00,0x00,0x48,
0x89,0xc1,0x48,0x8b,0x94,0x24,0xd8,0x2e,0x00,0x00,0x4c,0x8b,0x84,0x24,0xe8,0x2e,
0x00,0x00,0xff,0x13,0x48,0x8b,0x4c,0x24,0x48,0x48,0x8b,0x81,0x88,0x01,0x00,0x00,
0x48,0x8d,0x94,0x24,0xa8,0x31,0x00,0x00,0x48,0x8d,0x18,0x48,0x8b,0x00,0x48,0x8b,
0x80,0x80,0x00,0x00,0x00,0x48,0x8b,0x2d,0x4c,0x8b,0x00,0x00,0x48,0x01,0xe8,0x48,
0x8b,0x00,0x48,0x8b,0x00,0x48,0x89,0x94,0x24,0xf0,0x2e,0x00,0x00,0x48,0x8b,0x8c,
0x24,0xf0,0x2e,0x00,0x00,0x48,0x89,0xda,0xff,0xd0,0x48,0x8b,0x9c,0x24,0xa8,0x31,
0x00,0x00,0x48,0x8d,0x84,0x24,0x10,0x32,0x00,0x00,0x48,0x8b,0x0d,0x1f,0x8b,0x00,
0x00,0x48,0x89,0x84,0x24,0xf8,0x2e,0x00,0x00,0x48,0x89,0x8c,0x24,0xb8,0x2e,0x00,
0x00,0x48,0x8b,0x84,0x24,0xb8,0x2e,0x00,0x00,0x48,0x8b,0x8c,0x24,0xf8,0x2e,0x00,
0x00,0xff,0x10,0x48,0x8d,0x84,0x24,0xb0,0x31,0x00,0x00,0x48,0x8d,0x8c,0x24,0x10,
0x32,0x00,0x00,0x48,0x8d,0x94,0x24,0x90,0x31,0x00,0x00,0x48,0x8b,0x2d,0xe6,0x8a,
0x00,0x00,0x48,0x89,0x8c,0x24,0xa8,0x2e,0x00,0x00,0x48,0x89,0x94,0x24,0x80,0x2e,
0x00,0x00,0x48,0x89,0xc1,0x48,0x8b,0x94,0x24,0xa8,0x2e,0x00,0x00,0x4c,0x8b,0x84,
0x24,0x80,0x2e,0x00,0x00,0xff,0x55,0x00,0x48,0x8d,0x03,0x48,0x8d,0x8c,0x24,0xb0,
0x31,0x00,0x00,0x48,0x8b,0x13,0x48,0x8b,0x9a,0x80,0x00,0x00,0x00,0x48,0x8b,0x15,
0xac,0x8a,0x00,0x00,0x48,0x01,0xd3,0x48,0x8b,0x13,0x48,0x8b,0x12,0x48,0x89,0x84,
0x24,0xa0,0x2e,0x00,0x00,0x48,0x89,0x8c,0x24,0x60,0x2e,0x00,0x00,0x48,0x89,0x94,
0x24,0x68,0x2e,0x00,0x00,0x48,0x8b,0x84,0x24,0x68,0x2e,0x00,0x00,0x48,0x8b,0x8c,
0x24,0xa0,0x2e,0x00,0x00,0x48,0x8b,0x94,0x24,0x60,0x2e,0x00,0x00,0xff,0xd0,0x48,
0x8d,0x84,0x24,0x10,0x32,0x00,0x00,0x48,0x8b,0x0d,0x6a,0x8a,0x00,0x00,0x48,0x89,
0x84,0x24,0x70,0x2e,0x00,0x00,0x48,0x89,0x8c,0x24,0x50,0x2e,0x00,0x00,0x48,0x8b,
0x84,0x24,0x50,0x2e,0x00,0x00,0x48,0x8b,0x8c,0x24,0x70,0x2e,0x00,0x00,0xff,0x10,
0x48,0x8d,0x84,0x24,0xb0,0x31,0x00,0x00,0x48,0x8b,0x0d,0x41,0x8a,0x00,0x00,0x48,
0x89,0x84,0x24,0x78,0x2e,0x00,0x00,0x48,0x89,0x8c,0x24,0x88,0x2e,0x00,0x00,0x48,
0x8b,0x84,0x24,0x88,0x2e,0x00,0x00,0x48,0x8b,0x8c,0x24,0x78,0x2e,0x00,0x00,0xff,
0x10,0x48,0x8b,0x4c,0x24,0x48,0x48,0x8b,0x81,0x88,0x01,0x00,0x00,0x48,0x8d,0x94,
0x24,0xa8,0x31,0x00,0x00,0x48,0x8d,0x18,0x48,0x8b,0x00,0x48,0x8b,0x80,0x80,0x00,
0x00,0x00,0x48,0x8b,0x2d,0xcf,0x89,0x00,0x00,0x48,0x01,0xe8,0x48,0x8b,0x00,0x48,
0x8b,0x00,0x48,0x89,0x94,0x24,0x90,0x2e,0x00,0x00,0x48,0x8b,0x8c,0x24,0x90,0x2e,
0x00,0x00,0x48,0x89,0xda,0xff,0xd0,0x48,0x8b,0x9c,0x24,0xa8,0x31,0x00,0x00,0x48,
0x8d,0x84,0x24,0xb0,0x31,0x00,0x00,0x48,0x8b,0x0d,0xca,0x89,0x00,0x00,0x48,0x89,
0x84,0x24,0x98,0x2e,0x00,0x00,0x48,0x89,0x8c,0x24,0x00,0x2f,0x00,0x00,0x48,0x8b,
0x84,0x24,0x00,0x2f,0x00,0x00,0x48,0x8b,0x8c,0x24,0x98,0x2e,0x00,0x00,0xff,0x10,
0x48,0x8d,0x03,0x48,0x8d,0x8c,0x24,0xb0,0x31,0x00,0x00,0x48,0x8b,0x13,0x48,0x8b,
0x9a,0x80,0x00,0x00,0x00,0x48,0x8b,0x15,0x94,0x89,0x00,0x00,0x48,0x01,0xd3,0x48,
0x8b,0x13,0x48,0x8b,0x12,0x48,0x89,0x84,0x24,0xe0,0x2e,0x00,0x00,0x48,0x89,0x8c,
0x24,0x08,0x2f,0x00,0x00,0x48,0x89,0x94,0x24,0x18,0x2f,0x00,0x00,0x48,0x8b,0x84,
0x24,0x18,0x2f,0x00,0x00,0x48,0x8b,0x8c,0x24,0xe0,0x2e,0x00,0x00,0x48,0x8b,0x94,
0x24,0x08,0x2f,0x00,0x00,0xff,0xd0,0x48,0x8d,0x84,0x24,0xb0,0x31,0x00,0x00,0x48,
0x8b,0x0d,0xf2,0x88,0x00,0x00,0x48,0x89,0x84,0x24,0x80,0x2f,0x00,0x00,0x48,0x89,
0x8c,0x24,0x88,0x2f,0x00,0x00,0x48,0x8b,0x84,0x24,0x88,0x2f,0x00,0x00,0x48,0x8b,
0x8c,0x24,0x80,0x2f,0x00,0x00,0xff,0x10,0x48,0x8d,0x84,0x24,0xa8,0x31,0x00,0x00,
0x48,0x8b,0x4c,0x24,0x48,0x48,0x8d,0x51,0x10,0x48,0x8b,0x59,0x10,0x48,0x8b,0x9b,
0x80,0x00,0x00,0x00,0x48,0x8b,0x2d,0x0d,0x89,0x00,0x00,0x48,0x01,0xeb,0x48,0x8b,
0x1b,0x48,0x8b,0x1b,0x48,0x89,0xc1,0xff,0xd3,0x48,0x8b,0x84,0x24,0xa8,0x31,0x00,
0x00,0x48,0x8b,0x4c,0x24,0x48,0x48,0x8d,0x91,0xb8,0x07,0x00,0x00,0x48,0x8d,0x19,
0x48,0x8d,0xac,0x24,0x90,0x31,0x00,0x00,0x4c,0x8d,0x08,0x48,0x8b,0x05,0xde,0x88,
0x00,0x00,0x48,0x89,0x94,0x24,0x90,0x2f,0x00,0x00,0x48,0x8b,0x8c,0x24,0x90,0x2f,
0x00,0x00,0x48,0x89,0xda,0x49,0x89,0xe8,0xff,0x10,0x48,0x8b,0x94,0x24,0xe8,0x20,
0x00,0x00,0x48,0x8d,0x82,0x90,0x00,0x00,0x00,0x48,0x8d,0x8c,0x24,0x90,0x31,0x00,
0x00,0x48,0x8b,0x1d,0xb0,0x88,0x00,0x00,0x48,0x89,0x8c,0x24,0x70,0x2f,0x00,0x00,
0x48,0x89,0xc1,0x48,0x8b,0x94,0x24,0x70,0x2f,0x00,0x00,0xff,0x13,0x4c,0x8b,0x84,
0x24,0xf0,0x20,0x00,0x00,0x49,0x8d,0x00,0x48,0x8d,0x0d,0x5d,0x7f,0x00,0x00,0x48,
0x8b,0x15,0x8a,0x88,0x00,0x00,0x48,0x89,0x84,0x24,0x98,0x2f,0x00,0x00,0x48,0x89,
0x8c,0x24,0xa8,0x2f,0x00,0x00,0x48,0x89,0x94,0x24,0xb0,0x2f,0x00,0x00,0x48,0x8b,
0x84,0x24,0xb0,0x2f,0x00,0x00,0x48,0x8b,0x8c,0x24,0x98,0x2f,0x00,0x00,0x48,0x8b,
0x94,0x24,0xa8,0x2f,0x00,0x00,0xff,0x10,0x48,0x8b,0x05,0x59,0x88,0x00,0x00,0x48,
0x8b,0x00,0x48,0x8d,0x8c,0x24,0xa8,0x31,0x00,0x00,0x48,0x8b,0x15,0x4f,0x88,0x00,
0x00,0xbb,0x08,0x00,0x00,0x00,0x48,0x89,0x84,0x24,0xb8,0x2f,0x00,0x00,0x48,0x89,
0x94,0x24,0xc0,0x2f,0x00,0x00,0x48,0x8b,0x84,0x24,0xc0,0x2f,0x00,0x00,0x89,0xda,
0x4c,0x8b,0x84,0x24,0xb8,0x2f,0x00,0x00,0xff,0x10,0x48,0x8b,0x84,0x24,0xb0,0x31,
0x00,0x00,0x48,0x8d,0x00,0x48,0x8b,0x0d,0x1c,0x88,0x00,0x00,0x48,0x89,0x84,0x24,
0x78,0x2f,0x00,0x00,0x48,0x89,0x8c,0x24,0x68,0x2f,0x00,0x00,0x48,0x8b,0x84,0x24,
0x68,0x2f,0x00,0x00,0x48,0x8b,0x8c,0x24,0x78,0x2f,0x00,0x00,0xff,0x10,0x48,0x8b,
0x05,0xfb,0x87,0x00,0x00,0x48,0x8d,0x00,0x4c,0x8b,0x84,0x24,0xf0,0x20,0x00,0x00,
0x49,0x8d,0x08,0x48,0x8d,0x94,0x24,0xa8,0x31,0x00,0x00,0x4c,0x8d,0x0d,0x3c,0x7d,
0x00,0x00,0x48,0x8d,0x1d,0x35,0x7d,0x00,0x00,0x48,0x8b,0x2d,0xd8,0x87,0x00,0x00,
0x48,0x89,0x5c,0x24,0x20,0x48,0x89,0x8c,0x24,0x40,0x2f,0x00,0x00,0x48,0x89,0x94,
0x24,0x60,0x2f,0x00,0x00,0x48,0x89,0xc1,0x48,0x8b,0x94,0x24,0x40,0x2f,0x00,0x00,
0x4c,0x8b,0x84,0x24,0x60,0x2f,0x00,0x00,0xff,0x55,0x00,0x48,0x8d,0x84,0x24,0xa8,
0x31,0x00,0x00,0x48,0x8b,0x0d,0xa6,0x87,0x00,0x00,0x48,0x89,0x84,0x24,0x20,0x2f,
0x00,0x00,0x48,0x89,0x8c,0x24,0x28,0x2f,0x00,0x00,0x48,0x8b,0x84,0x24,0x28,0x2f,
0x00,0x00,0x48,0x8b,0x8c,0x24,0x20,0x2f,0x00,0x00,0xff,0x10,0x48,0x8d,0x84,0x24,
0x90,0x31,0x00,0x00,0x48,0x8b,0x0d,0xcd,0x86,0x00,0x00,0x48,0x89,0x84,0x24,0x30,
0x2f,0x00,0x00,0x48,0x89,0x8c,0x24,0x10,0x2f,0x00,0x00,0x48,0x8b,0x84,0x24,0x10,
0x2f,0x00,0x00,0x48,0x8b,0x8c,0x24,0x30,0x2f,0x00,0x00,0xff,0x10,0xe9,0x00,0x00,
0x00,0x00,0x48,0x8b,0x1d,0x4f,0x85,0x00,0x00,0x48,0x8d,0x84,0x24,0x98,0x31,0x00,
0x00,0x48,0x8d,0x0d,0x40,0x7e,0x00,0x00,0x48,0x8b,0x15,0x41,0x85,0x00,0x00,0x48,
0x89,0x84,0x24,0x38,0x2f,0x00,0x00,0x48,0x89,0x8c,0x24,0x48,0x2f,0x00,0x00,0x48,
0x89,0x94,0x24,0x50,0x2f,0x00,0x00,0x48,0x8b,0x84,0x24,0x50,0x2f,0x00,0x00,0x48,
0x8b,0x8c,0x24,0x38,0x2f,0x00,0x00,0x48,0x8b,0x94,0x24,0x48,0x2f,0x00,0x00,0xff,
0x10,0x48,0x8d,0x84,0x24,0x90,0x31,0x00,0x00,0x48,0x8d,0x0b,0x48,0x8d,0x94,0x24,
0x98,0x31,0x00,0x00,0x48,0x8b,0x1d,0xad,0x85,0x00,0x00,0x48,0x89,0x8c,0x24,0x58,
0x2f,0x00,0x00,0x48,0x89,0x94,0x24,0x48,0x2b,0x00,0x00,0x48,0x89,0xc1,0x48,0x8b,
0x94,0x24,0x58,0x2f,0x00,0x00,0x4c,0x8b,0x84,0x24,0x48,0x2b,0x00,0x00,0xff,0x13,
0x8a,0x9c,0x24,0x90,0x31,0x00,0x00,0x48,0x8d,0x84,0x24,0x98,0x31,0x00,0x00,0x48,
0x8b,0x0d,0xca,0x84,0x00,0x00,0x48,0x89,0x84,0x24,0x38,0x2b,0x00,0x00,0x48,0x89,
0x8c,0x24,0x08,0x2b,0x00,0x00,0x48,0x8b,0x84,0x24,0x08,0x2b,0x00,0x00,0x48,0x8b,
0x8c,0x24,0x38,0x2b,0x00,0x00,0xff,0x10,0x80,0xfb,0x00,0x0f,0x84,0xe6,0x04,0x00,
0x00,0x48,0x8d,0x84,0x24,0x90,0x31,0x00,0x00,0x48,0x8d,0x0d,0x88,0x7d,0x00,0x00,
0x48,0x8d,0x15,0x89,0x7d,0x00,0x00,0x4c,0x8d,0x0d,0x8a,0x7d,0x00,0x00,0x48,0x8b,
0x1d,0xa3,0x85,0x00,0x00,0x48,0x89,0x8c,0x24,0x30,0x2b,0x00,0x00,0x48,0x89,0x94,
0x24,0x10,0x27,0x00,0x00,0x48,0x89,0xc1,0x48,0x8b,0x94,0x24,0x30,0x2b,0x00,0x00,
0x4c,0x8b,0x84,0x24,0x10,0x27,0x00,0x00,0xff,0x13,0x48,0x8b,0x4c,0x24,0x48,0x48,
0x8b,0x81,0x88,0x01,0x00,0x00,0x48,0x8d,0x94,0x24,0xa8,0x31,0x00,0x00,0x48,0x8d,
0x18,0x48,0x8b,0x00,0x48,0x8b,0x80,0x80,0x00,0x00,0x00,0x48,0x8b,0x2d,0x86,0x85,
0x00,0x00,0x48,0x01,0xe8,0x48,0x8b,0x00,0x48,0x8b,0x00,0x48,0x89,0x94,0x24,0x18,
0x27,0x00,0x00,0x48,0x8b,0x8c,0x24,0x18,0x27,0x00,0x00,0x48,0x89,0xda,0xff,0xd0,
0x48,0x8b,0x9c,0x24,0xa8,0x31,0x00,0x00,0x48,0x8d,0x84,0x24,0x10,0x32,0x00,0x00,
0x48,0x8b,0x0d,0x59,0x85,0x00,0x00,0x48,0x89,0x84,0x24,0x20,0x27,0x00,0x00,0x48,
0x89,0x8c,0x24,0x00,0x27,0x00,0x00,0x48,0x8b,0x84,0x24,0x00,0x27,0x00,0x00,0x48,
0x8b,0x8c,0x24,0x20,0x27,0x00,0x00,0xff,0x10,0x48,0x8d,0x84,0x24,0xb0,0x31,0x00,
0x00,0x48,0x8d,0x8c,0x24,0x10,0x32,0x00,0x00,0x48,0x8d,0x94,0x24,0x90,0x31,0x00,
0x00,0x48,0x8b,0x2d,0x20,0x85,0x00,0x00,0x48,0x89,0x8c,0x24,0x28,0x27,0x00,0x00,
0x48,0x89,0x94,0x24,0x38,0x27,0x00,0x00,0x48,0x89,0xc1,0x48,0x8b,0x94,0x24,0x28,
0x27,0x00,0x00,0x4c,0x8b,0x84,0x24,0x38,0x27,0x00,0x00,0xff,0x55,0x00,0x48,0x8d,
0x03,0x48,0x8d,0x8c,0x24,0xb0,0x31,0x00,0x00,0x48,0x8b,0x13,0x48,0x8b,0x9a,0x80,
0x00,0x00,0x00,0x48,0x8b,0x15,0xe6,0x84,0x00,0x00,0x48,0x01,0xd3,0x48,0x8b,0x13,
0x48,0x8b,0x12,0x48,0x89,0x84,0x24,0x40,0x27,0x00,0x00,0x48,0x89,0x8c,0x24,0x48,
0x27,0x00,0x00,0x48,0x89,0x94,0x24,0x08,0x27,0x00,0x00,0x48,0x8b,0x84,0x24,0x08,
0x27,0x00,0x00,0x48,0x8b,0x8c,0x24,0x40,0x27,0x00,0x00,0x48,0x8b,0x94,0x24,0x48,
0x27,0x00,0x00,0xff,0xd0,0x48,0x8d,0x84,0x24,0x10,0x32,0x00,0x00,0x48,0x8b,0x0d,
0xa4,0x84,0x00,0x00,0x48,0x89,0x84,0x24,0xf8,0x26,0x00,0x00,0x48,0x89,0x8c,0x24,
0xd0,0x26,0x00,0x00,0x48,0x8b,0x84,0x24,0xd0,0x26,0x00,0x00,0x48,0x8b,0x8c,0x24,
0xf8,0x26,0x00,0x00,0xff,0x10,0x48,0x8d,0x84,0x24,0xb0,0x31,0x00,0x00,0x48,0x8b,
0x0d,0x7b,0x84,0x00,0x00,0x48,0x89,0x84,0x24,0xf0,0x26,0x00,0x00,0x48,0x89,0x8c,
0x24,0xb0,0x26,0x00,0x00,0x48,0x8b,0x84,0x24,0xb0,0x26,0x00,0x00,0x48,0x8b,0x8c,
0x24,0xf0,0x26,0x00,0x00,0xff,0x10,0x48,0x8b,0x4c,0x24,0x48,0x48,0x8b,0x81,0x88,
0x01,0x00,0x00,0x48,0x8d,0x94,0x24,0xa8,0x31,0x00,0x00,0x48,0x8d,0x18,0x48,0x8b,
0x00,0x48,0x8b,0x80,0x80,0x00,0x00,0x00,0x48,0x8b,0x2d,0x09,0x84,0x00,0x00,0x48,
0x01,0xe8,0x48,0x8b,0x00,0x48,0x8b,0x00,0x48,0x89,0x94,0x24,0xb8,0x26,0x00,0x00,
0x48,0x8b,0x8c,0x24,0xb8,0x26,0x00,0x00,0x48,0x89,0xda,0xff,0xd0,0x48,0x8b,0x9c,
0x24,0xa8,0x31,0x00,0x00,0x48,0x8d,0x84,0x24,0xb0,0x31,0x00,0x00,0x48,0x8b,0x0d,
0x04,0x84,0x00,0x00,0x48,0x89,0x84,0x24,0xc0,0x26,0x00,0x00,0x48,0x89,0x8c,0x24,
0xa0,0x26,0x00,0x00,0x48,0x8b,0x84,0x24,0xa0,0x26,0x00,0x00,0x48,0x8b,0x8c,0x24,
0xc0,0x26,0x00,0x00,0xff,0x10,0x48,0x8d,0x03,0x48,0x8d,0x8c,0x24,0xb0,0x31,0x00,
0x00,0x48,0x8b,0x13,0x48,0x8b,0x9a,0x80,0x00,0x00,0x00,0x48,0x8b,0x15,0xce,0x83,
0x00,0x00,0x48,0x01,0xd3,0x48,0x8b,0x13,0x48,0x8b,0x12,0x48,0x89,0x84,0x24,0xc8,
0x26,0x00,0x00,0x48,0x89,0x8c,0x24,0xd8,0x26,0x00,0x00,0x48,0x89,0x94,0x24,0xe0,
0x26,0x00,0x00,0x48,0x8b,0x84,0x24,0xe0,0x26,0x00,0x00,0x48,0x8b,0x8c,0x24,0xc8,
0x26,0x00,0x00,0x48,0x8b,0x94,0x24,0xd8,0x26,0x00,0x00,0xff,0xd0,0x48,0x8d,0x84,
0x24,0xb0,0x31,0x00,0x00,0x48,0x8b,0x0d,0x2c,0x83,0x00,0x00,0x48,0x89,0x84,0x24,
0xe8,0x26,0x00,0x00,0x48,0x89,0x8c,0x24,0x50,0x27,0x00,0x00,0x48,0x8b,0x84,0x24,
0x50,0x27,0x00,0x00,0x48,0x8b,0x8c,0x24,0xe8,0x26,0x00,0x00,0xff,0x10,0x48,0x8d,
0x84,0x24,0xa8,0x31,0x00,0x00,0x48,0x8b,0x4c,0x24,0x48,0x48,0x8d,0x51,0x10,0x48,
0x8b,0x59,0x10,0x48,0x8b,0x9b,0x80,0x00,0x00,0x00,0x48,0x8b,0x2d,0x47,0x83,0x00,
0x00,0x48,0x01,0xeb,0x48,0x8b,0x1b,0x48,0x8b,0x1b,0x48,0x89,0xc1,0xff,0xd3,0x48,
0x8b,0x84,0x24,0xa8,0x31,0x00,0x00,0x48,0x8b,0x4c,0x24,0x48,0x48,0x8d,0x91,0xb8,
0x07,0x00,0x00,0x48,0x8d,0x19,0x48,0x8d,0xac,0x24,0x90,0x31,0x00,0x00,0x4c,0x8d,
0x08,0x48,0x8b,0x05,0x18,0x83,0x00,0x00,0x48,0x89,0x94,0x24,0x30,0x27,0x00,0x00,
0x48,0x8b,0x8c,0x24,0x30,0x27,0x00,0x00,0x48,0x89,0xda,0x49,0x89,0xe8,0xff,0x10,
0x48,0x8b,0x94,0x24,0xe8,0x20,0x00,0x00,0x48,0x8d,0x82,0x90,0x00,0x00,0x00,0x48,
0x8d,0x8c,0x24,0x90,0x31,0x00,0x00,0x48,0x8b,0x1d,0xea,0x82,0x00,0x00,0x48,0x89,
0x8c,0x24,0x58,0x27,0x00,0x00,0x48,0x89,0xc1,0x48,0x8b,0x94,0x24,0x58,0x27,0x00,
0x00,0xff,0x13,0x4c,0x8b,0x84,0x24,0xf0,0x20,0x00,0x00,0x49,0x8d,0x00,0x48,0x8d,
0x0d,0x97,0x79,0x00,0x00,0x48,0x8b,0x15,0xc4,0x82,0x00,0x00,0x48,0x89,0x84,0x24,
0x68,0x27,0x00,0x00,0x48,0x89,0x8c,0x24,0xd0,0x27,0x00,0x00,0x48,0x89,0x94,0x24,
0xd8,0x27,0x00,0x00,0x48,0x8b,0x84,0x24,0xd8,0x27,0x00,0x00,0x48,0x8b,0x8c,0x24,
0x68,0x27,0x00,0x00,0x48,0x8b,0x94,0x24,0xd0,0x27,0x00,0x00,0xff,0x10,0x48,0x8b,
0x05,0x93,0x82,0x00,0x00,0x48,0x8b,0x00,0x48,0x8d,0x8c,0x24,0xa8,0x31,0x00,0x00,
0x48,0x8b,0x15,0x89,0x82,0x00,0x00,0xbb,0x08,0x00,0x00,0x00,0x48,0x89,0x84,0x24,
0xe0,0x27,0x00,0x00,0x48,0x89,0x94,0x24,0xc0,0x27,0x00,0x00,0x48,0x8b,0x84,0x24,
0xc0,0x27,0x00,0x00,0x89,0xda,0x4c,0x8b,0x84,0x24,0xe0,0x27,0x00,0x00,0xff,0x10,
0x48,0x8b,0x84,0x24,0xb0,0x31,0x00,0x00,0x48,0x8d,0x00,0x48,0x8b,0x0d,0x56,0x82,
0x00,0x00,0x48,0x89,0x84,0x24,0xe8,0x27,0x00,0x00,0x48,0x89,0x8c,0x24,0xf8,0x27,
0x00,0x00,0x48,0x8b,0x84,0x24,0xf8,0x27,0x00,0x00,0x48,0x8b,0x8c,0x24,0xe8,0x27,
0x00,0x00,0xff,0x10,0x48,0x8b,0x05,0x35,0x82,0x00,0x00,0x48,0x8d,0x00,0x4c,0x8b,
0x84,0x24,0xf0,0x20,0x00,0x00,0x49,0x8d,0x08,0x4c,0x8d,0x84,0x24,0xa8,0x31,0x00,
0x00,0x4c,0x8d,0x0d,0x76,0x77,0x00,0x00,0x48,0x8d,0x15,0x6f,0x77,0x00,0x00,0x48,
0x8b,0x1d,0x12,0x82,0x00,0x00,0x48,0x89,0x54,0x24,0x20,0x48,0x89,0x8c,0x24,0x00,
0x28,0x00,0x00,0x48,0x89,0xc1,0x48,0x8b,0x94,0x24,0x00,0x28,0x00,0x00,0xff,0x13,
0x48,0x8d,0x84,0x24,0xa8,0x31,0x00,0x00,0x48,0x8b,0x0d,0xf1,0x81,0x00,0x00,0x48,
0x89,0x84,0x24,0x08,0x28,0x00,0x00,0x48,0x89,0x8c,0x24,0x10,0x28,0x00,0x00,0x48,
0x8b,0x84,0x24,0x10,0x28,0x00,0x00,0x48,0x8b,0x8c,0x24,0x08,0x28,0x00,0x00,0xff,
0x10,0x48,0x8d,0x84,0x24,0x90,0x31,0x00,0x00,0x48,0x8b,0x0d,0x18,0x81,0x00,0x00,
0x48,0x89,0x84,0x24,0xc8,0x27,0x00,0x00,0x48,0x89,0x8c,0x24,0xb8,0x27,0x00,0x00,
0x48,0x8b,0x84,0x24,0xb8,0x27,0x00,0x00,0x48,0x8b,0x8c,0x24,0xc8,0x27,0x00,0x00,
0xff,0x10,0xe9,0x00,0x00,0x00,0x00,0xe9,0x00,0x00,0x00,0x00,0x48,0x8b,0x05,0x95,
0x7f,0x00,0x00,0x48,0x8d,0x00,0x48,0x8b,0x0d,0x7b,0x80,0x00,0x00,0x48,0x89,0x84,
0x24,0x90,0x27,0x00,0x00,0x48,0x89,0x8c,0x24,0xb0,0x27,0x00,0x00,0x48,0x8b,0x84,
0x24,0xb0,0x27,0x00,0x00,0x48,0x8b,0x8c,0x24,0x90,0x27,0x00,0x00,0xff,0x10,0x48,
0x8b,0x05,0x62,0x7f,0x00,0x00,0x48,0x8d,0x00,0x48,0x8b,0x0d,0x10,0x80,0x00,0x00,
0x48,0x89,0x84,0x24,0x70,0x27,0x00,0x00,0x48,0x89,0x8c,0x24,0x78,0x27,0x00,0x00,
0x48,0x8b,0x84,0x24,0x78,0x27,0x00,0x00,0x48,0x8b,0x8c,0x24,0x70,0x27,0x00,0x00,
0xff,0x10,0x48,0x8b,0x1d,0x2f,0x7f,0x00,0x00,0x48,0x8d,0x84,0x24,0x90,0x31,0x00,
0x00,0x48,0x8d,0x0d,0x48,0x78,0x00,0x00,0x48,0x8b,0x15,0x21,0x7f,0x00,0x00,0x48,
0x89,0x84,0x24,0x80,0x27,0x00,0x00,0x48,0x89,0x8c,0x24,0x60,0x27,0x00,0x00,0x48,
0x89,0x94,0x24,0x88,0x27,0x00,0x00,0x48,0x8b,0x84,0x24,0x88,0x27,0x00,0x00,0x48,
0x8b,0x8c,0x24,0x80,0x27,0x00,0x00,0x48,0x8b,0x94,0x24,0x60,0x27,0x00,0x00,0xff,
0x10,0x48,0x8d,0x03,0x48,0x8d,0x8c,0x24,0x90,0x31,0x00,0x00,0x48,0x8b,0x15,0x25,
0x81,0x00,0x00,0x48,0x89,0x84,0x24,0x98,0x27,0x00,0x00,0x48,0x89,0x8c,0x24,0xa0,
0x27,0x00,0x00,0x48,0x89,0x94,0x24,0xa8,0x27,0x00,0x00,0x48,0x8b,0x84,0x24,0xa8,
0x27,0x00,0x00,0x48,0x8b,0x8c,0x24,0x98,0x27,0x00,0x00,0x48,0x8b,0x94,0x24,0xa0,
0x27,0x00,0x00,0xff,0x10,0x48,0x8d,0x84,0x24,0x90,0x31,0x00,0x00,0x48,0x8b,0x0d,
0xac,0x7e,0x00,0x00,0x48,0x89,0x84,0x24,0xa8,0x26,0x00,0x00,0x48,0x89,0x8c,0x24,
0x98,0x26,0x00,0x00,0x48,0x8b,0x84,0x24,0x98,0x26,0x00,0x00,0x48,0x8b,0x8c,0x24,
0xa8,0x26,0x00,0x00,0xff,0x10,0x48,0x8b,0x1d,0x6b,0x7e,0x00,0x00,0x48,0x8d,0x84,
0x24,0x98,0x31,0x00,0x00,0x48,0x8d,0x0d,0x91,0x77,0x00,0x00,0x48,0x8b,0x15,0x5d,
0x7e,0x00,0x00,0x48,0x89,0x84,0x24,0x68,0x26,0x00,0x00,0x48,0x89,0x8c,0x24,0x90,
0x26,0x00,0x00,0x48,0x89,0x94,0x24,0x88,0x25,0x00,0x00,0x48,0x8b,0x84,0x24,0x88,
0x25,0x00,0x00,0x48,0x8b,0x8c,0x24,0x68,0x26,0x00,0x00,0x48,0x8b,0x94,0x24,0x90,
0x26,0x00,0x00,0xff,0x10,0x48,0x8d,0x84,0x24,0x90,0x31,0x00,0x00,0x48,0x8d,0x0b,
0x4c,0x8d,0x84,0x24,0x98,0x31,0x00,0x00,0x48,0x89,0x8c,0x24,0x90,0x25,0x00,0x00,
0x48,0x8b,0x4c,0x24,0x48,0x4c,0x8d,0x89,0x32,0x03,0x00,0x00,0x48,0x8b,0x15,0x4d,
0x80,0x00,0x00,0x48,0x89,0x84,0x24,0x98,0x25,0x00,0x00,0x48,0x89,0x94,0x24,0x78,
0x25,0x00,0x00,0x48,0x8b,0x84,0x24,0x78,0x25,0x00,0x00,0x48,0x8b,0x8c,0x24,0x98,
0x25,0x00,0x00,0x48,0x8b,0x94,0x24,0x90,0x25,0x00,0x00,0xff,0x10,0x48,0x8d,0x84,
0x24,0x98,0x31,0x00,0x00,0x48,0x8b,0x0d,0xd4,0x7d,0x00,0x00,0x48,0x89,0x84,0x24,
0xa0,0x25,0x00,0x00,0x48,0x89,0x8c,0x24,0xb0,0x25,0x00,0x00,0x48,0x8b,0x84,0x24,
0xb0,0x25,0x00,0x00,0x48,0x8b,0x8c,0x24,0xa0,0x25,0x00,0x00,0xff,0x10,0x48,0x8b,
0x4c,0x24,0x48,0x8a,0x81,0x32,0x03,0x00,0x00,0x3c,0x00,0x0f,0x84,0x2b,0x01,0x00,
0x00,0x48,0x8b,0x05,0x80,0x7d,0x00,0x00,0x48,0x8d,0x00,0x48,0x8b,0x15,0xd6,0x7f,
0x00,0x00,0x48,0x89,0xc1,0xff,0x12,0x48,0x8b,0x1d,0x6a,0x7d,0x00,0x00,0x48,0x8d,
0x84,0x24,0x98,0x31,0x00,0x00,0x48,0x8d,0x0d,0x98,0x76,0x00,0x00,0x48,0x8b,0x15,
0x5c,0x7d,0x00,0x00,0x48,0x89,0x84,0x24,0xb8,0x25,0x00,0x00,0x48,0x89,0x8c,0x24,
0xc0,0x25,0x00,0x00,0x48,0x89,0x94,0x24,0x80,0x25,0x00,0x00,0x48,0x8b,0x84,0x24,
0x80,0x25,0x00,0x00,0x48,0x8b,0x8c,0x24,0xb8,0x25,0x00,0x00,0x48,0x8b,0x94,0x24,
0xc0,0x25,0x00,0x00,0xff,0x10,0x48,0x8d,0x84,0x24,0x90,0x31,0x00,0x00,0x48,0x8d,
0x0b,0x4c,0x8d,0x84,0x24,0x98,0x31,0x00,0x00,0x48,0x89,0x8c,0x24,0x70,0x25,0x00,
0x00,0x48,0x8b,0x4c,0x24,0x48,0x4c,0x8d,0x89,0x33,0x03,0x00,0x00,0x48,0x8b,0x15,
0x4c,0x7f,0x00,0x00,0x48,0x89,0x84,0x24,0x48,0x25,0x00,0x00,0x48,0x89,0x94,0x24,
0x68,0x25,0x00,0x00,0x48,0x8b,0x84,0x24,0x68,0x25,0x00,0x00,0x48,0x8b,0x8c,0x24,
0x48,0x25,0x00,0x00,0x48,0x8b,0x94,0x24,0x70,0x25,0x00,0x00,0xff,0x10,0x48,0x8d,
0x84,0x24,0x98,0x31,0x00,0x00,0x48,0x8b,0x0d,0xd3,0x7c,0x00,0x00,0x48,0x89,0x84,
0x24,0x28,0x25,0x00,0x00,0x48,0x89,0x8c,0x24,0x30,0x25,0x00,0x00,0x48,0x8b,0x84,
0x24,0x30,0x25,0x00,0x00,0x48,0x8b,0x8c,0x24,0x28,0x25,0x00,0x00,0xff,0x10,0x48,
0x8b,0x05,0x92,0x7c,0x00,0x00,0x48,0x8d,0x00,0x48,0x8b,0x0d,0xf0,0x7e,0x00,0x00,
0x48,0x89,0x84,0x24,0x38,0x25,0x00,0x00,0x48,0x89,0x8c,0x24,0x18,0x25,0x00,0x00,
0x48,0x8b,0x84,0x24,0x18,0x25,0x00,0x00,0x48,0x8b,0x8c,0x24,0x38,0x25,0x00,0x00,
0xff,0x10,0x48,0x8b,0x4c,0x24,0x48,0xe9,0x00,0x00,0x00,0x00,0x48,0x8b,0x1d,0x55,
0x7c,0x00,0x00,0x48,0x8d,0x84,0x24,0x98,0x31,0x00,0x00,0x48,0x8d,0x15,0x8d,0x75,
0x00,0x00,0x48,0x8b,0x2d,0x47,0x7c,0x00,0x00,0x48,0x89,0xc1,0xff,0x55,0x00,0x48,
0x8d,0x84,0x24,0x90,0x31,0x00,0x00,0x48,0x8d,0x0b,0x4c,0x8d,0x84,0x24,0x98,0x31,
0x00,0x00,0x48,0x89,0x8c,0x24,0x40,0x25,0x00,0x00,0x48,0x8b,0x4c,0x24,0x48,0x4c,
0x8d,0x89,0x3e,0x03,0x00,0x00,0x48,0x8b,0x15,0x63,0x7e,0x00,0x00,0x48,0x89,0x84,
0x24,0x50,0x25,0x00,0x00,0x48,0x89,0x94,0x24,0x58,0x25,0x00,0x00,0x48,0x8b,0x84,
0x24,0x58,0x25,0x00,0x00,0x48,0x8b,0x8c,0x24,0x50,0x25,0x00,0x00,0x48,0x8b,0x94,
0x24,0x40,0x25,0x00,0x00,0xff,0x10,0x48,0x8d,0x84,0x24,0x98,0x31,0x00,0x00,0x48,
0x8b,0x0d,0xea,0x7b,0x00,0x00,0x48,0x89,0x84,0x24,0x60,0x25,0x00,0x00,0x48,0x89,
0x8c,0x24,0xc8,0x25,0x00,0x00,0x48,0x8b,0x84,0x24,0xc8,0x25,0x00,0x00,0x48,0x8b,
0x8c,0x24,0x60,0x25,0x00,0x00,0xff,0x10,0x48,0x8b,0x1d,0xa9,0x7b,0x00,0x00,0x48,
0x8d,0x84,0x24,0x98,0x31,0x00,0x00,0x48,0x8d,0x0d,0xec,0x74,0x00,0x00,0x48,0x8b,
0x15,0x9b,0x7b,0x00,0x00,0x48,0x89,0x84,0x24,0xa8,0x25,0x00,0x00,0x48,0x89,0x8c,
0x24,0xd0,0x25,0x00,0x00,0x48,0x89,0x94,0x24,0xe0,0x25,0x00,0x00,0x48,0x8b,0x84,
0x24,0xe0,0x25,0x00,0x00,0x48,0x8b,0x8c,0x24,0xa8,0x25,0x00,0x00,0x48,0x8b,0x94,
0x24,0xd0,0x25,0x00,0x00,0xff,0x10,0x48,0x8d,0x84,0x24,0x90,0x31,0x00,0x00,0x48,
0x8d,0x0b,0x4c,0x8d,0x84,0x24,0x98,0x31,0x00,0x00,0x48,0x89,0x8c,0x24,0x48,0x26,
0x00,0x00,0x48,0x8b,0x4c,0x24,0x48,0x4c,0x8d,0x89,0x34,0x03,0x00,0x00,0x48,0x8b,
0x15,0x8b,0x7d,0x00,0x00,0x48,0x89,0x84,0x24,0x50,0x26,0x00,0x00,0x48,0x89,0x94,
0x24,0x58,0x26,0x00,0x00,0x48,0x8b,0x84,0x24,0x58,0x26,0x00,0x00,0x48,0x8b,0x8c,
0x24,0x50,0x26,0x00,0x00,0x48,0x8b,0x94,0x24,0x48,0x26,0x00,0x00,0xff,0x10,0x48,
0x8d,0x84,0x24,0x98,0x31,0x00,0x00,0x48,0x8b,0x0d,0x12,0x7b,0x00,0x00,0x48,0x89,
0x84,0x24,0x38,0x26,0x00,0x00,0x48,0x89,0x8c,0x24,0x60,0x26,0x00,0x00,0x48,0x8b,
0x84,0x24,0x60,0x26,0x00,0x00,0x48,0x8b,0x8c,0x24,0x38,0x26,0x00,0x00,0xff,0x10,
0x48,0x8b,0x1d,0xd1,0x7a,0x00,0x00,0x48,0x8d,0x84,0x24,0x98,0x31,0x00,0x00,0x48,
0x8d,0x0d,0x20,0x74,0x00,0x00,0x48,0x8b,0x15,0xc3,0x7a,0x00,0x00,0x48,0x89,0x84,
0x24,0x70,0x26,0x00,0x00,0x48,0x89,0x8c,0x24,0x78,0x26,0x00,0x00,0x48,0x89,0x94,
0x24,0x80,0x26,0x00,0x00,0x48,0x8b,0x84,0x24,0x80,0x26,0x00,0x00,0x48,0x8b,0x8c,
0x24,0x70,0x26,0x00,0x00,0x48,0x8b,0x94,0x24,0x78,0x26,0x00,0x00,0xff,0x10,0x48,
0x8d,0x84,0x24,0x90,0x31,0x00,0x00,0x48,0x8d,0x0b,0x4c,0x8d,0x84,0x24,0x98,0x31,
0x00,0x00,0x48,0x89,0x8c,0x24,0x88,0x26,0x00,0x00,0x48,0x8b,0x4c,0x24,0x48,0x4c,
0x8d,0x89,0x35,0x03,0x00,0x00,0x48,0x8b,0x15,0xb3,0x7c,0x00,0x00,0x48,0x89,0x84,
0x24,0x40,0x26,0x00,0x00,0x48,0x89,0x94,0x24,0x30,0x26,0x00,0x00,0x48,0x8b,0x84,
0x24,0x30,0x26,0x00,0x00,0x48,0x8b,0x8c,0x24,0x40,0x26,0x00,0x00,0x48,0x8b,0x94,
0x24,0x88,0x26,0x00,0x00,0xff,0x10,0x48,0x8d,0x84,0x24,0x98,0x31,0x00,0x00,0x48,
0x8b,0x0d,0x3a,0x7a,0x00,0x00,0x48,0x89,0x84,0x24,0x08,0x26,0x00,0x00,0x48,0x89,
0x8c,0x24,0x28,0x26,0x00,0x00,0x48,0x8b,0x84,0x24,0x28,0x26,0x00,0x00,0x48,0x8b,
0x8c,0x24,0x08,0x26,0x00,0x00,0xff,0x10,0x48,0x8b,0x1d,0xf9,0x79,0x00,0x00,0x48,
0x8d,0x84,0x24,0x98,0x31,0x00,0x00,0x48,0x8d,0x0d,0x51,0x73,0x00,0x00,0x48,0x8b,
0x15,0xeb,0x79,0x00,0x00,0x48,0x89,0x84,0x24,0xe8,0x25,0x00,0x00,0x48,0x89,0x8c,
0x24,0xf0,0x25,0x00,0x00,0x48,0x89,0x94,0x24,0xf8,0x25,0x00,0x00,0x48,0x8b,0x84,
0x24,0xf8,0x25,0x00,0x00,0x48,0x8b,0x8c,0x24,0xe8,0x25,0x00,0x00,0x48,0x8b,0x94,
0x24,0xf0,0x25,0x00,0x00,0xff,0x10,0x48,0x8d,0x84,0x24,0x90,0x31,0x00,0x00,0x48,
0x8d,0x0b,0x4c,0x8d,0x84,0x24,0x98,0x31,0x00,0x00,0x48,0x89,0x8c,0x24,0xd8,0x25,
0x00,0x00,0x48,0x8b,0x4c,0x24,0x48,0x4c,0x8d,0x89,0x36,0x03,0x00,0x00,0x48,0x8b,
0x15,0xdb,0x7b,0x00,0x00,0x48,0x89,0x84,0x24,0x00,0x26,0x00,0x00,0x48,0x89,0x94,
0x24,0x10,0x26,0x00,0x00,0x48,0x8b,0x84,0x24,0x10,0x26,0x00,0x00,0x48,0x8b,0x8c,
0x24,0x00,0x26,0x00,0x00,0x48,0x8b,0x94,0x24,0xd8,0x25,0x00,0x00,0xff,0x10,0x48,
0x8d,0x84,0x24,0x98,0x31,0x00,0x00,0x48,0x8b,0x0d,0x62,0x79,0x00,0x00,0x48,0x89,
0x84,0x24,0x18,0x26,0x00,0x00,0x48,0x89,0x8c,0x24,0x20,0x26,0x00,0x00,0x48,0x8b,
0x84,0x24,0x20,0x26,0x00,0x00,0x48,0x8b,0x8c,0x24,0x18,0x26,0x00,0x00,0xff,0x10,
0x48,0x8b,0x1d,0x21,0x79,0x00,0x00,0x48,0x8d,0x84,0x24,0x98,0x31,0x00,0x00,0x48,
0x8d,0x0d,0x84,0x72,0x00,0x00,0x48,0x8b,0x15,0x13,0x79,0x00,0x00,0x48,0x89,0x84,
0x24,0x18,0x28,0x00,0x00,0x48,0x89,0x8c,0x24,0xf0,0x27,0x00,0x00,0x48,0x89,0x94,
0x24,0x20,0x28,0x00,0x00,0x48,0x8b,0x84,0x24,0x20,0x28,0x00,0x00,0x48,0x8b,0x8c,
0x24,0x18,0x28,0x00,0x00,0x48,0x8b,0x94,0x24,0xf0,0x27,0x00,0x00,0xff,0x10,0x48,
0x8d,0x84,0x24,0x90,0x31,0x00,0x00,0x48,0x8d,0x0b,0x4c,0x8d,0x84,0x24,0x98,0x31,
0x00,0x00,0x48,0x89,0x8c,0x24,0x30,0x28,0x00,0x00,0x48,0x8b,0x4c,0x24,0x48,0x4c,
0x8d,0x89,0x37,0x03,0x00,0x00,0x48,0x8b,0x15,0x03,0x7b,0x00,0x00,0x48,0x89,0x84,
0x24,0x20,0x2a,0x00,0x00,0x48,0x89,0x94,0x24,0x28,0x2a,0x00,0x00,0x48,0x8b,0x84,
0x24,0x28,0x2a,0x00,0x00,0x48,0x8b,0x8c,0x24,0x20,0x2a,0x00,0x00,0x48,0x8b,0x94,
0x24,0x30,0x28,0x00,0x00,0xff,0x10,0x48,0x8d,0x84,0x24,0x98,0x31,0x00,0x00,0x48,
0x8b,0x0d,0x8a,0x78,0x00,0x00,0x48,0x89,0x84,0x24,0x30,0x2a,0x00,0x00,0x48,0x89,
0x8c,0x24,0x10,0x2a,0x00,0x00,0x48,0x8b,0x84,0x24,0x10,0x2a,0x00,0x00,0x48,0x8b,
0x8c,0x24,0x30,0x2a,0x00,0x00,0xff,0x10,0x48,0x8b,0x1d,0x49,0x78,0x00,0x00,0x48,
0x8d,0x84,0x24,0x98,0x31,0x00,0x00,0x48,0x8d,0x0d,0xbd,0x71,0x00,0x00,0x48,0x8b,
0x15,0x3b,0x78,0x00,0x00,0x48,0x89,0x84,0x24,0x38,0x2a,0x00,0x00,0x48,0x89,0x8c,
0x24,0x48,0x2a,0x00,0x00,0x48,0x89,0x94,0x24,0x50,0x2a,0x00,0x00,0x48,0x8b,0x84,
0x24,0x50,0x2a,0x00,0x00,0x48,0x8b,0x8c,0x24,0x38,0x2a,0x00,0x00,0x48,0x8b,0x94,
0x24,0x48,0x2a,0x00,0x00,0xff,0x10,0x48,0x8d,0x84,0x24,0x90,0x31,0x00,0x00,0x48,
0x8d,0x0b,0x4c,0x8d,0x84,0x24,0x98,0x31,0x00,0x00,0x48,0x89,0x8c,0x24,0x58,0x2a,
0x00,0x00,0x48,0x8b,0x4c,0x24,0x48,0x4c,0x8d,0x89,0x38,0x03,0x00,0x00,0x48,0x8b,
0x15,0x2b,0x7a,0x00,0x00,0x48,0x89,0x84,0x24,0x60,0x2a,0x00,0x00,0x48,0x89,0x94,
0x24,0x18,0x2a,0x00,0x00,0x48,0x8b,0x84,0x24,0x18,0x2a,0x00,0x00,0x48,0x8b,0x8c,
0x24,0x60,0x2a,0x00,0x00,0x48,0x8b,0x94,0x24,0x58,0x2a,0x00,0x00,0xff,0x10,0x48,
0x8d,0x84,0x24,0x98,0x31,0x00,0x00,0x48,0x8b,0x0d,0xb2,0x77,0x00,0x00,0x48,0x89,
0x84,0x24,0x08,0x2a,0x00,0x00,0x48,0x89,0x8c,0x24,0xe0,0x29,0x00,0x00,0x48,0x8b,
0x84,0x24,0xe0,0x29,0x00,0x00,0x48,0x8b,0x8c,0x24,0x08,0x2a,0x00,0x00,0xff,0x10,
0x48,0x8b,0x4c,0x24,0x48,0x8a,0x81,0x38,0x03,0x00,0x00,0x3c,0x00,0x0f,0x84,0xfb,
0x01,0x00,0x00,0x48,0x8b,0x05,0x5e,0x77,0x00,0x00,0x48,0x8d,0x00,0x48,0x8d,0x15,
0x03,0x6f,0x00,0x00,0x48,0x8b,0x1d,0xbd,0x79,0x00,0x00,0x48,0x89,0xc1,0xff,0x13,
0x8b,0x05,0x4e,0x6f,0x00,0x00,0x89,0x84,0x24,0x90,0x31,0x00,0x00,0x48,0x8b,0x05,
0xac,0x79,0x00,0x00,0x8b,0x68,0x68,0x39,0xac,0x24,0x90,0x31,0x00,0x00,0x0f,0x8d,
0x7d,0x01,0x00,0x00,0x48,0x8d,0x84,0x24,0x94,0x31,0x00,0x00,0x48,0x8b,0x4c,0x24,
0x48,0x48,0x8d,0x91,0xa4,0x03,0x00,0x00,0x4c,0x8d,0x84,0x24,0x90,0x31,0x00,0x00,
0x48,0x8b,0x1d,0x81,0x79,0x00,0x00,0x48,0x89,0xc1,0xff,0x13,0x48,0x8b,0x1d,0xf5,
0x76,0x00,0x00,0x48,0x8d,0x84,0x24,0x98,0x31,0x00,0x00,0x48,0x8b,0x0d,0x0e,0x79,
0x00,0x00,0x48,0x89,0x84,0x24,0x00,0x2a,0x00,0x00,0x48,0x89,0x8c,0x24,0xc0,0x29,
0x00,0x00,0x48,0x8b,0x84,0x24,0xc0,0x29,0x00,0x00,0x48,0x8b,0x8c,0x24,0x00,0x2a,
0x00,0x00,0xff,0x10,0x8b,0x84,0x24,0x90,0x31,0x00,0x00,0x48,0x8b,0x0d,0x2e,0x79,
0x00,0x00,0x48,0x8d,0x94,0x24,0x98,0x31,0x00,0x00,0x89,0x84,0x24,0xa8,0x31,0x00,
0x00,0x4c,0x8d,0x84,0x24,0xa8,0x31,0x00,0x00,0x48,0x8b,0x05,0x20,0x79,0x00,0x00,
0x48,0x89,0x8c,0x24,0xc8,0x29,0x00,0x00,0x48,0x89,0x94,0x24,0xd0,0x29,0x00,0x00,
0x48,0x8b,0x8c,0x24,0xd0,0x29,0x00,0x00,0x48,0x8b,0x94,0x24,0xc8,0x29,0x00,0x00,
0xff,0x10,0x48,0x8d,0x84,0x24,0x95,0x31,0x00,0x00,0x48,0x8d,0x0b,0x4c,0x8d,0x84,
0x24,0x98,0x31,0x00,0x00,0x4c,0x8d,0x8c,0x24,0x94,0x31,0x00,0x00,0x48,0x8b,0x15,
0xac,0x78,0x00,0x00,0x48,0x89,0x84,0x24,0xb0,0x29,0x00,0x00,0x48,0x89,0x8c,0x24,
0xd8,0x29,0x00,0x00,0x48,0x89,0x94,0x24,0xe8,0x29,0x00,0x00,0x48,0x8b,0x84,0x24,
0xe8,0x29,0x00,0x00,0x48,0x8b,0x8c,0x24,0xb0,0x29,0x00,0x00,0x48,0x8b,0x94,0x24,
0xd8,0x29,0x00,0x00,0xff,0x10,0x8a,0x9c,0x24,0x95,0x31,0x00,0x00,0x48,0x8d,0x84,
0x24,0x98,0x31,0x00,0x00,0x48,0x8b,0x0d,0x24,0x76,0x00,0x00,0x48,0x89,0x84,0x24,
0xf0,0x29,0x00,0x00,0x48,0x89,0x8c,0x24,0xf8,0x29,0x00,0x00,0x48,0x8b,0x84,0x24,
0xf8,0x29,0x00,0x00,0x48,0x8b,0x8c,0x24,0xf0,0x29,0x00,0x00,0xff,0x10,0x80,0xfb,
0x00,0x0f,0x84,0x2d,0x00,0x00,0x00,0x48,0x8b,0x4c,0x24,0x48,0x48,0x8d,0x81,0xa4,
0x03,0x00,0x00,0x48,0x8d,0x94,0x24,0x90,0x31,0x00,0x00,0x4c,0x8d,0x84,0x24,0x94,
0x31,0x00,0x00,0x48,0x8b,0x1d,0x4e,0x78,0x00,0x00,0x48,0x89,0xc1,0xff,0x13,0xe9,
0x00,0x00,0x00,0x00,0x83,0x84,0x24,0x90,0x31,0x00,0x00,0x01,0xe9,0x76,0xfe,0xff,
0xff,0x48,0x8b,0x05,0xa0,0x75,0x00,0x00,0x48,0x8d,0x00,0x48,0x8b,0x0d,0xfe,0x77,
0x00,0x00,0x48,0x89,0x84,0x24,0x68,0x2a,0x00,0x00,0x48,0x89,0x8c,0x24,0x40,0x2a,
0x00,0x00,0x48,0x8b,0x84,0x24,0x40,0x2a,0x00,0x00,0x48,0x8b,0x8c,0x24,0x68,0x2a,
0x00,0x00,0xff,0x10,0x48,0x8b,0x4c,0x24,0x48,0xe9,0x00,0x00,0x00,0x00,0x48,0x8b,
0x1d,0x63,0x75,0x00,0x00,0x48,0x8d,0x84,0x24,0x98,0x31,0x00,0x00,0x48,0x8d,0x15,
0xe0,0x6e,0x00,0x00,0x48,0x8b,0x2d,0x55,0x75,0x00,0x00,0x48,0x89,0xc1,0xff,0x55,
0x00,0x48,0x8d,0x84,0x24,0x90,0x31,0x00,0x00,0x48,0x8d,0x0b,0x4c,0x8d,0x84,0x24,
0x98,0x31,0x00,0x00,0x48,0x8b,0x15,0xed,0x75,0x00,0x00,0x48,0x89,0x84,0x24,0x70,
0x2a,0x00,0x00,0x48,0x89,0x8c,0x24,0x80,0x2a,0x00,0x00,0x48,0x89,0x94,0x24,0xe8,
0x2a,0x00,0x00,0x48,0x8b,0x84,0x24,0xe8,0x2a,0x00,0x00,0x48,0x8b,0x8c,0x24,0x70,
0x2a,0x00,0x00,0x48,0x8b,0x94,0x24,0x80,0x2a,0x00,0x00,0xff,0x10,0x8a,0x9c,0x24,
0x90,0x31,0x00,0x00,0x48,0x8d,0x84,0x24,0x98,0x31,0x00,0x00,0x48,0x8b,0x0d,0xfd,
0x74,0x00,0x00,0x48,0x89,0x84,0x24,0xf0,0x2a,0x00,0x00,0x48,0x89,0x8c,0x24,0xf8,
0x2a,0x00,0x00,0x48,0x8b,0x84,0x24,0xf8,0x2a,0x00,0x00,0x48,0x8b,0x8c,0x24,0xf0,
0x2a,0x00,0x00,0xff,0x10,0x80,0xfb,0x00,0x0f,0x84,0x1d,0x00,0x00,0x00,0x48,0x8b,
0x4c,0x24,0x48,0x48,0x8d,0x81,0xa0,0x07,0x00,0x00,0x48,0x8b,0x15,0x3f,0x77,0x00,
0x00,0x48,0x89,0xc1,0xff,0x12,0xe9,0x00,0x00,0x00,0x00,0x48,0x8b,0x1d,0x96,0x74,
0x00,0x00,0x48,0x8d,0x84,0x24,0x98,0x31,0x00,0x00,0x48,0x8d,0x0d,0x24,0x6e,0x00,
0x00,0x48,0x8b,0x15,0x88,0x74,0x00,0x00,0x48,0x89,0x84,0x24,0xd8,0x2a,0x00,0x00,
0x48,0x89,0x8c,0x24,0x00,0x2b,0x00,0x00,0x48,0x89,0x94,0x24,0x10,0x2b,0x00,0x00,
0x48,0x8b,0x84,0x24,0x10,0x2b,0x00,0x00,0x48,0x8b,0x8c,0x24,0xd8,0x2a,0x00,0x00,
0x48,0x8b,0x94,0x24,0x00,0x2b,0x00,0x00,0xff,0x10,0x48,0x8d,0x84,0x24,0x90,0x31,
0x00,0x00,0x48,0x8d,0x0b,0x4c,0x8d,0x84,0x24,0x98,0x31,0x00,0x00,0x48,0x89,0x8c,
0x24,0x18,0x2b,0x00,0x00,0x48,0x8b,0x4c,0x24,0x48,0x4c,0x8d,0x89,0x39,0x03,0x00,
0x00,0x48,0x8b,0x15,0x78,0x76,0x00,0x00,0x48,0x89,0x84,0x24,0x20,0x2b,0x00,0x00,
0x48,0x89,0x94,0x24,0x28,0x2b,0x00,0x00,0x48,0x8b,0x84,0x24,0x28,0x2b,0x00,0x00,
0x48,0x8b,0x8c,0x24,0x20,0x2b,0x00,0x00,0x48,0x8b,0x94,0x24,0x18,0x2b,0x00,0x00,
0xff,0x10,0x48,0x8d,0x84,0x24,0x98,0x31,0x00,0x00,0x48,0x8b,0x0d,0xff,0x73,0x00,
0x00,0x48,0x89,0x84,0x24,0xe0,0x2a,0x00,0x00,0x48,0x89,0x8c,0x24,0xd0,0x2a,0x00,
0x00,0x48,0x8b,0x84,0x24,0xd0,0x2a,0x00,0x00,0x48,0x8b,0x8c,0x24,0xe0,0x2a,0x00,
0x00,0xff,0x10,0x48,0x8b,0x1d,0xbe,0x73,0x00,0x00,0x48,0x8d,0x84,0x24,0x98,0x31,
0x00,0x00,0x48,0x8d,0x0d,0x53,0x6d,0x00,0x00,0x48,0x8b,0x15,0xb0,0x73,0x00,0x00,
0x48,0x89,0x84,0x24,0xa8,0x2a,0x00,0x00,0x48,0x89,0x8c,0x24,0xc8,0x2a,0x00,0x00,
0x48,0x89,0x94,0x24,0x88,0x2a,0x00,0x00,0x48,0x8b,0x84,0x24,0x88,0x2a,0x00,0x00,
0x48,0x8b,0x8c,0x24,0xa8,0x2a,0x00,0x00,0x48,0x8b,0x94,0x24,0xc8,0x2a,0x00,0x00,
0xff,0x10,0x48,0x8d,0x84,0x24,0x90,0x31,0x00,0x00,0x48,0x8d,0x0b,0x4c,0x8d,0x84,
0x24,0x98,0x31,0x00,0x00,0x48,0x89,0x8c,0x24,0x90,0x2a,0x00,0x00,0x48,0x8b,0x4c,
0x24,0x48,0x4c,0x8d,0x89,0x3a,0x03,0x00,0x00,0x48,0x8b,0x15,0xa0,0x75,0x00,0x00,
0x48,0x89,0x84,0x24,0x98,0x2a,0x00,0x00,0x48,0x89,0x94,0x24,0x78,0x2a,0x00,0x00,
0x48,0x8b,0x84,0x24,0x78,0x2a,0x00,0x00,0x48,0x8b,0x8c,0x24,0x98,0x2a,0x00,0x00,
0x48,0x8b,0x94,0x24,0x90,0x2a,0x00,0x00,0xff,0x10,0x48,0x8d,0x84,0x24,0x98,0x31,
0x00,0x00,0x48,0x8b,0x0d,0x27,0x73,0x00,0x00,0x48,0x89,0x84,0x24,0xa0,0x2a,0x00,
0x00,0x48,0x89,0x8c,0x24,0xb0,0x2a,0x00,0x00,0x48,0x8b,0x84,0x24,0xb0,0x2a,0x00,
0x00,0x48,0x8b,0x8c,0x24,0xa0,0x2a,0x00,0x00,0xff,0x10,0x48,0x8b,0x1d,0xe6,0x72,
0x00,0x00,0x48,0x8d,0x84,0x24,0x98,0x31,0x00,0x00,0x48,0x8d,0x0d,0x81,0x6c,0x00,
0x00,0x48,0x8b,0x15,0xd8,0x72,0x00,0x00,0x48,0x89,0x84,0x24,0xb8,0x2a,0x00,0x00,
0x48,0x89,0x8c,0x24,0xc0,0x2a,0x00,0x00,0x48,0x89,0x94,0x24,0xb8,0x29,0x00,0x00,
0x48,0x8b,0x84,0x24,0xb8,0x29,0x00,0x00,0x48,0x8b,0x8c,0x24,0xb8,0x2a,0x00,0x00,
0x48,0x8b,0x94,0x24,0xc0,0x2a,0x00,0x00,0xff,0x10,0x48,0x8d,0x84,0x24,0x90,0x31,
0x00,0x00,0x48,0x8d,0x0b,0x4c,0x8d,0x84,0x24,0x98,0x31,0x00,0x00,0x48,0x89,0x8c,
0x24,0xa8,0x29,0x00,0x00,0x48,0x8b,0x4c,0x24,0x48,0x4c,0x8d,0x89,0x3b,0x03,0x00,
0x00,0x48,0x8b,0x15,0xc8,0x74,0x00,0x00,0x48,0x89,0x84,0x24,0x78,0x29,0x00,0x00,
0x48,0x89,0x94,0x24,0xa0,0x29,0x00,0x00,0x48,0x8b,0x84,0x24,0xa0,0x29,0x00,0x00,
0x48,0x8b,0x8c,0x24,0x78,0x29,0x00,0x00,0x48,0x8b,0x94,0x24,0xa8,0x29,0x00,0x00,
0xff,0x10,0x48,0x8d,0x84,0x24,0x98,0x31,0x00,0x00,0x48,0x8b,0x0d,0x4f,0x72,0x00,
0x00,0x48,0x89,0x84,0x24,0x98,0x28,0x00,0x00,0x48,0x89,0x8c,0x24,0xa0,0x28,0x00,
0x00,0x48,0x8b,0x84,0x24,0xa0,0x28,0x00,0x00,0x48,0x8b,0x8c,0x24,0x98,0x28,0x00,
0x00,0xff,0x10,0x48,0x8b,0x1d,0x0e,0x72,0x00,0x00,0x48,0x8d,0x84,0x24,0x98,0x31,
0x00,0x00,0x48,0x8d,0x0d,0xb0,0x6b,0x00,0x00,0x48,0x8b,0x15,0x00,0x72,0x00,0x00,
0x48,0x89,0x84,0x24,0xa8,0x28,0x00,0x00,0x48,0x89,0x8c,0x24,0x88,0x28,0x00,0x00,
0x48,0x89,0x94,0x24,0xb0,0x28,0x00,0x00,0x48,0x8b,0x84,0x24,0xb0,0x28,0x00,0x00,
0x48,0x8b,0x8c,0x24,0xa8,0x28,0x00,0x00,0x48,0x8b,0x94,0x24,0x88,0x28,0x00,0x00,
0xff,0x10,0x48,0x8d,0x84,0x24,0x90,0x31,0x00,0x00,0x48,0x8d,0x0b,0x4c,0x8d,0x84,
0x24,0x98,0x31,0x00,0x00,0x48,0x89,0x8c,0x24,0xc0,0x28,0x00,0x00,0x48,0x8b,0x4c,
0x24,0x48,0x4c,0x8d,0x89,0x3c,0x03,0x00,0x00,0x48,0x8b,0x15,0xf0,0x73,0x00,0x00,
0x48,0x89,0x84,0x24,0xc8,0x28,0x00,0x00,0x48,0x89,0x94,0x24,0xd0,0x28,0x00,0x00,
0x48,0x8b,0x84,0x24,0xd0,0x28,0x00,0x00,0x48,0x8b,0x8c,0x24,0xc8,0x28,0x00,0x00,
0x48,0x8b,0x94,0x24,0xc0,0x28,0x00,0x00,0xff,0x10,0x48,0x8d,0x84,0x24,0x98,0x31,
0x00,0x00,0x48,0x8b,0x0d,0x77,0x71,0x00,0x00,0x48,0x89,0x84,0x24,0x90,0x28,0x00,
0x00,0x48,0x89,0x8c,0x24,0x80,0x28,0x00,0x00,0x48,0x8b,0x84,0x24,0x80,0x28,0x00,
0x00,0x48,0x8b,0x8c,0x24,0x90,0x28,0x00,0x00,0xff,0x10,0x48,0x8b,0x1d,0x36,0x71,
0x00,0x00,0x48,0x8d,0x84,0x24,0x98,0x31,0x00,0x00,0x48,0x8d,0x0d,0xdc,0x6a,0x00,
0x00,0x48,0x8b,0x15,0x28,0x71,0x00,0x00,0x48,0x89,0x84,0x24,0x58,0x28,0x00,0x00,
0x48,0x89,0x8c,0x24,0x78,0x28,0x00,0x00,0x48,0x89,0x94,0x24,0x38,0x28,0x00,0x00,
0x48,0x8b,0x84,0x24,0x38,0x28,0x00,0x00,0x48,0x8b,0x8c,0x24,0x58,0x28,0x00,0x00,
0x48,0x8b,0x94,0x24,0x78,0x28,0x00,0x00,0xff,0x10,0x48,0x8b,0x05,0x87,0x73,0x00,
0x00,0x48,0x8d,0x8c,0x24,0x90,0x31,0x00,0x00,0x48,0x8d,0x13,0x4c,0x8d,0x84,0x24,
0x98,0x31,0x00,0x00,0x4c,0x8d,0x48,0x48,0x48,0x8b,0x05,0x21,0x73,0x00,0x00,0xff,
0x10,0x48,0x8d,0x84,0x24,0x98,0x31,0x00,0x00,0x48,0x8b,0x0d,0xd0,0x70,0x00,0x00,
0x48,0x89,0x84,0x24,0x40,0x28,0x00,0x00,0x48,0x89,0x8c,0x24,0x48,0x28,0x00,0x00,
0x48,0x8b,0x84,0x24,0x48,0x28,0x00,0x00,0x48,0x8b,0x8c,0x24,0x40,0x28,0x00,0x00,
0xff,0x10,0x48,0x8b,0x1d,0x8f,0x70,0x00,0x00,0x48,0x8d,0x84,0x24,0x98,0x31,0x00,
0x00,0x48,0x8d,0x0d,0x38,0x6a,0x00,0x00,0x48,0x8b,0x15,0x81,0x70,0x00,0x00,0x48,
0x89,0x84,0x24,0x28,0x28,0x00,0x00,0x48,0x89,0x8c,0x24,0x50,0x28,0x00,0x00,0x48,
0x89,0x94,0x24,0x60,0x28,0x00,0x00,0x48,0x8b,0x84,0x24,0x60,0x28,0x00,0x00,0x48,
0x8b,0x8c,0x24,0x28,0x28,0x00,0x00,0x48,0x8b,0x94,0x24,0x50,0x28,0x00,0x00,0xff,
0x10,0x48,0x8d,0x84,0x24,0x90,0x31,0x00,0x00,0x48,0x8d,0x0b,0x4c,0x8d,0x84,0x24,
0x98,0x31,0x00,0x00,0x48,0x89,0x8c,0x24,0x68,0x28,0x00,0x00,0x48,0x8b,0x4c,0x24,
0x48,0x4c,0x8d,0x89,0x3f,0x03,0x00,0x00,0x48,0x8b,0x15,0x71,0x72,0x00,0x00,0x48,
0x89,0x84,0x24,0x70,0x28,0x00,0x00,0x48,0x89,0x94,0x24,0xd8,0x28,0x00,0x00,0x48,
0x8b,0x84,0x24,0xd8,0x28,0x00,0x00,0x48,0x8b,0x8c,0x24,0x70,0x28,0x00,0x00,0x48,
0x8b,0x94,0x24,0x68,0x28,0x00,0x00,0xff,0x10,0x48,0x8d,0x84,0x24,0x98,0x31,0x00,
0x00,0x48,0x8b,0x0d,0xf8,0x6f,0x00,0x00,0x48,0x89,0x84,0x24,0xb8,0x28,0x00,0x00,
0x48,0x89,0x8c,0x24,0xe0,0x28,0x00,0x00,0x48,0x8b,0x84,0x24,0xe0,0x28,0x00,0x00,
0x48,0x8b,0x8c,0x24,0xb8,0x28,0x00,0x00,0xff,0x10,0x48,0x8b,0x1d,0xb7,0x6f,0x00,
0x00,0x48,0x8d,0x84,0x24,0x98,0x31,0x00,0x00,0x48,0x8d,0x0d,0x73,0x69,0x00,0x00,
0x48,0x8b,0x15,0xa9,0x6f,0x00,0x00,0x48,0x89,0x84,0x24,0xf0,0x28,0x00,0x00,0x48,
0x89,0x8c,0x24,0x58,0x29,0x00,0x00,0x48,0x89,0x94,0x24,0x60,0x29,0x00,0x00,0x48,
0x8b,0x84,0x24,0x60,0x29,0x00,0x00,0x48,0x8b,0x8c,0x24,0xf0,0x28,0x00,0x00,0x48,
0x8b,0x94,0x24,0x58,0x29,0x00,0x00,0xff,0x10,0x48,0x8d,0x84,0x24,0x90,0x31,0x00,
0x00,0x48,0x8d,0x0b,0x4c,0x8d,0x84,0x24,0x98,0x31,0x00,0x00,0x48,0x89,0x8c,0x24,
0x68,0x29,0x00,0x00,0x48,0x8b,0x4c,0x24,0x48,0x4c,0x8d,0x89,0x40,0x03,0x00,0x00,
0x48,0x8b,0x15,0x99,0x71,0x00,0x00,0x48,0x89,0x84,0x24,0x48,0x29,0x00,0x00,0x48,
0x89,0x94,0x24,0x70,0x29,0x00,0x00,0x48,0x8b,0x84,0x24,0x70,0x29,0x00,0x00,0x48,
0x8b,0x8c,0x24,0x48,0x29,0x00,0x00,0x48,0x8b,0x94,0x24,0x68,0x29,0x00,0x00,0xff,
0x10,0x48,0x8d,0x84,0x24,0x98,0x31,0x00,0x00,0x48,0x8b,0x0d,0x20,0x6f,0x00,0x00,
0x48,0x89,0x84,0x24,0x80,0x29,0x00,0x00,0x48,0x89,0x8c,0x24,0x88,0x29,0x00,0x00,
0x48,0x8b,0x84,0x24,0x88,0x29,0x00,0x00,0x48,0x8b,0x8c,0x24,0x80,0x29,0x00,0x00,
0xff,0x10,0x48,0x8b,0x05,0xdf,0x6e,0x00,0x00,0x48,0x8d,0x00,0x48,0x8b,0x0d,0x8d,
0x6f,0x00,0x00,0x48,0x89,0x84,0x24,0x90,0x29,0x00,0x00,0x48,0x89,0x8c,0x24,0x98,
0x29,0x00,0x00,0x48,0x8b,0x84,0x24,0x98,0x29,0x00,0x00,0x48,0x8b,0x8c,0x24,0x90,
0x29,0x00,0x00,0xff,0x10,0x48,0x8b,0x1d,0xac,0x6e,0x00,0x00,0x48,0x8d,0x84,0x24,
0x90,0x31,0x00,0x00,0x48,0x8d,0x0d,0x74,0x68,0x00,0x00,0x48,0x8b,0x15,0x9e,0x6e,
0x00,0x00,0x48,0x89,0x84,0x24,0x50,0x29,0x00,0x00,0x48,0x89,0x8c,0x24,0x40,0x29,
0x00,0x00,0x48,0x89,0x94,0x24,0x18,0x29,0x00,0x00,0x48,0x8b,0x84,0x24,0x18,0x29,
0x00,0x00,0x48,0x8b,0x8c,0x24,0x50,0x29,0x00,0x00,0x48,0x8b,0x94,0x24,0x40,0x29,
0x00,0x00,0xff,0x10,0x48,0x8d,0x03,0x48,0x8d,0x8c,0x24,0x90,0x31,0x00,0x00,0x48,
0x8b,0x15,0xa2,0x70,0x00,0x00,0x48,0x89,0x84,0x24,0x38,0x29,0x00,0x00,0x48,0x89,
0x8c,0x24,0xf8,0x28,0x00,0x00,0x48,0x89,0x94,0x24,0x00,0x29,0x00,0x00,0x48,0x8b,
0x84,0x24,0x00,0x29,0x00,0x00,0x48,0x8b,0x8c,0x24,0x38,0x29,0x00,0x00,0x48,0x8b,
0x94,0x24,0xf8,0x28,0x00,0x00,0xff,0x10,0x48,0x8d,0x84,0x24,0x90,0x31,0x00,0x00,
0x48,0x8b,0x0d,0x29,0x6e,0x00,0x00,0x48,0x89,0x84,0x24,0x08,0x29,0x00,0x00,0x48,
0x89,0x8c,0x24,0xe8,0x28,0x00,0x00,0x48,0x8b,0x84,0x24,0xe8,0x28,0x00,0x00,0x48,
0x8b,0x8c,0x24,0x08,0x29,0x00,0x00,0xff,0x10,0x48,0x8b,0x1d,0xe8,0x6d,0x00,0x00,
0x48,0x8d,0x84,0x24,0x98,0x31,0x00,0x00,0x48,0x8d,0x0d,0xb9,0x67,0x00,0x00,0x48,
0x8b,0x15,0xda,0x6d,0x00,0x00,0x48,0x89,0x84,0x24,0x10,0x29,0x00,0x00,0x48,0x89,
0x8c,0x24,0x20,0x29,0x00,0x00,0x48,0x89,0x94,0x24,0x28,0x29,0x00,0x00,0x48,0x8b,
0x84,0x24,0x28,0x29,0x00,0x00,0x48,0x8b,0x8c,0x24,0x10,0x29,0x00,0x00,0x48,0x8b,
0x94,0x24,0x20,0x29,0x00,0x00,0xff,0x10,0x48,0x8d,0x84,0x24,0x90,0x31,0x00,0x00,
0x48,0x8d,0x0b,0x4c,0x8d,0x84,0x24,0x98,0x31,0x00,0x00,0x48,0x89,0x8c,0x24,0x30,
0x29,0x00,0x00,0x48,0x8b,0x4c,0x24,0x48,0x4c,0x8d,0x89,0xe4,0x03,0x00,0x00,0x48,
0x8b,0x15,0xca,0x6f,0x00,0x00,0x48,0x89,0x84,0x24,0xd8,0x18,0x00,0x00,0x48,0x89,
0x94,0x24,0xc8,0x18,0x00,0x00,0x48,0x8b,0x84,0x24,0xc8,0x18,0x00,0x00,0x48,0x8b,
0x8c,0x24,0xd8,0x18,0x00,0x00,0x48,0x8b,0x94,0x24,0x30,0x29,0x00,0x00,0xff,0x10,
0x48,0x8d,0x84,0x24,0x98,0x31,0x00,0x00,0x48,0x8b,0x0d,0x51,0x6d,0x00,0x00,0x48,
0x89,0x84,0x24,0x98,0x18,0x00,0x00,0x48,0x89,0x8c,0x24,0xc0,0x18,0x00,0x00,0x48,
0x8b,0x84,0x24,0xc0,0x18,0x00,0x00,0x48,0x8b,0x8c,0x24,0x98,0x18,0x00,0x00,0xff,
0x10,0x48,0x8b,0x1d,0x10,0x6d,0x00,0x00,0x48,0x8d,0x84,0x24,0x98,0x31,0x00,0x00,
0x48,0x8d,0x0d,0xf7,0x66,0x00,0x00,0x48,0x8b,0x15,0x02,0x6d,0x00,0x00,0x48,0x89,
0x84,0x24,0x58,0x08,0x00,0x00,0x48,0x89,0x8c,0x24,0x60,0x08,0x00,0x00,0x48,0x89,
0x94,0x24,0x68,0x08,0x00,0x00,0x48,0x8b,0x84,0x24,0x68,0x08,0x00,0x00,0x48,0x8b,
0x8c,0x24,0x58,0x08,0x00,0x00,0x48,0x8b,0x94,0x24,0x60,0x08,0x00,0x00,0xff,0x10,
0x48,0x8d,0x84,0x24,0x90,0x31,0x00,0x00,0x48,0x8d,0x0b,0x4c,0x8d,0x84,0x24,0x98,
0x31,0x00,0x00,0x48,0x89,0x8c,0x24,0x48,0x08,0x00,0x00,0x48,0x8b,0x4c,0x24,0x48,
0x4c,0x8d,0x89,0x3d,0x03,0x00,0x00,0x48,0x8b,0x15,0xf2,0x6e,0x00,0x00,0x48,0x89,
0x84,0x24,0x70,0x08,0x00,0x00,0x48,0x89,0x94,0x24,0x80,0x08,0x00,0x00,0x48,0x8b,
0x84,0x24,0x80,0x08,0x00,0x00,0x48,0x8b,0x8c,0x24,0x70,0x08,0x00,0x00,0x48,0x8b,
0x94,0x24,0x48,0x08,0x00,0x00,0xff,0x10,0x48,0x8d,0x84,0x24,0x98,0x31,0x00,0x00,
0x48,0x8b,0x0d,0x79,0x6c,0x00,0x00,0x48,0x89,0x84,0x24,0x88,0x08,0x00,0x00,0x48,
0x89,0x8c,0x24,0x90,0x08,0x00,0x00,0x48,0x8b,0x84,0x24,0x90,0x08,0x00,0x00,0x48,
0x8b,0x8c,0x24,0x88,0x08,0x00,0x00,0xff,0x10,0x48,0x8b,0x4c,0x24,0x48,0x8a,0x81,
0x3d,0x03,0x00,0x00,0x3c,0x00,0x0f,0x84,0xc4,0x0c,0x00,0x00,0x48,0x8b,0x05,0x25,
0x6c,0x00,0x00,0x48,0x8d,0x00,0x48,0x8b,0x15,0x7b,0x6e,0x00,0x00,0x48,0x89,0xc1,
0xff,0x12,0x48,0x8b,0x1d,0x0f,0x6c,0x00,0x00,0x48,0x8d,0x84,0x24,0x98,0x31,0x00,
0x00,0x48,0x8d,0x0d,0x07,0x66,0x00,0x00,0x48,0x8b,0x15,0x01,0x6c,0x00,0x00,0x48,
0x89,0x84,0x24,0x50,0x08,0x00,0x00,0x48,0x89,0x8c,0x24,0x40,0x08,0x00,0x00,0x48,
0x89,0x94,0x24,0x18,0x08,0x00,0x00,0x48,0x8b,0x84,0x24,0x18,0x08,0x00,0x00,0x48,
0x8b,0x8c,0x24,0x50,0x08,0x00,0x00,0x48,0x8b,0x94,0x24,0x40,0x08,0x00,0x00,0xff,
0x10,0x48,0x8d,0x84,0x24,0x90,0x31,0x00,0x00,0x48,0x8d,0x0b,0x4c,0x8d,0x84,0x24,
0x98,0x31,0x00,0x00,0x4c,0x8d,0x0d,0x15,0x64,0x00,0x00,0x48,0x8d,0x15,0x06,0x64,
0x00,0x00,0x48,0x89,0x8c,0x24,0x38,0x08,0x00,0x00,0x48,0x8b,0x4c,0x24,0x48,0x48,
0x8d,0xa9,0xd8,0x03,0x00,0x00,0x48,0x8b,0x1d,0x33,0x6e,0x00,0x00,0x48,0x89,0x54,
0x24,0x20,0x48,0x89,0x6c,0x24,0x28,0x48,0x89,0xc1,0x48,0x8b,0x94,0x24,0x38,0x08,
0x00,0x00,0xff,0x13,0x48,0x8d,0x84,0x24,0x98,0x31,0x00,0x00,0x48,0x8b,0x0d,0x7d,
0x6b,0x00,0x00,0x48,0x89,0x84,0x24,0xf8,0x07,0x00,0x00,0x48,0x89,0x8c,0x24,0x00,
0x08,0x00,0x00,0x48,0x8b,0x84,0x24,0x00,0x08,0x00,0x00,0x48,0x8b,0x8c,0x24,0xf8,
0x07,0x00,0x00,0xff,0x10,0x4c,0x8d,0x8c,0x24,0x90,0x31,0x00,0x00,0x48,0x8d,0x05,
0x44,0x65,0x00,0x00,0x48,0x8b,0x0d,0x55,0x6b,0x00,0x00,0x48,0x89,0x84,0x24,0x08,
0x08,0x00,0x00,0x48,0x89,0x8c,0x24,0xe8,0x07,0x00,0x00,0x48,0x8b,0x84,0x24,0xe8,
0x07,0x00,0x00,0x4c,0x89,0xc9,0x48,0x89,0x8c,0x24,0x10,0x08,0x00,0x00,0xff,0x10,
0x48,0x8b,0x05,0xb1,0x6d,0x00,0x00,0x48,0x8b,0x8c,0x24,0x10,0x08,0x00,0x00,0x48,
0x8b,0x94,0x24,0x08,0x08,0x00,0x00,0xff,0x10,0x48,0x8d,0x84,0x24,0xb8,0x31,0x00,
0x00,0x4c,0x8d,0x05,0xec,0x62,0x00,0x00,0x48,0x8b,0x0d,0x69,0x6b,0x00,0x00,0x48,
0x89,0x84,0x24,0x20,0x08,0x00,0x00,0x48,0x89,0x8c,0x24,0x28,0x08,0x00,0x00,0x48,
0x8b,0x84,0x24,0x28,0x08,0x00,0x00,0x48,0x8b,0x8c,0x24,0x20,0x08,0x00,0x00,0x48,
0x8b,0x94,0x24,0x10,0x08,0x00,0x00,0xff,0x10,0x48,0x8b,0x84,0x24,0xb8,0x31,0x00,
0x00,0x48,0x8d,0x00,0x48,0x8d,0x0d,0xb1,0x64,0x00,0x00,0x48,0x8b,0x15,0x9e,0x6a,
0x00,0x00,0x48,0x89,0x84,0x24,0x30,0x08,0x00,0x00,0x48,0x89,0x8c,0x24,0x98,0x08,
0x00,0x00,0x48,0x89,0x94,0x24,0x78,0x08,0x00,0x00,0x48,0x8b,0x84,0x24,0x78,0x08,
0x00,0x00,0x48,0x8b,0x8c,0x24,0x30,0x08,0x00,0x00,0x48,0x8b,0x94,0x24,0x98,0x08,
0x00,0x00,0xff,0x10,0x48,0x8d,0x84,0x24,0xb8,0x31,0x00,0x00,0x4c,0x8d,0x05,0x79,
0x64,0x00,0x00,0x48,0x8b,0x0d,0xde,0x6a,0x00,0x00,0x48,0x89,0x84,0x24,0xa0,0x08,
0x00,0x00,0x48,0x89,0x8c,0x24,0xb0,0x08,0x00,0x00,0x48,0x8b,0x84,0x24,0xb0,0x08,
0x00,0x00,0x48,0x8b,0x8c,0x24,0xa0,0x08,0x00,0x00,0x48,0x8b,0x94,0x24,0x10,0x08,
0x00,0x00,0xff,0x10,0x48,0x8b,0x84,0x24,0xb8,0x31,0x00,0x00,0x48,0x8d,0x00,0x48,
0x8d,0x0d,0x3a,0x64,0x00,0x00,0x48,0x8b,0x15,0x13,0x6a,0x00,0x00,0x48,0x89,0x84,
0x24,0x18,0x09,0x00,0x00,0x48,0x89,0x8c,0x24,0x20,0x09,0x00,0x00,0x48,0x89,0x94,
0x24,0x28,0x09,0x00,0x00,0x48,0x8b,0x84,0x24,0x28,0x09,0x00,0x00,0x48,0x8b,0x8c,
0x24,0x18,0x09,0x00,0x00,0x48,0x8b,0x94,0x24,0x20,0x09,0x00,0x00,0xff,0x10,0x48,
0x8d,0x84,0x24,0xb8,0x31,0x00,0x00,0x4c,0x8d,0x05,0x02,0x64,0x00,0x00,0x48,0x8b,
0x0d,0x53,0x6a,0x00,0x00,0x48,0x89,0x84,0x24,0x08,0x09,0x00,0x00,0x48,0x89,0x8c,
0x24,0x30,0x09,0x00,0x00,0x48,0x8b,0x84,0x24,0x30,0x09,0x00,0x00,0x48,0x8b,0x8c,
0x24,0x08,0x09,0x00,0x00,0x48,0x8b,0x94,0x24,0x10,0x08,0x00,0x00,0xff,0x10,0x48,
0x8b,0x84,0x24,0xb8,0x31,0x00,0x00,0x48,0x8d,0x00,0x48,0x8d,0x0d,0xc3,0x63,0x00,
0x00,0x48,0x8b,0x15,0x88,0x69,0x00,0x00,0x48,0x89,0x84,0x24,0x40,0x09,0x00,0x00,
0x48,0x89,0x8c,0x24,0x48,0x09,0x00,0x00,0x48,0x89,0x94,0x24,0x50,0x09,0x00,0x00,
0x48,0x8b,0x84,0x24,0x50,0x09,0x00,0x00,0x48,0x8b,0x8c,0x24,0x40,0x09,0x00,0x00,
0x48,0x8b,0x94,0x24,0x48,0x09,0x00,0x00,0xff,0x10,0x48,0x8d,0x84,0x24,0xb8,0x31,
0x00,0x00,0x4c,0x8d,0x05,0x8b,0x63,0x00,0x00,0x48,0x8b,0x0d,0xc8,0x69,0x00,0x00,
0x48,0x89,0x84,0x24,0x58,0x09,0x00,0x00,0x48,0x89,0x8c,0x24,0x10,0x09,0x00,0x00,
0x48,0x8b,0x84,0x24,0x10,0x09,0x00,0x00,0x48,0x8b,0x8c,0x24,0x58,0x09,0x00,0x00,
0x48,0x8b,0x94,0x24,0x10,0x08,0x00,0x00,0xff,0x10,0x48,0x8b,0x84,0x24,0xb8,0x31,
0x00,0x00,0x48,0x8d,0x00,0x48,0x8d,0x0d,0x4c,0x63,0x00,0x00,0x48,0x8b,0x15,0xfd,
0x68,0x00,0x00,0x48,0x89,0x84,0x24,0x00,0x09,0x00,0x00,0x48,0x89,0x8c,0x24,0xd8,
0x08,0x00,0x00,0x48,0x89,0x94,0x24,0xf8,0x08,0x00,0x00,0x48,0x8b,0x84,0x24,0xf8,
0x08,0x00,0x00,0x48,0x8b,0x8c,0x24,0x00,0x09,0x00,0x00,0x48,0x8b,0x94,0x24,0xd8,
0x08,0x00,0x00,0xff,0x10,0x48,0x8d,0x84,0x24,0xb8,0x31,0x00,0x00,0x4c,0x8d,0x05,
0x0c,0x63,0x00,0x00,0x48,0x8b,0x0d,0x3d,0x69,0x00,0x00,0x48,0x89,0x84,0x24,0xb8,
0x08,0x00,0x00,0x48,0x89,0x8c,0x24,0xc0,0x08,0x00,0x00,0x48,0x8b,0x84,0x24,0xc0,
0x08,0x00,0x00,0x48,0x8b,0x8c,0x24,0xb8,0x08,0x00,0x00,0x48,0x8b,0x94,0x24,0x10,
0x08,0x00,0x00,0xff,0x10,0x48,0x8b,0x84,0x24,0xb8,0x31,0x00,0x00,0x48,0x8d,0x00,
0x48,0x8d,0x0d,0xcd,0x62,0x00,0x00,0x48,0x8b,0x15,0x72,0x68,0x00,0x00,0x48,0x89,
0x84,0x24,0xc8,0x08,0x00,0x00,0x48,0x89,0x8c,0x24,0xa8,0x08,0x00,0x00,0x48,0x89,
0x94,0x24,0xd0,0x08,0x00,0x00,0x48,0x8b,0x84,0x24,0xd0,0x08,0x00,0x00,0x48,0x8b,
0x8c,0x24,0xc8,0x08,0x00,0x00,0x48,0x8b,0x94,0x24,0xa8,0x08,0x00,0x00,0xff,0x10,
0x48,0x8d,0x84,0x24,0xb8,0x31,0x00,0x00,0x4c,0x8d,0x05,0x91,0x62,0x00,0x00,0x48,
0x8b,0x0d,0xb2,0x68,0x00,0x00,0x48,0x89,0x84,0x24,0xe0,0x08,0x00,0x00,0x48,0x89,
0x8c,0x24,0xe8,0x08,0x00,0x00,0x48,0x8b,0x84,0x24,0xe8,0x08,0x00,0x00,0x48,0x8b,
0x8c,0x24,0xe0,0x08,0x00,0x00,0x48,0x8b,0x94,0x24,0x10,0x08,0x00,0x00,0xff,0x10,
0x48,0x8b,0x84,0x24,0xb8,0x31,0x00,0x00,0x48,0x8d,0x00,0x48,0x8d,0x0d,0x52,0x62,
0x00,0x00,0x48,0x8b,0x15,0xe7,0x67,0x00,0x00,0x48,0x89,0x84,0x24,0xf0,0x08,0x00,
0x00,0x48,0x89,0x8c,0x24,0xf0,0x07,0x00,0x00,0x48,0x89,0x94,0x24,0xe0,0x07,0x00,
0x00,0x48,0x8b,0x84,0x24,0xe0,0x07,0x00,0x00,0x48,0x8b,0x8c,0x24,0xf0,0x08,0x00,
0x00,0x48,0x8b,0x94,0x24,0xf0,0x07,0x00,0x00,0xff,0x10,0x48,0x8d,0x84,0x24,0xb8,
0x31,0x00,0x00,0x4c,0x8d,0x05,0x1a,0x62,0x00,0x00,0x48,0x8b,0x0d,0x27,0x68,0x00,
0x00,0x48,0x89,0x84,0x24,0xb0,0x07,0x00,0x00,0x48,0x89,0x8c,0x24,0xd8,0x07,0x00,
0x00,0x48,0x8b,0x84,0x24,0xd8,0x07,0x00,0x00,0x48,0x8b,0x8c,0x24,0xb0,0x07,0x00,
0x00,0x48,0x8b,0x94,0x24,0x10,0x08,0x00,0x00,0xff,0x10,0x48,0x8b,0x84,0x24,0xb8,
0x31,0x00,0x00,0x48,0x8d,0x00,0x48,0x8d,0x0d,0xdb,0x61,0x00,0x00,0x48,0x8b,0x15,
0x5c,0x67,0x00,0x00,0x48,0x89,0x84,0x24,0xd0,0x06,0x00,0x00,0x48,0x89,0x8c,0x24,
0xd8,0x06,0x00,0x00,0x48,0x89,0x94,0x24,0xe0,0x06,0x00,0x00,0x48,0x8b,0x84,0x24,
0xe0,0x06,0x00,0x00,0x48,0x8b,0x8c,0x24,0xd0,0x06,0x00,0x00,0x48,0x8b,0x94,0x24,
0xd8,0x06,0x00,0x00,0xff,0x10,0x48,0x8d,0x84,0x24,0xb8,0x31,0x00,0x00,0x4c,0x8d,
0x05,0xab,0x61,0x00,0x00,0x48,0x8b,0x0d,0x9c,0x67,0x00,0x00,0x48,0x89,0x84,0x24,
0xc0,0x06,0x00,0x00,0x48,0x89,0x8c,0x24,0xe8,0x06,0x00,0x00,0x48,0x8b,0x84,0x24,
0xe8,0x06,0x00,0x00,0x48,0x8b,0x8c,0x24,0xc0,0x06,0x00,0x00,0x48,0x8b,0x94,0x24,
0x10,0x08,0x00,0x00,0xff,0x10,0x48,0x8b,0x84,0x24,0xb8,0x31,0x00,0x00,0x48,0x8d,
0x00,0x48,0x8d,0x0d,0x6c,0x61,0x00,0x00,0x48,0x8b,0x15,0xd1,0x66,0x00,0x00,0x48,
0x89,0x84,0x24,0xf8,0x06,0x00,0x00,0x48,0x89,0x8c,0x24,0x00,0x07,0x00,0x00,0x48,
0x89,0x94,0x24,0x08,0x07,0x00,0x00,0x48,0x8b,0x84,0x24,0x08,0x07,0x00,0x00,0x48,
0x8b,0x8c,0x24,0xf8,0x06,0x00,0x00,0x48,0x8b,0x94,0x24,0x00,0x07,0x00,0x00,0xff,
0x10,0x48,0x8d,0x84,0x24,0xb8,0x31,0x00,0x00,0x4c,0x8d,0x05,0x34,0x61,0x00,0x00,
0x48,0x8b,0x0d,0x11,0x67,0x00,0x00,0x48,0x89,0x84,0x24,0xc8,0x06,0x00,0x00,0x48,
0x89,0x8c,0x24,0xb8,0x06,0x00,0x00,0x48,0x8b,0x84,0x24,0xb8,0x06,0x00,0x00,0x48,
0x8b,0x8c,0x24,0xc8,0x06,0x00,0x00,0x48,0x8b,0x94,0x24,0x10,0x08,0x00,0x00,0xff,
0x10,0x48,0x8b,0x84,0x24,0xb8,0x31,0x00,0x00,0x48,0x8d,0x00,0x48,0x8d,0x0d,0xf5,
0x60,0x00,0x00,0x48,0x8b,0x15,0x46,0x66,0x00,0x00,0x48,0x89,0x84,0x24,0x90,0x06,
0x00,0x00,0x48,0x89,0x8c,0x24,0xb0,0x06,0x00,0x00,0x48,0x89,0x94,0x24,0x70,0x06,
0x00,0x00,0x48,0x8b,0x84,0x24,0x70,0x06,0x00,0x00,0x48,0x8b,0x8c,0x24,0x90,0x06,
0x00,0x00,0x48,0x8b,0x94,0x24,0xb0,0x06,0x00,0x00,0xff,0x10,0x48,0x8d,0x84,0x24,
0xb8,0x31,0x00,0x00,0x4c,0x8d,0x05,0xbd,0x60,0x00,0x00,0x48,0x8b,0x0d,0x86,0x66,
0x00,0x00,0x48,0x89,0x84,0x24,0x78,0x06,0x00,0x00,0x48,0x89,0x8c,0x24,0x80,0x06,
0x00,0x00,0x48,0x8b,0x84,0x24,0x80,0x06,0x00,0x00,0x48,0x8b,0x8c,0x24,0x78,0x06,
0x00,0x00,0x48,0x8b,0x94,0x24,0x10,0x08,0x00,0x00,0xff,0x10,0x48,0x8b,0x84,0x24,
0xb8,0x31,0x00,0x00,0x48,0x8d,0x00,0x48,0x8d,0x0d,0x7e,0x60,0x00,0x00,0x48,0x8b,
0x15,0xbb,0x65,0x00,0x00,0x48,0x89,0x84,0x24,0x60,0x06,0x00,0x00,0x48,0x89,0x8c,
0x24,0x88,0x06,0x00,0x00,0x48,0x89,0x94,0x24,0x98,0x06,0x00,0x00,0x48,0x8b,0x84,
0x24,0x98,0x06,0x00,0x00,0x48,0x8b,0x8c,0x24,0x60,0x06,0x00,0x00,0x48,0x8b,0x94,
0x24,0x88,0x06,0x00,0x00,0xff,0x10,0x48,0x8d,0x84,0x24,0xb8,0x31,0x00,0x00,0x4c,
0x8d,0x05,0x46,0x60,0x00,0x00,0x48,0x8b,0x0d,0xfb,0x65,0x00,0x00,0x48,0x89,0x84,
0x24,0xa0,0x06,0x00,0x00,0x48,0x89,0x8c,0x24,0xa8,0x06,0x00,0x00,0x48,0x8b,0x84,
0x24,0xa8,0x06,0x00,0x00,0x48,0x8b,0x8c,0x24,0xa0,0x06,0x00,0x00,0x48,0x8b,0x94,
0x24,0x10,0x08,0x00,0x00,0xff,0x10,0x48,0x8b,0x84,0x24,0xb8,0x31,0x00,0x00,0x48,
0x8d,0x00,0x48,0x8d,0x0d,0x07,0x60,0x00,0x00,0x48,0x8b,0x15,0x30,0x65,0x00,0x00,
0x48,0x89,0x84,0x24,0x10,0x07,0x00,0x00,0x48,0x89,0x8c,0x24,0xf0,0x06,0x00,0x00,
0x48,0x89,0x94,0x24,0x18,0x07,0x00,0x00,0x48,0x8b,0x84,0x24,0x18,0x07,0x00,0x00,
0x48,0x8b,0x8c,0x24,0x10,0x07,0x00,0x00,0x48,0x8b,0x94,0x24,0xf0,0x06,0x00,0x00,
0xff,0x10,0x48,0x8d,0x84,0x24,0xb8,0x31,0x00,0x00,0x4c,0x8d,0x05,0xd7,0x5f,0x00,
0x00,0x48,0x8b,0x0d,0x70,0x65,0x00,0x00,0x48,0x89,0x84,0x24,0x28,0x07,0x00,0x00,
0x48,0x89,0x8c,0x24,0x90,0x07,0x00,0x00,0x48,0x8b,0x84,0x24,0x90,0x07,0x00,0x00,
0x48,0x8b,0x8c,0x24,0x28,0x07,0x00,0x00,0x48,0x8b,0x94,0x24,0x10,0x08,0x00,0x00,
0xff,0x10,0x48,0x8b,0x84,0x24,0xb8,0x31,0x00,0x00,0x48,0x8d,0x00,0x48,0x8d,0x0d,
0x98,0x5f,0x00,0x00,0x48,0x8b,0x15,0xa5,0x64,0x00,0x00,0x48,0x89,0x84,0x24,0x98,
0x07,0x00,0x00,0x48,0x89,0x8c,0x24,0xa0,0x07,0x00,0x00,0x48,0x89,0x94,0x24,0x80,
0x07,0x00,0x00,0x48,0x8b,0x84,0x24,0x80,0x07,0x00,0x00,0x48,0x8b,0x8c,0x24,0x98,
0x07,0x00,0x00,0x48,0x8b,0x94,0x24,0xa0,0x07,0x00,0x00,0xff,0x10,0x48,0x8d,0x84,
0x24,0xb8,0x31,0x00,0x00,0x4c,0x8d,0x05,0x64,0x5f,0x00,0x00,0x48,0x8b,0x0d,0xe5,
0x64,0x00,0x00,0x48,0x89,0x84,0x24,0xa8,0x07,0x00,0x00,0x48,0x89,0x8c,0x24,0xb8,
0x07,0x00,0x00,0x48,0x8b,0x84,0x24,0xb8,0x07,0x00,0x00,0x48,0x8b,0x8c,0x24,0xa8,
0x07,0x00,0x00,0x48,0x8b,0x94,0x24,0x10,0x08,0x00,0x00,0xff,0x10,0x48,0x8b,0x84,
0x24,0xb8,0x31,0x00,0x00,0x48,0x8d,0x00,0x48,0x8d,0x0d,0x25,0x5f,0x00,0x00,0x48,
0x8b,0x15,0x1a,0x64,0x00,0x00,0x48,0x89,0x84,0x24,0xc0,0x07,0x00,0x00,0x48,0x89,
0x8c,0x24,0xc8,0x07,0x00,0x00,0x48,0x89,0x94,0x24,0xd0,0x07,0x00,0x00,0x48,0x8b,
0x84,0x24,0xd0,0x07,0x00,0x00,0x48,0x8b,0x8c,0x24,0xc0,0x07,0x00,0x00,0x48,0x8b,
0x94,0x24,0xc8,0x07,0x00,0x00,0xff,0x10,0x48,0x8d,0x84,0x24,0xb8,0x31,0x00,0x00,
0x4c,0x8d,0x05,0xf1,0x5e,0x00,0x00,0x48,0x8b,0x0d,0x5a,0x64,0x00,0x00,0x48,0x89,
0x84,0x24,0x88,0x07,0x00,0x00,0x48,0x89,0x8c,0x24,0x78,0x07,0x00,0x00,0x48,0x8b,
0x84,0x24,0x78,0x07,0x00,0x00,0x48,0x8b,0x8c,0x24,0x88,0x07,0x00,0x00,0x48,0x8b,
0x94,0x24,0x10,0x08,0x00,0x00,0xff,0x10,0x48,0x8b,0x84,0x24,0xb8,0x31,0x00,0x00,
0x48,0x8d,0x00,0x48,0x8d,0x0d,0xb2,0x5e,0x00,0x00,0x48,0x8b,0x15,0x8f,0x63,0x00,
0x00,0x48,0x89,0x84,0x24,0x50,0x07,0x00,0x00,0x48,0x89,0x8c,0x24,0x70,0x07,0x00,
0x00,0x48,0x89,0x94,0x24,0x30,0x07,0x00,0x00,0x48,0x8b,0x84,0x24,0x30,0x07,0x00,
0x00,0x48,0x8b,0x8c,0x24,0x50,0x07,0x00,0x00,0x48,0x8b,0x94,0x24,0x70,0x07,0x00,
0x00,0xff,0x10,0x48,0x8d,0x84,0x24,0xb8,0x31,0x00,0x00,0x4c,0x8d,0x05,0x76,0x5e,
0x00,0x00,0x48,0x8b,0x0d,0xcf,0x63,0x00,0x00,0x48,0x89,0x84,0x24,0x38,0x07,0x00,
0x00,0x48,0x89,0x8c,0x24,0x40,0x07,0x00,0x00,0x48,0x8b,0x84,0x24,0x40,0x07,0x00,
0x00,0x48,0x8b,0x8c,0x24,0x38,0x07,0x00,0x00,0x48,0x8b,0x94,0x24,0x10,0x08,0x00,
0x00,0xff,0x10,0x48,0x8b,0x84,0x24,0xb8,0x31,0x00,0x00,0x48,0x8d,0x00,0x48,0x8d,
0x0d,0x37,0x5e,0x00,0x00,0x48,0x8b,0x15,0x04,0x63,0x00,0x00,0x48,0x89,0x84,0x24,
0x20,0x07,0x00,0x00,0x48,0x89,0x8c,0x24,0x48,0x07,0x00,0x00,0x48,0x89,0x94,0x24,
0x58,0x07,0x00,0x00,0x48,0x8b,0x84,0x24,0x58,0x07,0x00,0x00,0x48,0x8b,0x8c,0x24,
0x20,0x07,0x00,0x00,0x48,0x8b,0x94,0x24,0x48,0x07,0x00,0x00,0xff,0x10,0x48,0x8d,
0x84,0x24,0xb8,0x31,0x00,0x00,0x4c,0x8d,0x05,0xff,0x5d,0x00,0x00,0x48,0x8b,0x0d,
0x44,0x63,0x00,0x00,0x48,0x89,0x84,0x24,0x60,0x07,0x00,0x00,0x48,0x89,0x8c,0x24,
0x68,0x07,0x00,0x00,0x48,0x8b,0x84,0x24,0x68,0x07,0x00,0x00,0x48,0x8b,0x8c,0x24,
0x60,0x07,0x00,0x00,0x48,0x8b,0x94,0x24,0x10,0x08,0x00,0x00,0xff,0x10,0x48,0x8b,
0x84,0x24,0xb8,0x31,0x00,0x00,0x48,0x8d,0x00,0x48,0x8d,0x0d,0xc0,0x5d,0x00,0x00,
0x48,0x8b,0x15,0x79,0x62,0x00,0x00,0x48,0x89,0x84,0x24,0x60,0x09,0x00,0x00,0x48,
0x89,0x8c,0x24,0x38,0x09,0x00,0x00,0x48,0x89,0x94,0x24,0x68,0x09,0x00,0x00,0x48,
0x8b,0x84,0x24,0x68,0x09,0x00,0x00,0x48,0x8b,0x8c,0x24,0x60,0x09,0x00,0x00,0x48,
0x8b,0x94,0x24,0x38,0x09,0x00,0x00,0xff,0x10,0x48,0x8d,0x84,0x24,0xb8,0x31,0x00,
0x00,0x4c,0x8d,0x05,0x88,0x5d,0x00,0x00,0x48,0x8b,0x0d,0xb9,0x62,0x00,0x00,0x48,
0x89,0x84,0x24,0x78,0x09,0x00,0x00,0x48,0x89,0x8c,0x24,0x68,0x0b,0x00,0x00,0x48,
0x8b,0x84,0x24,0x68,0x0b,0x00,0x00,0x48,0x8b,0x8c,0x24,0x78,0x09,0x00,0x00,0x48,
0x8b,0x94,0x24,0x10,0x08,0x00,0x00,0xff,0x10,0x48,0x8b,0x84,0x24,0xb8,0x31,0x00,
0x00,0x48,0x8d,0x00,0x48,0x8d,0x0d,0x49,0x5d,0x00,0x00,0x48,0x8b,0x15,0xee,0x61,
0x00,0x00,0x48,0x89,0x84,0x24,0x70,0x0b,0x00,0x00,0x48,0x89,0x8c,0x24,0x78,0x0b,
0x00,0x00,0x48,0x89,0x94,0x24,0x58,0x0b,0x00,0x00,0x48,0x8b,0x84,0x24,0x58,0x0b,
0x00,0x00,0x48,0x8b,0x8c,0x24,0x70,0x0b,0x00,0x00,0x48,0x8b,0x94,0x24,0x78,0x0b,
0x00,0x00,0xff,0x10,0x48,0x8d,0x84,0x24,0xb8,0x31,0x00,0x00,0x4c,0x8d,0x05,0x0d,
0x5d,0x00,0x00,0x48,0x8b,0x0d,0x2e,0x62,0x00,0x00,0x48,0x89,0x84,0x24,0x80,0x0b,
0x00,0x00,0x48,0x89,0x8c,0x24,0x90,0x0b,0x00,0x00,0x48,0x8b,0x84,0x24,0x90,0x0b,
0x00,0x00,0x48,0x8b,0x8c,0x24,0x80,0x0b,0x00,0x00,0x48,0x8b,0x94,0x24,0x10,0x08,
0x00,0x00,0xff,0x10,0x48,0x8b,0x84,0x24,0xb8,0x31,0x00,0x00,0x48,0x8d,0x00,0x48,
0x8d,0x0d,0xce,0x5c,0x00,0x00,0x48,0x8b,0x15,0x63,0x61,0x00,0x00,0x48,0x89,0x84,
0x24,0x98,0x0b,0x00,0x00,0x48,0x89,0x8c,0x24,0xa0,0x0b,0x00,0x00,0x48,0x89,0x94,
0x24,0xa8,0x0b,0x00,0x00,0x48,0x8b,0x84,0x24,0xa8,0x0b,0x00,0x00,0x48,0x8b,0x8c,
0x24,0x98,0x0b,0x00,0x00,0x48,0x8b,0x94,0x24,0xa0,0x0b,0x00,0x00,0xff,0x10,0x48,
0x8d,0x84,0x24,0xb8,0x31,0x00,0x00,0x4c,0x8d,0x05,0x96,0x5c,0x00,0x00,0x48,0x8b,
0x0d,0xa3,0x61,0x00,0x00,0x48,0x89,0x84,0x24,0x60,0x0b,0x00,0x00,0x48,0x89,0x8c,
0x24,0x50,0x0b,0x00,0x00,0x48,0x8b,0x84,0x24,0x50,0x0b,0x00,0x00,0x48,0x8b,0x8c,
0x24,0x60,0x0b,0x00,0x00,0x48,0x8b,0x94,0x24,0x10,0x08,0x00,0x00,0xff,0x10,0x48,
0x8b,0x84,0x24,0xb8,0x31,0x00,0x00,0x48,0x8d,0x00,0x48,0x8d,0x0d,0x57,0x5c,0x00,
0x00,0x48,0x8b,0x15,0xd8,0x60,0x00,0x00,0x48,0x89,0x84,0x24,0x28,0x0b,0x00,0x00,
0x48,0x89,0x8c,0x24,0x48,0x0b,0x00,0x00,0x48,0x89,0x94,0x24,0x08,0x0b,0x00,0x00,
0x48,0x8b,0x84,0x24,0x08,0x0b,0x00,0x00,0x48,0x8b,0x8c,0x24,0x28,0x0b,0x00,0x00,
0x48,0x8b,0x94,0x24,0x48,0x0b,0x00,0x00,0xff,0x10,0x48,0x8b,0x1d,0x97,0x60,0x00,
0x00,0x48,0x8d,0x84,0x24,0xc0,0x31,0x00,0x00,0x48,0x8d,0x0d,0x15,0x5c,0x00,0x00,
0x48,0x8b,0x15,0x89,0x60,0x00,0x00,0x48,0x89,0x84,0x24,0x10,0x0b,0x00,0x00,0x48,
0x89,0x8c,0x24,0x18,0x0b,0x00,0x00,0x48,0x89,0x94,0x24,0xf8,0x0a,0x00,0x00,0x48,
0x8b,0x84,0x24,0xf8,0x0a,0x00,0x00,0x48,0x8b,0x8c,0x24,0x10,0x0b,0x00,0x00,0x48,
0x8b,0x94,0x24,0x18,0x0b,0x00,0x00,0xff,0x10,0x48,0x8d,0x84,0x24,0xb8,0x31,0x00,
0x00,0x48,0x8d,0x0b,0x4c,0x8d,0x84,0x24,0xc0,0x31,0x00,0x00,0x48,0x89,0x8c,0x24,
0x20,0x0b,0x00,0x00,0x48,0x8b,0x4c,0x24,0x48,0x4c,0x8d,0x89,0xe0,0x03,0x00,0x00,
0x48,0x8d,0x94,0x24,0x90,0x31,0x00,0x00,0x48,0x8b,0x1d,0xd1,0x62,0x00,0x00,0x48,
0x89,0x54,0x24,0x20,0x48,0x89,0xc1,0x48,0x8b,0x94,0x24,0x20,0x0b,0x00,0x00,0xff,
0x13,0x48,0x8d,0x84,0x24,0xc0,0x31,0x00,0x00,0x48,0x8b,0x0d,0x10,0x60,0x00,0x00,
0x48,0x89,0x84,0x24,0x30,0x0b,0x00,0x00,0x48,0x89,0x8c,0x24,0x38,0x0b,0x00,0x00,
0x48,0x8b,0x84,0x24,0x38,0x0b,0x00,0x00,0x48,0x8b,0x8c,0x24,0x30,0x0b,0x00,0x00,
0xff,0x10,0x48,0x8b,0x05,0xcf,0x5f,0x00,0x00,0x48,0x8d,0x00,0x48,0x8b,0x0d,0x2d,
0x62,0x00,0x00,0x48,0x89,0x84,0x24,0x40,0x0b,0x00,0x00,0x48,0x89,0x8c,0x24,0xb0,
0x0b,0x00,0x00,0x48,0x8b,0x84,0x24,0xb0,0x0b,0x00,0x00,0x48,0x8b,0x8c,0x24,0x40,
0x0b,0x00,0x00,0xff,0x10,0x48,0x8d,0x84,0x24,0x90,0x31,0x00,0x00,0x48,0x8b,0x0d,
0xbc,0x60,0x00,0x00,0x48,0x89,0x84,0x24,0x88,0x0b,0x00,0x00,0x48,0x89,0x8c,0x24,
0xb8,0x0b,0x00,0x00,0x48,0x8b,0x84,0x24,0xb8,0x0b,0x00,0x00,0x48,0x8b,0x8c,0x24,
0x88,0x0b,0x00,0x00,0xff,0x10,0x48,0x8b,0x4c,0x24,0x48,0xe9,0x00,0x00,0x00,0x00,
0x48,0x8b,0x1d,0x61,0x5f,0x00,0x00,0x48,0x8d,0x84,0x24,0x98,0x31,0x00,0x00,0x48,
0x8d,0x15,0xf3,0x5a,0x00,0x00,0x48,0x8b,0x2d,0x53,0x5f,0x00,0x00,0x48,0x89,0xc1,
0xff,0x55,0x00,0x48,0x8d,0x84,0x24,0x90,0x31,0x00,0x00,0x48,0x8d,0x0b,0x4c,0x8d,
0x84,0x24,0x98,0x31,0x00,0x00,0x48,0x8b,0x15,0x9b,0x5f,0x00,0x00,0x48,0x89,0x84,
0x24,0xc8,0x0b,0x00,0x00,0x48,0x89,0x8c,0x24,0x30,0x0c,0x00,0x00,0x48,0x89,0x94,
0x24,0x38,0x0c,0x00,0x00,0x48,0x8b,0x84,0x24,0x38,0x0c,0x00,0x00,0x48,0x8b,0x8c,
0x24,0xc8,0x0b,0x00,0x00,0x48,0x8b,0x94,0x24,0x30,0x0c,0x00,0x00,0xff,0x10,0x8a,
0x9c,0x24,0x90,0x31,0x00,0x00,0x48,0x8d,0x84,0x24,0x98,0x31,0x00,0x00,0x48,0x8b,
0x0d,0xfb,0x5e,0x00,0x00,0x48,0x89,0x84,0x24,0x40,0x0c,0x00,0x00,0x48,0x89,0x8c,
0x24,0x20,0x0c,0x00,0x00,0x48,0x8b,0x84,0x24,0x20,0x0c,0x00,0x00,0x48,0x8b,0x8c,
0x24,0x40,0x0c,0x00,0x00,0xff,0x10,0x80,0xfb,0x00,0x0f,0x84,0x18,0x0d,0x00,0x00,
0x48,0x8b,0x1d,0xb1,0x5e,0x00,0x00,0x48,0x8d,0x84,0x24,0x98,0x31,0x00,0x00,0x48,
0x8d,0x0d,0x50,0x5a,0x00,0x00,0x48,0x8b,0x15,0xa3,0x5e,0x00,0x00,0x48,0x89,0x84,
0x24,0x48,0x0c,0x00,0x00,0x48,0x89,0x8c,0x24,0x58,0x0c,0x00,0x00,0x48,0x89,0x94,
0x24,0x60,0x0c,0x00,0x00,0x48,0x8b,0x84,0x24,0x60,0x0c,0x00,0x00,0x48,0x8b,0x8c,
0x24,0x48,0x0c,0x00,0x00,0x48,0x8b,0x94,0x24,0x58,0x0c,0x00,0x00,0xff,0x10,0x48,
0x8d,0x84,0x24,0x90,0x31,0x00,0x00,0x48,0x8d,0x0b,0x4c,0x8d,0x84,0x24,0x98,0x31,
0x00,0x00,0x4c,0x8d,0x0d,0x07,0x5a,0x00,0x00,0x48,0x8d,0x2d,0x08,0x5a,0x00,0x00,
0x48,0x89,0x8c,0x24,0x68,0x0c,0x00,0x00,0x48,0x8b,0x4c,0x24,0x48,0x48,0x8d,0x99,
0xa0,0x1a,0x00,0x00,0x48,0x8b,0x15,0xd5,0x60,0x00,0x00,0x48,0x89,0x6c,0x24,0x20,
0x48,0x89,0x5c,0x24,0x28,0x48,0x89,0x84,0x24,0x70,0x0c,0x00,0x00,0x48,0x89,0x94,
0x24,0x28,0x0c,0x00,0x00,0x48,0x8b,0x84,0x24,0x28,0x0c,0x00,0x00,0x48,0x8b,0x8c,
0x24,0x70,0x0c,0x00,0x00,0x48,0x8b,0x94,0x24,0x68,0x0c,0x00,0x00,0xff,0x10,0x48,
0x8d,0x84,0x24,0x98,0x31,0x00,0x00,0x48,0x8b,0x0d,0x02,0x5e,0x00,0x00,0x48,0x89,
0x84,0x24,0x18,0x0c,0x00,0x00,0x48,0x89,0x8c,0x24,0xf0,0x0b,0x00,0x00,0x48,0x8b,
0x84,0x24,0xf0,0x0b,0x00,0x00,0x48,0x8b,0x8c,0x24,0x18,0x0c,0x00,0x00,0xff,0x10,
0x48,0x8b,0x1d,0xc1,0x5d,0x00,0x00,0x48,0x8d,0x84,0x24,0x98,0x31,0x00,0x00,0x48,
0x8d,0x0d,0x7a,0x59,0x00,0x00,0x48,0x8b,0x15,0xb3,0x5d,0x00,0x00,0x48,0x89,0x84,
0x24,0x10,0x0c,0x00,0x00,0x48,0x89,0x8c,0x24,0xd0,0x0b,0x00,0x00,0x48,0x89,0x94,
0x24,0xd8,0x0b,0x00,0x00,0x48,0x8b,0x84,0x24,0xd8,0x0b,0x00,0x00,0x48,0x8b,0x8c,
0x24,0x10,0x0c,0x00,0x00,0x48,0x8b,0x94,0x24,0xd0,0x0b,0x00,0x00,0xff,0x10,0x48,
0x8d,0x84,0x24,0x90,0x31,0x00,0x00,0x48,0x8d,0x0b,0x4c,0x8d,0x84,0x24,0x98,0x31,
0x00,0x00,0x4c,0x8d,0x0d,0x17,0x59,0x00,0x00,0x48,0x8d,0x2d,0x18,0x59,0x00,0x00,
0x48,0x89,0x8c,0x24,0xe0,0x0b,0x00,0x00,0x48,0x8b,0x4c,0x24,0x48,0x48,0x8d,0x91,
0xa8,0x1a,0x00,0x00,0x48,0x8b,0x1d,0xe5,0x5f,0x00,0x00,0x48,0x89,0x6c,0x24,0x20,
0x48,0x89,0x54,0x24,0x28,0x48,0x89,0xc1,0x48,0x8b,0x94,0x24,0xe0,0x0b,0x00,0x00,
0xff,0x13,0x48,0x8d,0x84,0x24,0x98,0x31,0x00,0x00,0x48,0x8b,0x0d,0x2f,0x5d,0x00,
0x00,0x48,0x89,0x84,0x24,0xc0,0x0b,0x00,0x00,0x48,0x89,0x8c,0x24,0xe8,0x0b,0x00,
0x00,0x48,0x8b,0x84,0x24,0xe8,0x0b,0x00,0x00,0x48,0x8b,0x8c,0x24,0xc0,0x0b,0x00,
0x00,0xff,0x10,0x48,0x8b,0x1d,0xee,0x5c,0x00,0x00,0x48,0x8d,0x84,0x24,0x98,0x31,
0x00,0x00,0x48,0x8d,0x0d,0xce,0x54,0x00,0x00,0x48,0x8b,0x15,0xe0,0x5c,0x00,0x00,
0x48,0x89,0x84,0x24,0xf8,0x0b,0x00,0x00,0x48,0x89,0x8c,0x24,0x00,0x0c,0x00,0x00,
0x48,0x89,0x94,0x24,0x08,0x0c,0x00,0x00,0x48,0x8b,0x84,0x24,0x08,0x0c,0x00,0x00,
0x48,0x8b,0x8c,0x24,0xf8,0x0b,0x00,0x00,0x48,0x8b,0x94,0x24,0x00,0x0c,0x00,0x00,
0xff,0x10,0x48,0x8d,0x84,0x24,0x90,0x31,0x00,0x00,0x48,0x8d,0x0b,0x4c,0x8d,0x84,
0x24,0x98,0x31,0x00,0x00,0x4c,0x8d,0x0d,0xec,0x54,0x00,0x00,0x48,0x8d,0x15,0x55,
0x58,0x00,0x00,0x48,0x89,0x8c,0x24,0x00,0x0b,0x00,0x00,0x48,0x8b,0x4c,0x24,0x48,
0x48,0x8d,0xa9,0xb0,0x1a,0x00,0x00,0x48,0x8b,0x1d,0x12,0x5f,0x00,0x00,0x48,0x89,
0x54,0x24,0x20,0x48,0x89,0x6c,0x24,0x28,0x48,0x89,0xc1,0x48,0x8b,0x94,0x24,0x00,
0x0b,0x00,0x00,0xff,0x13,0x48,0x8d,0x84,0x24,0x98,0x31,0x00,0x00,0x48,0x8b,0x0d,
0x5c,0x5c,0x00,0x00,0x48,0x89,0x84,0x24,0xf0,0x0a,0x00,0x00,0x48,0x89,0x8c,0x24,
0xc0,0x0a,0x00,0x00,0x48,0x8b,0x84,0x24,0xc0,0x0a,0x00,0x00,0x48,0x8b,0x8c,0x24,
0xf0,0x0a,0x00,0x00,0xff,0x10,0x48,0x8b,0x1d,0x1b,0x5c,0x00,0x00,0x48,0x8d,0x84,
0x24,0x98,0x31,0x00,0x00,0x48,0x8d,0x0d,0xe4,0x57,0x00,0x00,0x48,0x8b,0x15,0x0d,
0x5c,0x00,0x00,0x48,0x89,0x84,0x24,0xe8,0x0a,0x00,0x00,0x48,0x89,0x8c,0x24,0xe0,
0x09,0x00,0x00,0x48,0x89,0x94,0x24,0xe8,0x09,0x00,0x00,0x48,0x8b,0x84,0x24,0xe8,
0x09,0x00,0x00,0x48,0x8b,0x8c,0x24,0xe8,0x0a,0x00,0x00,0x48,0x8b,0x94,0x24,0xe0,
0x09,0x00,0x00,0xff,0x10,0x48,0x8d,0x84,0x24,0x90,0x31,0x00,0x00,0x48,0x8d,0x0b,
0x4c,0x8d,0x84,0x24,0x98,0x31,0x00,0x00,0x4c,0x8d,0x0d,0xdd,0x55,0x00,0x00,0x48,
0x8d,0x2d,0x86,0x56,0x00,0x00,0x48,0x89,0x8c,0x24,0xf0,0x09,0x00,0x00,0x48,0x8b,
0x4c,0x24,0x48,0x48,0x8d,0x99,0xb8,0x1a,0x00,0x00,0x48,0x8b,0x15,0x57,0x5e,0x00,
0x00,0x48,0x89,0x6c,0x24,0x20,0x48,0x89,0x5c,0x24,0x28,0x48,0x89,0x84,0x24,0xd0,
0x09,0x00,0x00,0x48,0x89,0x94,0x24,0xf8,0x09,0x00,0x00,0x48,0x8b,0x84,0x24,0xf8,
0x09,0x00,0x00,0x48,0x8b,0x8c,0x24,0xd0,0x09,0x00,0x00,0x48,0x8b,0x94,0x24,0xf0,
0x09,0x00,0x00,0xff,0x10,0x48,0x8d,0x84,0x24,0x98,0x31,0x00,0x00,0x48,0x8b,0x0d,
0x6c,0x5b,0x00,0x00,0x48,0x89,0x84,0x24,0x08,0x0a,0x00,0x00,0x48,0x89,0x8c,0x24,
0x10,0x0a,0x00,0x00,0x48,0x8b,0x84,0x24,0x10,0x0a,0x00,0x00,0x48,0x8b,0x8c,0x24,
0x08,0x0a,0x00,0x00,0xff,0x10,0x48,0x8b,0x1d,0x2b,0x5b,0x00,0x00,0x48,0x8d,0x84,
0x24,0x98,0x31,0x00,0x00,0x48,0x8d,0x0d,0x02,0x57,0x00,0x00,0x48,0x8b,0x15,0x1d,
0x5b,0x00,0x00,0x48,0x89,0x84,0x24,0x18,0x0a,0x00,0x00,0x48,0x89,0x8c,0x24,0xd8,
0x09,0x00,0x00,0x48,0x89,0x94,0x24,0xc8,0x09,0x00,0x00,0x48,0x8b,0x84,0x24,0xc8,
0x09,0x00,0x00,0x48,0x8b,0x8c,0x24,0x18,0x0a,0x00,0x00,0x48,0x8b,0x94,0x24,0xd8,
0x09,0x00,0x00,0xff,0x10,0x48,0x8d,0x84,0x24,0x90,0x31,0x00,0x00,0x48,0x8d,0x0b,
0x4c,0x8d,0x84,0x24,0x98,0x31,0x00,0x00,0x4c,0x8d,0x0d,0x81,0x56,0x00,0x00,0x48,
0x8d,0x1d,0x82,0x56,0x00,0x00,0x48,0x89,0x8c,0x24,0xa0,0x09,0x00,0x00,0x48,0x8b,
0x4c,0x24,0x48,0x48,0x8d,0x91,0xc0,0x1a,0x00,0x00,0x48,0x8b,0x2d,0x4f,0x5d,0x00,
0x00,0x48,0x89,0x5c,0x24,0x20,0x48,0x89,0x54,0x24,0x28,0x48,0x89,0xc1,0x48,0x8b,
0x94,0x24,0xa0,0x09,0x00,0x00,0xff,0x55,0x00,0x48,0x8d,0x84,0x24,0x98,0x31,0x00,
0x00,0x48,0x8b,0x0d,0x98,0x5a,0x00,0x00,0x48,0x89,0x84,0x24,0xc0,0x09,0x00,0x00,
0x48,0x89,0x8c,0x24,0x80,0x09,0x00,0x00,0x48,0x8b,0x84,0x24,0x80,0x09,0x00,0x00,
0x48,0x8b,0x8c,0x24,0xc0,0x09,0x00,0x00,0xff,0x10,0x48,0x8b,0x1d,0x57,0x5a,0x00,
0x00,0x48,0x8d,0x84,0x24,0x98,0x31,0x00,0x00,0x48,0x8d,0x0d,0x40,0x56,0x00,0x00,
0x48,0x8b,0x15,0x49,0x5a,0x00,0x00,0x48,0x89,0x84,0x24,0x88,0x09,0x00,0x00,0x48,
0x89,0x8c,0x24,0x90,0x09,0x00,0x00,0x48,0x89,0x94,0x24,0x70,0x09,0x00,0x00,0x48,
0x8b,0x84,0x24,0x70,0x09,0x00,0x00,0x48,0x8b,0x8c,0x24,0x88,0x09,0x00,0x00,0x48,
0x8b,0x94,0x24,0x90,0x09,0x00,0x00,0xff,0x10,0x48,0x8d,0x84,0x24,0x90,0x31,0x00,
0x00,0x48,0x8d,0x0b,0x4c,0x8d,0x84,0x24,0x98,0x31,0x00,0x00,0x4c,0x8d,0x0d,0x5d,
0x52,0x00,0x00,0x48,0x8d,0x2d,0x4e,0x52,0x00,0x00,0x48,0x89,0x8c,0x24,0x98,0x09,
0x00,0x00,0x48,0x8b,0x4c,0x24,0x48,0x48,0x8d,0x99,0xc8,0x1a,0x00,0x00,0x48,0x8b,
0x15,0x7b,0x5c,0x00,0x00,0x48,0x89,0x6c,0x24,0x20,0x48,0x89,0x5c,0x24,0x28,0x48,
0x89,0x84,0x24,0xa8,0x09,0x00,0x00,0x48,0x89,0x94,0x24,0xb0,0x09,0x00,0x00,0x48,
0x8b,0x84,0x24,0xb0,0x09,0x00,0x00,0x48,0x8b,0x8c,0x24,0xa8,0x09,0x00,0x00,0x48,
0x8b,0x94,0x24,0x98,0x09,0x00,0x00,0xff,0x10,0x48,0x8d,0x84,0x24,0x98,0x31,0x00,
0x00,0x48,0x8b,0x0d,0xa8,0x59,0x00,0x00,0x48,0x89,0x84,0x24,0xb8,0x09,0x00,0x00,
0x48,0x89,0x8c,0x24,0x20,0x0a,0x00,0x00,0x48,0x8b,0x84,0x24,0x20,0x0a,0x00,0x00,
0x48,0x8b,0x8c,0x24,0xb8,0x09,0x00,0x00,0xff,0x10,0x48,0x8b,0x1d,0x67,0x59,0x00,
0x00,0x48,0x8d,0x84,0x24,0x98,0x31,0x00,0x00,0x48,0x8d,0x0d,0x5a,0x55,0x00,0x00,
0x48,0x8b,0x15,0x59,0x59,0x00,0x00,0x48,0x89,0x84,0x24,0x00,0x0a,0x00,0x00,0x48,
0x89,0x8c,0x24,0x28,0x0a,0x00,0x00,0x48,0x89,0x94,0x24,0x38,0x0a,0x00,0x00,0x48,
0x8b,0x84,0x24,0x38,0x0a,0x00,0x00,0x48,0x8b,0x8c,0x24,0x00,0x0a,0x00,0x00,0x48,
0x8b,0x94,0x24,0x28,0x0a,0x00,0x00,0xff,0x10,0x48,0x8d,0x84,0x24,0x90,0x31,0x00,
0x00,0x48,0x8d,0x0b,0x4c,0x8d,0x84,0x24,0x98,0x31,0x00,0x00,0x4c,0x8d,0x0d,0x6d,
0x51,0x00,0x00,0x48,0x8d,0x1d,0x5e,0x51,0x00,0x00,0x48,0x89,0x8c,0x24,0xa0,0x0a,
0x00,0x00,0x48,0x8b,0x4c,0x24,0x48,0x48,0x8d,0x91,0xd0,0x1a,0x00,0x00,0x48,0x8b,
0x2d,0x8b,0x5b,0x00,0x00,0x48,0x89,0x5c,0x24,0x20,0x48,0x89,0x54,0x24,0x28,0x48,
0x89,0xc1,0x48,0x8b,0x94,0x24,0xa0,0x0a,0x00,0x00,0xff,0x55,0x00,0x48,0x8d,0x84,
0x24,0x98,0x31,0x00,0x00,0x48,0x8b,0x0d,0xd4,0x58,0x00,0x00,0x48,0x89,0x84,0x24,
0xa8,0x0a,0x00,0x00,0x48,0x89,0x8c,0x24,0xb0,0x0a,0x00,0x00,0x48,0x8b,0x84,0x24,
0xb0,0x0a,0x00,0x00,0x48,0x8b,0x8c,0x24,0xa8,0x0a,0x00,0x00,0xff,0x10,0x48,0x8b,
0x1d,0x93,0x58,0x00,0x00,0x48,0x8d,0x84,0x24,0x98,0x31,0x00,0x00,0x48,0x8d,0x0d,
0x92,0x54,0x00,0x00,0x48,0x8b,0x15,0x85,0x58,0x00,0x00,0x48,0x89,0x84,0x24,0x90,
0x0a,0x00,0x00,0x48,0x89,0x8c,0x24,0xb8,0x0a,0x00,0x00,0x48,0x89,0x94,0x24,0xc8,
0x0a,0x00,0x00,0x48,0x8b,0x84,0x24,0xc8,0x0a,0x00,0x00,0x48,0x8b,0x8c,0x24,0x90,
0x0a,0x00,0x00,0x48,0x8b,0x94,0x24,0xb8,0x0a,0x00,0x00,0xff,0x10,0x48,0x8d,0x84,
0x24,0x90,0x31,0x00,0x00,0x48,0x8d,0x0b,0x4c,0x8d,0x84,0x24,0x98,0x31,0x00,0x00,
0x4c,0x8d,0x0d,0x99,0x50,0x00,0x00,0x48,0x8d,0x2d,0x8a,0x50,0x00,0x00,0x48,0x89,
0x8c,0x24,0xd0,0x0a,0x00,0x00,0x48,0x8b,0x4c,0x24,0x48,0x48,0x8d,0x99,0xd8,0x1a,
0x00,0x00,0x48,0x8b,0x15,0xb7,0x5a,0x00,0x00,0x48,0x89,0x6c,0x24,0x20,0x48,0x89,
0x5c,0x24,0x28,0x48,0x89,0x84,0x24,0xd8,0x0a,0x00,0x00,0x48,0x89,0x94,0x24,0xe0,
0x0a,0x00,0x00,0x48,0x8b,0x84,0x24,0xe0,0x0a,0x00,0x00,0x48,0x8b,0x8c,0x24,0xd8,
0x0a,0x00,0x00,0x48,0x8b,0x94,0x24,0xd0,0x0a,0x00,0x00,0xff,0x10,0x48,0x8d,0x84,
0x24,0x98,0x31,0x00,0x00,0x48,0x8b,0x0d,0xe4,0x57,0x00,0x00,0x48,0x89,0x84,0x24,
0x98,0x0a,0x00,0x00,0x48,0x89,0x8c,0x24,0x88,0x0a,0x00,0x00,0x48,0x8b,0x84,0x24,
0x88,0x0a,0x00,0x00,0x48,0x8b,0x8c,0x24,0x98,0x0a,0x00,0x00,0xff,0x10,0x48,0x8b,
0x05,0xa3,0x57,0x00,0x00,0x48,0x8d,0x00,0x48,0x8b,0x0d,0x51,0x58,0x00,0x00,0x48,
0x89,0x84,0x24,0x60,0x0a,0x00,0x00,0x48,0x89,0x8c,0x24,0x80,0x0a,0x00,0x00,0x48,
0x8b,0x84,0x24,0x80,0x0a,0x00,0x00,0x48,0x8b,0x8c,0x24,0x60,0x0a,0x00,0x00,0xff,
0x10,0x48,0x8b,0x1d,0x70,0x57,0x00,0x00,0x48,0x8d,0x84,0x24,0x90,0x31,0x00,0x00,
0x48,0x8d,0x0d,0x7a,0x53,0x00,0x00,0x48,0x8b,0x15,0x62,0x57,0x00,0x00,0x48,0x89,
0x84,0x24,0x40,0x0a,0x00,0x00,0x48,0x89,0x8c,0x24,0x48,0x0a,0x00,0x00,0x48,0x89,
0x94,0x24,0x50,0x0a,0x00,0x00,0x48,0x8b,0x84,0x24,0x50,0x0a,0x00,0x00,0x48,0x8b,
0x8c,0x24,0x40,0x0a,0x00,0x00,0x48,0x8b,0x94,0x24,0x48,0x0a,0x00,0x00,0xff,0x10,
0x48,0x8d,0x84,0x24,0xa0,0x31,0x00,0x00,0x48,0x8b,0x4c,0x24,0x48,0x48,0x8d,0x91,
0xa0,0x1a,0x00,0x00,0x48,0x8b,0x2d,0xd5,0x59,0x00,0x00,0x48,0x89,0xc1,0xff,0x55,
0x00,0x48,0x8d,0x84,0x24,0xa8,0x31,0x00,0x00,0x48,0x8b,0x0d,0xc8,0x59,0x00,0x00,
0x48,0x89,0x84,0x24,0x30,0x0a,0x00,0x00,0x48,0x89,0x8c,0x24,0x58,0x0a,0x00,0x00,
0x48,0x8b,0x84,0x24,0x58,0x0a,0x00,0x00,0x48,0x8b,0x8c,0x24,0x30,0x0a,0x00,0x00,
0xff,0x10,0x48,0x8d,0x84,0x24,0xa8,0x31,0x00,0x00,0x48,0x8d,0x0d,0xd3,0x4e,0x00,
0x00,0x48,0x8b,0x15,0x98,0x59,0x00,0x00,0x48,0x89,0x84,0x24,0x68,0x0a,0x00,0x00,
0x48,0x89,0x8c,0x24,0x70,0x0a,0x00,0x00,0x48,0x89,0x94,0x24,0x78,0x0a,0x00,0x00,
0x48,0x8b,0x84,0x24,0x78,0x0a,0x00,0x00,0x48,0x8b,0x8c,0x24,0x68,0x0a,0x00,0x00,
0x48,0x8b,0x94,0x24,0x70,0x0a,0x00,0x00,0xff,0x10,0x48,0x8d,0x03,0x48,0x8d,0x8c,
0x24,0x90,0x31,0x00,0x00,0x4c,0x8d,0x84,0x24,0xa0,0x31,0x00,0x00,0x4c,0x8d,0x8c,
0x24,0xa8,0x31,0x00,0x00,0x48,0x8b,0x15,0x4c,0x59,0x00,0x00,0x48,0x89,0x84,0x24,
0x68,0x06,0x00,0x00,0x48,0x89,0x8c,0x24,0x58,0x06,0x00,0x00,0x48,0x89,0x94,0x24,
0x28,0x06,0x00,0x00,0x48,0x8b,0x84,0x24,0x28,0x06,0x00,0x00,0x48,0x8b,0x8c,0x24,
0x68,0x06,0x00,0x00,0x48,0x8b,0x94,0x24,0x58,0x06,0x00,0x00,0xff,0x10,0x48,0x8d,
0x84,0x24,0xa8,0x31,0x00,0x00,0x48,0x8b,0x0d,0x13,0x59,0x00,0x00,0x48,0x89,0x84,
0x24,0x50,0x06,0x00,0x00,0x48,0x89,0x8c,0x24,0x38,0x02,0x00,0x00,0x48,0x8b,0x84,
0x24,0x38,0x02,0x00,0x00,0x48,0x8b,0x8c,0x24,0x50,0x06,0x00,0x00,0xff,0x10,0x48,
0x8d,0x84,0x24,0x90,0x31,0x00,0x00,0x48,0x8b,0x0d,0x12,0x56,0x00,0x00,0x48,0x89,
0x84,0x24,0x40,0x02,0x00,0x00,0x48,0x89,0x8c,0x24,0x48,0x02,0x00,0x00,0x48,0x8b,
0x84,0x24,0x48,0x02,0x00,0x00,0x48,0x8b,0x8c,0x24,0x40,0x02,0x00,0x00,0xff,0x10,
0x48,0x8b,0x05,0xd1,0x55,0x00,0x00,0x48,0x8d,0x00,0x48,0x8b,0x0d,0x7f,0x56,0x00,
0x00,0x48,0x89,0x84,0x24,0x28,0x02,0x00,0x00,0x48,0x89,0x8c,0x24,0x50,0x02,0x00,
0x00,0x48,0x8b,0x84,0x24,0x50,0x02,0x00,0x00,0x48,0x8b,0x8c,0x24,0x28,0x02,0x00,
0x00,0xff,0x10,0x48,0x8b,0x1d,0x9e,0x55,0x00,0x00,0x48,0x8d,0x84,0x24,0x98,0x31,
0x00,0x00,0x48,0x8d,0x0d,0xaf,0x51,0x00,0x00,0x48,0x8b,0x15,0x90,0x55,0x00,0x00,
0x48,0x89,0x84,0x24,0x60,0x02,0x00,0x00,0x48,0x89,0x8c,0x24,0x68,0x02,0x00,0x00,
0x48,0x89,0x94,0x24,0x70,0x02,0x00,0x00,0x48,0x8b,0x84,0x24,0x70,0x02,0x00,0x00,
0x48,0x8b,0x8c,0x24,0x60,0x02,0x00,0x00,0x48,0x8b,0x94,0x24,0x68,0x02,0x00,0x00,
0xff,0x10,0x48,0x8d,0x84,0x24,0x90,0x31,0x00,0x00,0x48,0x8d,0x0b,0x4c,0x8d,0x84,
0x24,0x98,0x31,0x00,0x00,0x48,0x8b,0x15,0xfc,0x55,0x00,0x00,0x48,0x89,0x84,0x24,
0x30,0x02,0x00,0x00,0x48,0x89,0x8c,0x24,0x20,0x02,0x00,0x00,0x48,0x89,0x94,0x24,
0xf8,0x01,0x00,0x00,0x48,0x8b,0x84,0x24,0xf8,0x01,0x00,0x00,0x48,0x8b,0x8c,0x24,
0x30,0x02,0x00,0x00,0x48,0x8b,0x94,0x24,0x20,0x02,0x00,0x00,0xff,0x10,0x8a,0x9c,
0x24,0x90,0x31,0x00,0x00,0x48,0x8d,0x84,0x24,0x98,0x31,0x00,0x00,0x48,0x8b,0x0d,
0x0c,0x55,0x00,0x00,0x48,0x89,0x84,0x24,0x18,0x02,0x00,0x00,0x48,0x89,0x8c,0x24,
0xd8,0x01,0x00,0x00,0x48,0x8b,0x84,0x24,0xd8,0x01,0x00,0x00,0x48,0x8b,0x8c,0x24,
0x18,0x02,0x00,0x00,0xff,0x10,0x80,0xfb,0x00,0x0f,0x84,0x24,0x00,0x00,0x00,0x48,
0x8b,0x4c,0x24,0x48,0x48,0x8d,0x81,0xa0,0x1a,0x00,0x00,0x48,0x8d,0x15,0xe6,0x50,
0x00,0x00,0x48,0x8b,0x1d,0x9f,0x57,0x00,0x00,0x48,0x89,0xc1,0xff,0x13,0xe9,0x00,
0x00,0x00,0x00,0x48,0x8b,0x1d,0x9e,0x54,0x00,0x00,0x48,0x8d,0x84,0x24,0x98,0x31,
0x00,0x00,0x48,0x8d,0x0d,0xc7,0x50,0x00,0x00,0x48,0x8b,0x15,0x90,0x54,0x00,0x00,
0x48,0x89,0x84,0x24,0xe0,0x01,0x00,0x00,0x48,0x89,0x8c,0x24,0xe8,0x01,0x00,0x00,
0x48,0x89,0x94,0x24,0xc8,0x01,0x00,0x00,0x48,0x8b,0x84,0x24,0xc8,0x01,0x00,0x00,
0x48,0x8b,0x8c,0x24,0xe0,0x01,0x00,0x00,0x48,0x8b,0x94,0x24,0xe8,0x01,0x00,0x00,
0xff,0x10,0x48,0x8d,0x84,0x24,0x90,0x31,0x00,0x00,0x48,0x8d,0x0b,0x4c,0x8d,0x84,
0x24,0x98,0x31,0x00,0x00,0x48,0x8b,0x15,0xfc,0x54,0x00,0x00,0x48,0x89,0x84,0x24,
0xf0,0x01,0x00,0x00,0x48,0x89,0x8c,0x24,0x00,0x02,0x00,0x00,0x48,0x89,0x94,0x24,
0x08,0x02,0x00,0x00,0x48,0x8b,0x84,0x24,0x08,0x02,0x00,0x00,0x48,0x8b,0x8c,0x24,
0xf0,0x01,0x00,0x00,0x48,0x8b,0x94,0x24,0x00,0x02,0x00,0x00,0xff,0x10,0x8a,0x9c,
0x24,0x90,0x31,0x00,0x00,0x48,0x8d,0x84,0x24,0x98,0x31,0x00,0x00,0x48,0x8b,0x0d,
0x0c,0x54,0x00,0x00,0x48,0x89,0x84,0x24,0x10,0x02,0x00,0x00,0x48,0x89,0x8c,0x24,
0x78,0x02,0x00,0x00,0x48,0x8b,0x84,0x24,0x78,0x02,0x00,0x00,0x48,0x8b,0x8c,0x24,
0x10,0x02,0x00,0x00,0xff,0x10,0x80,0xfb,0x00,0x0f,0x84,0x24,0x00,0x00,0x00,0x48,
0x8b,0x4c,0x24,0x48,0x48,0x8d,0x81,0xa0,0x1a,0x00,0x00,0x48,0x8d,0x15,0xfe,0x4f,
0x00,0x00,0x48,0x8b,0x1d,0x9f,0x56,0x00,0x00,0x48,0x89,0xc1,0xff,0x13,0xe9,0x00,
0x00,0x00,0x00,0x48,0x8b,0x1d,0x9e,0x53,0x00,0x00,0x48,0x8d,0x84,0x24,0x98,0x31,
0x00,0x00,0x48,0x8d,0x0d,0xdf,0x4f,0x00,0x00,0x48,0x8b,0x15,0x90,0x53,0x00,0x00,
0x48,0x89,0x84,0x24,0x58,0x02,0x00,0x00,0x48,0x89,0x8c,0x24,0x80,0x02,0x00,0x00,
0x48,0x89,0x94,0x24,0x90,0x02,0x00,0x00,0x48,0x8b,0x84,0x24,0x90,0x02,0x00,0x00,
0x48,0x8b,0x8c,0x24,0x58,0x02,0x00,0x00,0x48,0x8b,0x94,0x24,0x80,0x02,0x00,0x00,
0xff,0x10,0x48,0x8d,0x84,0x24,0x90,0x31,0x00,0x00,0x48,0x8d,0x0b,0x4c,0x8d,0x84,
0x24,0x98,0x31,0x00,0x00,0x48,0x8b,0x15,0xfc,0x53,0x00,0x00,0x48,0x89,0x84,0x24,
0xf8,0x02,0x00,0x00,0x48,0x89,0x8c,0x24,0x00,0x03,0x00,0x00,0x48,0x89,0x94,0x24,
0x08,0x03,0x00,0x00,0x48,0x8b,0x84,0x24,0x08,0x03,0x00,0x00,0x48,0x8b,0x8c,0x24,
0xf8,0x02,0x00,0x00,0x48,0x8b,0x94,0x24,0x00,0x03,0x00,0x00,0xff,0x10,0x8a,0x9c,
0x24,0x90,0x31,0x00,0x00,0x48,0x8d,0x84,0x24,0x98,0x31,0x00,0x00,0x48,0x8b,0x0d,
0x0c,0x53,0x00,0x00,0x48,0x89,0x84,0x24,0xe8,0x02,0x00,0x00,0x48,0x89,0x8c,0x24,
0x10,0x03,0x00,0x00,0x48,0x8b,0x84,0x24,0x10,0x03,0x00,0x00,0x48,0x8b,0x8c,0x24,
0xe8,0x02,0x00,0x00,0xff,0x10,0x80,0xfb,0x00,0x0f,0x84,0x24,0x00,0x00,0x00,0x48,
0x8b,0x4c,0x24,0x48,0x48,0x8d,0x81,0xa0,0x1a,0x00,0x00,0x48,0x8d,0x15,0x16,0x4f,
0x00,0x00,0x48,0x8b,0x1d,0x9f,0x55,0x00,0x00,0x48,0x89,0xc1,0xff,0x13,0xe9,0x00,
0x00,0x00,0x00,0x48,0x8b,0x1d,0x9e,0x52,0x00,0x00,0x48,0x8d,0x84,0x24,0x98,0x31,
0x00,0x00,0x48,0x8d,0x0d,0xf7,0x4e,0x00,0x00,0x48,0x8b,0x15,0x90,0x52,0x00,0x00,
0x48,0x89,0x84,0x24,0x20,0x03,0x00,0x00,0x48,0x89,0x8c,0x24,0x28,0x03,0x00,0x00,
0x48,0x89,0x94,0x24,0x30,0x03,0x00,0x00,0x48,0x8b,0x84,0x24,0x30,0x03,0x00,0x00,
0x48,0x8b,0x8c,0x24,0x20,0x03,0x00,0x00,0x48,0x8b,0x94,0x24,0x28,0x03,0x00,0x00,
0xff,0x10,0x48,0x8d,0x84,0x24,0x90,0x31,0x00,0x00,0x48,0x8d,0x0b,0x4c,0x8d,0x84,
0x24,0x98,0x31,0x00,0x00,0x48,0x8b,0x15,0xfc,0x52,0x00,0x00,0x48,0x89,0x84,0x24,
0x38,0x03,0x00,0x00,0x48,0x89,0x8c,0x24,0xf0,0x02,0x00,0x00,0x48,0x89,0x94,0x24,
0xe0,0x02,0x00,0x00,0x48,0x8b,0x84,0x24,0xe0,0x02,0x00,0x00,0x48,0x8b,0x8c,0x24,
0x38,0x03,0x00,0x00,0x48,0x8b,0x94,0x24,0xf0,0x02,0x00,0x00,0xff,0x10,0x8a,0x9c,
0x24,0x90,0x31,0x00,0x00,0x48,0x8d,0x84,0x24,0x98,0x31,0x00,0x00,0x48,0x8b,0x0d,
0x0c,0x52,0x00,0x00,0x48,0x89,0x84,0x24,0xb8,0x02,0x00,0x00,0x48,0x89,0x8c,0x24,
0xd8,0x02,0x00,0x00,0x48,0x8b,0x84,0x24,0xd8,0x02,0x00,0x00,0x48,0x8b,0x8c,0x24,
0xb8,0x02,0x00,0x00,0xff,0x10,0x80,0xfb,0x00,0x0f,0x84,0x24,0x00,0x00,0x00,0x48,
0x8b,0x4c,0x24,0x48,0x48,0x8d,0x81,0xa0,0x1a,0x00,0x00,0x48,0x8d,0x15,0x16,0x4a,
0x00,0x00,0x48,0x8b,0x1d,0x9f,0x54,0x00,0x00,0x48,0x89,0xc1,0xff,0x13,0xe9,0x00,
0x00,0x00,0x00,0xe9,0x00,0x00,0x00,0x00,0x48,0x8b,0x05,0x99,0x51,0x00,0x00,0x48,
0x8d,0x00,0x48,0x8b,0x0d,0x7f,0x52,0x00,0x00,0x48,0x89,0x84,0x24,0x98,0x02,0x00,
0x00,0x48,0x89,0x8c,0x24,0xa0,0x02,0x00,0x00,0x48,0x8b,0x84,0x24,0xa0,0x02,0x00,
0x00,0x48,0x8b,0x8c,0x24,0x98,0x02,0x00,0x00,0xff,0x10,0x48,0x8b,0x1d,0x66,0x51,
0x00,0x00,0x48,0x8d,0x84,0x24,0x98,0x31,0x00,0x00,0x48,0x8d,0x0d,0xcc,0x4d,0x00,
0x00,0x48,0x8b,0x15,0x58,0x51,0x00,0x00,0x48,0x89,0x84,0x24,0xa8,0x02,0x00,0x00,
0x48,0x89,0x8c,0x24,0x88,0x02,0x00,0x00,0x48,0x89,0x94,0x24,0xb0,0x02,0x00,0x00,
0x48,0x8b,0x84,0x24,0xb0,0x02,0x00,0x00,0x48,0x8b,0x8c,0x24,0xa8,0x02,0x00,0x00,
0x48,0x8b,0x94,0x24,0x88,0x02,0x00,0x00,0xff,0x10,0x48,0x8d,0x84,0x24,0x90,0x31,
0x00,0x00,0x48,0x8d,0x0b,0x4c,0x8d,0x84,0x24,0x98,0x31,0x00,0x00,0x48,0x8b,0x15,
0x74,0x51,0x00,0x00,0x48,0x89,0x84,0x24,0xc0,0x02,0x00,0x00,0x48,0x89,0x8c,0x24,
0xc8,0x02,0x00,0x00,0x48,0x89,0x94,0x24,0xd0,0x02,0x00,0x00,0x48,0x8b,0x84,0x24,
0xd0,0x02,0x00,0x00,0x48,0x8b,0x8c,0x24,0xc0,0x02,0x00,0x00,0x48,0x8b,0x94,0x24,
0xc8,0x02,0x00,0x00,0xff,0x10,0x8a,0x9c,0x24,0x90,0x31,0x00,0x00,0x48,0x8d,0x84,
0x24,0x98,0x31,0x00,0x00,0x48,0x8b,0x0d,0xd4,0x50,0x00,0x00,0x48,0x89,0x84,0x24,
0xd0,0x01,0x00,0x00,0x48,0x89,0x8c,0x24,0xc0,0x01,0x00,0x00,0x48,0x8b,0x84,0x24,
0xc0,0x01,0x00,0x00,0x48,0x8b,0x8c,0x24,0xd0,0x01,0x00,0x00,0xff,0x10,0x80,0xfb,
0x00,0x0f,0x84,0xdb,0x03,0x00,0x00,0x48,0x8b,0x1d,0x8a,0x50,0x00,0x00,0x48,0x8d,
0x84,0x24,0x98,0x31,0x00,0x00,0x48,0x8d,0x0d,0x00,0x4d,0x00,0x00,0x48,0x8b,0x15,
0x7c,0x50,0x00,0x00,0x48,0x89,0x84,0x24,0x90,0x01,0x00,0x00,0x48,0x89,0x8c,0x24,
0xb8,0x01,0x00,0x00,0x48,0x89,0x94,0x24,0xb0,0x00,0x00,0x00,0x48,0x8b,0x84,0x24,
0xb0,0x00,0x00,0x00,0x48,0x8b,0x8c,0x24,0x90,0x01,0x00,0x00,0x48,0x8b,0x94,0x24,
0xb8,0x01,0x00,0x00,0xff,0x10,0x48,0x8d,0x84,0x24,0x90,0x31,0x00,0x00,0x48,0x8d,
0x0b,0x4c,0x8d,0x84,0x24,0x98,0x31,0x00,0x00,0x48,0x8b,0x15,0xe8,0x50,0x00,0x00,
0x48,0x89,0x84,0x24,0xb8,0x00,0x00,0x00,0x48,0x89,0x8c,0x24,0xc0,0x00,0x00,0x00,
0x48,0x89,0x94,0x24,0xa0,0x00,0x00,0x00,0x48,0x8b,0x84,0x24,0xa0,0x00,0x00,0x00,
0x48,0x8b,0x8c,0x24,0xb8,0x00,0x00,0x00,0x48,0x8b,0x94,0x24,0xc0,0x00,0x00,0x00,
0xff,0x10,0x8a,0x9c,0x24,0x90,0x31,0x00,0x00,0x48,0x8d,0x84,0x24,0x98,0x31,0x00,
0x00,0x48,0x8b,0x0d,0xf8,0x4f,0x00,0x00,0x48,0x89,0x84,0x24,0xc8,0x00,0x00,0x00,
0x48,0x89,0x8c,0x24,0xd8,0x00,0x00,0x00,0x48,0x8b,0x84,0x24,0xd8,0x00,0x00,0x00,
0x48,0x8b,0x8c,0x24,0xc8,0x00,0x00,0x00,0xff,0x10,0x80,0xfb,0x00,0x0f,0x84,0x24,
0x00,0x00,0x00,0x48,0x8b,0x4c,0x24,0x48,0x48,0x8d,0x81,0x18,0x21,0x00,0x00,0x48,
0x8d,0x15,0xd2,0x4b,0x00,0x00,0x48,0x8b,0x1d,0x93,0x52,0x00,0x00,0x48,0x89,0xc1,
0xff,0x13,0xe9,0x00,0x00,0x00,0x00,0x48,0x8b,0x1d,0x8a,0x4f,0x00,0x00,0x48,0x8d,
0x84,0x24,0x98,0x31,0x00,0x00,0x48,0x8d,0x0d,0x0d,0x4c,0x00,0x00,0x48,0x8b,0x15,
0x7c,0x4f,0x00,0x00,0x48,0x89,0x84,0x24,0xe0,0x00,0x00,0x00,0x48,0x89,0x8c,0x24,
0xe8,0x00,0x00,0x00,0x48,0x89,0x94,0x24,0xa8,0x00,0x00,0x00,0x48,0x8b,0x84,0x24,
0xa8,0x00,0x00,0x00,0x48,0x8b,0x8c,0x24,0xe0,0x00,0x00,0x00,0x48,0x8b,0x94,0x24,
0xe8,0x00,0x00,0x00,0xff,0x10,0x48,0x8d,0x84,0x24,0x90,0x31,0x00,0x00,0x48,0x8d,
0x0b,0x4c,0x8d,0x84,0x24,0x98,0x31,0x00,0x00,0x48,0x8b,0x15,0xe8,0x4f,0x00,0x00,
0x48,0x89,0x84,0x24,0x98,0x00,0x00,0x00,0x48,0x89,0x4c,0x24,0x70,0x48,0x89,0x94,
0x24,0x90,0x00,0x00,0x00,0x48,0x8b,0x84,0x24,0x90,0x00,0x00,0x00,0x48,0x8b,0x8c,
0x24,0x98,0x00,0x00,0x00,0x48,0x8b,0x54,0x24,0x70,0xff,0x10,0x8a,0x9c,0x24,0x90,
0x31,0x00,0x00,0x48,0x8d,0x84,0x24,0x98,0x31,0x00,0x00,0x48,0x8b,0x0d,0xfe,0x4e,
0x00,0x00,0x48,0x89,0x44,0x24,0x50,0x48,0x89,0x4c,0x24,0x58,0x48,0x8b,0x44,0x24,
0x58,0x48,0x8b,0x4c,0x24,0x50,0xff,0x10,0x80,0xfb,0x00,0x0f,0x84,0x24,0x00,0x00,
0x00,0x48,0x8b,0x4c,0x24,0x48,0x48,0x8d,0x81,0x18,0x21,0x00,0x00,0x48,0x8d,0x15,
0xfc,0x4a,0x00,0x00,0x48,0x8b,0x1d,0xa5,0x51,0x00,0x00,0x48,0x89,0xc1,0xff,0x13,
0xe9,0x00,0x00,0x00,0x00,0x48,0x8b,0x1d,0x9c,0x4e,0x00,0x00,0x48,0x8d,0x84,0x24,
0x98,0x31,0x00,0x00,0x48,0x8d,0x0d,0x2c,0x4b,0x00,0x00,0x48,0x8b,0x15,0x8e,0x4e,
0x00,0x00,0x48,0x89,0x44,0x24,0x60,0x48,0x89,0x4c,0x24,0x40,0x48,0x89,0x54,0x24,
0x68,0x48,0x8b,0x44,0x24,0x68,0x48,0x8b,0x4c,0x24,0x60,0x48,0x8b,0x54,0x24,0x40,
0xff,0x10,0x48,0x8d,0x84,0x24,0x90,0x31,0x00,0x00,0x48,0x8d,0x0b,0x4c,0x8d,0x84,
0x24,0x98,0x31,0x00,0x00,0x48,0x8b,0x15,0x0c,0x4f,0x00,0x00,0x48,0x89,0x44,0x24,
0x78,0x48,0x89,0x8c,0x24,0x80,0x00,0x00,0x00,0x48,0x89,0x94,0x24,0x88,0x00,0x00,
0x00,0x48,0x8b,0x84,0x24,0x88,0x00,0x00,0x00,0x48,0x8b,0x4c,0x24,0x78,0x48,0x8b,
0x94,0x24,0x80,0x00,0x00,0x00,0xff,0x10,0x8a,0x9c,0x24,0x90,0x31,0x00,0x00,0x48,
0x8d,0x84,0x24,0x98,0x31,0x00,0x00,0x48,0x8b,0x0d,0x22,0x4e,0x00,0x00,0x48,0x89,
0x84,0x24,0xf0,0x00,0x00,0x00,0x48,0x89,0x8c,0x24,0xd0,0x00,0x00,0x00,0x48,0x8b,
0x84,0x24,0xd0,0x00,0x00,0x00,0x48,0x8b,0x8c,0x24,0xf0,0x00,0x00,0x00,0xff,0x10,
0x80,0xfb,0x00,0x0f,0x84,0x24,0x00,0x00,0x00,0x48,0x8b,0x4c,0x24,0x48,0x48,0x8d,
0x81,0x18,0x21,0x00,0x00,0x48,0x8d,0x15,0x2c,0x4a,0x00,0x00,0x48,0x8b,0x1d,0xbd,
0x50,0x00,0x00,0x48,0x89,0xc1,0xff,0x13,0xe9,0x00,0x00,0x00,0x00,0x48,0x8b,0x1d,
0xb4,0x4d,0x00,0x00,0x48,0x8d,0x84,0x24,0x98,0x31,0x00,0x00,0x48,0x8d,0x0d,0x51,
0x4a,0x00,0x00,0x48,0x8b,0x15,0xa6,0x4d,0x00,0x00,0x48,0x89,0x84,0x24,0xf8,0x00,
0x00,0x00,0x48,0x89,0x8c,0x24,0x08,0x01,0x00,0x00,0x48,0x89,0x94,0x24,0x70,0x01,
0x00,0x00,0x48,0x8b,0x84,0x24,0x70,0x01,0x00,0x00,0x48,0x8b,0x8c,0x24,0xf8,0x00,
0x00,0x00,0x48,0x8b,0x94,0x24,0x08,0x01,0x00,0x00,0xff,0x10,0x48,0x8d,0x84,0x24,
0x90,0x31,0x00,0x00,0x48,0x8d,0x0b,0x4c,0x8d,0x84,0x24,0x98,0x31,0x00,0x00,0x48,
0x8b,0x15,0x12,0x4e,0x00,0x00,0x48,0x89,0x84,0x24,0x78,0x01,0x00,0x00,0x48,0x89,
0x8c,0x24,0x80,0x01,0x00,0x00,0x48,0x89,0x94,0x24,0x60,0x01,0x00,0x00,0x48,0x8b,
0x84,0x24,0x60,0x01,0x00,0x00,0x48,0x8b,0x8c,0x24,0x78,0x01,0x00,0x00,0x48,0x8b,
0x94,0x24,0x80,0x01,0x00,0x00,0xff,0x10,0x8a,0x9c,0x24,0x90,0x31,0x00,0x00,0x48,
0x8d,0x84,0x24,0x98,0x31,0x00,0x00,0x48,0x8b,0x0d,0x22,0x4d,0x00,0x00,0x48,0x89,
0x84,0x24,0x88,0x01,0x00,0x00,0x48,0x89,0x8c,0x24,0x98,0x01,0x00,0x00,0x48,0x8b,
0x84,0x24,0x98,0x01,0x00,0x00,0x48,0x8b,0x8c,0x24,0x88,0x01,0x00,0x00,0xff,0x10,
0x80,0xfb,0x00,0x0f,0x84,0x24,0x00,0x00,0x00,0x48,0x8b,0x4c,0x24,0x48,0x48,0x8d,
0x81,0x18,0x21,0x00,0x00,0x48,0x8d,0x15,0x2c,0x45,0x00,0x00,0x48,0x8b,0x1d,0xbd,
0x4f,0x00,0x00,0x48,0x89,0xc1,0xff,0x13,0xe9,0x00,0x00,0x00,0x00,0xe9,0x00,0x00,
0x00,0x00,0x48,0x8b,0x05,0xaf,0x4c,0x00,0x00,0x48,0x8d,0x00,0x48,0x8b,0x0d,0x95,
0x4d,0x00,0x00,0x48,0x89,0x84,0x24,0xa0,0x01,0x00,0x00,0x48,0x89,0x8c,0x24,0xa8,
0x01,0x00,0x00,0x48,0x8b,0x84,0x24,0xa8,0x01,0x00,0x00,0x48,0x8b,0x8c,0x24,0xa0,
0x01,0x00,0x00,0xff,0x10,0x48,0x8b,0x05,0x7c,0x4c,0x00,0x00,0x48,0x8d,0x00,0x48,
0x8b,0x0d,0x2a,0x4d,0x00,0x00,0x48,0x89,0x84,0x24,0xb0,0x01,0x00,0x00,0x48,0x89,
0x8c,0x24,0x68,0x01,0x00,0x00,0x48,0x8b,0x84,0x24,0x68,0x01,0x00,0x00,0x48,0x8b,
0x8c,0x24,0xb0,0x01,0x00,0x00,0xff,0x10,0x48,0x8b,0x1d,0x49,0x4c,0x00,0x00,0x48,
0x8d,0x84,0x24,0x90,0x31,0x00,0x00,0x48,0x8d,0x0d,0x68,0x45,0x00,0x00,0x48,0x8b,
0x15,0x3b,0x4c,0x00,0x00,0x48,0x89,0x84,0x24,0x58,0x01,0x00,0x00,0x48,0x89,0x8c,
0x24,0x30,0x01,0x00,0x00,0x48,0x89,0x94,0x24,0x50,0x01,0x00,0x00,0x48,0x8b,0x84,
0x24,0x50,0x01,0x00,0x00,0x48,0x8b,0x8c,0x24,0x58,0x01,0x00,0x00,0x48,0x8b,0x94,
0x24,0x30,0x01,0x00,0x00,0xff,0x10,0x48,0x8d,0x03,0x48,0x8d,0x8c,0x24,0x90,0x31,
0x00,0x00,0x48,0x8b,0x15,0x3f,0x4e,0x00,0x00,0x48,0x89,0x84,0x24,0x10,0x01,0x00,
0x00,0x48,0x89,0x8c,0x24,0x18,0x01,0x00,0x00,0x48,0x89,0x94,0x24,0x20,0x01,0x00,
0x00,0x48,0x8b,0x84,0x24,0x20,0x01,0x00,0x00,0x48,0x8b,0x8c,0x24,0x10,0x01,0x00,
0x00,0x48,0x8b,0x94,0x24,0x18,0x01,0x00,0x00,0xff,0x10,0x48,0x8d,0x84,0x24,0x90,
0x31,0x00,0x00,0x48,0x8b,0x0d,0xc6,0x4b,0x00,0x00,0x48,0x89,0x84,0x24,0x00,0x01,
0x00,0x00,0x48,0x89,0x8c,0x24,0x28,0x01,0x00,0x00,0x48,0x8b,0x84,0x24,0x28,0x01,
0x00,0x00,0x48,0x8b,0x8c,0x24,0x00,0x01,0x00,0x00,0xff,0x10,0x48,0x8b,0x1d,0x85,
0x4b,0x00,0x00,0x48,0x8d,0x84,0x24,0x98,0x31,0x00,0x00,0x48,0x8d,0x0d,0xf9,0x44,
0x00,0x00,0x48,0x8b,0x15,0x77,0x4b,0x00,0x00,0x48,0x89,0x84,0x24,0x38,0x01,0x00,
0x00,0x48,0x89,0x8c,0x24,0x40,0x01,0x00,0x00,0x48,0x89,0x94,0x24,0x48,0x01,0x00,
0x00,0x48,0x8b,0x84,0x24,0x48,0x01,0x00,0x00,0x48,0x8b,0x8c,0x24,0x38,0x01,0x00,
0x00,0x48,0x8b,0x94,0x24,0x40,0x01,0x00,0x00,0xff,0x10,0x48,0x8d,0x84,0x24,0x90,
0x31,0x00,0x00,0x48,0x8d,0x0b,0x4c,0x8d,0x84,0x24,0x98,0x31,0x00,0x00,0x48,0x89,
0x8c,0x24,0x40,0x03,0x00,0x00,0x48,0x8b,0x4c,0x24,0x48,0x4c,0x8d,0x89,0xb8,0x03,
0x00,0x00,0x48,0x8b,0x15,0x67,0x4d,0x00,0x00,0x48,0x89,0x84,0x24,0x18,0x03,0x00,
0x00,0x48,0x89,0x94,0x24,0x48,0x03,0x00,0x00,0x48,0x8b,0x84,0x24,0x48,0x03,0x00,
0x00,0x48,0x8b,0x8c,0x24,0x18,0x03,0x00,0x00,0x48,0x8b,0x94,0x24,0x40,0x03,0x00,
0x00,0xff,0x10,0x48,0x8d,0x84,0x24,0x98,0x31,0x00,0x00,0x48,0x8b,0x0d,0xee,0x4a,
0x00,0x00,0x48,0x89,0x84,0x24,0x58,0x03,0x00,0x00,0x48,0x89,0x8c,0x24,0x48,0x05,
0x00,0x00,0x48,0x8b,0x84,0x24,0x48,0x05,0x00,0x00,0x48,0x8b,0x8c,0x24,0x58,0x03,
0x00,0x00,0xff,0x10,0x48,0x8b,0x4c,0x24,0x48,0x8a,0x81,0xb8,0x03,0x00,0x00,0x3c,
0x00,0x0f,0x84,0x80,0x04,0x00,0x00,0x48,0x8b,0x05,0x9a,0x4a,0x00,0x00,0x48,0x8d,
0x00,0x48,0x8b,0x15,0xf0,0x4c,0x00,0x00,0x48,0x89,0xc1,0xff,0x12,0x48,0x8b,0x1d,
0x84,0x4a,0x00,0x00,0x48,0x8d,0x84,0x24,0x98,0x31,0x00,0x00,0x48,0x8d,0x0d,0x2e,
0x47,0x00,0x00,0x48,0x8b,0x15,0x76,0x4a,0x00,0x00,0x48,0x89,0x84,0x24,0x50,0x05,
0x00,0x00,0x48,0x89,0x8c,0x24,0x58,0x05,0x00,0x00,0x48,0x89,0x94,0x24,0x38,0x05,
0x00,0x00,0x48,0x8b,0x84,0x24,0x38,0x05,0x00,0x00,0x48,0x8b,0x8c,0x24,0x50,0x05,
0x00,0x00,0x48,0x8b,0x94,0x24,0x58,0x05,0x00,0x00,0xff,0x10,0x48,0x8b,0x05,0x35,
0x4a,0x00,0x00,0x48,0x8d,0x8c,0x24,0x90,0x31,0x00,0x00,0x48,0x8d,0x13,0x4c,0x8d,
0x84,0x24,0x98,0x31,0x00,0x00,0x4c,0x8d,0x88,0x28,0x01,0x00,0x00,0x48,0x8b,0x05,
0x14,0x4d,0x00,0x00,0xff,0x10,0x8a,0x9c,0x24,0x90,0x31,0x00,0x00,0x48,0x8d,0x84,
0x24,0x98,0x31,0x00,0x00,0x48,0x8b,0x0d,0x14,0x4a,0x00,0x00,0x48,0x89,0x84,0x24,
0x60,0x05,0x00,0x00,0x48,0x89,0x8c,0x24,0x70,0x05,0x00,0x00,0x48,0x8b,0x84,0x24,
0x70,0x05,0x00,0x00,0x48,0x8b,0x8c,0x24,0x60,0x05,0x00,0x00,0xff,0x10,0x80,0xfb,
0x00,0x0f,0x84,0x7f,0x01,0x00,0x00,0x4c,0x8b,0xa4,0x24,0x78,0x05,0x00,0x00,0x4c,
0x89,0xa4,0x24,0x90,0x31,0x00,0x00,0x4c,0x8d,0x84,0x24,0x90,0x31,0x00,0x00,0x48,
0x8d,0x84,0x24,0x98,0x31,0x00,0x00,0x48,0x89,0x84,0x24,0x80,0x05,0x00,0x00,0x48,
0x8b,0x4c,0x24,0x48,0x48,0x8d,0x81,0xa0,0x00,0x00,0x00,0x48,0x8b,0x15,0x9e,0x4c,
0x00,0x00,0x48,0x89,0x84,0x24,0x40,0x05,0x00,0x00,0x48,0x89,0x94,0x24,0x30,0x05,
0x00,0x00,0x48,0x8b,0x84,0x24,0x30,0x05,0x00,0x00,0x4c,0x89,0xc1,0x48,0x8b,0x94,
0x24,0x40,0x05,0x00,0x00,0x48,0x89,0x8c,0x24,0x08,0x05,0x00,0x00,0xff,0x10,0x48,
0x8d,0x84,0x24,0xa0,0x31,0x00,0x00,0x48,0x8b,0x0d,0x6a,0x4c,0x00,0x00,0x48,0x89,
0x84,0x24,0x28,0x05,0x00,0x00,0x48,0x89,0x8c,0x24,0xe8,0x04,0x00,0x00,0x48,0x8b,
0x84,0x24,0xe8,0x04,0x00,0x00,0x48,0x8b,0x8c,0x24,0x28,0x05,0x00,0x00,0x48,0x8b,
0x94,0x24,0x40,0x05,0x00,0x00,0xff,0x10,0x48,0x8b,0x84,0x24,0xa0,0x31,0x00,0x00,
0x48,0x39,0x84,0x24,0x90,0x31,0x00,0x00,0x0f,0x84,0xc3,0x00,0x00,0x00,0x48,0x8b,
0x05,0x2b,0x4c,0x00,0x00,0x48,0x8b,0x8c,0x24,0x80,0x05,0x00,0x00,0x48,0x8b,0x94,
0x24,0x40,0x05,0x00,0x00,0x4c,0x8b,0x84,0x24,0x08,0x05,0x00,0x00,0xff,0x10,0x48,
0x8b,0x84,0x24,0x98,0x31,0x00,0x00,0x48,0x8b,0x40,0x08,0x48,0x8d,0x08,0x48,0x8b,
0x00,0x48,0x8b,0x98,0x80,0x00,0x00,0x00,0x48,0x8b,0x05,0xf9,0x4b,0x00,0x00,0x48,
0x01,0xc3,0x48,0x8b,0x03,0x48,0x8b,0x00,0xff,0xd0,0x48,0x8b,0x84,0x24,0x98,0x31,
0x00,0x00,0x48,0x8b,0x40,0x08,0x48,0x8d,0x08,0x48,0x8b,0x00,0x48,0x8b,0x98,0x80,
0x00,0x00,0x00,0x48,0x8b,0x05,0xd6,0x4b,0x00,0x00,0x48,0x01,0xc3,0x48,0x8b,0x03,
0x48,0x8b,0x00,0xff,0xd0,0x48,0x8b,0x84,0x24,0x98,0x31,0x00,0x00,0x48,0x8b,0x40,
0x08,0x48,0x8d,0x08,0x48,0x8b,0x00,0x48,0x8b,0x98,0x80,0x00,0x00,0x00,0x48,0x8b,
0x05,0xb3,0x4b,0x00,0x00,0x48,0x01,0xc3,0x48,0x8b,0x03,0x48,0x8b,0x00,0xff,0xd0,
0x48,0x8b,0x05,0xa9,0x4b,0x00,0x00,0x48,0x8b,0x8c,0x24,0x08,0x05,0x00,0x00,0x48,
0x8b,0x94,0x24,0x40,0x05,0x00,0x00,0x49,0x89,0xc8,0xff,0x10,0xe9,0xee,0xfe,0xff,
0xff,0xe9,0x00,0x00,0x00,0x00,0x48,0x8b,0x1d,0x4b,0x48,0x00,0x00,0x48,0x8d,0x84,
0x24,0xa0,0x31,0x00,0x00,0x48,0x8d,0x0d,0x06,0x45,0x00,0x00,0x48,0x8b,0x15,0x3d,
0x48,0x00,0x00,0x48,0x89,0x84,0x24,0xf0,0x04,0x00,0x00,0x48,0x89,0x8c,0x24,0xf8,
0x04,0x00,0x00,0x48,0x89,0x94,0x24,0xd8,0x04,0x00,0x00,0x48,0x8b,0x84,0x24,0xd8,
0x04,0x00,0x00,0x48,0x8b,0x8c,0x24,0xf0,0x04,0x00,0x00,0x48,0x8b,0x94,0x24,0xf8,
0x04,0x00,0x00,0xff,0x10,0x48,0x8b,0x05,0xfc,0x47,0x00,0x00,0x48,0x8d,0x8c,0x24,
0x98,0x31,0x00,0x00,0x48,0x8d,0x13,0x4c,0x8d,0x84,0x24,0xa0,0x31,0x00,0x00,0x4c,
0x8d,0x88,0x98,0x01,0x00,0x00,0x48,0x8b,0x05,0xdb,0x4a,0x00,0x00,0xff,0x10,0x8a,
0x9c,0x24,0x98,0x31,0x00,0x00,0x48,0x8d,0x84,0x24,0xa0,0x31,0x00,0x00,0x48,0x8b,
0x0d,0xdb,0x47,0x00,0x00,0x48,0x89,0x84,0x24,0x00,0x05,0x00,0x00,0x48,0x89,0x8c,
0x24,0x10,0x05,0x00,0x00,0x48,0x8b,0x84,0x24,0x10,0x05,0x00,0x00,0x48,0x8b,0x8c,
0x24,0x00,0x05,0x00,0x00,0xff,0x10,0x80,0xfb,0x00,0x0f,0x84,0x3a,0x01,0x00,0x00,
0x4c,0x8b,0xac,0x24,0x18,0x05,0x00,0x00,0x4c,0x89,0xac,0x24,0x98,0x31,0x00,0x00,
0x4c,0x8d,0x84,0x24,0x98,0x31,0x00,0x00,0x48,0x8d,0x84,0x24,0xa0,0x31,0x00,0x00,
0x48,0x89,0x84,0x24,0x20,0x05,0x00,0x00,0x48,0x8b,0x4c,0x24,0x48,0x48,0x8d,0x81,
0xa0,0x00,0x00,0x00,0x48,0x8b,0x15,0x65,0x4a,0x00,0x00,0x48,0x89,0x84,0x24,0x88,
0x05,0x00,0x00,0x48,0x89,0x94,0x24,0x68,0x05,0x00,0x00,0x48,0x8b,0x84,0x24,0x68,
0x05,0x00,0x00,0x4c,0x89,0xc1,0x48,0x8b,0x94,0x24,0x88,0x05,0x00,0x00,0x48,0x89,
0x8c,0x24,0x90,0x05,0x00,0x00,0xff,0x10,0x48,0x8d,0x84,0x24,0xa8,0x31,0x00,0x00,
0x48,0x8b,0x0d,0x31,0x4a,0x00,0x00,0x48,0x89,0x84,0x24,0xa0,0x05,0x00,0x00,0x48,
0x89,0x8c,0x24,0x08,0x06,0x00,0x00,0x48,0x8b,0x84,0x24,0x08,0x06,0x00,0x00,0x48,
0x8b,0x8c,0x24,0xa0,0x05,0x00,0x00,0x48,0x8b,0x94,0x24,0x88,0x05,0x00,0x00,0xff,
0x10,0x48,0x8b,0x84,0x24,0xa8,0x31,0x00,0x00,0x48,0x39,0x84,0x24,0x98,0x31,0x00,
0x00,0x0f,0x84,0x7e,0x00,0x00,0x00,0x48,0x8b,0x05,0xf2,0x49,0x00,0x00,0x48,0x8b,
0x8c,0x24,0x20,0x05,0x00,0x00,0x48,0x8b,0x94,0x24,0x88,0x05,0x00,0x00,0x4c,0x8b,
0x84,0x24,0x90,0x05,0x00,0x00,0xff,0x10,0x48,0x8b,0x84,0x24,0xa0,0x31,0x00,0x00,
0x48,0x8b,0x40,0x08,0x48,0x8d,0x80,0x80,0x08,0x00,0x00,0x48,0x8b,0x0d,0xe6,0x49,
0x00,0x00,0x48,0x89,0x84,0x24,0x10,0x06,0x00,0x00,0x48,0x89,0x8c,0x24,0x18,0x06,
0x00,0x00,0x48,0x8b,0x84,0x24,0x18,0x06,0x00,0x00,0x48,0x8b,0x8c,0x24,0x10,0x06,
0x00,0x00,0xff,0x10,0x48,0x8b,0x05,0xb5,0x49,0x00,0x00,0x48,0x8b,0x8c,0x24,0x90,
0x05,0x00,0x00,0x48,0x8b,0x94,0x24,0x88,0x05,0x00,0x00,0x49,0x89,0xc8,0xff,0x10,
0xe9,0x33,0xff,0xff,0xff,0xe9,0x00,0x00,0x00,0x00,0x48,0x8b,0x05,0x57,0x46,0x00,
0x00,0x48,0x8d,0x00,0x48,0x8b,0x0d,0xb5,0x48,0x00,0x00,0x48,0x89,0x84,0x24,0xf8,
0x05,0x00,0x00,0x48,0x89,0x8c,0x24,0x20,0x06,0x00,0x00,0x48,0x8b,0x84,0x24,0x20,
0x06,0x00,0x00,0x48,0x8b,0x8c,0x24,0xf8,0x05,0x00,0x00,0xff,0x10,0x48,0x8b,0x4c,
0x24,0x48,0xe9,0x00,0x00,0x00,0x00,0x48,0x8b,0x1d,0x1a,0x46,0x00,0x00,0x48,0x8d,
0x84,0x24,0xa8,0x31,0x00,0x00,0x48,0x8d,0x15,0xe4,0x42,0x00,0x00,0x48,0x8b,0x2d,
0x0c,0x46,0x00,0x00,0x48,0x89,0xc1,0xff,0x55,0x00,0x48,0x8d,0x84,0x24,0xa0,0x31,
0x00,0x00,0x48,0x8d,0x0b,0x4c,0x8d,0x84,0x24,0xa8,0x31,0x00,0x00,0x48,0x89,0x8c,
0x24,0x30,0x06,0x00,0x00,0x48,0x8b,0x4c,0x24,0x48,0x4c,0x8d,0x89,0xb9,0x03,0x00,
0x00,0x48,0x8b,0x15,0x28,0x48,0x00,0x00,0x48,0x89,0x84,0x24,0x38,0x06,0x00,0x00,
0x48,0x89,0x94,0x24,0x40,0x06,0x00,0x00,0x48,0x8b,0x84,0x24,0x40,0x06,0x00,0x00,
0x48,0x8b,0x8c,0x24,0x38,0x06,0x00,0x00,0x48,0x8b,0x94,0x24,0x30,0x06,0x00,0x00,
0xff,0x10,0x48,0x8d,0x84,0x24,0xa8,0x31,0x00,0x00,0x48,0x8b,0x0d,0xaf,0x45,0x00,
0x00,0x48,0x89,0x84,0x24,0x48,0x06,0x00,0x00,0x48,0x89,0x8c,0x24,0x00,0x06,0x00,
0x00,0x48,0x8b,0x84,0x24,0x00,0x06,0x00,0x00,0x48,0x8b,0x8c,0x24,0x48,0x06,0x00,
0x00,0xff,0x10,0x48,0x8b,0x1d,0x6e,0x45,0x00,0x00,0x48,0x8d,0x84,0x24,0xa8,0x31,
0x00,0x00,0x48,0x8d,0x0d,0x4e,0x42,0x00,0x00,0x48,0x8b,0x15,0x60,0x45,0x00,0x00,
0x48,0x89,0x84,0x24,0xf0,0x05,0x00,0x00,0x48,0x89,0x8c,0x24,0xc8,0x05,0x00,0x00,
0x48,0x89,0x94,0x24,0xe8,0x05,0x00,0x00,0x48,0x8b,0x84,0x24,0xe8,0x05,0x00,0x00,
0x48,0x8b,0x8c,0x24,0xf0,0x05,0x00,0x00,0x48,0x8b,0x94,0x24,0xc8,0x05,0x00,0x00,
0xff,0x10,0x48,0x8d,0x84,0x24,0xa0,0x31,0x00,0x00,0x48,0x8d,0x0b,0x4c,0x8d,0x84,
0x24,0xa8,0x31,0x00,0x00,0x48,0x89,0x8c,0x24,0xa8,0x05,0x00,0x00,0x48,0x8b,0x4c,
0x24,0x48,0x4c,0x8d,0x89,0xba,0x03,0x00,0x00,0x48,0x8b,0x15,0x50,0x47,0x00,0x00,
0x48,0x89,0x84,0x24,0xb0,0x05,0x00,0x00,0x48,0x89,0x94,0x24,0xb8,0x05,0x00,0x00,
0x48,0x8b,0x84,0x24,0xb8,0x05,0x00,0x00,0x48,0x8b,0x8c,0x24,0xb0,0x05,0x00,0x00,
0x48,0x8b,0x94,0x24,0xa8,0x05,0x00,0x00,0xff,0x10,0x48,0x8d,0x84,0x24,0xa8,0x31,
0x00,0x00,0x48,0x8b,0x0d,0xd7,0x44,0x00,0x00,0x48,0x89,0x84,0x24,0x98,0x05,0x00,
0x00,0x48,0x89,0x8c,0x24,0xc0,0x05,0x00,0x00,0x48,0x8b,0x84,0x24,0xc0,0x05,0x00,
0x00,0x48,0x8b,0x8c,0x24,0x98,0x05,0x00,0x00,0xff,0x10,0x48,0x8b,0x05,0x96,0x44,
0x00,0x00,0x48,0x8d,0x00,0x48,0x8b,0x0d,0x44,0x45,0x00,0x00,0x48,0x89,0x84,0x24,
0xd0,0x05,0x00,0x00,0x48,0x89,0x8c,0x24,0xd8,0x05,0x00,0x00,0x48,0x8b,0x84,0x24,
0xd8,0x05,0x00,0x00,0x48,0x8b,0x8c,0x24,0xd0,0x05,0x00,0x00,0xff,0x10,0x48,0x8b,
0x1d,0x63,0x44,0x00,0x00,0x48,0x8d,0x84,0x24,0xa0,0x31,0x00,0x00,0x48,0x8d,0x0d,
0x59,0x41,0x00,0x00,0x48,0x8b,0x15,0x55,0x44,0x00,0x00,0x48,0x89,0x84,0x24,0xe0,
0x05,0x00,0x00,0x48,0x89,0x8c,0x24,0xe0,0x04,0x00,0x00,0x48,0x89,0x94,0x24,0xd0,
0x04,0x00,0x00,0x48,0x8b,0x84,0x24,0xd0,0x04,0x00,0x00,0x48,0x8b,0x8c,0x24,0xe0,
0x05,0x00,0x00,0x48,0x8b,0x94,0x24,0xe0,0x04,0x00,0x00,0xff,0x10,0x48,0x8d,0x03,
0x48,0x8d,0x8c,0x24,0xa0,0x31,0x00,0x00,0x48,0x8b,0x15,0x59,0x46,0x00,0x00,0x48,
0x89,0x84,0x24,0xa0,0x04,0x00,0x00,0x48,0x89,0x8c,0x24,0xc8,0x04,0x00,0x00,0x48,
0x89,0x94,0x24,0xc0,0x03,0x00,0x00,0x48,0x8b,0x84,0x24,0xc0,0x03,0x00,0x00,0x48,
0x8b,0x8c,0x24,0xa0,0x04,0x00,0x00,0x48,0x8b,0x94,0x24,0xc8,0x04,0x00,0x00,0xff,
0x10,0x48,0x8d,0x84,0x24,0xa0,0x31,0x00,0x00,0x48,0x8b,0x0d,0xe0,0x43,0x00,0x00,
0x48,0x89,0x84,0x24,0xc8,0x03,0x00,0x00,0x48,0x89,0x8c,0x24,0xd0,0x03,0x00,0x00,
0x48,0x8b,0x84,0x24,0xd0,0x03,0x00,0x00,0x48,0x8b,0x8c,0x24,0xc8,0x03,0x00,0x00,
0xff,0x10,0x48,0x8b,0x1d,0x9f,0x43,0x00,0x00,0x48,0x8d,0x84,0x24,0xa8,0x31,0x00,
0x00,0x48,0x8d,0x0d,0x9b,0x40,0x00,0x00,0x48,0x8b,0x15,0x91,0x43,0x00,0x00,0x48,
0x89,0x84,0x24,0xb0,0x03,0x00,0x00,0x48,0x89,0x8c,0x24,0xd8,0x03,0x00,0x00,0x48,
0x89,0x94,0x24,0xe8,0x03,0x00,0x00,0x48,0x8b,0x84,0x24,0xe8,0x03,0x00,0x00,0x48,
0x8b,0x8c,0x24,0xb0,0x03,0x00,0x00,0x48,0x8b,0x94,0x24,0xd8,0x03,0x00,0x00,0xff,
0x10,0x48,0x8b,0x05,0x98,0x46,0x00,0x00,0x48,0x8d,0x8c,0x24,0xa0,0x31,0x00,0x00,
0x48,0x8d,0x13,0x4c,0x8d,0x84,0x24,0xa8,0x31,0x00,0x00,0x4c,0x8d,0x08,0x48,0x8b,
0x05,0x8b,0x45,0x00,0x00,0xff,0x10,0x48,0x8d,0x84,0x24,0xa8,0x31,0x00,0x00,0x48,
0x8b,0x0d,0x3a,0x43,0x00,0x00,0x48,0x89,0x84,0x24,0xf0,0x03,0x00,0x00,0x48,0x89,
0x8c,0x24,0xf8,0x03,0x00,0x00,0x48,0x8b,0x84,0x24,0xf8,0x03,0x00,0x00,0x48,0x8b,
0x8c,0x24,0xf0,0x03,0x00,0x00,0xff,0x10,0x48,0x8b,0x1d,0xf9,0x42,0x00,0x00,0x48,
0x8d,0x84,0x24,0xa0,0x31,0x00,0x00,0x48,0x8d,0x0d,0x0b,0x40,0x00,0x00,0x48,0x8b,
0x15,0xeb,0x42,0x00,0x00,0x48,0x89,0x84,0x24,0xb8,0x03,0x00,0x00,0x48,0x89,0x8c,
0x24,0xa8,0x03,0x00,0x00,0x48,0x89,0x94,0x24,0x80,0x03,0x00,0x00,0x48,0x8b,0x84,
0x24,0x80,0x03,0x00,0x00,0x48,0x8b,0x8c,0x24,0xb8,0x03,0x00,0x00,0x48,0x8b,0x94,
0x24,0xa8,0x03,0x00,0x00,0xff,0x10,0x48,0x8d,0x03,0x48,0x8d,0x8c,0x24,0xa0,0x31,
0x00,0x00,0x48,0x8b,0x15,0xef,0x44,0x00,0x00,0x48,0x89,0x84,0x24,0xa0,0x03,0x00,
0x00,0x48,0x89,0x8c,0x24,0x60,0x03,0x00,0x00,0x48,0x89,0x94,0x24,0x68,0x03,0x00,
0x00,0x48,0x8b,0x84,0x24,0x68,0x03,0x00,0x00,0x48,0x8b,0x8c,0x24,0xa0,0x03,0x00,
0x00,0x48,0x8b,0x94,0x24,0x60,0x03,0x00,0x00,0xff,0x10,0x48,0x8d,0x84,0x24,0xa0,
0x31,0x00,0x00,0x48,0x8b,0x0d,0x76,0x42,0x00,0x00,0x48,0x89,0x84,0x24,0x70,0x03,
0x00,0x00,0x48,0x89,0x8c,0x24,0x50,0x03,0x00,0x00,0x48,0x8b,0x84,0x24,0x50,0x03,
0x00,0x00,0x48,0x8b,0x8c,0x24,0x70,0x03,0x00,0x00,0xff,0x10,0x48,0x8b,0x1d,0x35,
0x42,0x00,0x00,0x48,0x8d,0x84,0x24,0xa8,0x31,0x00,0x00,0x48,0x8d,0x0d,0xb2,0x3b,
0x00,0x00,0x48,0x8b,0x15,0x27,0x42,0x00,0x00,0x48,0x89,0x84,0x24,0x78,0x03,0x00,
0x00,0x48,0x89,0x8c,0x24,0x88,0x03,0x00,0x00,0x48,0x89,0x94,0x24,0x90,0x03,0x00,
0x00,0x48,0x8b,0x84,0x24,0x90,0x03,0x00,0x00,0x48,0x8b,0x8c,0x24,0x78,0x03,0x00,
0x00,0x48,0x8b,0x94,0x24,0x88,0x03,0x00,0x00,0xff,0x10,0x48,0x8d,0x84,0x24,0xa0,
0x31,0x00,0x00,0x48,0x8d,0x0b,0x4c,0x8d,0x84,0x24,0xa8,0x31,0x00,0x00,0x48,0x8b,
0x15,0x93,0x42,0x00,0x00,0x48,0x89,0x84,0x24,0x98,0x03,0x00,0x00,0x48,0x89,0x8c,
0x24,0x00,0x04,0x00,0x00,0x48,0x89,0x94,0x24,0xe0,0x03,0x00,0x00,0x48,0x8b,0x84,
0x24,0xe0,0x03,0x00,0x00,0x48,0x8b,0x8c,0x24,0x98,0x03,0x00,0x00,0x48,0x8b,0x94,
0x24,0x00,0x04,0x00,0x00,0xff,0x10,0x8a,0x9c,0x24,0xa0,0x31,0x00,0x00,0x48,0x8d,
0x84,0x24,0xa8,0x31,0x00,0x00,0x48,0x8b,0x0d,0xa3,0x41,0x00,0x00,0x48,0x89,0x84,
0x24,0x08,0x04,0x00,0x00,0x48,0x89,0x8c,0x24,0x18,0x04,0x00,0x00,0x48,0x8b,0x84,
0x24,0x18,0x04,0x00,0x00,0x48,0x8b,0x8c,0x24,0x08,0x04,0x00,0x00,0xff,0x10,0x80,
0xfb,0x00,0x0f,0x84,0x1d,0x00,0x00,0x00,0x48,0x8b,0x4c,0x24,0x48,0x48,0x8d,0x81,
0xa0,0x07,0x00,0x00,0x48,0x8b,0x15,0xe5,0x43,0x00,0x00,0x48,0x89,0xc1,0xff,0x12,
0xe9,0x00,0x00,0x00,0x00,0x48,0x8b,0x1d,0x3c,0x41,0x00,0x00,0x48,0x8d,0x84,0x24,
0xa8,0x31,0x00,0x00,0x48,0x8d,0x0d,0x59,0x3e,0x00,0x00,0x48,0x8b,0x15,0x2e,0x41,
0x00,0x00,0x48,0x89,0x84,0x24,0x80,0x04,0x00,0x00,0x48,0x89,0x8c,0x24,0x88,0x04,
0x00,0x00,0x48,0x89,0x94,0x24,0x90,0x04,0x00,0x00,0x48,0x8b,0x84,0x24,0x90,0x04,
0x00,0x00,0x48,0x8b,0x8c,0x24,0x80,0x04,0x00,0x00,0x48,0x8b,0x94,0x24,0x88,0x04,
0x00,0x00,0xff,0x10,0x48,0x8d,0x84,0x24,0xa0,0x31,0x00,0x00,0x48,0x8d,0x0b,0x4c,
0x8d,0x84,0x24,0xa8,0x31,0x00,0x00,0x48,0x8b,0x15,0x9a,0x41,0x00,0x00,0x48,0x89,
0x84,0x24,0x70,0x04,0x00,0x00,0x48,0x89,0x8c,0x24,0x98,0x04,0x00,0x00,0x48,0x89,
0x94,0x24,0xa8,0x04,0x00,0x00,0x48,0x8b,0x84,0x24,0xa8,0x04,0x00,0x00,0x48,0x8b,
0x8c,0x24,0x70,0x04,0x00,0x00,0x48,0x8b,0x94,0x24,0x98,0x04,0x00,0x00,0xff,0x10,
0x8a,0x9c,0x24,0xa0,0x31,0x00,0x00,0x48,0x8d,0x84,0x24,0xa8,0x31,0x00,0x00,0x48,
0x8b,0x0d,0xaa,0x40,0x00,0x00,0x48,0x89,0x84,0x24,0xb0,0x04,0x00,0x00,0x48,0x89,
0x8c,0x24,0xb8,0x04,0x00,0x00,0x48,0x8b,0x84,0x24,0xb8,0x04,0x00,0x00,0x48,0x8b,
0x8c,0x24,0xb0,0x04,0x00,0x00,0xff,0x10,0x80,0xfb,0x00,0x0f,0x84,0x18,0x00,0x00,
0x00,0x48,0x8b,0x4c,0x24,0x48,0x8a,0x81,0xa8,0x03,0x00,0x00,0x34,0x01,0x88,0x81,
0xa8,0x03,0x00,0x00,0xe9,0x00,0x00,0x00,0x00,0x48,0x8b,0x1d,0x48,0x40,0x00,0x00,
0x48,0x8d,0x84,0x24,0xa8,0x31,0x00,0x00,0x48,0x8d,0x0d,0x73,0x3d,0x00,0x00,0x48,
0x8b,0x15,0x3a,0x40,0x00,0x00,0x48,0x89,0x84,0x24,0xc0,0x04,0x00,0x00,0x48,0x89,
0x8c,0x24,0x78,0x04,0x00,0x00,0x48,0x89,0x94,0x24,0x68,0x04,0x00,0x00,0x48,0x8b,
0x84,0x24,0x68,0x04,0x00,0x00,0x48,0x8b,0x8c,0x24,0xc0,0x04,0x00,0x00,0x48,0x8b,
0x94,0x24,0x78,0x04,0x00,0x00,0xff,0x10,0x48,0x8d,0x84,0x24,0xa0,0x31,0x00,0x00,
0x48,0x8d,0x0b,0x4c,0x8d,0x84,0x24,0xa8,0x31,0x00,0x00,0x48,0x8b,0x15,0xa6,0x40,
0x00,0x00,0x48,0x89,0x84,0x24,0x40,0x04,0x00,0x00,0x48,0x89,0x8c,0x24,0x60,0x04,
0x00,0x00,0x48,0x89,0x94,0x24,0x20,0x04,0x00,0x00,0x48,0x8b,0x84,0x24,0x20,0x04,
0x00,0x00,0x48,0x8b,0x8c,0x24,0x40,0x04,0x00,0x00,0x48,0x8b,0x94,0x24,0x60,0x04,
0x00,0x00,0xff,0x10,0x8a,0x9c,0x24,0xa0,0x31,0x00,0x00,0x48,0x8d,0x84,0x24,0xa8,
0x31,0x00,0x00,0x48,0x8b,0x0d,0xb6,0x3f,0x00,0x00,0x48,0x89,0x84,0x24,0x28,0x04,
0x00,0x00,0x48,0x89,0x8c,0x24,0x30,0x04,0x00,0x00,0x48,0x8b,0x84,0x24,0x30,0x04,
0x00,0x00,0x48,0x8b,0x8c,0x24,0x28,0x04,0x00,0x00,0xff,0x10,0x80,0xfb,0x00,0x0f,
0x84,0x16,0x00,0x00,0x00,0x8a,0x05,0x1c,0x37,0x00,0x00,0x48,0x8b,0x4c,0x24,0x48,
0x88,0x81,0xa9,0x03,0x00,0x00,0xe9,0x00,0x00,0x00,0x00,0x48,0x8b,0x05,0x56,0x3f,
0x00,0x00,0x48,0x8d,0x00,0x48,0x8b,0x0d,0x9c,0x42,0x00,0x00,0x48,0x89,0x84,0x24,
0x10,0x04,0x00,0x00,0x48,0x89,0x8c,0x24,0x38,0x04,0x00,0x00,0x48,0x8b,0x84,0x24,
0x38,0x04,0x00,0x00,0x48,0x8b,0x8c,0x24,0x10,0x04,0x00,0x00,0xff,0x10,0x48,0x8d,
0x84,0x24,0x58,0x31,0x00,0x00,0x48,0x8b,0x0d,0x43,0x40,0x00,0x00,0x48,0x89,0x84,
0x24,0x48,0x04,0x00,0x00,0x48,0x89,0x8c,0x24,0x50,0x04,0x00,0x00,0x48,0x8b,0x84,
0x24,0x50,0x04,0x00,0x00,0x48,0x8b,0x8c,0x24,0x48,0x04,0x00,0x00,0xff,0x10,0xe9,
0x00,0x00,0x00,0x00,0x48,0x8b,0x1d,0xed,0x3e,0x00,0x00,0x48,0x8d,0x84,0x24,0x50,
0x31,0x00,0x00,0x48,0x8d,0x0d,0x25,0x3c,0x00,0x00,0x48,0x8b,0x15,0xdf,0x3e,0x00,
0x00,0x48,0x89,0x84,0x24,0x58,0x04,0x00,0x00,0x48,0x89,0x8c,0x24,0x78,0x0c,0x00,
0x00,0x48,0x89,0x94,0x24,0x50,0x0c,0x00,0x00,0x48,0x8b,0x84,0x24,0x50,0x0c,0x00,
0x00,0x48,0x8b,0x8c,0x24,0x58,0x04,0x00,0x00,0x48,0x8b,0x94,0x24,0x78,0x0c,0x00,
0x00,0xff,0x10,0x48,0x8d,0x84,0x24,0x48,0x31,0x00,0x00,0x48,0x8d,0x0b,0x4c,0x8d,
0x84,0x24,0x50,0x31,0x00,0x00,0x48,0x8b,0x15,0x9b,0x3e,0x00,0x00,0x48,0x89,0x84,
0x24,0x80,0x0c,0x00,0x00,0x48,0x89,0x8c,0x24,0x90,0x0c,0x00,0x00,0x48,0x89,0x94,
0x24,0xa0,0x14,0x00,0x00,0x48,0x8b,0x84,0x24,0xa0,0x14,0x00,0x00,0x48,0x8b,0x8c,
0x24,0x80,0x0c,0x00,0x00,0x48,0x8b,0x94,0x24,0x90,0x0c,0x00,0x00,0xff,0x10,0x8a,
0x9c,0x24,0x48,0x31,0x00,0x00,0x48,0x8d,0x84,0x24,0x50,0x31,0x00,0x00,0x48,0x8b,
0x0d,0x5b,0x3e,0x00,0x00,0x48,0x89,0x84,0x24,0xa8,0x14,0x00,0x00,0x48,0x89,0x8c,
0x24,0xb0,0x14,0x00,0x00,0x48,0x8b,0x84,0x24,0xb0,0x14,0x00,0x00,0x48,0x8b,0x8c,
0x24,0xa8,0x14,0x00,0x00,0xff,0x10,0x80,0xfb,0x00,0x0f,0x84,0x67,0x1b,0x00,0x00,
0x48,0x8b,0x05,0x11,0x3e,0x00,0x00,0x48,0x8d,0x00,0x48,0x8b,0x0d,0x27,0x3e,0x00,
0x00,0x48,0x89,0x84,0x24,0x90,0x14,0x00,0x00,0x48,0x89,0x8c,0x24,0xb8,0x14,0x00,
0x00,0x48,0x8b,0x84,0x24,0xb8,0x14,0x00,0x00,0x48,0x8b,0x8c,0x24,0x90,0x14,0x00,
0x00,0xff,0x10,0x48,0x8b,0x1d,0xde,0x3d,0x00,0x00,0x48,0x8d,0x84,0x24,0x50,0x31,
0x00,0x00,0x48,0x8d,0x0d,0x20,0x3b,0x00,0x00,0x48,0x8b,0x15,0xd0,0x3d,0x00,0x00,
0x48,0x89,0x84,0x24,0xc8,0x14,0x00,0x00,0x48,0x89,0x8c,0x24,0xd0,0x14,0x00,0x00,
0x48,0x89,0x94,0x24,0xd8,0x14,0x00,0x00,0x48,0x8b,0x84,0x24,0xd8,0x14,0x00,0x00,
0x48,0x8b,0x8c,0x24,0xc8,0x14,0x00,0x00,0x48,0x8b,0x94,0x24,0xd0,0x14,0x00,0x00,
0xff,0x10,0x48,0x8b,0x05,0xe7,0x40,0x00,0x00,0x48,0x8d,0x8c,0x24,0x48,0x31,0x00,
0x00,0x48,0x8d,0x13,0x4c,0x8d,0x84,0x24,0x50,0x31,0x00,0x00,0x4c,0x8d,0x08,0x48,
0x8b,0x05,0xca,0x3f,0x00,0x00,0xff,0x10,0x48,0x8d,0x84,0x24,0x50,0x31,0x00,0x00,
0x48,0x8b,0x0d,0x79,0x3d,0x00,0x00,0x48,0x89,0x84,0x24,0x98,0x14,0x00,0x00,0x48,
0x89,0x8c,0x24,0x88,0x14,0x00,0x00,0x48,0x8b,0x84,0x24,0x88,0x14,0x00,0x00,0x48,
0x8b,0x8c,0x24,0x98,0x14,0x00,0x00,0xff,0x10,0x48,0x8b,0x1d,0x38,0x3d,0x00,0x00,
0x48,0x8d,0x84,0x24,0x50,0x31,0x00,0x00,0x48,0x8d,0x0d,0x85,0x3a,0x00,0x00,0x48,
0x8b,0x15,0x2a,0x3d,0x00,0x00,0x48,0x89,0x84,0x24,0x60,0x14,0x00,0x00,0x48,0x89,
0x8c,0x24,0x80,0x14,0x00,0x00,0x48,0x89,0x94,0x24,0x40,0x14,0x00,0x00,0x48,0x8b,
0x84,0x24,0x40,0x14,0x00,0x00,0x48,0x8b,0x8c,0x24,0x60,0x14,0x00,0x00,0x48,0x8b,
0x94,0x24,0x80,0x14,0x00,0x00,0xff,0x10,0x48,0x8b,0x05,0x49,0x40,0x00,0x00,0x48,
0x8d,0x8c,0x24,0x48,0x31,0x00,0x00,0x48,0x8d,0x13,0x4c,0x8d,0x84,0x24,0x50,0x31,
0x00,0x00,0x4c,0x8d,0x08,0x48,0x8b,0x05,0x24,0x3f,0x00,0x00,0xff,0x10,0x48,0x8d,
0x84,0x24,0x50,0x31,0x00,0x00,0x48,0x8b,0x0d,0xd3,0x3c,0x00,0x00,0x48,0x89,0x84,
0x24,0x48,0x14,0x00,0x00,0x48,0x89,0x8c,0x24,0x50,0x14,0x00,0x00,0x48,0x8b,0x84,
0x24,0x50,0x14,0x00,0x00,0x48,0x8b,0x8c,0x24,0x48,0x14,0x00,0x00,0xff,0x10,0x48,
0x8b,0x1d,0x92,0x3c,0x00,0x00,0x48,0x8d,0x84,0x24,0x50,0x31,0x00,0x00,0x48,0x8d,
0x0d,0xea,0x39,0x00,0x00,0x48,0x8b,0x15,0x84,0x3c,0x00,0x00,0x48,0x89,0x84,0x24,
0x30,0x14,0x00,0x00,0x48,0x89,0x8c,0x24,0x58,0x14,0x00,0x00,0x48,0x89,0x94,0x24,
0x68,0x14,0x00,0x00,0x48,0x8b,0x84,0x24,0x68,0x14,0x00,0x00,0x48,0x8b,0x8c,0x24,
0x30,0x14,0x00,0x00,0x48,0x8b,0x94,0x24,0x58,0x14,0x00,0x00,0xff,0x10,0x48,0x8d,
0x84,0x24,0x48,0x31,0x00,0x00,0x48,0x8d,0x0b,0x4c,0x8d,0x84,0x24,0x50,0x31,0x00,
0x00,0x48,0x89,0x8c,0x24,0x70,0x14,0x00,0x00,0x48,0x8b,0x4c,0x24,0x48,0x4c,0x8d,
0x89,0x74,0x02,0x00,0x00,0x48,0x8b,0x15,0x74,0x3e,0x00,0x00,0x48,0x89,0x84,0x24,
0x78,0x14,0x00,0x00,0x48,0x89,0x94,0x24,0xe0,0x14,0x00,0x00,0x48,0x8b,0x84,0x24,
0xe0,0x14,0x00,0x00,0x48,0x8b,0x8c,0x24,0x78,0x14,0x00,0x00,0x48,0x8b,0x94,0x24,
0x70,0x14,0x00,0x00,0xff,0x10,0x8a,0x9c,0x24,0x48,0x31,0x00,0x00,0x48,0x8d,0x84,
0x24,0x50,0x31,0x00,0x00,0x48,0x8b,0x0d,0xf4,0x3b,0x00,0x00,0x48,0x89,0x84,0x24,
0xc0,0x14,0x00,0x00,0x48,0x89,0x8c,0x24,0xe8,0x14,0x00,0x00,0x48,0x8b,0x84,0x24,
0xe8,0x14,0x00,0x00,0x48,0x8b,0x8c,0x24,0xc0,0x14,0x00,0x00,0xff,0x10,0x80,0xfb,
0x00,0x0f,0x84,0xea,0x00,0x00,0x00,0x48,0x8b,0x4c,0x24,0x48,0x48,0x83,0xb9,0x88,
0x01,0x00,0x00,0x00,0x0f,0x95,0xc0,0x3c,0x00,0x0f,0x84,0xcd,0x00,0x00,0x00,0x48,
0x8b,0x99,0x88,0x01,0x00,0x00,0x48,0x8d,0x84,0x24,0x48,0x31,0x00,0x00,0x48,0x8b,
0x15,0xeb,0x3e,0x00,0x00,0x48,0x89,0xc1,0xff,0x12,0x48,0x8d,0x84,0x24,0x48,0x31,
0x00,0x00,0x48,0x8d,0x0b,0x48,0x8b,0x13,0x48,0x8b,0x9a,0x80,0x00,0x00,0x00,0x48,
0x8b,0x15,0xd2,0x3e,0x00,0x00,0x48,0x01,0xd3,0x48,0x8b,0x13,0x48,0x8b,0x12,0x48,
0x89,0x84,0x24,0xf8,0x14,0x00,0x00,0x48,0x89,0x8c,0x24,0x60,0x15,0x00,0x00,0x48,
0x89,0x94,0x24,0x68,0x15,0x00,0x00,0x48,0x8b,0x84,0x24,0x68,0x15,0x00,0x00,0x48,
0x8b,0x8c,0x24,0xf8,0x14,0x00,0x00,0x48,0x8b,0x94,0x24,0x60,0x15,0x00,0x00,0xff,
0xd0,0x48,0x8b,0x4c,0x24,0x48,0x48,0x8d,0x81,0xa0,0x1d,0x00,0x00,0x48,0x8d,0x94,
0x24,0x48,0x31,0x00,0x00,0x48,0x8b,0x1d,0x84,0x3e,0x00,0x00,0x48,0x89,0xc1,0xff,
0x13,0x48,0x8d,0x84,0x24,0x48,0x31,0x00,0x00,0x48,0x8b,0x0d,0x90,0x3c,0x00,0x00,
0x48,0x89,0x84,0x24,0x70,0x15,0x00,0x00,0x48,0x89,0x8c,0x24,0x50,0x15,0x00,0x00,
0x48,0x8b,0x84,0x24,0x50,0x15,0x00,0x00,0x48,0x8b,0x8c,0x24,0x70,0x15,0x00,0x00,
0xff,0x10,0x48,0x8b,0x4c,0x24,0x48,0xe9,0x00,0x00,0x00,0x00,0xe9,0x00,0x00,0x00,
0x00,0x48,0x8b,0x4c,0x24,0x48,0x8a,0x81,0x74,0x02,0x00,0x00,0x3c,0x00,0x0f,0x84,
0x0c,0x07,0x00,0x00,0x48,0x8b,0x05,0xad,0x3a,0x00,0x00,0x48,0x8d,0x00,0x48,0x8d,
0x15,0xe9,0x31,0x00,0x00,0x48,0x8b,0x1d,0x0c,0x3d,0x00,0x00,0x48,0x89,0xc1,0xff,
0x13,0x48,0x8b,0x1d,0x90,0x3a,0x00,0x00,0x48,0x8d,0x84,0x24,0x50,0x31,0x00,0x00,
0x48,0x8d,0x0d,0xf6,0x37,0x00,0x00,0x48,0x8b,0x15,0x82,0x3a,0x00,0x00,0x48,0x89,
0x84,0x24,0x78,0x15,0x00,0x00,0x48,0x89,0x8c,0x24,0x88,0x15,0x00,0x00,0x48,0x89,
0x94,0x24,0x90,0x15,0x00,0x00,0x48,0x8b,0x84,0x24,0x90,0x15,0x00,0x00,0x48,0x8b,
0x8c,0x24,0x78,0x15,0x00,0x00,0x48,0x8b,0x94,0x24,0x88,0x15,0x00,0x00,0xff,0x10,
0x48,0x8d,0x84,0x24,0x48,0x31,0x00,0x00,0x48,0x8d,0x0b,0x4c,0x8d,0x84,0x24,0x50,
0x31,0x00,0x00,0x48,0x89,0x8c,0x24,0x98,0x15,0x00,0x00,0x48,0x8b,0x4c,0x24,0x48,
0x4c,0x8d,0x89,0x75,0x02,0x00,0x00,0x48,0x8b,0x15,0x72,0x3c,0x00,0x00,0x48,0x89,
0x84,0x24,0xa0,0x15,0x00,0x00,0x48,0x89,0x94,0x24,0x58,0x15,0x00,0x00,0x48,0x8b,
0x84,0x24,0x58,0x15,0x00,0x00,0x48,0x8b,0x8c,0x24,0xa0,0x15,0x00,0x00,0x48,0x8b,
0x94,0x24,0x98,0x15,0x00,0x00,0xff,0x10,0x48,0x8d,0x84,0x24,0x50,0x31,0x00,0x00,
0x48,0x8b,0x0d,0xf9,0x39,0x00,0x00,0x48,0x89,0x84,0x24,0x48,0x15,0x00,0x00,0x48,
0x89,0x8c,0x24,0x20,0x15,0x00,0x00,0x48,0x8b,0x84,0x24,0x20,0x15,0x00,0x00,0x48,
0x8b,0x8c,0x24,0x48,0x15,0x00,0x00,0xff,0x10,0x48,0x8b,0x1d,0xb8,0x39,0x00,0x00,
0x48,0x8d,0x84,0x24,0x50,0x31,0x00,0x00,0x48,0x8d,0x0d,0x31,0x37,0x00,0x00,0x48,
0x8b,0x15,0xaa,0x39,0x00,0x00,0x48,0x89,0x84,0x24,0x40,0x15,0x00,0x00,0x48,0x89,
0x8c,0x24,0x00,0x15,0x00,0x00,0x48,0x89,0x94,0x24,0x08,0x15,0x00,0x00,0x48,0x8b,
0x84,0x24,0x08,0x15,0x00,0x00,0x48,0x8b,0x8c,0x24,0x40,0x15,0x00,0x00,0x48,0x8b,
0x94,0x24,0x00,0x15,0x00,0x00,0xff,0x10,0x48,0x8d,0x84,0x24,0x48,0x31,0x00,0x00,
0x48,0x8d,0x0b,0x4c,0x8d,0x84,0x24,0x50,0x31,0x00,0x00,0x48,0x89,0x8c,0x24,0x10,
0x15,0x00,0x00,0x48,0x8b,0x4c,0x24,0x48,0x4c,0x8d,0x89,0x31,0x03,0x00,0x00,0x48,
0x8b,0x15,0x9a,0x3b,0x00,0x00,0x48,0x89,0x84,0x24,0xf0,0x14,0x00,0x00,0x48,0x89,
0x94,0x24,0x18,0x15,0x00,0x00,0x48,0x8b,0x84,0x24,0x18,0x15,0x00,0x00,0x48,0x8b,
0x8c,0x24,0xf0,0x14,0x00,0x00,0x48,0x8b,0x94,0x24,0x10,0x15,0x00,0x00,0xff,0x10,
0x8a,0x9c,0x24,0x48,0x31,0x00,0x00,0x48,0x8d,0x84,0x24,0x50,0x31,0x00,0x00,0x48,
0x8b,0x0d,0x1a,0x39,0x00,0x00,0x48,0x89,0x84,0x24,0x28,0x15,0x00,0x00,0x48,0x89,
0x8c,0x24,0x30,0x15,0x00,0x00,0x48,0x8b,0x84,0x24,0x30,0x15,0x00,0x00,0x48,0x8b,
0x8c,0x24,0x28,0x15,0x00,0x00,0xff,0x10,0x80,0xfb,0x00,0x0f,0x84,0x38,0x00,0x00,
0x00,0x48,0x8b,0x05,0x50,0x3c,0x00,0x00,0x48,0x8d,0x00,0x48,0x8b,0x0d,0x4e,0x3c,
0x00,0x00,0x48,0x89,0x84,0x24,0x38,0x15,0x00,0x00,0x48,0x89,0x8c,0x24,0x38,0x14,
0x00,0x00,0x48,0x8b,0x84,0x24,0x38,0x14,0x00,0x00,0x48,0x8b,0x8c,0x24,0x38,0x15,
0x00,0x00,0xff,0x10,0xe9,0x00,0x00,0x00,0x00,0x48,0x8b,0x1d,0x98,0x38,0x00,0x00,
0x48,0x8d,0x84,0x24,0x50,0x31,0x00,0x00,0x48,0x8d,0x0d,0x28,0x36,0x00,0x00,0x48,
0x8b,0x15,0x8a,0x38,0x00,0x00,0x48,0x89,0x84,0x24,0x28,0x14,0x00,0x00,0x48,0x89,
0x8c,0x24,0xf8,0x13,0x00,0x00,0x48,0x89,0x94,0x24,0x20,0x14,0x00,0x00,0x48,0x8b,
0x84,0x24,0x20,0x14,0x00,0x00,0x48,0x8b,0x8c,0x24,0x28,0x14,0x00,0x00,0x48,0x8b,
0x94,0x24,0xf8,0x13,0x00,0x00,0xff,0x10,0x48,0x8d,0x84,0x24,0x48,0x31,0x00,0x00,
0x48,0x8d,0x0b,0x4c,0x8d,0x84,0x24,0x50,0x31,0x00,0x00,0x48,0x8b,0x15,0xf6,0x38,
0x00,0x00,0x48,0x89,0x84,0x24,0x18,0x13,0x00,0x00,0x48,0x89,0x8c,0x24,0x20,0x13,
0x00,0x00,0x48,0x89,0x94,0x24,0x28,0x13,0x00,0x00,0x48,0x8b,0x84,0x24,0x28,0x13,
0x00,0x00,0x48,0x8b,0x8c,0x24,0x18,0x13,0x00,0x00,0x48,0x8b,0x94,0x24,0x20,0x13,
0x00,0x00,0xff,0x10,0x8a,0x9c,0x24,0x48,0x31,0x00,0x00,0x48,0x8d,0x84,0x24,0x50,
0x31,0x00,0x00,0x48,0x8b,0x0d,0x06,0x38,0x00,0x00,0x48,0x89,0x84,0x24,0x08,0x13,
0x00,0x00,0x48,0x89,0x8c,0x24,0x30,0x13,0x00,0x00,0x48,0x8b,0x84,0x24,0x30,0x13,
0x00,0x00,0x48,0x8b,0x8c,0x24,0x08,0x13,0x00,0x00,0xff,0x10,0x80,0xfb,0x00,0x0f,
0x84,0xc6,0x01,0x00,0x00,0x48,0x8b,0x4c,0x24,0x48,0x48,0x8b,0x81,0x88,0x01,0x00,
0x00,0x48,0x8d,0x94,0x24,0x48,0x31,0x00,0x00,0x48,0x8d,0x18,0x48,0x8b,0x00,0x48,
0x8b,0x80,0x80,0x00,0x00,0x00,0x48,0x8b,0x2d,0x0b,0x39,0x00,0x00,0x48,0x01,0xe8,
0x48,0x8b,0x00,0x48,0x8b,0x00,0x48,0x89,0x94,0x24,0x40,0x13,0x00,0x00,0x48,0x8b,
0x8c,0x24,0x40,0x13,0x00,0x00,0x48,0x89,0xda,0xff,0xd0,0x48,0x8b,0x9c,0x24,0x48,
0x31,0x00,0x00,0x48,0x8d,0x84,0x24,0x50,0x31,0x00,0x00,0x48,0x8b,0x4c,0x24,0x48,
0x48,0x8d,0x91,0xa0,0x1d,0x00,0x00,0x48,0x8b,0x2d,0xea,0x3a,0x00,0x00,0x48,0x89,
0xc1,0xff,0x55,0x00,0x48,0x8b,0x84,0x24,0x50,0x31,0x00,0x00,0x48,0x8d,0x0b,0x48,
0x8d,0x40,0x08,0x48,0x8b,0x13,0x48,0x8b,0x9a,0x80,0x00,0x00,0x00,0x48,0x8b,0x15,
0xbc,0x38,0x00,0x00,0x48,0x01,0xd3,0x48,0x8b,0x13,0x48,0x8b,0x12,0x48,0x89,0x84,
0x24,0x48,0x13,0x00,0x00,0x48,0x89,0x94,0x24,0x50,0x13,0x00,0x00,0x48,0x8b,0x84,
0x24,0x50,0x13,0x00,0x00,0x48,0x8b,0x94,0x24,0x48,0x13,0x00,0x00,0xff,0xd0,0x48,
0x8b,0x4c,0x24,0x48,0x48,0x8b,0x81,0x88,0x01,0x00,0x00,0x48,0x8d,0x94,0x24,0x48,
0x31,0x00,0x00,0x48,0x8d,0x18,0x48,0x8b,0x00,0x48,0x8b,0x80,0x80,0x00,0x00,0x00,
0x48,0x8b,0x2d,0x51,0x38,0x00,0x00,0x48,0x01,0xe8,0x48,0x8b,0x00,0x48,0x8b,0x00,
0x48,0x89,0x94,0x24,0x10,0x13,0x00,0x00,0x48,0x8b,0x8c,0x24,0x10,0x13,0x00,0x00,
0x48,0x89,0xda,0xff,0xd0,0x48,0x8b,0x9c,0x24,0x48,0x31,0x00,0x00,0x48,0x8d,0x84,
0x24,0x50,0x31,0x00,0x00,0x48,0x8b,0x0d,0x4c,0x38,0x00,0x00,0x48,0x89,0x84,0x24,
0x00,0x13,0x00,0x00,0x48,0x89,0x8c,0x24,0xd8,0x12,0x00,0x00,0x48,0x8b,0x84,0x24,
0xd8,0x12,0x00,0x00,0x48,0x8b,0x8c,0x24,0x00,0x13,0x00,0x00,0xff,0x10,0x48,0x8d,
0x03,0x48,0x8d,0x8c,0x24,0x50,0x31,0x00,0x00,0x48,0x8b,0x13,0x48,0x8b,0x9a,0x80,
0x00,0x00,0x00,0x48,0x8b,0x15,0x16,0x38,0x00,0x00,0x48,0x01,0xd3,0x48,0x8b,0x13,
0x48,0x8b,0x12,0x48,0x89,0x84,0x24,0xf8,0x12,0x00,0x00,0x48,0x89,0x8c,0x24,0xb8,
0x12,0x00,0x00,0x48,0x89,0x94,0x24,0xc0,0x12,0x00,0x00,0x48,0x8b,0x84,0x24,0xc0,
0x12,0x00,0x00,0x48,0x8b,0x8c,0x24,0xf8,0x12,0x00,0x00,0x48,0x8b,0x94,0x24,0xb8,
0x12,0x00,0x00,0xff,0xd0,0x48,0x8d,0x84,0x24,0x50,0x31,0x00,0x00,0x48,0x8b,0x0d,
0x74,0x37,0x00,0x00,0x48,0x89,0x84,0x24,0xc8,0x12,0x00,0x00,0x48,0x89,0x8c,0x24,
0xa8,0x12,0x00,0x00,0x48,0x8b,0x84,0x24,0xa8,0x12,0x00,0x00,0x48,0x8b,0x8c,0x24,
0xc8,0x12,0x00,0x00,0xff,0x10,0xe9,0x00,0x00,0x00,0x00,0x48,0x8b,0x1d,0xf6,0x35,
0x00,0x00,0x48,0x8d,0x84,0x24,0x50,0x31,0x00,0x00,0x48,0x8d,0x0d,0x99,0x33,0x00,
0x00,0x48,0x8b,0x15,0xe8,0x35,0x00,0x00,0x48,0x89,0x84,0x24,0xd0,0x12,0x00,0x00,
0x48,0x89,0x8c,0x24,0xe0,0x12,0x00,0x00,0x48,0x89,0x94,0x24,0xe8,0x12,0x00,0x00,
0x48,0x8b,0x84,0x24,0xe8,0x12,0x00,0x00,0x48,0x8b,0x8c,0x24,0xd0,0x12,0x00,0x00,
0x48,0x8b,0x94,0x24,0xe0,0x12,0x00,0x00,0xff,0x10,0x48,0x8d,0x84,0x24,0x48,0x31,
0x00,0x00,0x48,0x8d,0x0b,0x4c,0x8d,0x84,0x24,0x50,0x31,0x00,0x00,0x48,0x89,0x8c,
0x24,0xf0,0x12,0x00,0x00,0x48,0x8b,0x4c,0x24,0x48,0x4c,0x8d,0x89,0x08,0x21,0x00,
0x00,0x48,0x8b,0x15,0xd8,0x37,0x00,0x00,0x48,0x89,0x84,0x24,0x58,0x13,0x00,0x00,
0x48,0x89,0x94,0x24,0x38,0x13,0x00,0x00,0x48,0x8b,0x84,0x24,0x38,0x13,0x00,0x00,
0x48,0x8b,0x8c,0x24,0x58,0x13,0x00,0x00,0x48,0x8b,0x94,0x24,0xf0,0x12,0x00,0x00,
0xff,0x10,0x48,0x8d,0x84,0x24,0x50,0x31,0x00,0x00,0x48,0x8b,0x0d,0x5f,0x35,0x00,
0x00,0x48,0x89,0x84,0x24,0x60,0x13,0x00,0x00,0x48,0x89,0x8c,0x24,0x70,0x13,0x00,
0x00,0x48,0x8b,0x84,0x24,0x70,0x13,0x00,0x00,0x48,0x8b,0x8c,0x24,0x60,0x13,0x00,
0x00,0xff,0x10,0x48,0x8b,0x4c,0x24,0x48,0x8a,0x81,0x08,0x21,0x00,0x00,0x3c,0x00,
0x0f,0x84,0x4a,0x01,0x00,0x00,0x48,0x8b,0x05,0x0b,0x35,0x00,0x00,0x48,0x8d,0x00,
0x48,0x8d,0x15,0x47,0x2c,0x00,0x00,0x48,0x8b,0x1d,0x6a,0x37,0x00,0x00,0x48,0x89,
0xc1,0xff,0x13,0x48,0x8b,0x1d,0xee,0x34,0x00,0x00,0x48,0x8d,0x84,0x24,0x50,0x31,
0x00,0x00,0x48,0x8d,0x0d,0xa7,0x32,0x00,0x00,0x48,0x8b,0x15,0xe0,0x34,0x00,0x00,
0x48,0x89,0x84,0x24,0xd8,0x13,0x00,0x00,0x48,0x89,0x8c,0x24,0xe0,0x13,0x00,0x00,
0x48,0x89,0x94,0x24,0xe8,0x13,0x00,0x00,0x48,0x8b,0x84,0x24,0xe8,0x13,0x00,0x00,
0x48,0x8b,0x8c,0x24,0xd8,0x13,0x00,0x00,0x48,0x8b,0x94,0x24,0xe0,0x13,0x00,0x00,
0xff,0x10,0x48,0x8d,0x84,0x24,0x48,0x31,0x00,0x00,0x48,0x8d,0x0b,0x4c,0x8d,0x84,
0x24,0x50,0x31,0x00,0x00,0x4c,0x8d,0x0d,0x44,0x30,0x00,0x00,0x48,0x8d,0x2d,0x6d,
0x32,0x00,0x00,0x48,0x89,0x8c,0x24,0xc8,0x13,0x00,0x00,0x48,0x8b,0x4c,0x24,0x48,
0x48,0x8d,0x99,0x10,0x21,0x00,0x00,0x48,0x8b,0x15,0x12,0x37,0x00,0x00,0x48,0x89,
0x6c,0x24,0x20,0x48,0x89,0x5c,0x24,0x28,0x48,0x89,0x84,0x24,0xf0,0x13,0x00,0x00,
0x48,0x89,0x94,0x24,0x00,0x14,0x00,0x00,0x48,0x8b,0x84,0x24,0x00,0x14,0x00,0x00,
0x48,0x8b,0x8c,0x24,0xf0,0x13,0x00,0x00,0x48,0x8b,0x94,0x24,0xc8,0x13,0x00,0x00,
0xff,0x10,0x48,0x8d,0x84,0x24,0x50,0x31,0x00,0x00,0x48,0x8b,0x0d,0x3f,0x34,0x00,
0x00,0x48,0x89,0x84,0x24,0x08,0x14,0x00,0x00,0x48,0x89,0x8c,0x24,0x10,0x14,0x00,
0x00,0x48,0x8b,0x84,0x24,0x10,0x14,0x00,0x00,0x48,0x8b,0x8c,0x24,0x08,0x14,0x00,
0x00,0xff,0x10,0x48,0x8b,0x05,0xfe,0x33,0x00,0x00,0x48,0x8d,0x00,0x48,0x8b,0x0d,
0x5c,0x36,0x00,0x00,0x48,0x89,0x84,0x24,0x18,0x14,0x00,0x00,0x48,0x89,0x8c,0x24,
0xd0,0x13,0x00,0x00,0x48,0x8b,0x84,0x24,0xd0,0x13,0x00,0x00,0x48,0x8b,0x8c,0x24,
0x18,0x14,0x00,0x00,0xff,0x10,0x48,0x8b,0x4c,0x24,0x48,0xe9,0x00,0x00,0x00,0x00,
0x48,0x8b,0x05,0xc1,0x33,0x00,0x00,0x48,0x8d,0x00,0x48,0x8b,0x15,0x1f,0x36,0x00,
0x00,0x48,0x89,0xc1,0xff,0x12,0x48,0x8b,0x4c,0x24,0x48,0xe9,0x00,0x00,0x00,0x00,
0x48,0x8b,0x1d,0xa1,0x33,0x00,0x00,0x48,0x8d,0x84,0x24,0x50,0x31,0x00,0x00,0x48,
0x8d,0x15,0x82,0x31,0x00,0x00,0x48,0x8b,0x2d,0x93,0x33,0x00,0x00,0x48,0x89,0xc1,
0xff,0x55,0x00,0x48,0x8d,0x84,0x24,0x48,0x31,0x00,0x00,0x48,0x8d,0x0b,0x4c,0x8d,
0x84,0x24,0x50,0x31,0x00,0x00,0x48,0x89,0x8c,0x24,0xc0,0x13,0x00,0x00,0x48,0x8b,
0x4c,0x24,0x48,0x4c,0x8d,0x89,0xe0,0x02,0x00,0x00,0x48,0x8b,0x15,0xaf,0x35,0x00,
0x00,0x48,0x89,0x84,0x24,0x98,0x13,0x00,0x00,0x48,0x89,0x94,0x24,0xb8,0x13,0x00,
0x00,0x48,0x8b,0x84,0x24,0xb8,0x13,0x00,0x00,0x48,0x8b,0x8c,0x24,0x98,0x13,0x00,
0x00,0x48,0x8b,0x94,0x24,0xc0,0x13,0x00,0x00,0xff,0x10,0x8a,0x9c,0x24,0x48,0x31,
0x00,0x00,0x48,0x8d,0x84,0x24,0x50,0x31,0x00,0x00,0x48,0x8b,0x0d,0x2f,0x33,0x00,
0x00,0x48,0x89,0x84,0x24,0x78,0x13,0x00,0x00,0x48,0x89,0x8c,0x24,0x80,0x13,0x00,
0x00,0x48,0x8b,0x84,0x24,0x80,0x13,0x00,0x00,0x48,0x8b,0x8c,0x24,0x78,0x13,0x00,
0x00,0xff,0x10,0x80,0xfb,0x00,0x0f,0x84,0x20,0x00,0x00,0x00,0x48,0x8b,0x4c,0x24,
0x48,0x48,0x8d,0x81,0xa0,0x1d,0x00,0x00,0x48,0x8d,0x11,0x48,0x8b,0x1d,0x6e,0x36,
0x00,0x00,0x48,0x89,0xc1,0xff,0x13,0xe9,0x00,0x00,0x00,0x00,0x48,0x8b,0x4c,0x24,
0x48,0x8a,0x81,0xe0,0x02,0x00,0x00,0x3c,0x00,0x0f,0x84,0x98,0x01,0x00,0x00,0x48,
0x8b,0x05,0xb2,0x32,0x00,0x00,0x48,0x8d,0x00,0x48,0x8d,0x15,0xee,0x29,0x00,0x00,
0x48,0x8b,0x1d,0x11,0x35,0x00,0x00,0x48,0x89,0xc1,0xff,0x13,0x48,0x8b,0x1d,0x95,
0x32,0x00,0x00,0x48,0x8d,0x84,0x24,0x50,0x31,0x00,0x00,0x48,0x8d,0x0d,0x83,0x30,
0x00,0x00,0x48,0x8b,0x15,0x87,0x32,0x00,0x00,0x48,0x89,0x84,0x24,0x88,0x13,0x00,
0x00,0x48,0x89,0x8c,0x24,0x68,0x13,0x00,0x00,0x48,0x89,0x94,0x24,0x90,0x13,0x00,
0x00,0x48,0x8b,0x84,0x24,0x90,0x13,0x00,0x00,0x48,0x8b,0x8c,0x24,0x88,0x13,0x00,
0x00,0x48,0x8b,0x94,0x24,0x68,0x13,0x00,0x00,0xff,0x10,0x48,0x8b,0x05,0xe6,0x35,
0x00,0x00,0xf2,0x0f,0x10,0x08,0xf2,0x0f,0x59,0x0d,0xf2,0x2d,0x00,0x00,0x48,0x8b,
0x05,0xd3,0x35,0x00,0x00,0xf2,0x0f,0x10,0x00,0xf2,0x0f,0x59,0x05,0x87,0x2e,0x00,
0x00,0x48,0x8d,0x84,0x24,0x48,0x31,0x00,0x00,0x48,0x8d,0x0b,0x4c,0x8d,0x84,0x24,
0x50,0x31,0x00,0x00,0xf2,0x0f,0x11,0x8c,0x24,0x60,0x31,0x00,0x00,0x4c,0x8d,0x8c,
0x24,0x60,0x31,0x00,0x00,0xf2,0x0f,0x11,0x84,0x24,0x68,0x31,0x00,0x00,0x48,0x8d,
0x94,0x24,0x68,0x31,0x00,0x00,0x48,0x89,0x8c,0x24,0xa0,0x13,0x00,0x00,0x48,0x8b,
0x4c,0x24,0x48,0x48,0x8d,0x99,0xe8,0x02,0x00,0x00,0x48,0x8b,0x2d,0x7f,0x34,0x00,
0x00,0x48,0x89,0x54,0x24,0x20,0x48,0x89,0x5c,0x24,0x28,0x48,0x89,0xc1,0x48,0x8b,
0x94,0x24,0xa0,0x13,0x00,0x00,0xff,0x55,0x00,0x8a,0x9c,0x24,0x48,0x31,0x00,0x00,
0x48,0x8d,0x84,0x24,0x50,0x31,0x00,0x00,0x48,0x8b,0x0d,0xc1,0x31,0x00,0x00,0x48,
0x89,0x84,0x24,0xa8,0x13,0x00,0x00,0x48,0x89,0x8c,0x24,0xb0,0x13,0x00,0x00,0x48,
0x8b,0x84,0x24,0xb0,0x13,0x00,0x00,0x48,0x8b,0x8c,0x24,0xa8,0x13,0x00,0x00,0xff,
0x10,0x80,0xfb,0x00,0x0f,0x84,0x20,0x00,0x00,0x00,0x48,0x8b,0x4c,0x24,0x48,0x48,
0x8d,0x81,0xa0,0x1d,0x00,0x00,0x48,0x8d,0x11,0x48,0x8b,0x1d,0x00,0x35,0x00,0x00,
0x48,0x89,0xc1,0xff,0x13,0xe9,0x00,0x00,0x00,0x00,0x48,0x8b,0x05,0x57,0x31,0x00,
0x00,0x48,0x8d,0x00,0x48,0x8b,0x0d,0xb5,0x33,0x00,0x00,0x48,0x89,0x84,0x24,0xa8,
0x15,0x00,0x00,0x48,0x89,0x8c,0x24,0x80,0x15,0x00,0x00,0x48,0x8b,0x84,0x24,0x80,
0x15,0x00,0x00,0x48,0x8b,0x8c,0x24,0xa8,0x15,0x00,0x00,0xff,0x10,0x48,0x8b,0x4c,
0x24,0x48,0xe9,0x00,0x00,0x00,0x00,0x48,0x8b,0x1d,0x1a,0x31,0x00,0x00,0x48,0x8d,
0x84,0x24,0x50,0x31,0x00,0x00,0x48,0x8d,0x15,0x0c,0x2f,0x00,0x00,0x48,0x8b,0x2d,
0x0c,0x31,0x00,0x00,0x48,0x89,0xc1,0xff,0x55,0x00,0x48,0x8d,0x84,0x24,0x48,0x31,
0x00,0x00,0x48,0x8d,0x0b,0x4c,0x8d,0x84,0x24,0x50,0x31,0x00,0x00,0x48,0x89,0x8c,
0x24,0xb0,0x15,0x00,0x00,0x48,0x8b,0x4c,0x24,0x48,0x4c,0x8d,0x89,0x00,0x03,0x00,
0x00,0x48,0x8b,0x15,0x28,0x33,0x00,0x00,0x48,0x89,0x84,0x24,0xc0,0x15,0x00,0x00,
0x48,0x89,0x94,0x24,0xb0,0x17,0x00,0x00,0x48,0x8b,0x84,0x24,0xb0,0x17,0x00,0x00,
0x48,0x8b,0x8c,0x24,0xc0,0x15,0x00,0x00,0x48,0x8b,0x94,0x24,0xb0,0x15,0x00,0x00,
0xff,0x10,0x48,0x8d,0x84,0x24,0x50,0x31,0x00,0x00,0x48,0x8b,0x0d,0xaf,0x30,0x00,
0x00,0x48,0x89,0x84,0x24,0xb8,0x17,0x00,0x00,0x48,0x89,0x8c,0x24,0xc0,0x17,0x00,
0x00,0x48,0x8b,0x84,0x24,0xc0,0x17,0x00,0x00,0x48,0x8b,0x8c,0x24,0xb8,0x17,0x00,
0x00,0xff,0x10,0x48,0x8b,0x4c,0x24,0x48,0x8a,0x81,0x00,0x03,0x00,0x00,0x3c,0x00,
0x0f,0x84,0x4a,0x01,0x00,0x00,0x48,0x8b,0x05,0x5b,0x30,0x00,0x00,0x48,0x8d,0x00,
0x48,0x8d,0x15,0x97,0x27,0x00,0x00,0x48,0x8b,0x1d,0xba,0x32,0x00,0x00,0x48,0x89,
0xc1,0xff,0x13,0x48,0x8b,0x1d,0x3e,0x30,0x00,0x00,0x48,0x8d,0x84,0x24,0x50,0x31,
0x00,0x00,0x48,0x8d,0x0d,0x03,0x2e,0x00,0x00,0x48,0x8b,0x15,0x30,0x30,0x00,0x00,
0x48,0x89,0x84,0x24,0xa0,0x17,0x00,0x00,0x48,0x89,0x8c,0x24,0xc8,0x17,0x00,0x00,
0x48,0x89,0x94,0x24,0xd8,0x17,0x00,0x00,0x48,0x8b,0x84,0x24,0xd8,0x17,0x00,0x00,
0x48,0x8b,0x8c,0x24,0xa0,0x17,0x00,0x00,0x48,0x8b,0x94,0x24,0xc8,0x17,0x00,0x00,
0xff,0x10,0x48,0x8d,0x84,0x24,0x48,0x31,0x00,0x00,0x48,0x8d,0x0b,0x4c,0x8d,0x84,
0x24,0x50,0x31,0x00,0x00,0x4c,0x8d,0x0d,0x3c,0x28,0x00,0x00,0x48,0x8d,0x2d,0xed,
0x2d,0x00,0x00,0x48,0x89,0x8c,0x24,0xe0,0x17,0x00,0x00,0x48,0x8b,0x4c,0x24,0x48,
0x48,0x8d,0x99,0x08,0x03,0x00,0x00,0x48,0x8b,0x15,0x62,0x32,0x00,0x00,0x48,0x89,
0x6c,0x24,0x20,0x48,0x89,0x5c,0x24,0x28,0x48,0x89,0x84,0x24,0xe8,0x17,0x00,0x00,
0x48,0x89,0x94,0x24,0xf0,0x17,0x00,0x00,0x48,0x8b,0x84,0x24,0xf0,0x17,0x00,0x00,
0x48,0x8b,0x8c,0x24,0xe8,0x17,0x00,0x00,0x48,0x8b,0x94,0x24,0xe0,0x17,0x00,0x00,
0xff,0x10,0x48,0x8d,0x84,0x24,0x50,0x31,0x00,0x00,0x48,0x8b,0x0d,0x8f,0x2f,0x00,
0x00,0x48,0x89,0x84,0x24,0xa8,0x17,0x00,0x00,0x48,0x89,0x8c,0x24,0x98,0x17,0x00,
0x00,0x48,0x8b,0x84,0x24,0x98,0x17,0x00,0x00,0x48,0x8b,0x8c,0x24,0xa8,0x17,0x00,
0x00,0xff,0x10,0x48,0x8b,0x05,0x4e,0x2f,0x00,0x00,0x48,0x8d,0x00,0x48,0x8b,0x0d,
0xac,0x31,0x00,0x00,0x48,0x89,0x84,0x24,0x70,0x17,0x00,0x00,0x48,0x89,0x8c,0x24,
0x90,0x17,0x00,0x00,0x48,0x8b,0x84,0x24,0x90,0x17,0x00,0x00,0x48,0x8b,0x8c,0x24,
0x70,0x17,0x00,0x00,0xff,0x10,0x48,0x8b,0x4c,0x24,0x48,0xe9,0x00,0x00,0x00,0x00,
0x48,0x8b,0x1d,0x11,0x2f,0x00,0x00,0x48,0x8d,0x84,0x24,0x50,0x31,0x00,0x00,0x48,
0x8d,0x15,0x22,0x2d,0x00,0x00,0x48,0x8b,0x2d,0x03,0x2f,0x00,0x00,0x48,0x89,0xc1,
0xff,0x55,0x00,0x48,0x8d,0x84,0x24,0x48,0x31,0x00,0x00,0x48,0x8d,0x0b,0x4c,0x8d,
0x84,0x24,0x50,0x31,0x00,0x00,0x48,0x89,0x8c,0x24,0x50,0x17,0x00,0x00,0x48,0x8b,
0x4c,0x24,0x48,0x4c,0x8d,0x89,0x30,0x03,0x00,0x00,0x48,0x8b,0x15,0x1f,0x31,0x00,
0x00,0x48,0x89,0x84,0x24,0x58,0x17,0x00,0x00,0x48,0x89,0x94,0x24,0x60,0x17,0x00,
0x00,0x48,0x8b,0x84,0x24,0x60,0x17,0x00,0x00,0x48,0x8b,0x8c,0x24,0x58,0x17,0x00,
0x00,0x48,0x8b,0x94,0x24,0x50,0x17,0x00,0x00,0xff,0x10,0x48,0x8d,0x84,0x24,0x50,
0x31,0x00,0x00,0x48,0x8b,0x0d,0xa6,0x2e,0x00,0x00,0x48,0x89,0x84,0x24,0x40,0x17,
0x00,0x00,0x48,0x89,0x8c,0x24,0x68,0x17,0x00,0x00,0x48,0x8b,0x84,0x24,0x68,0x17,
0x00,0x00,0x48,0x8b,0x8c,0x24,0x40,0x17,0x00,0x00,0xff,0x10,0x48,0x8b,0x4c,0x24,
0x48,0x8a,0x81,0x30,0x03,0x00,0x00,0x3c,0x00,0x0f,0x84,0x2e,0x01,0x00,0x00,0x48,
0x8b,0x05,0x52,0x2e,0x00,0x00,0x48,0x8d,0x00,0x48,0x8d,0x15,0x8e,0x25,0x00,0x00,
0x48,0x8b,0x1d,0xb1,0x30,0x00,0x00,0x48,0x89,0xc1,0xff,0x13,0x48,0x8b,0x1d,0x35,
0x2e,0x00,0x00,0x48,0x8d,0x84,0x24,0x50,0x31,0x00,0x00,0x48,0x8d,0x0d,0x56,0x2c,
0x00,0x00,0x48,0x8b,0x15,0x27,0x2e,0x00,0x00,0x48,0x89,0x84,0x24,0x78,0x17,0x00,
0x00,0x48,0x89,0x8c,0x24,0x80,0x17,0x00,0x00,0x48,0x89,0x94,0x24,0x88,0x17,0x00,
0x00,0x48,0x8b,0x84,0x24,0x88,0x17,0x00,0x00,0x48,0x8b,0x8c,0x24,0x78,0x17,0x00,
0x00,0x48,0x8b,0x94,0x24,0x80,0x17,0x00,0x00,0xff,0x10,0x48,0x8d,0x84,0x24,0x48,
0x31,0x00,0x00,0x48,0x8d,0x0b,0x4c,0x8d,0x84,0x24,0x50,0x31,0x00,0x00,0x4c,0x8d,
0x0d,0x3b,0x26,0x00,0x00,0x48,0x8d,0x15,0x2c,0x26,0x00,0x00,0x48,0x89,0x8c,0x24,
0xf8,0x17,0x00,0x00,0x48,0x8b,0x4c,0x24,0x48,0x48,0x8d,0x99,0xc8,0x1b,0x00,0x00,
0x48,0x8b,0x2d,0x59,0x30,0x00,0x00,0x48,0x89,0x54,0x24,0x20,0x48,0x89,0x5c,0x24,
0x28,0x48,0x89,0xc1,0x48,0x8b,0x94,0x24,0xf8,0x17,0x00,0x00,0xff,0x55,0x00,0x48,
0x8d,0x84,0x24,0x50,0x31,0x00,0x00,0x48,0x8b,0x0d,0xa2,0x2d,0x00,0x00,0x48,0x89,
0x84,0x24,0xd0,0x17,0x00,0x00,0x48,0x89,0x8c,0x24,0x00,0x18,0x00,0x00,0x48,0x8b,
0x84,0x24,0x00,0x18,0x00,0x00,0x48,0x8b,0x8c,0x24,0xd0,0x17,0x00,0x00,0xff,0x10,
0x48,0x8b,0x05,0x61,0x2d,0x00,0x00,0x48,0x8d,0x00,0x48,0x8b,0x0d,0xbf,0x2f,0x00,
0x00,0x48,0x89,0x84,0x24,0x10,0x18,0x00,0x00,0x48,0x89,0x8c,0x24,0x78,0x18,0x00,
0x00,0x48,0x8b,0x84,0x24,0x78,0x18,0x00,0x00,0x48,0x8b,0x8c,0x24,0x10,0x18,0x00,
0x00,0xff,0x10,0x48,0x8b,0x4c,0x24,0x48,0xe9,0x00,0x00,0x00,0x00,0x48,0x8b,0x1d,
0x24,0x2d,0x00,0x00,0x48,0x8d,0x84,0x24,0x50,0x31,0x00,0x00,0x48,0x8d,0x15,0x58,
0x2b,0x00,0x00,0x48,0x8b,0x2d,0x16,0x2d,0x00,0x00,0x48,0x89,0xc1,0xff,0x55,0x00,
0x48,0x8d,0x84,0x24,0x48,0x31,0x00,0x00,0x48,0x8d,0x0b,0x4c,0x8d,0x84,0x24,0x50,
0x31,0x00,0x00,0x48,0x89,0x8c,0x24,0x80,0x18,0x00,0x00,0x48,0x8b,0x4c,0x24,0x48,
0x4c,0x8d,0x89,0x76,0x02,0x00,0x00,0x48,0x8b,0x15,0x32,0x2f,0x00,0x00,0x48,0x89,
0x84,0x24,0x88,0x18,0x00,0x00,0x48,0x89,0x94,0x24,0x68,0x18,0x00,0x00,0x48,0x8b,
0x84,0x24,0x68,0x18,0x00,0x00,0x48,0x8b,0x8c,0x24,0x88,0x18,0x00,0x00,0x48,0x8b,
0x94,0x24,0x80,0x18,0x00,0x00,0xff,0x10,0x8a,0x9c,0x24,0x48,0x31,0x00,0x00,0x48,
0x8d,0x84,0x24,0x50,0x31,0x00,0x00,0x48,0x8b,0x0d,0xb2,0x2c,0x00,0x00,0x48,0x89,
0x84,0x24,0x90,0x18,0x00,0x00,0x48,0x89,0x8c,0x24,0xa0,0x18,0x00,0x00,0x48,0x8b,
0x84,0x24,0xa0,0x18,0x00,0x00,0x48,0x8b,0x8c,0x24,0x90,0x18,0x00,0x00,0xff,0x10,
0x80,0xfb,0x00,0x0f,0x84,0x67,0x00,0x00,0x00,0x48,0x8b,0x4c,0x24,0x48,0x48,0x83,
0xb9,0x88,0x01,0x00,0x00,0x00,0x0f,0x95,0xc0,0x3c,0x00,0x0f,0x84,0x4a,0x00,0x00,
0x00,0x48,0x8b,0x81,0x88,0x01,0x00,0x00,0x48,0x8d,0x91,0x80,0x02,0x00,0x00,0x48,
0x8d,0x18,0x48,0x8b,0x00,0x48,0x8b,0x80,0x80,0x00,0x00,0x00,0x48,0x8b,0x2d,0xdd,
0x2f,0x00,0x00,0x48,0x01,0xe8,0x48,0x8b,0x00,0x48,0x8b,0x00,0x48,0x89,0x94,0x24,
0xa8,0x18,0x00,0x00,0x48,0x8b,0x8c,0x24,0xa8,0x18,0x00,0x00,0x48,0x89,0xda,0xff,
0xd0,0x48,0x8b,0x4c,0x24,0x48,0xe9,0x00,0x00,0x00,0x00,0xe9,0x00,0x00,0x00,0x00,
0x48,0x8b,0x1d,0x01,0x2c,0x00,0x00,0x48,0x8d,0x84,0x24,0x50,0x31,0x00,0x00,0x48,
0x8d,0x0d,0x3f,0x2a,0x00,0x00,0x48,0x8b,0x15,0xf3,0x2b,0x00,0x00,0x48,0x89,0x84,
0x24,0xb0,0x18,0x00,0x00,0x48,0x89,0x8c,0x24,0xb8,0x18,0x00,0x00,0x48,0x89,0x94,
0x24,0x70,0x18,0x00,0x00,0x48,0x8b,0x84,0x24,0x70,0x18,0x00,0x00,0x48,0x8b,0x8c,
0x24,0xb0,0x18,0x00,0x00,0x48,0x8b,0x94,0x24,0xb8,0x18,0x00,0x00,0xff,0x10,0x48,
0x8d,0x84,0x24,0x48,0x31,0x00,0x00,0x48,0x8d,0x0b,0x4c,0x8d,0x84,0x24,0x50,0x31,
0x00,0x00,0x4c,0x8d,0x0d,0xe7,0x27,0x00,0x00,0x48,0x8d,0x2d,0xf8,0x29,0x00,0x00,
0x48,0x89,0x8c,0x24,0x60,0x18,0x00,0x00,0x48,0x8b,0x4c,0x24,0x48,0x48,0x8d,0x99,
0x78,0x02,0x00,0x00,0x48,0x8b,0x15,0x25,0x2e,0x00,0x00,0x48,0x89,0x6c,0x24,0x20,
0x48,0x89,0x5c,0x24,0x28,0x48,0x89,0x84,0x24,0x38,0x18,0x00,0x00,0x48,0x89,0x94,
0x24,0x58,0x18,0x00,0x00,0x48,0x8b,0x84,0x24,0x58,0x18,0x00,0x00,0x48,0x8b,0x8c,
0x24,0x38,0x18,0x00,0x00,0x48,0x8b,0x94,0x24,0x60,0x18,0x00,0x00,0xff,0x10,0x48,
0x8d,0x84,0x24,0x50,0x31,0x00,0x00,0x48,0x8b,0x0d,0x52,0x2b,0x00,0x00,0x48,0x89,
0x84,0x24,0x18,0x18,0x00,0x00,0x48,0x89,0x8c,0x24,0x20,0x18,0x00,0x00,0x48,0x8b,
0x84,0x24,0x20,0x18,0x00,0x00,0x48,0x8b,0x8c,0x24,0x18,0x18,0x00,0x00,0xff,0x10,
0x48,0x8b,0x1d,0x11,0x2b,0x00,0x00,0x48,0x8d,0x84,0x24,0x50,0x31,0x00,0x00,0x48,
0x8d,0x0d,0x6a,0x29,0x00,0x00,0x48,0x8b,0x15,0x03,0x2b,0x00,0x00,0x48,0x89,0x84,
0x24,0x28,0x18,0x00,0x00,0x48,0x89,0x8c,0x24,0x08,0x18,0x00,0x00,0x48,0x89,0x94,
0x24,0x30,0x18,0x00,0x00,0x48,0x8b,0x84,0x24,0x30,0x18,0x00,0x00,0x48,0x8b,0x8c,
0x24,0x28,0x18,0x00,0x00,0x48,0x8b,0x94,0x24,0x08,0x18,0x00,0x00,0xff,0x10,0x48,
0x8d,0x84,0x24,0x48,0x31,0x00,0x00,0x48,0x8d,0x0b,0x4c,0x8d,0x84,0x24,0x50,0x31,
0x00,0x00,0x48,0x89,0x8c,0x24,0x40,0x18,0x00,0x00,0x48,0x8b,0x4c,0x24,0x48,0x4c,
0x8d,0x89,0xbb,0x03,0x00,0x00,0x48,0x8b,0x15,0xf3,0x2c,0x00,0x00,0x48,0x89,0x84,
0x24,0x48,0x18,0x00,0x00,0x48,0x89,0x94,0x24,0x50,0x18,0x00,0x00,0x48,0x8b,0x84,
0x24,0x50,0x18,0x00,0x00,0x48,0x8b,0x8c,0x24,0x48,0x18,0x00,0x00,0x48,0x8b,0x94,
0x24,0x40,0x18,0x00,0x00,0xff,0x10,0x48,0x8d,0x84,0x24,0x50,0x31,0x00,0x00,0x48,
0x8b,0x0d,0x7a,0x2a,0x00,0x00,0x48,0x89,0x84,0x24,0x48,0x17,0x00,0x00,0x48,0x89,
0x8c,0x24,0x38,0x17,0x00,0x00,0x48,0x8b,0x84,0x24,0x38,0x17,0x00,0x00,0x48,0x8b,
0x8c,0x24,0x48,0x17,0x00,0x00,0xff,0x10,0x48,0x8b,0x4c,0x24,0x48,0x8a,0x81,0xbb,
0x03,0x00,0x00,0x3a,0x05,0x75,0x21,0x00,0x00,0x0f,0x94,0xc0,0x3c,0x00,0x0f,0x84,
0x32,0x01,0x00,0x00,0x48,0x8b,0x05,0x1d,0x2a,0x00,0x00,0x48,0x8d,0x00,0x48,0x8d,
0x15,0xc2,0x21,0x00,0x00,0x48,0x8b,0x1d,0x7c,0x2c,0x00,0x00,0x48,0x89,0xc1,0xff,
0x13,0x48,0x8b,0x1d,0x00,0x2a,0x00,0x00,0x48,0x8d,0x84,0x24,0x50,0x31,0x00,0x00,
0x48,0x8d,0x0d,0x6b,0x28,0x00,0x00,0x48,0x8b,0x15,0xf2,0x29,0x00,0x00,0x48,0x89,
0x84,0x24,0x08,0x17,0x00,0x00,0x48,0x89,0x8c,0x24,0x30,0x17,0x00,0x00,0x48,0x89,
0x94,0x24,0x28,0x16,0x00,0x00,0x48,0x8b,0x84,0x24,0x28,0x16,0x00,0x00,0x48,0x8b,
0x8c,0x24,0x08,0x17,0x00,0x00,0x48,0x8b,0x94,0x24,0x30,0x17,0x00,0x00,0xff,0x10,
0x48,0x8d,0x84,0x24,0x48,0x31,0x00,0x00,0x48,0x8d,0x0b,0x4c,0x8d,0x84,0x24,0x50,
0x31,0x00,0x00,0x48,0x89,0x8c,0x24,0x30,0x16,0x00,0x00,0x48,0x8b,0x4c,0x24,0x48,
0x4c,0x8d,0x89,0xb0,0x03,0x00,0x00,0x48,0x8b,0x15,0x3a,0x2d,0x00,0x00,0x48,0x89,
0x84,0x24,0x38,0x16,0x00,0x00,0x48,0x89,0x94,0x24,0x18,0x16,0x00,0x00,0x48,0x8b,
0x84,0x24,0x18,0x16,0x00,0x00,0x48,0x8b,0x8c,0x24,0x38,0x16,0x00,0x00,0x48,0x8b,
0x94,0x24,0x30,0x16,0x00,0x00,0xff,0x10,0x48,0x8d,0x84,0x24,0x50,0x31,0x00,0x00,
0x48,0x8b,0x0d,0x69,0x29,0x00,0x00,0x48,0x89,0x84,0x24,0x40,0x16,0x00,0x00,0x48,
0x89,0x8c,0x24,0x50,0x16,0x00,0x00,0x48,0x8b,0x84,0x24,0x50,0x16,0x00,0x00,0x48,
0x8b,0x8c,0x24,0x40,0x16,0x00,0x00,0xff,0x10,0x48,0x8b,0x05,0x28,0x29,0x00,0x00,
0x48,0x8d,0x00,0x48,0x8b,0x0d,0x86,0x2b,0x00,0x00,0x48,0x89,0x84,0x24,0x58,0x16,
0x00,0x00,0x48,0x89,0x8c,0x24,0x60,0x16,0x00,0x00,0x48,0x8b,0x84,0x24,0x60,0x16,
0x00,0x00,0x48,0x8b,0x8c,0x24,0x58,0x16,0x00,0x00,0xff,0x10,0x48,0x8b,0x4c,0x24,
0x48,0xe9,0x00,0x00,0x00,0x00,0x48,0x8b,0x1d,0xeb,0x28,0x00,0x00,0x48,0x8d,0x84,
0x24,0x50,0x31,0x00,0x00,0x48,0x8d,0x15,0x5f,0x27,0x00,0x00,0x48,0x8b,0x2d,0xdd,
0x28,0x00,0x00,0x48,0x89,0xc1,0xff,0x55,0x00,0x48,0x8b,0x05,0x80,0x2c,0x00,0x00,
0x48,0x8d,0x8c,0x24,0x48,0x31,0x00,0x00,0x48,0x8d,0x13,0x4c,0x8d,0x84,0x24,0x50,
0x31,0x00,0x00,0x4c,0x8d,0x08,0x48,0x8b,0x05,0x03,0x2b,0x00,0x00,0xff,0x10,0x48,
0x8d,0x84,0x24,0x50,0x31,0x00,0x00,0x48,0x8b,0x0d,0xb2,0x28,0x00,0x00,0x48,0x89,
0x84,0x24,0x20,0x16,0x00,0x00,0x48,0x89,0x8c,0x24,0x10,0x16,0x00,0x00,0x48,0x8b,
0x84,0x24,0x10,0x16,0x00,0x00,0x48,0x8b,0x8c,0x24,0x20,0x16,0x00,0x00,0xff,0x10,
0x48,0x8b,0x1d,0x71,0x28,0x00,0x00,0x48,0x8d,0x84,0x24,0x50,0x31,0x00,0x00,0x48,
0x8d,0x0d,0xf7,0x26,0x00,0x00,0x48,0x8b,0x15,0x63,0x28,0x00,0x00,0x48,0x89,0x84,
0x24,0xe8,0x15,0x00,0x00,0x48,0x89,0x8c,0x24,0x08,0x16,0x00,0x00,0x48,0x89,0x94,
0x24,0xc8,0x15,0x00,0x00,0x48,0x8b,0x84,0x24,0xc8,0x15,0x00,0x00,0x48,0x8b,0x8c,
0x24,0xe8,0x15,0x00,0x00,0x48,0x8b,0x94,0x24,0x08,0x16,0x00,0x00,0xff,0x10,0x48,
0x8b,0x05,0xe2,0x2b,0x00,0x00,0x48,0x8d,0x8c,0x24,0x48,0x31,0x00,0x00,0x48,0x8d,
0x13,0x4c,0x8d,0x84,0x24,0x50,0x31,0x00,0x00,0x4c,0x8d,0x08,0x48,0x8b,0x05,0x5d,
0x2a,0x00,0x00,0xff,0x10,0x48,0x8d,0x84,0x24,0x50,0x31,0x00,0x00,0x48,0x8b,0x0d,
0x0c,0x28,0x00,0x00,0x48,0x89,0x84,0x24,0xd0,0x15,0x00,0x00,0x48,0x89,0x8c,0x24,
0xd8,0x15,0x00,0x00,0x48,0x8b,0x84,0x24,0xd8,0x15,0x00,0x00,0x48,0x8b,0x8c,0x24,
0xd0,0x15,0x00,0x00,0xff,0x10,0x48,0x8b,0x1d,0xcb,0x27,0x00,0x00,0x48,0x8d,0x84,
0x24,0x50,0x31,0x00,0x00,0x48,0x8d,0x0d,0x6a,0x26,0x00,0x00,0x48,0x8b,0x15,0xbd,
0x27,0x00,0x00,0x48,0x89,0x84,0x24,0xb8,0x15,0x00,0x00,0x48,0x89,0x8c,0x24,0xe0,
0x15,0x00,0x00,0x48,0x89,0x94,0x24,0xf0,0x15,0x00,0x00,0x48,0x8b,0x84,0x24,0xf0,
0x15,0x00,0x00,0x48,0x8b,0x8c,0x24,0xb8,0x15,0x00,0x00,0x48,0x8b,0x94,0x24,0xe0,
0x15,0x00,0x00,0xff,0x10,0x48,0x8d,0x84,0x24,0x48,0x31,0x00,0x00,0x48,0x8d,0x0b,
0x4c,0x8d,0x84,0x24,0x50,0x31,0x00,0x00,0x48,0x89,0x8c,0x24,0xf8,0x15,0x00,0x00,
0x48,0x8b,0x4c,0x24,0x48,0x4c,0x8d,0x89,0xbc,0x03,0x00,0x00,0x48,0x8b,0x15,0xad,
0x29,0x00,0x00,0x48,0x89,0x84,0x24,0x00,0x16,0x00,0x00,0x48,0x89,0x94,0x24,0x68,
0x16,0x00,0x00,0x48,0x8b,0x84,0x24,0x68,0x16,0x00,0x00,0x48,0x8b,0x8c,0x24,0x00,
0x16,0x00,0x00,0x48,0x8b,0x94,0x24,0xf8,0x15,0x00,0x00,0xff,0x10,0x48,0x8d,0x84,
0x24,0x50,0x31,0x00,0x00,0x48,0x8b,0x0d,0x34,0x27,0x00,0x00,0x48,0x89,0x84,0x24,
0x48,0x16,0x00,0x00,0x48,0x89,0x8c,0x24,0x70,0x16,0x00,0x00,0x48,0x8b,0x84,0x24,
0x70,0x16,0x00,0x00,0x48,0x8b,0x8c,0x24,0x48,0x16,0x00,0x00,0xff,0x10,0x48,0x8b,
0x1d,0xf3,0x26,0x00,0x00,0x48,0x8d,0x84,0x24,0x50,0x31,0x00,0x00,0x48,0x8d,0x0d,
0xa7,0x25,0x00,0x00,0x48,0x8b,0x15,0xe5,0x26,0x00,0x00,0x48,0x89,0x84,0x24,0x80,
0x16,0x00,0x00,0x48,0x89,0x8c,0x24,0xe8,0x16,0x00,0x00,0x48,0x89,0x94,0x24,0xf0,
0x16,0x00,0x00,0x48,0x8b,0x84,0x24,0xf0,0x16,0x00,0x00,0x48,0x8b,0x8c,0x24,0x80,
0x16,0x00,0x00,0x48,0x8b,0x94,0x24,0xe8,0x16,0x00,0x00,0xff,0x10,0x48,0x8d,0x84,
0x24,0x48,0x31,0x00,0x00,0x48,0x8d,0x0b,0x4c,0x8d,0x84,0x24,0x50,0x31,0x00,0x00,
0x48,0x89,0x8c,0x24,0xf8,0x16,0x00,0x00,0x48,0x8b,0x4c,0x24,0x48,0x4c,0x8d,0x89,
0xbd,0x03,0x00,0x00,0x48,0x8b,0x15,0xd5,0x28,0x00,0x00,0x48,0x89,0x84,0x24,0xd8,
0x16,0x00,0x00,0x48,0x89,0x94,0x24,0x00,0x17,0x00,0x00,0x48,0x8b,0x84,0x24,0x00,
0x17,0x00,0x00,0x48,0x8b,0x8c,0x24,0xd8,0x16,0x00,0x00,0x48,0x8b,0x94,0x24,0xf8,
0x16,0x00,0x00,0xff,0x10,0x48,0x8d,0x84,0x24,0x50,0x31,0x00,0x00,0x48,0x8b,0x0d,
0x5c,0x26,0x00,0x00,0x48,0x89,0x84,0x24,0x10,0x17,0x00,0x00,0x48,0x89,0x8c,0x24,
0x18,0x17,0x00,0x00,0x48,0x8b,0x84,0x24,0x18,0x17,0x00,0x00,0x48,0x8b,0x8c,0x24,
0x10,0x17,0x00,0x00,0xff,0x10,0x48,0x8d,0x84,0x24,0x50,0x31,0x00,0x00,0x48,0x8b,
0x94,0x24,0xe8,0x20,0x00,0x00,0x48,0x8d,0x8a,0x58,0x04,0x00,0x00,0x48,0x8b,0x9a,
0x58,0x04,0x00,0x00,0x48,0x8b,0x9b,0x80,0x00,0x00,0x00,0x48,0x8b,0x2d,0xbe,0x29,
0x00,0x00,0x48,0x01,0xeb,0x48,0x8b,0x1b,0x48,0x8b,0x1b,0x48,0x89,0x8c,0x24,0x20,
0x17,0x00,0x00,0x48,0x89,0xc1,0x48,0x8b,0x94,0x24,0x20,0x17,0x00,0x00,0xff,0xd3,
0x48,0x8b,0x84,0x24,0x50,0x31,0x00,0x00,0x8a,0x00,0x88,0x84,0x24,0x48,0x31,0x00,
0x00,0x48,0x8b,0x1d,0xc0,0x25,0x00,0x00,0x48,0x8d,0x84,0x24,0x50,0x31,0x00,0x00,
0x48,0x8d,0x0d,0x8a,0x24,0x00,0x00,0x48,0x8b,0x15,0xb2,0x25,0x00,0x00,0x48,0x89,
0x84,0x24,0x28,0x17,0x00,0x00,0x48,0x89,0x8c,0x24,0xe0,0x16,0x00,0x00,0x48,0x89,
0x94,0x24,0xd0,0x16,0x00,0x00,0x48,0x8b,0x84,0x24,0xd0,0x16,0x00,0x00,0x48,0x8b,
0x8c,0x24,0x28,0x17,0x00,0x00,0x48,0x8b,0x94,0x24,0xe0,0x16,0x00,0x00,0xff,0x10,
0x48,0x8d,0x84,0x24,0x49,0x31,0x00,0x00,0x48,0x8d,0x0b,0x4c,0x8d,0x84,0x24,0x50,
0x31,0x00,0x00,0x4c,0x8d,0x8c,0x24,0x48,0x31,0x00,0x00,0x48,0x8b,0x15,0xae,0x27,
0x00,0x00,0x48,0x89,0x84,0x24,0xa8,0x16,0x00,0x00,0x48,0x89,0x8c,0x24,0xc8,0x16,
0x00,0x00,0x48,0x89,0x94,0x24,0x88,0x16,0x00,0x00,0x48,0x8b,0x84,0x24,0x88,0x16,
0x00,0x00,0x48,0x8b,0x8c,0x24,0xa8,0x16,0x00,0x00,0x48,0x8b,0x94,0x24,0xc8,0x16,
0x00,0x00,0xff,0x10,0x8a,0x9c,0x24,0x49,0x31,0x00,0x00,0x48,0x8d,0x84,0x24,0x50,
0x31,0x00,0x00,0x48,0x8b,0x0d,0x26,0x25,0x00,0x00,0x48,0x89,0x84,0x24,0x90,0x16,
0x00,0x00,0x48,0x89,0x8c,0x24,0x98,0x16,0x00,0x00,0x48,0x8b,0x84,0x24,0x98,0x16,
0x00,0x00,0x48,0x8b,0x8c,0x24,0x90,0x16,0x00,0x00,0xff,0x10,0x80,0xfb,0x00,0x0f,
0x84,0x4f,0x00,0x00,0x00,0x48,0x8b,0x94,0x24,0xe8,0x20,0x00,0x00,0x48,0x8d,0x82,
0x58,0x04,0x00,0x00,0x48,0x8d,0x8c,0x24,0x48,0x31,0x00,0x00,0x48,0x8b,0x9a,0x58,
0x04,0x00,0x00,0x48,0x8b,0x9b,0x80,0x00,0x00,0x00,0x48,0x8b,0x2d,0x87,0x28,0x00,
0x00,0x48,0x01,0xeb,0x48,0x8b,0x1b,0x48,0x8b,0x1b,0x48,0x89,0x8c,0x24,0x78,0x16,
0x00,0x00,0x48,0x89,0xc1,0x48,0x8b,0x94,0x24,0x78,0x16,0x00,0x00,0xff,0xd3,0xe9,
0x00,0x00,0x00,0x00,0x48,0x8d,0x84,0x24,0x50,0x31,0x00,0x00,0x48,0x8b,0x94,0x24,
0xe8,0x20,0x00,0x00,0x48,0x8d,0x8a,0x78,0x04,0x00,0x00,0x48,0x8b,0x9a,0x78,0x04,
0x00,0x00,0x48,0x8b,0x9b,0x80,0x00,0x00,0x00,0x48,0x8b,0x2d,0x30,0x28,0x00,0x00,
0x48,0x01,0xeb,0x48,0x8b,0x1b,0x48,0x8b,0x1b,0x48,0x89,0x8c,0x24,0xa0,0x16,0x00,
0x00,0x48,0x89,0xc1,0x48,0x8b,0x94,0x24,0xa0,0x16,0x00,0x00,0xff,0xd3,0x48,0x8b,
0x84,0x24,0x50,0x31,0x00,0x00,0x8a,0x00,0x88,0x84,0x24,0x49,0x31,0x00,0x00,0x48,
0x8b,0x1d,0x32,0x24,0x00,0x00,0x48,0x8d,0x84,0x24,0x50,0x31,0x00,0x00,0x48,0x8d,
0x0d,0x13,0x23,0x00,0x00,0x48,0x8b,0x15,0x24,0x24,0x00,0x00,0x48,0x89,0x84,0x24,
0xb0,0x16,0x00,0x00,0x48,0x89,0x8c,0x24,0xb8,0x16,0x00,0x00,0x48,0x89,0x94,0x24,
0xc0,0x16,0x00,0x00,0x48,0x8b,0x84,0x24,0xc0,0x16,0x00,0x00,0x48,0x8b,0x8c,0x24,
0xb0,0x16,0x00,0x00,0x48,0x8b,0x94,0x24,0xb8,0x16,0x00,0x00,0xff,0x10,0x48,0x8d,
0x84,0x24,0x4a,0x31,0x00,0x00,0x48,0x8d,0x0b,0x4c,0x8d,0x84,0x24,0x50,0x31,0x00,
0x00,0x4c,0x8d,0x8c,0x24,0x49,0x31,0x00,0x00,0x48,0x8b,0x15,0x20,0x26,0x00,0x00,
0x48,0x89,0x84,0x24,0xb0,0x12,0x00,0x00,0x48,0x89,0x8c,0x24,0xa0,0x12,0x00,0x00,
0x48,0x89,0x94,0x24,0x70,0x12,0x00,0x00,0x48,0x8b,0x84,0x24,0x70,0x12,0x00,0x00,
0x48,0x8b,0x8c,0x24,0xb0,0x12,0x00,0x00,0x48,0x8b,0x94,0x24,0xa0,0x12,0x00,0x00,
0xff,0x10,0x8a,0x9c,0x24,0x4a,0x31,0x00,0x00,0x48,0x8d,0x84,0x24,0x50,0x31,0x00,
0x00,0x48,0x8b,0x0d,0x98,0x23,0x00,0x00,0x48,0x89,0x84,0x24,0x98,0x12,0x00,0x00,
0x48,0x89,0x8c,0x24,0x80,0x0e,0x00,0x00,0x48,0x8b,0x84,0x24,0x80,0x0e,0x00,0x00,
0x48,0x8b,0x8c,0x24,0x98,0x12,0x00,0x00,0xff,0x10,0x80,0xfb,0x00,0x0f,0x84,0x6c,
0x00,0x00,0x00,0x48,0x8b,0x94,0x24,0xe8,0x20,0x00,0x00,0x48,0x8d,0x82,0x78,0x04,
0x00,0x00,0x48,0x8d,0x8c,0x24,0x49,0x31,0x00,0x00,0x48,0x8b,0x92,0x78,0x04,0x00,
0x00,0x48,0x8b,0x92,0x80,0x00,0x00,0x00,0x48,0x8b,0x1d,0xf9,0x26,0x00,0x00,0x48,
0x01,0xda,0x48,0x8b,0x12,0x48,0x8b,0x12,0x48,0x89,0x84,0x24,0x88,0x0e,0x00,0x00,
0x48,0x89,0x8c,0x24,0x90,0x0e,0x00,0x00,0x48,0x89,0x94,0x24,0x70,0x0e,0x00,0x00,
0x48,0x8b,0x84,0x24,0x70,0x0e,0x00,0x00,0x48,0x8b,0x8c,0x24,0x88,0x0e,0x00,0x00,
0x48,0x8b,0x94,0x24,0x90,0x0e,0x00,0x00,0xff,0xd0,0xe9,0x00,0x00,0x00,0x00,0x48,
0x8b,0x05,0xe2,0x22,0x00,0x00,0x48,0x8d,0x00,0x48,0x8b,0x0d,0x28,0x26,0x00,0x00,
0x48,0x89,0x84,0x24,0x98,0x0e,0x00,0x00,0x48,0x89,0x8c,0x24,0xa8,0x0e,0x00,0x00,
0x48,0x8b,0x84,0x24,0xa8,0x0e,0x00,0x00,0x48,0x8b,0x8c,0x24,0x98,0x0e,0x00,0x00,
0xff,0x10,0xe9,0x00,0x00,0x00,0x00,0x48,0x8b,0x1d,0xaa,0x22,0x00,0x00,0x48,0x8d,
0x84,0x24,0x50,0x31,0x00,0x00,0x48,0x8d,0x15,0xed,0x1b,0x00,0x00,0x48,0x8b,0x0d,
0x9c,0x22,0x00,0x00,0x48,0x89,0x84,0x24,0xb0,0x0e,0x00,0x00,0x48,0x89,0x8c,0x24,
0xb8,0x0e,0x00,0x00,0x48,0x8b,0x84,0x24,0xb8,0x0e,0x00,0x00,0x48,0x8b,0x8c,0x24,
0xb0,0x0e,0x00,0x00,0xff,0x10,0x48,0x8d,0x84,0x24,0x48,0x31,0x00,0x00,0x48,0x8d,
0x13,0x4c,0x8d,0x84,0x24,0x50,0x31,0x00,0x00,0x48,0x8b,0x0d,0x68,0x22,0x00,0x00,
0x48,0x89,0x84,0x24,0x78,0x0e,0x00,0x00,0x48,0x89,0x8c,0x24,0x68,0x0e,0x00,0x00,
0x48,0x8b,0x84,0x24,0x68,0x0e,0x00,0x00,0x48,0x8b,0x8c,0x24,0x78,0x0e,0x00,0x00,
0xff,0x10,0x8a,0x94,0x24,0x48,0x31,0x00,0x00,0x48,0x8d,0x84,0x24,0x50,0x31,0x00,
0x00,0x48,0x8b,0x0d,0x38,0x22,0x00,0x00,0x48,0x89,0x84,0x24,0x40,0x0e,0x00,0x00,
0x48,0x89,0x8c,0x24,0x60,0x0e,0x00,0x00,0x48,0x8b,0x84,0x24,0x60,0x0e,0x00,0x00,
0x48,0x8b,0x8c,0x24,0x40,0x0e,0x00,0x00,0x88,0x94,0x24,0x20,0x0e,0x00,0x00,0xff,
0x10,0x80,0xbc,0x24,0x20,0x0e,0x00,0x00,0x00,0x0f,0x84,0xea,0x08,0x00,0x00,0x48,
0x8b,0x05,0xe2,0x21,0x00,0x00,0x48,0x8d,0x00,0x48,0x8b,0x0d,0xf8,0x21,0x00,0x00,
0x48,0x89,0x84,0x24,0x28,0x0e,0x00,0x00,0x48,0x89,0x8c,0x24,0x30,0x0e,0x00,0x00,
0x48,0x8b,0x84,0x24,0x30,0x0e,0x00,0x00,0x48,0x8b,0x8c,0x24,0x28,0x0e,0x00,0x00,
0xff,0x10,0x48,0x8b,0x4c,0x24,0x48,0xf2,0x0f,0x10,0x81,0x90,0x21,0x00,0x00,0xf2,
0x0f,0x11,0x84,0x24,0x48,0x31,0x00,0x00,0xf2,0x0f,0x10,0x81,0x98,0x21,0x00,0x00,
0xf2,0x0f,0x11,0x84,0x24,0x50,0x31,0x00,0x00,0x48,0x8b,0x1d,0x88,0x21,0x00,0x00,
0x48,0x8d,0x84,0x24,0x60,0x31,0x00,0x00,0x48,0x8d,0x15,0x7d,0x20,0x00,0x00,0x48,
0x8b,0x2d,0x7a,0x21,0x00,0x00,0x48,0x89,0xc1,0xff,0x55,0x00,0x48,0x8d,0x84,0x24,
0x58,0x31,0x00,0x00,0x48,0x8d,0x0b,0x4c,0x8d,0x84,0x24,0x60,0x31,0x00,0x00,0x4c,
0x8d,0x0d,0x62,0x20,0x00,0x00,0x48,0x8d,0x15,0xab,0x19,0x00,0x00,0x48,0x89,0x8c,
0x24,0x10,0x0e,0x00,0x00,0x48,0x8b,0x4c,0x24,0x48,0x48,0x8d,0x99,0x98,0x21,0x00,
0x00,0x48,0x8b,0x2d,0xd8,0x23,0x00,0x00,0x48,0x89,0x54,0x24,0x20,0x48,0x89,0x5c,
0x24,0x28,0x48,0x89,0xc1,0x48,0x8b,0x94,0x24,0x10,0x0e,0x00,0x00,0xff,0x55,0x00,
0x48,0x8d,0x84,0x24,0x60,0x31,0x00,0x00,0x48,0x8b,0x0d,0x21,0x21,0x00,0x00,0x48,
0x89,0x84,0x24,0x38,0x0e,0x00,0x00,0x48,0x89,0x8c,0x24,0x48,0x0e,0x00,0x00,0x48,
0x8b,0x84,0x24,0x48,0x0e,0x00,0x00,0x48,0x8b,0x8c,0x24,0x38,0x0e,0x00,0x00,0xff,
0x10,0x48,0x8b,0x1d,0xe0,0x20,0x00,0x00,0x48,0x8d,0x84,0x24,0x60,0x31,0x00,0x00,
0x48,0x8d,0x15,0xe9,0x1f,0x00,0x00,0x48,0x8b,0x0d,0xd2,0x20,0x00,0x00,0x48,0x89,
0x84,0x24,0x50,0x0e,0x00,0x00,0x48,0x89,0x8c,0x24,0x58,0x0e,0x00,0x00,0x48,0x8b,
0x84,0x24,0x58,0x0e,0x00,0x00,0x48,0x8b,0x8c,0x24,0x50,0x0e,0x00,0x00,0xff,0x10,
0x48,0x8d,0x84,0x24,0x58,0x31,0x00,0x00,0x48,0x8d,0x0b,0x4c,0x8d,0x84,0x24,0x60,
0x31,0x00,0x00,0x4c,0x8d,0x0d,0xf6,0x18,0x00,0x00,0x48,0x8d,0x1d,0xe7,0x18,0x00,
0x00,0x48,0x89,0x8c,0x24,0xc0,0x0e,0x00,0x00,0x48,0x8b,0x4c,0x24,0x48,0x48,0x8d,
0x91,0x90,0x21,0x00,0x00,0x48,0x8b,0x2d,0x14,0x23,0x00,0x00,0x48,0x89,0x5c,0x24,
0x20,0x48,0x89,0x54,0x24,0x28,0x48,0x89,0xc1,0x48,0x8b,0x94,0x24,0xc0,0x0e,0x00,
0x00,0xff,0x55,0x00,0x48,0x8d,0x84,0x24,0x60,0x31,0x00,0x00,0x48,0x8b,0x0d,0x5d,
0x20,0x00,0x00,0x48,0x89,0x84,0x24,0xa0,0x0e,0x00,0x00,0x48,0x89,0x8c,0x24,0xc8,
0x0e,0x00,0x00,0x48,0x8b,0x84,0x24,0xc8,0x0e,0x00,0x00,0x48,0x8b,0x8c,0x24,0xa0,
0x0e,0x00,0x00,0xff,0x10,0x48,0x8b,0x1d,0x1c,0x20,0x00,0x00,0x48,0x8d,0x84,0x24,
0x60,0x31,0x00,0x00,0x48,0x8d,0x15,0x2f,0x1f,0x00,0x00,0x48,0x8b,0x0d,0x0e,0x20,
0x00,0x00,0x48,0x89,0x84,0x24,0xd8,0x0e,0x00,0x00,0x48,0x89,0x8c,0x24,0x40,0x0f,
0x00,0x00,0x48,0x8b,0x84,0x24,0x40,0x0f,0x00,0x00,0x48,0x8b,0x8c,0x24,0xd8,0x0e,
0x00,0x00,0xff,0x10,0x48,0x8b,0x05,0xb5,0x23,0x00,0x00,0x48,0x8d,0x8c,0x24,0x58,
0x31,0x00,0x00,0x48,0x8d,0x13,0x4c,0x8d,0x84,0x24,0x60,0x31,0x00,0x00,0x4c,0x8d,
0x0d,0x2b,0x18,0x00,0x00,0x48,0x8d,0x1d,0x1c,0x18,0x00,0x00,0x48,0x8d,0x00,0x48,
0x8b,0x2d,0x5a,0x22,0x00,0x00,0x48,0x89,0x5c,0x24,0x20,0x48,0x89,0x44,0x24,0x28,
0xff,0x55,0x00,0x48,0x8d,0x84,0x24,0x60,0x31,0x00,0x00,0x48,0x8b,0x0d,0xae,0x1f,
0x00,0x00,0x48,0x89,0x84,0x24,0x48,0x0f,0x00,0x00,0x48,0x89,0x8c,0x24,0x50,0x0f,
0x00,0x00,0x48,0x8b,0x84,0x24,0x50,0x0f,0x00,0x00,0x48,0x8b,0x8c,0x24,0x48,0x0f,
0x00,0x00,0xff,0x10,0xf2,0x0f,0x10,0x84,0x24,0x48,0x31,0x00,0x00,0x48,0x8b,0x4c,
0x24,0x48,0x66,0x0f,0x2e,0x81,0x90,0x21,0x00,0x00,0x9f,0xf6,0xc4,0x44,0x0f,0x8b,
0x07,0x00,0x00,0x00,0xb0,0x01,0xe9,0x02,0x00,0x00,0x00,0xb0,0x00,0x3c,0x00,0x0f,
0x85,0x3a,0x00,0x00,0x00,0xf2,0x0f,0x10,0x84,0x24,0x50,0x31,0x00,0x00,0x66,0x0f,
0x2e,0x81,0x98,0x21,0x00,0x00,0x9f,0xf6,0xc4,0x44,0x0f,0x8b,0x07,0x00,0x00,0x00,
0xb0,0x01,0xe9,0x02,0x00,0x00,0x00,0xb0,0x00,0x3c,0x00,0x0f,0x85,0x07,0x00,0x00,
0x00,0xb0,0x00,0xe9,0x0e,0x00,0x00,0x00,0xb0,0x01,0xe9,0x07,0x00,0x00,0x00,0xb0,
0x01,0xe9,0x00,0x00,0x00,0x00,0x3c,0x00,0x0f,0x84,0x11,0x00,0x00,0x00,0x8a,0x05,
0xa3,0x16,0x00,0x00,0x88,0x81,0xa0,0x25,0x00,0x00,0xe9,0x00,0x00,0x00,0x00,0x48,
0x8b,0x1d,0xe2,0x1e,0x00,0x00,0x48,0x8d,0x84,0x24,0x60,0x31,0x00,0x00,0x48,0x8d,
0x15,0x05,0x1e,0x00,0x00,0x48,0x8b,0x2d,0xd4,0x1e,0x00,0x00,0x48,0x89,0xc1,0xff,
0x55,0x00,0x48,0x8d,0x84,0x24,0x58,0x31,0x00,0x00,0x48,0x8d,0x13,0x4c,0x8d,0x84,
0x24,0x60,0x31,0x00,0x00,0x48,0x8b,0x4c,0x24,0x48,0x4c,0x8d,0x89,0x08,0x26,0x00,
0x00,0x48,0x8b,0x1d,0x80,0x22,0x00,0x00,0x48,0x89,0xc1,0xff,0x13,0x48,0x8d,0x84,
0x24,0x60,0x31,0x00,0x00,0x48,0x8b,0x0d,0xa4,0x1e,0x00,0x00,0x48,0x89,0x84,0x24,
0x30,0x0f,0x00,0x00,0x48,0x89,0x8c,0x24,0x58,0x0f,0x00,0x00,0x48,0x8b,0x84,0x24,
0x58,0x0f,0x00,0x00,0x48,0x8b,0x8c,0x24,0x30,0x0f,0x00,0x00,0xff,0x10,0x48,0x8b,
0x1d,0x63,0x1e,0x00,0x00,0x48,0x8d,0x84,0x24,0x60,0x31,0x00,0x00,0x48,0x8d,0x15,
0x8e,0x1d,0x00,0x00,0x48,0x8b,0x0d,0x55,0x1e,0x00,0x00,0x48,0x89,0x84,0x24,0x68,
0x0f,0x00,0x00,0x48,0x89,0x8c,0x24,0x70,0x0f,0x00,0x00,0x48,0x8b,0x84,0x24,0x70,
0x0f,0x00,0x00,0x48,0x8b,0x8c,0x24,0x68,0x0f,0x00,0x00,0xff,0x10,0x48,0x8d,0x84,
0x24,0x58,0x31,0x00,0x00,0x48,0x8d,0x13,0x4c,0x8d,0x84,0x24,0x60,0x31,0x00,0x00,
0x48,0x8b,0x4c,0x24,0x48,0x4c,0x8d,0x89,0x50,0x26,0x00,0x00,0x48,0x8b,0x1d,0xe5,
0x21,0x00,0x00,0x48,0x89,0xc1,0xff,0x13,0x48,0x8d,0x84,0x24,0x60,0x31,0x00,0x00,
0x48,0x8b,0x0d,0x09,0x1e,0x00,0x00,0x48,0x89,0x84,0x24,0x78,0x0f,0x00,0x00,0x48,
0x89,0x8c,0x24,0x80,0x0f,0x00,0x00,0x48,0x8b,0x84,0x24,0x80,0x0f,0x00,0x00,0x48,
0x8b,0x8c,0x24,0x78,0x0f,0x00,0x00,0xff,0x10,0x48,0x8b,0x1d,0xc8,0x1d,0x00,0x00,
0x48,0x8d,0x84,0x24,0x60,0x31,0x00,0x00,0x48,0x8d,0x15,0x00,0x1d,0x00,0x00,0x48,
0x8b,0x0d,0xba,0x1d,0x00,0x00,0x48,0x89,0x84,0x24,0x38,0x0f,0x00,0x00,0x48,0x89,
0x8c,0x24,0x28,0x0f,0x00,0x00,0x48,0x8b,0x84,0x24,0x28,0x0f,0x00,0x00,0x48,0x8b,
0x8c,0x24,0x38,0x0f,0x00,0x00,0xff,0x10,0x48,0x8d,0x84,0x24,0x58,0x31,0x00,0x00,
0x48,0x8d,0x0b,0x4c,0x8d,0x84,0x24,0x60,0x31,0x00,0x00,0x4c,0x8d,0x0d,0xde,0x15,
0x00,0x00,0x48,0x8d,0x15,0xcf,0x15,0x00,0x00,0x48,0x89,0x8c,0x24,0x00,0x0f,0x00,
0x00,0x48,0x8b,0x4c,0x24,0x48,0x48,0x8d,0x99,0x18,0x26,0x00,0x00,0x48,0x8b,0x2d,
0xfc,0x1f,0x00,0x00,0x48,0x89,0x54,0x24,0x20,0x48,0x89,0x5c,0x24,0x28,0x48,0x89,
0xc1,0x48,0x8b,0x94,0x24,0x00,0x0f,0x00,0x00,0xff,0x55,0x00,0x48,0x8d,0x84,0x24,
0x60,0x31,0x00,0x00,0x48,0x8b,0x0d,0x45,0x1d,0x00,0x00,0x48,0x89,0x84,0x24,0x20,
0x0f,0x00,0x00,0x48,0x89,0x8c,0x24,0xe0,0x0e,0x00,0x00,0x48,0x8b,0x84,0x24,0xe0,
0x0e,0x00,0x00,0x48,0x8b,0x8c,0x24,0x20,0x0f,0x00,0x00,0xff,0x10,0x48,0x8b,0x1d,
0x04,0x1d,0x00,0x00,0x48,0x8d,0x84,0x24,0x60,0x31,0x00,0x00,0x48,0x8d,0x15,0x48,
0x1c,0x00,0x00,0x48,0x8b,0x0d,0xf6,0x1c,0x00,0x00,0x48,0x89,0x84,0x24,0xe8,0x0e,
0x00,0x00,0x48,0x89,0x8c,0x24,0xf0,0x0e,0x00,0x00,0x48,0x8b,0x84,0x24,0xf0,0x0e,
0x00,0x00,0x48,0x8b,0x8c,0x24,0xe8,0x0e,0x00,0x00,0xff,0x10,0x48,0x8d,0x84,0x24,
0x58,0x31,0x00,0x00,0x48,0x8d,0x0b,0x4c,0x8d,0x84,0x24,0x60,0x31,0x00,0x00,0x4c,
0x8d,0x0d,0x1a,0x15,0x00,0x00,0x48,0x8d,0x15,0x0b,0x15,0x00,0x00,0x48,0x89,0x8c,
0x24,0xd0,0x0e,0x00,0x00,0x48,0x8b,0x4c,0x24,0x48,0x48,0x8d,0x99,0x28,0x26,0x00,
0x00,0x48,0x8b,0x2d,0x38,0x1f,0x00,0x00,0x48,0x89,0x54,0x24,0x20,0x48,0x89,0x5c,
0x24,0x28,0x48,0x89,0xc1,0x48,0x8b,0x94,0x24,0xd0,0x0e,0x00,0x00,0xff,0x55,0x00,
0x48,0x8d,0x84,0x24,0x60,0x31,0x00,0x00,0x48,0x8b,0x0d,0x81,0x1c,0x00,0x00,0x48,
0x89,0x84,0x24,0xf8,0x0e,0x00,0x00,0x48,0x89,0x8c,0x24,0x08,0x0f,0x00,0x00,0x48,
0x8b,0x84,0x24,0x08,0x0f,0x00,0x00,0x48,0x8b,0x8c,0x24,0xf8,0x0e,0x00,0x00,0xff,
0x10,0x48,0x8b,0x1d,0x40,0x1c,0x00,0x00,0x48,0x8d,0x84,0x24,0x60,0x31,0x00,0x00,
0x48,0x8d,0x15,0x97,0x1b,0x00,0x00,0x48,0x8b,0x0d,0x32,0x1c,0x00,0x00,0x48,0x89,
0x84,0x24,0x10,0x0f,0x00,0x00,0x48,0x89,0x8c,0x24,0x18,0x0f,0x00,0x00,0x48,0x8b,
0x84,0x24,0x18,0x0f,0x00,0x00,0x48,0x8b,0x8c,0x24,0x10,0x0f,0x00,0x00,0xff,0x10,
0x48,0x8d,0x84,0x24,0x58,0x31,0x00,0x00,0x48,0x8d,0x0b,0x4c,0x8d,0x84,0x24,0x60,
0x31,0x00,0x00,0x4c,0x8d,0x0d,0x5e,0x1b,0x00,0x00,0x48,0x8d,0x15,0x5f,0x1b,0x00,
0x00,0x48,0x89,0x8c,0x24,0x18,0x0e,0x00,0x00,0x48,0x8b,0x4c,0x24,0x48,0x48,0x8d,
0x99,0x30,0x26,0x00,0x00,0x48,0x8b,0x2d,0x74,0x1e,0x00,0x00,0x48,0x89,0x54,0x24,
0x20,0x48,0x89,0x5c,0x24,0x28,0x48,0x89,0xc1,0x48,0x8b,0x94,0x24,0x18,0x0e,0x00,
0x00,0xff,0x55,0x00,0x48,0x8d,0x84,0x24,0x60,0x31,0x00,0x00,0x48,0x8b,0x0d,0xbd,
0x1b,0x00,0x00,0x48,0x89,0x84,0x24,0x08,0x0e,0x00,0x00,0x48,0x89,0x8c,0x24,0xd8,
0x0d,0x00,0x00,0x48,0x8b,0x84,0x24,0xd8,0x0d,0x00,0x00,0x48,0x8b,0x8c,0x24,0x08,
0x0e,0x00,0x00,0xff,0x10,0x48,0x8b,0x1d,0x7c,0x1b,0x00,0x00,0x48,0x8d,0x84,0x24,
0x60,0x31,0x00,0x00,0x48,0x8d,0x15,0xed,0x1a,0x00,0x00,0x48,0x8b,0x0d,0x6e,0x1b,
0x00,0x00,0x48,0x89,0x84,0x24,0x00,0x0e,0x00,0x00,0x48,0x89,0x8c,0x24,0xf8,0x0c,
0x00,0x00,0x48,0x8b,0x84,0x24,0xf8,0x0c,0x00,0x00,0x48,0x8b,0x8c,0x24,0x00,0x0e,
0x00,0x00,0xff,0x10,0x48,0x8d,0x84,0x24,0x58,0x31,0x00,0x00,0x48,0x8d,0x0b,0x4c,
0x8d,0x84,0x24,0x60,0x31,0x00,0x00,0x4c,0x8d,0x0d,0x9a,0x1a,0x00,0x00,0x48,0x8d,
0x1d,0x9b,0x1a,0x00,0x00,0x48,0x89,0x8c,0x24,0x00,0x0d,0x00,0x00,0x48,0x8b,0x4c,
0x24,0x48,0x48,0x8d,0x91,0x38,0x26,0x00,0x00,0x48,0x8b,0x2d,0xb0,0x1d,0x00,0x00,
0x48,0x89,0x5c,0x24,0x20,0x48,0x89,0x54,0x24,0x28,0x48,0x89,0xc1,0x48,0x8b,0x94,
0x24,0x00,0x0d,0x00,0x00,0xff,0x55,0x00,0x48,0x8d,0x84,0x24,0x60,0x31,0x00,0x00,
0x48,0x8b,0x0d,0xf9,0x1a,0x00,0x00,0x48,0x89,0x84,0x24,0x08,0x0d,0x00,0x00,0x48,
0x89,0x8c,0x24,0xe8,0x0c,0x00,0x00,0x48,0x8b,0x84,0x24,0xe8,0x0c,0x00,0x00,0x48,
0x8b,0x8c,0x24,0x08,0x0d,0x00,0x00,0xff,0x10,0x48,0x8b,0x1d,0xb8,0x1a,0x00,0x00,
0x48,0x8d,0x84,0x24,0x60,0x31,0x00,0x00,0x48,0x8d,0x15,0x30,0x1a,0x00,0x00,0x48,
0x8b,0x0d,0xaa,0x1a,0x00,0x00,0x48,0x89,0x84,0x24,0x10,0x0d,0x00,0x00,0x48,0x89,
0x8c,0x24,0x20,0x0d,0x00,0x00,0x48,0x8b,0x84,0x24,0x20,0x0d,0x00,0x00,0x48,0x8b,
0x8c,0x24,0x10,0x0d,0x00,0x00,0xff,0x10,0x48,0x8d,0x84,0x24,0x58,0x31,0x00,0x00,
0x48,0x8d,0x0b,0x4c,0x8d,0x84,0x24,0x60,0x31,0x00,0x00,0x4c,0x8d,0x0d,0xce,0x12,
0x00,0x00,0x48,0x8d,0x15,0xbf,0x12,0x00,0x00,0x48,0x89,0x8c,0x24,0x28,0x0d,0x00,
0x00,0x48,0x8b,0x4c,0x24,0x48,0x48,0x8d,0x99,0x40,0x26,0x00,0x00,0x48,0x8b,0x2d,
0xec,0x1c,0x00,0x00,0x48,0x89,0x54,0x24,0x20,0x48,0x89,0x5c,0x24,0x28,0x48,0x89,
0xc1,0x48,0x8b,0x94,0x24,0x28,0x0d,0x00,0x00,0xff,0x55,0x00,0x48,0x8d,0x84,0x24,
0x60,0x31,0x00,0x00,0x48,0x8b,0x0d,0x35,0x1a,0x00,0x00,0x48,0x89,0x84,0x24,0x30,
0x0d,0x00,0x00,0x48,0x89,0x8c,0x24,0xf0,0x0c,0x00,0x00,0x48,0x8b,0x84,0x24,0xf0,
0x0c,0x00,0x00,0x48,0x8b,0x8c,0x24,0x30,0x0d,0x00,0x00,0xff,0x10,0x48,0x8b,0x1d,
0xf4,0x19,0x00,0x00,0x48,0x8d,0x84,0x24,0x60,0x31,0x00,0x00,0x48,0x8d,0x15,0x7d,
0x19,0x00,0x00,0x48,0x8b,0x0d,0xe6,0x19,0x00,0x00,0x48,0x89,0x84,0x24,0xe0,0x0c,
0x00,0x00,0x48,0x89,0x8c,0x24,0xb8,0x0c,0x00,0x00,0x48,0x8b,0x84,0x24,0xb8,0x0c,
0x00,0x00,0x48,0x8b,0x8c,0x24,0xe0,0x0c,0x00,0x00,0xff,0x10,0x48,0x8d,0x84,0x24,
0x58,0x31,0x00,0x00,0x48,0x8d,0x0b,0x4c,0x8d,0x84,0x24,0x60,0x31,0x00,0x00,0x4c,
0x8d,0x0d,0x0a,0x12,0x00,0x00,0x48,0x8d,0x1d,0xfb,0x11,0x00,0x00,0x48,0x89,0x8c,
0x24,0xd8,0x0c,0x00,0x00,0x48,0x8b,0x4c,0x24,0x48,0x48,0x8d,0x91,0x48,0x26,0x00,
0x00,0x48,0x8b,0x2d,0x28,0x1c,0x00,0x00,0x48,0x89,0x5c,0x24,0x20,0x48,0x89,0x54,
0x24,0x28,0x48,0x89,0xc1,0x48,0x8b,0x94,0x24,0xd8,0x0c,0x00,0x00,0xff,0x55,0x00,
0x48,0x8d,0x84,0x24,0x60,0x31,0x00,0x00,0x48,0x8b,0x0d,0x71,0x19,0x00,0x00,0x48,
0x89,0x84,0x24,0x98,0x0c,0x00,0x00,0x48,0x89,0x8c,0x24,0xa0,0x0c,0x00,0x00,0x48,
0x8b,0x84,0x24,0xa0,0x0c,0x00,0x00,0x48,0x8b,0x8c,0x24,0x98,0x0c,0x00,0x00,0xff,
0x10,0x48,0x8b,0x05,0x30,0x19,0x00,0x00,0x48,0x8d,0x00,0x48,0x8b,0x0d,0x76,0x1c,
0x00,0x00,0x48,0x89,0x84,0x24,0xa8,0x0c,0x00,0x00,0x48,0x89,0x8c,0x24,0x88,0x0c,
0x00,0x00,0x48,0x8b,0x84,0x24,0x88,0x0c,0x00,0x00,0x48,0x8b,0x8c,0x24,0xa8,0x0c,
0x00,0x00,0xff,0x10,0xe9,0x00,0x00,0x00,0x00,0x48,0x8b,0x1d,0xf8,0x18,0x00,0x00,
0x48,0x8d,0x84,0x24,0x50,0x31,0x00,0x00,0x48,0x8d,0x15,0x92,0x18,0x00,0x00,0x48,
0x8b,0x0d,0xea,0x18,0x00,0x00,0x48,0x89,0x84,0x24,0xb0,0x0c,0x00,0x00,0x48,0x89,
0x8c,0x24,0xc0,0x0c,0x00,0x00,0x48,0x8b,0x84,0x24,0xc0,0x0c,0x00,0x00,0x48,0x8b,
0x8c,0x24,0xb0,0x0c,0x00,0x00,0xff,0x10,0x48,0x8d,0x84,0x24,0x48,0x31,0x00,0x00,
0x48,0x8d,0x13,0x4c,0x8d,0x84,0x24,0x50,0x31,0x00,0x00,0x48,0x8b,0x0d,0xb6,0x18,
0x00,0x00,0x48,0x89,0x84,0x24,0xc8,0x0c,0x00,0x00,0x48,0x89,0x8c,0x24,0xd0,0x0c,
0x00,0x00,0x48,0x8b,0x84,0x24,0xd0,0x0c,0x00,0x00,0x48,0x8b,0x8c,0x24,0xc8,0x0c,
0x00,0x00,0xff,0x10,0x8a,0x94,0x24,0x48,0x31,0x00,0x00,0x48,0x8d,0x84,0x24,0x50,
0x31,0x00,0x00,0x48,0x8b,0x0d,0x86,0x18,0x00,0x00,0x48,0x89,0x84,0x24,0x38,0x0d,
0x00,0x00,0x48,0x89,0x8c,0x24,0x18,0x0d,0x00,0x00,0x48,0x8b,0x84,0x24,0x18,0x0d,
0x00,0x00,0x48,0x8b,0x8c,0x24,0x38,0x0d,0x00,0x00,0x88,0x94,0x24,0x40,0x0d,0x00,
0x00,0xff,0x10,0x80,0xbc,0x24,0x40,0x0d,0x00,0x00,0x00,0x0f,0x84,0x5e,0x0f,0x00,
0x00,0x48,0x8b,0x05,0x30,0x18,0x00,0x00,0x48,0x8d,0x00,0x48,0x8b,0x0d,0x46,0x18,
0x00,0x00,0x48,0x89,0x84,0x24,0x50,0x0d,0x00,0x00,0x48,0x89,0x8c,0x24,0xb8,0x0d,
0x00,0x00,0x48,0x8b,0x84,0x24,0xb8,0x0d,0x00,0x00,0x48,0x8b,0x8c,0x24,0x50,0x0d,
0x00,0x00,0xff,0x10,0x48,0x8b,0x1d,0xfd,0x17,0x00,0x00,0x48,0x8d,0x84,0x24,0x48,
0x31,0x00,0x00,0x48,0x8d,0x15,0x97,0x17,0x00,0x00,0x48,0x8b,0x0d,0xef,0x17,0x00,
0x00,0x48,0x89,0x84,0x24,0xc0,0x0d,0x00,0x00,0x48,0x89,0x8c,0x24,0xc8,0x0d,0x00,
0x00,0x48,0x8b,0x84,0x24,0xc8,0x0d,0x00,0x00,0x48,0x8b,0x8c,0x24,0xc0,0x0d,0x00,
0x00,0xff,0x10,0x48,0x8d,0x03,0x48,0x8d,0x94,0x24,0x48,0x31,0x00,0x00,0x48,0x8b,
0x0d,0x2b,0x18,0x00,0x00,0x48,0x89,0x84,0x24,0xa8,0x0d,0x00,0x00,0x48,0x89,0x8c,
0x24,0xd0,0x0d,0x00,0x00,0x48,0x8b,0x84,0x24,0xd0,0x0d,0x00,0x00,0x48,0x8b,0x8c,
0x24,0xa8,0x0d,0x00,0x00,0xff,0x10,0x48,0x8d,0x84,0x24,0x48,0x31,0x00,0x00,0x48,
0x8b,0x0d,0x9a,0x17,0x00,0x00,0x48,0x89,0x84,0x24,0xe0,0x0d,0x00,0x00,0x48,0x89,
0x8c,0x24,0xe8,0x0d,0x00,0x00,0x48,0x8b,0x84,0x24,0xe8,0x0d,0x00,0x00,0x48,0x8b,
0x8c,0x24,0xe0,0x0d,0x00,0x00,0xff,0x10,0x48,0x8d,0x84,0x24,0x48,0x31,0x00,0x00,
0x48,0x8b,0x4c,0x24,0x48,0x48,0x8d,0x91,0x30,0x01,0x00,0x00,0x48,0x8b,0x1d,0x2d,
0x1b,0x00,0x00,0x48,0x89,0xc1,0xff,0x13,0x8a,0x84,0x24,0x48,0x31,0x00,0x00,0x3c,
0x00,0x0f,0x84,0xa9,0x00,0x00,0x00,0x48,0x8b,0x1d,0x2a,0x17,0x00,0x00,0x48,0x8d,
0x84,0x24,0x48,0x31,0x00,0x00,0x48,0x8d,0x15,0xce,0x16,0x00,0x00,0x48,0x8b,0x0d,
0x1c,0x17,0x00,0x00,0x48,0x89,0x84,0x24,0xf0,0x0d,0x00,0x00,0x48,0x89,0x8c,0x24,
0xf8,0x0d,0x00,0x00,0x48,0x8b,0x84,0x24,0xf8,0x0d,0x00,0x00,0x48,0x8b,0x8c,0x24,
0xf0,0x0d,0x00,0x00,0xff,0x10,0x48,0x8d,0x03,0x48,0x8d,0x94,0x24,0x48,0x31,0x00,
0x00,0x48,0x8b,0x0d,0xd0,0x1a,0x00,0x00,0x48,0x89,0x84,0x24,0xb0,0x0d,0x00,0x00,
0x48,0x89,0x8c,0x24,0xa0,0x0d,0x00,0x00,0x48,0x8b,0x84,0x24,0xa0,0x0d,0x00,0x00,
0x48,0x8b,0x8c,0x24,0xb0,0x0d,0x00,0x00,0xff,0x10,0x48,0x8d,0x84,0x24,0x48,0x31,
0x00,0x00,0x48,0x8b,0x0d,0xc7,0x16,0x00,0x00,0x48,0x89,0x84,0x24,0x78,0x0d,0x00,
0x00,0x48,0x89,0x8c,0x24,0x98,0x0d,0x00,0x00,0x48,0x8b,0x84,0x24,0x98,0x0d,0x00,
0x00,0x48,0x8b,0x8c,0x24,0x78,0x0d,0x00,0x00,0xff,0x10,0xe9,0xff,0x01,0x00,0x00,
0x48,0x8b,0x1d,0x81,0x16,0x00,0x00,0x48,0x8d,0x84,0x24,0x48,0x31,0x00,0x00,0x48,
0x8b,0x0d,0x9a,0x18,0x00,0x00,0x48,0x89,0x84,0x24,0xf8,0x10,0x00,0x00,0x48,0x89,
0x8c,0x24,0x00,0x11,0x00,0x00,0x48,0x8b,0x84,0x24,0x00,0x11,0x00,0x00,0x48,0x8b,
0x8c,0x24,0xf8,0x10,0x00,0x00,0xff,0x10,0x48,0x8d,0x84,0x24,0x60,0x31,0x00,0x00,
0x48,0x8b,0x4c,0x24,0x48,0x48,0x8d,0x91,0x30,0x01,0x00,0x00,0x48,0x8b,0x2d,0x2d,
0x1a,0x00,0x00,0x48,0x89,0xc1,0xff,0x55,0x00,0x48,0x8b,0x84,0x24,0x60,0x31,0x00,
0x00,0x48,0x8d,0x8c,0x24,0x58,0x31,0x00,0x00,0x48,0x8d,0x10,0x48,0x8b,0x05,0x15,
0x1a,0x00,0x00,0xff,0x10,0x48,0x8d,0x84,0x24,0x48,0x31,0x00,0x00,0x48,0x8d,0x94,
0x24,0x58,0x31,0x00,0x00,0x48,0x8b,0x0d,0x2c,0x18,0x00,0x00,0x48,0x89,0x84,0x24,
0x08,0x11,0x00,0x00,0x48,0x89,0x8c,0x24,0xc0,0x10,0x00,0x00,0x48,0x8b,0x84,0x24,
0xc0,0x10,0x00,0x00,0x48,0x8b,0x8c,0x24,0x08,0x11,0x00,0x00,0xff,0x10,0x48,0x8d,
0x84,0x24,0x68,0x31,0x00,0x00,0x48,0x8d,0x15,0x84,0x15,0x00,0x00,0x48,0x8b,0x0d,
0xcc,0x15,0x00,0x00,0x48,0x89,0x84,0x24,0xb0,0x10,0x00,0x00,0x48,0x89,0x8c,0x24,
0x88,0x10,0x00,0x00,0x48,0x8b,0x84,0x24,0x88,0x10,0x00,0x00,0x48,0x8b,0x8c,0x24,
0xb0,0x10,0x00,0x00,0xff,0x10,0x48,0x8d,0x84,0x24,0x78,0x31,0x00,0x00,0x48,0x8b,
0x0d,0xbb,0x17,0x00,0x00,0x48,0x89,0x84,0x24,0xa8,0x10,0x00,0x00,0x48,0x89,0x8c,
0x24,0x68,0x10,0x00,0x00,0x48,0x8b,0x84,0x24,0x68,0x10,0x00,0x00,0x48,0x8b,0x8c,
0x24,0xa8,0x10,0x00,0x00,0xff,0x10,0x48,0x8d,0x94,0x24,0x48,0x31,0x00,0x00,0x4c,
0x8d,0x84,0x24,0x68,0x31,0x00,0x00,0x48,0x8b,0x05,0x92,0x17,0x00,0x00,0x48,0x8b,
0x8c,0x24,0xa8,0x10,0x00,0x00,0xff,0x10,0x48,0x8d,0x03,0x48,0x8d,0x94,0x24,0x78,
0x31,0x00,0x00,0x48,0x8b,0x0d,0x46,0x19,0x00,0x00,0x48,0x89,0x84,0x24,0x70,0x10,
0x00,0x00,0x48,0x89,0x8c,0x24,0x78,0x10,0x00,0x00,0x48,0x8b,0x84,0x24,0x78,0x10,
0x00,0x00,0x48,0x8b,0x8c,0x24,0x70,0x10,0x00,0x00,0xff,0x10,0x48,0x8d,0x84,0x24,
0x78,0x31,0x00,0x00,0x48,0x8b,0x0d,0x25,0x15,0x00,0x00,0x48,0x89,0x84,0x24,0x58,
0x10,0x00,0x00,0x48,0x89,0x8c,0x24,0x80,0x10,0x00,0x00,0x48,0x8b,0x84,0x24,0x80,
0x10,0x00,0x00,0x48,0x8b,0x8c,0x24,0x58,0x10,0x00,0x00,0xff,0x10,0x48,0x8d,0x84,
0x24,0x68,0x31,0x00,0x00,0x48,0x8b,0x0d,0xf4,0x14,0x00,0x00,0x48,0x89,0x84,0x24,
0x90,0x10,0x00,0x00,0x48,0x89,0x8c,0x24,0x98,0x10,0x00,0x00,0x48,0x8b,0x84,0x24,
0x98,0x10,0x00,0x00,0x48,0x8b,0x8c,0x24,0x90,0x10,0x00,0x00,0xff,0x10,0x48,0x8d,
0x84,0x24,0x48,0x31,0x00,0x00,0x48,0x8b,0x0d,0xc3,0x14,0x00,0x00,0x48,0x89,0x84,
0x24,0xa0,0x10,0x00,0x00,0x48,0x89,0x8c,0x24,0x90,0x32,0x00,0x00,0x48,0x8b,0x84,
0x24,0x90,0x32,0x00,0x00,0x48,0x8b,0x8c,0x24,0xa0,0x10,0x00,0x00,0xff,0x10,0x48,
0x8b,0x05,0x82,0x14,0x00,0x00,0x48,0x8d,0x00,0x48,0x8b,0x0d,0x30,0x15,0x00,0x00,
0x48,0x89,0x84,0x24,0x58,0x0d,0x00,0x00,0x48,0x89,0x8c,0x24,0x60,0x0d,0x00,0x00,
0x48,0x8b,0x84,0x24,0x60,0x0d,0x00,0x00,0x48,0x8b,0x8c,0x24,0x58,0x0d,0x00,0x00,
0xff,0x10,0x48,0x8b,0x1d,0x4f,0x14,0x00,0x00,0x48,0x8d,0x84,0x24,0x48,0x31,0x00,
0x00,0x48,0x8d,0x15,0x05,0x14,0x00,0x00,0x48,0x8b,0x0d,0x41,0x14,0x00,0x00,0x48,
0x89,0x84,0x24,0x68,0x0d,0x00,0x00,0x48,0x89,0x8c,0x24,0x48,0x0d,0x00,0x00,0x48,
0x8b,0x84,0x24,0x48,0x0d,0x00,0x00,0x48,0x8b,0x8c,0x24,0x68,0x0d,0x00,0x00,0xff,
0x10,0x48,0x8d,0x03,0x48,0x8d,0x94,0x24,0x48,0x31,0x00,0x00,0x48,0x8b,0x0d,0x7d,
0x14,0x00,0x00,0x48,0x89,0x84,0x24,0x70,0x0d,0x00,0x00,0x48,0x89,0x8c,0x24,0x80,
0x0d,0x00,0x00,0x48,0x8b,0x84,0x24,0x80,0x0d,0x00,0x00,0x48,0x8b,0x8c,0x24,0x70,
0x0d,0x00,0x00,0xff,0x10,0x48,0x8d,0x84,0x24,0x48,0x31,0x00,0x00,0x48,0x8b,0x0d,
0xec,0x13,0x00,0x00,0x48,0x89,0x84,0x24,0x88,0x0d,0x00,0x00,0x48,0x89,0x8c,0x24,
0x90,0x0d,0x00,0x00,0x48,0x8b,0x84,0x24,0x90,0x0d,0x00,0x00,0x48,0x8b,0x8c,0x24,
0x88,0x0d,0x00,0x00,0xff,0x10,0x48,0x8b,0x1d,0xab,0x13,0x00,0x00,0x48,0x8d,0x84,
0x24,0x50,0x31,0x00,0x00,0x48,0x8d,0x15,0x66,0x13,0x00,0x00,0x48,0x8b,0x0d,0x9d,
0x13,0x00,0x00,0x48,0x89,0x84,0x24,0x88,0x0f,0x00,0x00,0x48,0x89,0x8c,0x24,0x60,
0x0f,0x00,0x00,0x48,0x8b,0x84,0x24,0x60,0x0f,0x00,0x00,0x48,0x8b,0x8c,0x24,0x88,
0x0f,0x00,0x00,0xff,0x10,0x48,0x8d,0x84,0x24,0x48,0x31,0x00,0x00,0x48,0x8d,0x13,
0x4c,0x8d,0x84,0x24,0x50,0x31,0x00,0x00,0x48,0x8b,0x4c,0x24,0x48,0x4c,0x8d,0x89,
0x48,0x03,0x00,0x00,0x48,0x8d,0x1d,0x93,0x0a,0x00,0x00,0x48,0x8b,0x2d,0x56,0x17,
0x00,0x00,0x48,0x89,0x5c,0x24,0x20,0x48,0x89,0xc1,0xff,0x55,0x00,0x48,0x8d,0x84,
0x24,0x50,0x31,0x00,0x00,0x48,0x8b,0x0d,0x44,0x13,0x00,0x00,0x48,0x89,0x84,0x24,
0x90,0x0f,0x00,0x00,0x48,0x89,0x8c,0x24,0xa0,0x0f,0x00,0x00,0x48,0x8b,0x84,0x24,
0xa0,0x0f,0x00,0x00,0x48,0x8b,0x8c,0x24,0x90,0x0f,0x00,0x00,0xff,0x10,0x48,0x8b,
0x1d,0x03,0x13,0x00,0x00,0x48,0x8d,0x84,0x24,0x50,0x31,0x00,0x00,0x48,0x8d,0x15,
0xb9,0x12,0x00,0x00,0x48,0x8b,0x0d,0xf5,0x12,0x00,0x00,0x48,0x89,0x84,0x24,0x90,
0x11,0x00,0x00,0x48,0x89,0x8c,0x24,0x98,0x11,0x00,0x00,0x48,0x8b,0x84,0x24,0x98,
0x11,0x00,0x00,0x48,0x8b,0x8c,0x24,0x90,0x11,0x00,0x00,0xff,0x10,0x48,0x8d,0x84,
0x24,0x48,0x31,0x00,0x00,0x48,0x8d,0x13,0x4c,0x8d,0x84,0x24,0x50,0x31,0x00,0x00,
0x48,0x8b,0x0d,0xc9,0x16,0x00,0x00,0x48,0x89,0x84,0x24,0xa0,0x11,0x00,0x00,0x48,
0x89,0x8c,0x24,0x80,0x11,0x00,0x00,0x48,0x8b,0x84,0x24,0x80,0x11,0x00,0x00,0x48,
0x8b,0x8c,0x24,0xa0,0x11,0x00,0x00,0xff,0x10,0x8a,0x94,0x24,0x48,0x31,0x00,0x00,
0x48,0x8d,0x84,0x24,0x50,0x31,0x00,0x00,0x48,0x8b,0x0d,0x91,0x12,0x00,0x00,0x48,
0x89,0x84,0x24,0xa8,0x11,0x00,0x00,0x48,0x89,0x8c,0x24,0xb8,0x11,0x00,0x00,0x48,
0x8b,0x84,0x24,0xb8,0x11,0x00,0x00,0x48,0x8b,0x8c,0x24,0xa8,0x11,0x00,0x00,0x88,
0x94,0x24,0xc0,0x11,0x00,0x00,0xff,0x10,0x80,0xbc,0x24,0xc0,0x11,0x00,0x00,0x00,
0x0f,0x84,0x24,0x00,0x00,0x00,0x48,0x8b,0x4c,0x24,0x48,0x48,0x8d,0x81,0x30,0x01,
0x00,0x00,0x48,0x8d,0x91,0x48,0x03,0x00,0x00,0x48,0x8b,0x1d,0x48,0x16,0x00,0x00,
0x48,0x89,0xc1,0xff,0x13,0xe9,0x00,0x00,0x00,0x00,0x48,0x8b,0x1d,0x17,0x12,0x00,
0x00,0x48,0x8d,0x84,0x24,0x50,0x31,0x00,0x00,0x48,0x8d,0x15,0xdc,0x11,0x00,0x00,
0x48,0x8b,0x0d,0x09,0x12,0x00,0x00,0x48,0x89,0x84,0x24,0xc8,0x11,0x00,0x00,0x48,
0x89,0x8c,0x24,0x88,0x11,0x00,0x00,0x48,0x8b,0x84,0x24,0x88,0x11,0x00,0x00,0x48,
0x8b,0x8c,0x24,0xc8,0x11,0x00,0x00,0xff,0x10,0x48,0x8d,0x84,0x24,0x48,0x31,0x00,
0x00,0x48,0x8d,0x13,0x4c,0x8d,0x84,0x24,0x50,0x31,0x00,0x00,0x48,0x8b,0x0d,0xdd,
0x15,0x00,0x00,0x48,0x89,0x84,0x24,0x78,0x11,0x00,0x00,0x48,0x89,0x8c,0x24,0x50,
0x11,0x00,0x00,0x48,0x8b,0x84,0x24,0x50,0x11,0x00,0x00,0x48,0x8b,0x8c,0x24,0x78,
0x11,0x00,0x00,0xff,0x10,0x8a,0x94,0x24,0x48,0x31,0x00,0x00,0x48,0x8d,0x84,0x24,
0x50,0x31,0x00,0x00,0x48,0x8b,0x0d,0xa5,0x11,0x00,0x00,0x48,0x89,0x84,0x24,0x70,
0x11,0x00,0x00,0x48,0x89,0x8c,0x24,0x30,0x11,0x00,0x00,0x48,0x8b,0x84,0x24,0x30,
0x11,0x00,0x00,0x48,0x8b,0x8c,0x24,0x70,0x11,0x00,0x00,0x88,0x94,0x24,0x38,0x11,
0x00,0x00,0xff,0x10,0x80,0xbc,0x24,0x38,0x11,0x00,0x00,0x00,0x0f,0x84,0x24,0x00,
0x00,0x00,0x48,0x8b,0x4c,0x24,0x48,0x48,0x8d,0x81,0x30,0x01,0x00,0x00,0x48,0x8d,
0x91,0x48,0x03,0x00,0x00,0x48,0x8b,0x1d,0x64,0x15,0x00,0x00,0x48,0x89,0xc1,0xff,
0x13,0xe9,0x00,0x00,0x00,0x00,0x48,0x8b,0x1d,0x2b,0x11,0x00,0x00,0x48,0x8d,0x84,
0x24,0x48,0x31,0x00,0x00,0x48,0x8d,0x15,0xfe,0x10,0x00,0x00,0x48,0x8b,0x0d,0x1d,
0x11,0x00,0x00,0x48,0x89,0x84,0x24,0x40,0x11,0x00,0x00,0x48,0x89,0x8c,0x24,0x20,
0x11,0x00,0x00,0x48,0x8b,0x84,0x24,0x20,0x11,0x00,0x00,0x48,0x8b,0x8c,0x24,0x40,
0x11,0x00,0x00,0xff,0x10,0x48,0x8d,0x03,0x48,0x8d,0x94,0x24,0x48,0x31,0x00,0x00,
0x48,0x8b,0x0d,0x59,0x11,0x00,0x00,0x48,0x89,0x84,0x24,0x48,0x11,0x00,0x00,0x48,
0x89,0x8c,0x24,0x58,0x11,0x00,0x00,0x48,0x8b,0x84,0x24,0x58,0x11,0x00,0x00,0x48,
0x8b,0x8c,0x24,0x48,0x11,0x00,0x00,0xff,0x10,0x48,0x8d,0x84,0x24,0x48,0x31,0x00,
0x00,0x48,0x8b,0x0d,0xc8,0x10,0x00,0x00,0x48,0x89,0x84,0x24,0x60,0x11,0x00,0x00,
0x48,0x89,0x8c,0x24,0x68,0x11,0x00,0x00,0x48,0x8b,0x84,0x24,0x68,0x11,0x00,0x00,
0x48,0x8b,0x8c,0x24,0x60,0x11,0x00,0x00,0xff,0x10,0x48,0x8d,0x84,0x24,0x48,0x31,
0x00,0x00,0x48,0x8b,0x0d,0xa7,0x10,0x00,0x00,0x48,0x89,0x84,0x24,0xd0,0x11,0x00,
0x00,0x48,0x89,0x8c,0x24,0xb0,0x11,0x00,0x00,0x48,0x8b,0x84,0x24,0xb0,0x11,0x00,
0x00,0x48,0x8b,0x8c,0x24,0xd0,0x11,0x00,0x00,0xff,0x10,0x48,0x8d,0x84,0x24,0x88,
0x31,0x00,0x00,0x48,0x8d,0x15,0x35,0x10,0x00,0x00,0x48,0x8b,0x0d,0x4f,0x10,0x00,
0x00,0x48,0x89,0x84,0x24,0xd8,0x11,0x00,0x00,0x48,0x89,0x8c,0x24,0xe8,0x11,0x00,
0x00,0x48,0x8b,0x84,0x24,0xe8,0x11,0x00,0x00,0x48,0x8b,0x8c,0x24,0xd8,0x11,0x00,
0x00,0xff,0x10,0x48,0x8d,0x84,0x24,0x70,0x31,0x00,0x00,0x48,0x8d,0x15,0x62,0x0a,
0x00,0x00,0x4c,0x8d,0x84,0x24,0x88,0x31,0x00,0x00,0x48,0x8b,0x0d,0x37,0x14,0x00,
0x00,0x48,0x89,0x84,0x24,0x50,0x12,0x00,0x00,0x48,0x89,0x8c,0x24,0x58,0x12,0x00,
0x00,0x48,0x8b,0x84,0x24,0x58,0x12,0x00,0x00,0x48,0x8b,0x8c,0x24,0x50,0x12,0x00,
0x00,0xff,0x10,0x48,0x8d,0x84,0x24,0x70,0x31,0x00,0x00,0x48,0x8d,0x94,0x24,0x48,
0x31,0x00,0x00,0x48,0x8b,0x0d,0x06,0x14,0x00,0x00,0x48,0x89,0x84,0x24,0x60,0x12,
0x00,0x00,0x48,0x89,0x8c,0x24,0x40,0x12,0x00,0x00,0x48,0x8b,0x84,0x24,0x40,0x12,
0x00,0x00,0x48,0x8b,0x8c,0x24,0x60,0x12,0x00,0x00,0xff,0x10,0x48,0x8d,0x84,0x24,
0x88,0x31,0x00,0x00,0x48,0x8b,0x0d,0xb5,0x0f,0x00,0x00,0x48,0x89,0x84,0x24,0x68,
0x12,0x00,0x00,0x48,0x89,0x8c,0x24,0x78,0x12,0x00,0x00,0x48,0x8b,0x84,0x24,0x78,
0x12,0x00,0x00,0x48,0x8b,0x8c,0x24,0x68,0x12,0x00,0x00,0xff,0x10,0x48,0x8d,0x84,
0x24,0x70,0x31,0x00,0x00,0x48,0x8b,0x0d,0xac,0x13,0x00,0x00,0x48,0x89,0x84,0x24,
0x80,0x12,0x00,0x00,0x48,0x89,0x8c,0x24,0x88,0x12,0x00,0x00,0x48,0x8b,0x84,0x24,
0x88,0x12,0x00,0x00,0x48,0x8b,0x8c,0x24,0x80,0x12,0x00,0x00,0xff,0x10,0x48,0x8b,
0x1d,0x43,0x0f,0x00,0x00,0x48,0x8d,0x84,0x24,0x70,0x31,0x00,0x00,0x48,0x8d,0x15,
0x26,0x0f,0x00,0x00,0x48,0x8b,0x0d,0x35,0x0f,0x00,0x00,0x48,0x89,0x84,0x24,0x90,
0x12,0x00,0x00,0x48,0x89,0x8c,0x24,0x48,0x12,0x00,0x00,0x48,0x8b,0x84,0x24,0x48,
0x12,0x00,0x00,0x48,0x8b,0x8c,0x24,0x90,0x12,0x00,0x00,0xff,0x10,0x48,0x8b,0x05,
0x4c,0x13,0x00,0x00,0x48,0x8d,0x8c,0x24,0x80,0x31,0x00,0x00,0x48,0x8d,0x10,0x4c,
0x8d,0x05,0xea,0x0e,0x00,0x00,0x48,0x8b,0x05,0x3b,0x13,0x00,0x00,0xff,0x10,0x48,
0x8d,0x03,0x48,0x8d,0x94,0x24,0x70,0x31,0x00,0x00,0x4c,0x8d,0x84,0x24,0x80,0x31,
0x00,0x00,0x48,0x8b,0x0d,0x27,0x13,0x00,0x00,0x48,0x89,0x84,0x24,0x38,0x12,0x00,
0x00,0x48,0x89,0x8c,0x24,0x10,0x12,0x00,0x00,0x48,0x8b,0x84,0x24,0x10,0x12,0x00,
0x00,0x48,0x8b,0x8c,0x24,0x38,0x12,0x00,0x00,0xff,0x10,0x48,0x8d,0x84,0x24,0x80,
0x31,0x00,0x00,0x48,0x8b,0x0d,0xfe,0x12,0x00,0x00,0x48,0x89,0x84,0x24,0x30,0x12,
0x00,0x00,0x48,0x89,0x8c,0x24,0xf0,0x11,0x00,0x00,0x48,0x8b,0x84,0x24,0xf0,0x11,
0x00,0x00,0x48,0x8b,0x8c,0x24,0x30,0x12,0x00,0x00,0xff,0x10,0x48,0x8d,0x84,0x24,
0x70,0x31,0x00,0x00,0x48,0x8b,0x0d,0x85,0x0e,0x00,0x00,0x48,0x89,0x84,0x24,0xf8,
0x11,0x00,0x00,0x48,0x89,0x8c,0x24,0x00,0x12,0x00,0x00,0x48,0x8b,0x84,0x24,0x00,
0x12,0x00,0x00,0x48,0x8b,0x8c,0x24,0xf8,0x11,0x00,0x00,0xff,0x10,0x4c,0x8b,0xb4,
0x24,0xe0,0x11,0x00,0x00,0x4c,0x89,0xb4,0x24,0x70,0x31,0x00,0x00,0x4c,0x8d,0x94,
0x24,0x70,0x31,0x00,0x00,0x48,0x8d,0x84,0x24,0x78,0x31,0x00,0x00,0x48,0x89,0x84,
0x24,0x08,0x12,0x00,0x00,0x48,0x8d,0x84,0x24,0x48,0x31,0x00,0x00,0x48,0x8b,0x0d,
0x7c,0x12,0x00,0x00,0x48,0x89,0x84,0x24,0x18,0x12,0x00,0x00,0x48,0x89,0x8c,0x24,
0x20,0x12,0x00,0x00,0x48,0x8b,0x84,0x24,0x20,0x12,0x00,0x00,0x4c,0x89,0xd1,0x48,
0x8b,0x94,0x24,0x18,0x12,0x00,0x00,0x48,0x89,0x8c,0x24,0x28,0x12,0x00,0x00,0xff,
0x10,0x48,0x8d,0x84,0x24,0x80,0x31,0x00,0x00,0x48,0x8b,0x0d,0x48,0x12,0x00,0x00,
0x48,0x89,0x84,0x24,0x28,0x11,0x00,0x00,0x48,0x89,0x8c,0x24,0x18,0x11,0x00,0x00,
0x48,0x8b,0x84,0x24,0x18,0x11,0x00,0x00,0x48,0x8b,0x8c,0x24,0x28,0x11,0x00,0x00,
0x48,0x8b,0x94,0x24,0x18,0x12,0x00,0x00,0xff,0x10,0x48,0x8b,0x84,0x24,0x80,0x31,
0x00,0x00,0x48,0x39,0x84,0x24,0x70,0x31,0x00,0x00,0x0f,0x84,0x83,0x04,0x00,0x00,
0x48,0x8b,0x05,0x09,0x12,0x00,0x00,0x48,0x8b,0x8c,0x24,0x08,0x12,0x00,0x00,0x48,
0x8b,0x94,0x24,0x18,0x12,0x00,0x00,0x4c,0x8b,0x84,0x24,0x28,0x12,0x00,0x00,0xff,
0x10,0x48,0x8d,0x84,0x24,0xa0,0x31,0x00,0x00,0x48,0x8d,0x15,0x4f,0x0d,0x00,0x00,
0x48,0x8b,0x0d,0x69,0x0d,0x00,0x00,0x48,0x89,0x84,0x24,0xe8,0x10,0x00,0x00,0x48,
0x89,0x8c,0x24,0x10,0x11,0x00,0x00,0x48,0x8b,0x84,0x24,0x10,0x11,0x00,0x00,0x48,
0x8b,0x8c,0x24,0xe8,0x10,0x00,0x00,0xff,0x10,0x48,0x8b,0x9c,0x24,0x78,0x31,0x00,
0x00,0x48,0x8d,0x84,0x24,0xb0,0x31,0x00,0x00,0x48,0x8b,0x0d,0x50,0x0f,0x00,0x00,
0x48,0x89,0x84,0x24,0x08,0x10,0x00,0x00,0x48,0x89,0x8c,0x24,0x10,0x10,0x00,0x00,
0x48,0x8b,0x84,0x24,0x10,0x10,0x00,0x00,0x48,0x8b,0x8c,0x24,0x08,0x10,0x00,0x00,
0xff,0x10,0x48,0x8d,0x94,0x24,0xa0,0x31,0x00,0x00,0x4c,0x8d,0x03,0x48,0x8b,0x05,
0x2c,0x0f,0x00,0x00,0x48,0x8b,0x8c,0x24,0x08,0x10,0x00,0x00,0xff,0x10,0x48,0x8d,
0x84,0x24,0x88,0x31,0x00,0x00,0x48,0x8d,0x15,0x27,0x07,0x00,0x00,0x4c,0x8d,0x84,
0x24,0xb0,0x31,0x00,0x00,0x48,0x8b,0x0d,0xfc,0x10,0x00,0x00,0x48,0x89,0x84,0x24,
0x18,0x10,0x00,0x00,0x48,0x89,0x8c,0x24,0xf8,0x0f,0x00,0x00,0x48,0x8b,0x84,0x24,
0xf8,0x0f,0x00,0x00,0x48,0x8b,0x8c,0x24,0x18,0x10,0x00,0x00,0xff,0x10,0x48,0x8d,
0x84,0x24,0xb0,0x31,0x00,0x00,0x48,0x8b,0x0d,0xb3,0x0c,0x00,0x00,0x48,0x89,0x84,
0x24,0x20,0x10,0x00,0x00,0x48,0x89,0x8c,0x24,0x30,0x10,0x00,0x00,0x48,0x8b,0x84,
0x24,0x30,0x10,0x00,0x00,0x48,0x8b,0x8c,0x24,0x20,0x10,0x00,0x00,0xff,0x10,0x48,
0x8d,0x84,0x24,0xa0,0x31,0x00,0x00,0x48,0x8b,0x0d,0x82,0x0c,0x00,0x00,0x48,0x89,
0x84,0x24,0x38,0x10,0x00,0x00,0x48,0x89,0x8c,0x24,0x40,0x10,0x00,0x00,0x48,0x8b,
0x84,0x24,0x40,0x10,0x00,0x00,0x48,0x8b,0x8c,0x24,0x38,0x10,0x00,0x00,0xff,0x10,
0x48,0x8d,0x84,0x24,0xa0,0x31,0x00,0x00,0x48,0x8b,0x0d,0x61,0x0e,0x00,0x00,0x48,
0x89,0x84,0x24,0x00,0x10,0x00,0x00,0x48,0x89,0x8c,0x24,0xf0,0x0f,0x00,0x00,0x48,
0x8b,0x84,0x24,0xf0,0x0f,0x00,0x00,0x48,0x8b,0x8c,0x24,0x00,0x10,0x00,0x00,0xff,
0x10,0x48,0x8d,0x84,0x24,0xa0,0x31,0x00,0x00,0x48,0x8d,0x94,0x24,0x88,0x31,0x00,
0x00,0x48,0x8b,0x0d,0x80,0x10,0x00,0x00,0x48,0x89,0x84,0x24,0xc8,0x0f,0x00,0x00,
0x48,0x89,0x8c,0x24,0xe8,0x0f,0x00,0x00,0x48,0x8b,0x84,0x24,0xe8,0x0f,0x00,0x00,
0x48,0x8b,0x8c,0x24,0xc8,0x0f,0x00,0x00,0xff,0x10,0x48,0x8b,0x05,0x5f,0x10,0x00,
0x00,0x48,0x8d,0x8c,0x24,0xb0,0x31,0x00,0x00,0x48,0x8d,0x94,0x24,0xa0,0x31,0x00,
0x00,0x4c,0x8d,0x00,0x48,0x8b,0x05,0x05,0x0c,0x00,0x00,0xff,0x10,0x8a,0x84,0x24,
0xb0,0x31,0x00,0x00,0x3c,0x00,0x0f,0x84,0x14,0x02,0x00,0x00,0x48,0x8d,0x84,0x24,
0xb0,0x31,0x00,0x00,0x48,0x8b,0x0d,0xc5,0x0d,0x00,0x00,0x48,0x89,0x84,0x24,0xa8,
0x0f,0x00,0x00,0x48,0x89,0x8c,0x24,0xb0,0x0f,0x00,0x00,0x48,0x8b,0x84,0x24,0xb0,
0x0f,0x00,0x00,0x48,0x8b,0x8c,0x24,0xa8,0x0f,0x00,0x00,0xff,0x10,0x48,0x8d,0x84,
0x24,0xb0,0x31,0x00,0x00,0x48,0x8d,0x94,0x24,0x88,0x31,0x00,0x00,0x48,0x8b,0x0d,
0xf4,0x0f,0x00,0x00,0x48,0x89,0x84,0x24,0xb8,0x0f,0x00,0x00,0x48,0x89,0x8c,0x24,
0x98,0x0f,0x00,0x00,0x48,0x8b,0x84,0x24,0x98,0x0f,0x00,0x00,0x48,0x8b,0x8c,0x24,
0xb8,0x0f,0x00,0x00,0xff,0x10,0x48,0x8d,0x84,0x24,0xc8,0x31,0x00,0x00,0x48,0x8d,
0x15,0x2f,0x0b,0x00,0x00,0x48,0x8b,0x0d,0x34,0x0b,0x00,0x00,0x48,0x89,0x84,0x24,
0xc0,0x0f,0x00,0x00,0x48,0x89,0x8c,0x24,0xd0,0x0f,0x00,0x00,0x48,0x8b,0x84,0x24,
0xd0,0x0f,0x00,0x00,0x48,0x8b,0x8c,0x24,0xc0,0x0f,0x00,0x00,0xff,0x10,0x48,0x8d,
0x84,0x24,0xc0,0x31,0x00,0x00,0x48,0x8d,0x94,0x24,0xb0,0x31,0x00,0x00,0x4c,0x8d,
0x84,0x24,0xc8,0x31,0x00,0x00,0x48,0x8b,0x0d,0x83,0x0f,0x00,0x00,0x48,0x89,0x84,
0x24,0xd8,0x0f,0x00,0x00,0x48,0x89,0x8c,0x24,0xe0,0x0f,0x00,0x00,0x48,0x8b,0x84,
0x24,0xe0,0x0f,0x00,0x00,0x48,0x8b,0x8c,0x24,0xd8,0x0f,0x00,0x00,0xff,0x10,0x48,
0x8d,0x84,0x24,0xc8,0x31,0x00,0x00,0x48,0x8b,0x0d,0xd2,0x0a,0x00,0x00,0x48,0x89,
0x84,0x24,0x48,0x10,0x00,0x00,0x48,0x89,0x8c,0x24,0x28,0x10,0x00,0x00,0x48,0x8b,
0x84,0x24,0x28,0x10,0x00,0x00,0x48,0x8b,0x8c,0x24,0x48,0x10,0x00,0x00,0xff,0x10,
0x48,0x8b,0x15,0x31,0x0f,0x00,0x00,0x8b,0x84,0x24,0xc0,0x31,0x00,0x00,0x3b,0x02,
0x0f,0x95,0xc0,0x3c,0x00,0x0f,0x84,0x4d,0x00,0x00,0x00,0x48,0x8d,0x84,0x24,0xb0,
0x31,0x00,0x00,0x48,0x8d,0x94,0x24,0xb0,0x31,0x00,0x00,0x4c,0x8d,0x05,0x72,0x02,
0x00,0x00,0x4c,0x8d,0x8c,0x24,0xc0,0x31,0x00,0x00,0x48,0x8b,0x0d,0xff,0x0e,0x00,
0x00,0x48,0x89,0x84,0x24,0x50,0x10,0x00,0x00,0x48,0x89,0x8c,0x24,0x60,0x10,0x00,
0x00,0x48,0x8b,0x84,0x24,0x60,0x10,0x00,0x00,0x48,0x8b,0x8c,0x24,0x50,0x10,0x00,
0x00,0xff,0x10,0xe9,0x00,0x00,0x00,0x00,0x48,0x8b,0x05,0x29,0x0a,0x00,0x00,0x48,
0x8d,0x8c,0x24,0xc4,0x31,0x00,0x00,0x48,0x8d,0x10,0x4c,0x8d,0x84,0x24,0xb0,0x31,
0x00,0x00,0x48,0x8b,0x05,0xbf,0x0e,0x00,0x00,0xff,0x10,0x8a,0x84,0x24,0xc4,0x31,
0x00,0x00,0x3c,0x00,0x0f,0x84,0x30,0x00,0x00,0x00,0x48,0x8d,0x84,0x24,0xc4,0x31,
0x00,0x00,0x48,0x8b,0x4c,0x24,0x48,0x48,0x8d,0x91,0x30,0x01,0x00,0x00,0x4c,0x8d,
0x01,0x4c,0x8d,0x8c,0x24,0xb0,0x31,0x00,0x00,0x48,0x8b,0x1d,0x90,0x0e,0x00,0x00,
0x48,0x89,0xc1,0xff,0x13,0xe9,0x00,0x00,0x00,0x00,0x48,0x8d,0x84,0x24,0xb0,0x31,
0x00,0x00,0x48,0x8b,0x0d,0xd7,0x09,0x00,0x00,0x48,0x89,0x84,0x24,0xc8,0x10,0x00,
0x00,0x48,0x89,0x8c,0x24,0xd0,0x10,0x00,0x00,0x48,0x8b,0x84,0x24,0xd0,0x10,0x00,
0x00,0x48,0x8b,0x8c,0x24,0xc8,0x10,0x00,0x00,0xff,0x10,0xe9,0x00,0x00,0x00,0x00,
0x48,0x8d,0x84,0x24,0xa0,0x31,0x00,0x00,0x48,0x8b,0x0d,0xa1,0x09,0x00,0x00,0x48,
0x89,0x84,0x24,0xd8,0x10,0x00,0x00,0x48,0x89,0x8c,0x24,0xb8,0x10,0x00,0x00,0x48,
0x8b,0x84,0x24,0xb8,0x10,0x00,0x00,0x48,0x8b,0x8c,0x24,0xd8,0x10,0x00,0x00,0xff,
0x10,0x48,0x8d,0x84,0x24,0x88,0x31,0x00,0x00,0x48,0x8b,0x0d,0x98,0x0d,0x00,0x00,
0x48,0x89,0x84,0x24,0xe0,0x10,0x00,0x00,0x48,0x89,0x8c,0x24,0xf0,0x10,0x00,0x00,
0x48,0x8b,0x84,0x24,0xf0,0x10,0x00,0x00,0x48,0x8b,0x8c,0x24,0xe0,0x10,0x00,0x00,
0xff,0x10,0x48,0x8b,0x05,0xef,0x0d,0x00,0x00,0x48,0x8b,0x8c,0x24,0x28,0x12,0x00,
0x00,0x48,0x8b,0x94,0x24,0x18,0x12,0x00,0x00,0x49,0x89,0xc8,0xff,0x10,0xe9,0x2e,
0xfb,0xff,0xff,0x48,0x8b,0x05,0x0e,0x09,0x00,0x00,0x48,0x8d,0x08,0x48,0x8b,0x05,
0xd4,0x0d,0x00,0x00,0xff,0x10,0x48,0x8b,0x05,0xfb,0x08,0x00,0x00,0x48,0x8d,0x08,
0x48,0x8b,0x05,0x41,0x0c,0x00,0x00,0xff,0x10,0x48,0x8d,0x8c,0x24,0x48,0x31,0x00,
0x00,0x48,0x8b,0x05,0x08,0x0a,0x00,0x00,0xff,0x10,0xe9,0x00,0x00,0x00,0x00,0x48,
0x81,0xc4,0xa0,0x32,0x00,0x00,0x41,0x5e,0x41,0x5d,0x41,0x5c,0x5f,0x5e,0x5d,0x5b,
0xc3,0x00,0x00,0x00,0x00,0x00,0x00,0x00,0x43,0x6c,0x69,0x65,0x6e,0x74,0x00,0x76,
0x65,0x68,0x69,0x63,0x6c,0x65,0x5f,0x65,0x64,0x69,0x74,0x6f,0x72,0x5f,0x61,0x64,
0x64,0x5f,0x63,0x6f,0x6d,0x70,0x6f,0x6e,0x65,0x6e,0x74,0x00,0x76,0x65,0x68,0x69,
0x63,0x6c,0x65,0x5f,0x65,0x64,0x69,0x74,0x6f,0x72,0x5f,0x61,0x64,0x64,0x5f,0x62,
0x75,0x69,0x6c,0x64,0x69,0x6e,0x67,0x5f,0x63,0x6f,0x6d,0x70,0x6f,0x6e,0x65,0x6e,
0x74,0x00,0x49,0x74,0x65,0x6d,0x73,0x00,0x47,0x69,0x76,0x65,0x20,0x49,0x74,0x65,
0x6d,0x00,0x23,0x23,0x69,0x74,0x65,0x6d,0x00,0x64,0x65,0x66,0x69,0x6e,0x69,0x74,
0x69,0x6f,0x6e,0x20,0x69,0x64,0x00,0x01,0xff,0xff,0xff,0xff,0x76,0x65,0x68,0x69,
0x63,0x6c,0x65,0x5f,0x65,0x64,0x69,0x74,0x6f,0x72,0x5f,0x70,0x61,0x69,0x6e,0x74,
0x00,0x43,0x6f,0x6c,0x6f,0x72,0x00,0x6b,0x65,0x79,0x63,0x61,0x72,0x64,0x00,0x4b,
0x65,0x79,0x00,0x66,0x72,0x65,0x71,0x75,0x65,0x6e,0x63,0x79,0x5f,0x63,0x61,0x72,
0x74,0x72,0x69,0x64,0x67,0x65,0x00,0x46,0x72,0x65,0x71,0x75,0x65,0x6e,0x63,0x79,
0x00,0x6a,0x6f,0x75,0x72,0x6e,0x61,0x6c,0x00,0x49,0x6e,0x64,0x65,0x78,0x00,0x47,
0x69,0x76,0x65,0x00,0x00,0x00,0x00,0x00,0x43,0x6f,0x6d,0x70,0x6f,0x6e,0x65,0x6e,
0x74,0x73,0x00,0x47,0x69,0x76,0x65,0x20,0x43,0x6f,0x6d,0x70,0x6f,0x6e,0x65,0x6e,
0x74,0x00,0x42,0x75,0x69,0x6c,0x64,0x69,0x6e,0x67,0x00,0x55,0x6e,0x6c,0x6f,0x63,
0x6b,0x73,0x00,0x47,0x72,0x61,0x6e,0x74,0x20,0x54,0x69,0x65,0x72,0x20,0x55,0x6e,
0x6c,0x6f,0x63,0x6b,0x73,0x00,0x54,0x69,0x65,0x72,0x00,0x47,0x72,0x61,0x6e,0x74,
0x00,0x44,0x69,0x65,0x00,0x02,0x00,0x00,0x00,0x00,0x00,0x00,0x00,0x00,0xf0,0x3f,
0x00,0x00,0x00,0x00,0x00,0x00,0x00,0x00,0x83,0x01,0x00,0x00,0x52,0x65,0x73,0x70,
0x61,0x77,0x6e,0x00,0x54,0x65,0x6c,0x65,0x70,0x6f,0x72,0x74,0x00,0x4c,0x6f,0x63,
0x61,0x74,0x69,0x6f,0x6e,0x00,0x53,0x70,0x61,0x77,0x6e,0x00,0x19,0x00,0x00,0x00,
0x43,0x72,0x65,0x61,0x74,0x69,0x76,0x65,0x20,0x53,0x70,0x61,0x77,0x6e,0x00,0x44,
0x75,0x6e,0x67,0x65,0x6f,0x6e,0x20,0x00,0x44,0x6f,0x63,0x6b,0x20,0x49,0x6e,0x64,
0x75,0x73,0x74,0x72,0x69,0x61,0x6c,0x00,0x00,0x00,0x00,0x00,0xf0,0xdb,0xf2,0x40,
0xcd,0xcc,0xcc,0xcc,0xcc,0xcc,0x1e,0x40,0xcd,0xcc,0xcc,0xcc,0xfc,0xe3,0xe8,0x40,
0x4c,0x61,0x72,0x67,0x65,0x20,0x49,0x73,0x6c,0x61,0x6e,0x64,0x00,0x02,0x00,0x00,
0x00,0x00,0x00,0x00,0x10,0xae,0xf4,0x40,0x00,0x00,0x00,0x00,0x00,0x00,0x6c,0x40,
0x00,0x00,0x00,0x00,0x60,0xaa,0xe5,0x40,0x53,0x6e,0x6f,0x77,0x20,0x49,0x73,0x6c,
0x61,0x6e,0x64,0x00,0x5b,0x02,0x00,0x00,0x00,0x00,0x00,0x00,0x20,0x84,0xf7,0x40,
0x00,0x00,0x00,0x00,0x00,0x80,0x61,0x40,0x00,0x00,0x00,0x00,0x00,0xe7,0xe8,0x40,
0x44,0x65,0x62,0x75,0x67,0x20,0x52,0x65,0x6e,0x64,0x65,0x72,0x00,0x50,0x68,0x79,
0x73,0x69,0x63,0x73,0x00,0x57,0x69,0x72,0x65,0x66,0x72,0x61,0x6d,0x65,0x00,0x49,
0x74,0x65,0x6d,0x20,0x4e,0x61,0x6d,0x65,0x73,0x00,0x45,0x6e,0x76,0x69,0x72,0x6f,
0x6e,0x6d,0x65,0x6e,0x74,0x00,0x44,0x75,0x6e,0x67,0x65,0x6f,0x6e,0x73,0x00,0x56,
0x65,0x67,0x65,0x74,0x61,0x74,0x69,0x6f,0x6e,0x00,0x50,0x61,0x72,0x74,0x69,0x63,
0x6c,0x65,0x20,0x45,0x66,0x66,0x65,0x63,0x74,0x73,0x00,0x56,0x65,0x68,0x69,0x63,
0x6c,0x65,0x73,0x00,0x50,0x68,0x79,0x73,0x69,0x63,0x73,0x20,0x53,0x6e,0x61,0x70,
0x73,0x68,0x6f,0x74,0x00,0x41,0x63,0x74,0x6f,0x72,0x73,0x00,0x52,0x6f,0x70,0x65,
0x73,0x00,0x4c,0x69,0x67,0x68,0x74,0x73,0x00,0x49,0x44,0x73,0x00,0x55,0x49,0x00,
0x52,0x65,0x70,0x6c,0x69,0x63,0x61,0x74,0x69,0x6f,0x6e,0x20,0x53,0x74,0x72,0x65,
0x61,0x6d,0x00,0x50,0x72,0x6f,0x6a,0x65,0x63,0x74,0x69,0x6c,0x65,0x73,0x00,0x47,
0x72,0x61,0x70,0x68,0x69,0x63,0x73,0x00,0x4c,0x6f,0x63,0x6b,0x20,0x43,0x75,0x6c,
0x6c,0x69,0x6e,0x67,0x20,0x46,0x72,0x75,0x73,0x74,0x75,0x6d,0x73,0x00,0x56,0x69,
0x73,0x75,0x61,0x6c,0x69,0x73,0x65,0x72,0x73,0x20,0x28,0x46,0x37,0x29,0x00,0x4f,
0x70,0x61,0x63,0x69,0x74,0x79,0x00,0x00,0x13,0x00,0x00,0x00,0x47,0x62,0x75,0x66,
0x66,0x65,0x72,0x20,0x43,0x6f,0x6c,0x6f,0x72,0x00,0xf6,0x8a,0x01,0x00,0x00,0x00,
0x47,0x62,0x75,0x66,0x66,0x65,0x72,0x20,0x4e,0x6f,0x72,0x6d,0x61,0x6c,0x00,0x00,
0x02,0x00,0x00,0x00,0x47,0x62,0x75,0x66,0x66,0x65,0x72,0x20,0x44,0x65,0x70,0x74,
0x68,0x00,0xf6,0x8a,0x03,0x00,0x00,0x00,0x53,0x53,0x41,0x4f,0x00,0x02,0x00,0x00,
0x04,0x00,0x00,0x00,0x4c,0x69,0x67,0x68,0x74,0x73,0x2f,0x54,0x69,0x6c,0x65,0x00,
0x05,0x00,0x00,0x00,0x4c,0x69,0x67,0x68,0x74,0x73,0x2f,0x46,0x72,0x61,0x67,0x6d,
0x65,0x6e,0x74,0x00,0x06,0x00,0x00,0x00,0x4c,0x69,0x67,0x68,0x74,0x20,0x43,0x6f,
0x6e,0x74,0x72,0x69,0x62,0x73,0x2f,0x46,0x72,0x61,0x67,0x6d,0x65,0x6e,0x74,0x00,
0x07,0x00,0x00,0x00,0x43,0x6c,0x75,0x73,0x74,0x65,0x72,0x20,0x44,0x65,0x70,0x74,
0x68,0x73,0x00,0x8a,0x08,0x00,0x00,0x00,0x53,0x68,0x61,0x64,0x6f,0x77,0x20,0x44,
0x65,0x70,0x74,0x68,0x00,0x02,0x00,0x00,0x09,0x00,0x00,0x00,0x53,0x68,0x61,0x64,
0x6f,0x77,0x20,0x43,0x61,0x73,0x63,0x61,0x64,0x65,0x73,0x00,0x0a,0x00,0x00,0x00,
0x53,0x68,0x61,0x64,0x6f,0x77,0x20,0x54,0x65,0x78,0x65,0x6c,0x20,0x44,0x65,0x6e,
0x73,0x69,0x74,0x79,0x00,0x02,0x00,0x00,0x0b,0x00,0x00,0x00,0x54,0x65,0x72,0x72,
0x61,0x69,0x6e,0x20,0x48,0x65,0x69,0x67,0x68,0x74,0x6d,0x61,0x70,0x00,0x00,0x00,
0x0c,0x00,0x00,0x00,0x54,0x65,0x72,0x72,0x61,0x69,0x6e,0x20,0x48,0x6f,0x72,0x69,
0x7a,0x6f,0x6e,0x20,0x4d,0x61,0x70,0x00,0x0d,0x00,0x00,0x00,0x52,0x61,0x69,0x6e,
0x20,0x44,0x65,0x70,0x74,0x68,0x00,0x00,0x0e,0x00,0x00,0x00,0x57,0x65,0x61,0x74,
0x68,0x65,0x72,0x20,0x43,0x6c,0x6f,0x75,0x64,0x00,0xf6,0x8a,0x0f,0x00,0x00,0x00,
0x57,0x65,0x61,0x74,0x68,0x65,0x72,0x20,0x52,0x61,0x69,0x6e,0x00,0x02,0x00,0x00,
0x10,0x00,0x00,0x00,0x57,0x65,0x61,0x74,0x68,0x65,0x72,0x20,0x46,0x6f,0x67,0x00,
0x11,0x00,0x00,0x00,0x57,0x65,0x61,0x74,0x68,0x65,0x72,0x20,0x54,0x65,0x6d,0x70,
0x00,0xc9,0xf6,0x8a,0x12,0x00,0x00,0x00,0x57,0x65,0x61,0x74,0x68,0x65,0x72,0x20,
0x57,0x69,0x6e,0x64,0x00,0x47,0x72,0x61,0x70,0x68,0x69,0x63,0x73,0x20,0x56,0x69,
0x73,0x75,0x61,0x6c,0x69,0x73,0x65,0x72,0x00,0x43,0x61,0x6d,0x65,0x72,0x61,0x20,
0x53,0x68,0x61,0x6b,0x65,0x00,0x44,0x65,0x63,0x61,0x79,0x00,0x5b,0x02,0x00,0x00,
0x9a,0x99,0x99,0x99,0x99,0x99,0xb9,0x3f,0x00,0x00,0x00,0x00,0x00,0x00,0x14,0x40,
0x50,0x6f,0x77,0x65,0x72,0x00,0x00,0x00,0x00,0x00,0x00,0x00,0x00,0x00,0x24,0x40,
0x4e,0x6f,0x69,0x73,0x65,0x20,0x4f,0x63,0x74,0x61,0x76,0x65,0x73,0x00,0x4e,0x6f,
0x69,0x73,0x65,0x20,0x50,0x65,0x72,0x73,0x69,0x73,0x74,0x65,0x6e,0x63,0x65,0x00,
0x59,0x61,0x77,0x20,0x73,0x63,0x61,0x6c,0x65,0x00,0x50,0x69,0x74,0x63,0x68,0x20,
0x73,0x63,0x61,0x6c,0x65,0x00,0x52,0x6f,0x6c,0x6c,0x20,0x73,0x63,0x61,0x6c,0x65,
0x00,0x54,0x72,0x61,0x75,0x6d,0x61,0x00,0x54,0x72,0x61,0x75,0x6d,0x61,0x20,0x2b,
0x30,0x2e,0x32,0x35,0x00,0x02,0x00,0x00,0x00,0x00,0x00,0x00,0x00,0x00,0xd0,0x3f,
0x54,0x72,0x61,0x75,0x6d,0x61,0x20,0x2b,0x30,0x2e,0x35,0x30,0x00,0x02,0x00,0x00,
0x00,0x00,0x00,0x00,0x00,0x00,0xe0,0x3f,0x54,0x72,0x61,0x75,0x6d,0x61,0x20,0x2b,
0x30,0x2e,0x37,0x35,0x00,0x02,0x00,0x00,0x00,0x00,0x00,0x00,0x00,0x00,0xe8,0x3f,
0x54,0x72,0x61,0x75,0x6d,0x61,0x20,0x2b,0x31,0x2e,0x30,0x30,0x00,0x44,0x61,0x6d,
0x61,0x67,0x65,0x20,0x56,0x69,0x67,0x6e,0x65,0x74,0x74,0x65,0x00,0x44,0x61,0x6d,
0x61,0x67,0x65,0x20,0x2b,0x30,0x2e,0x32,0x35,0x00,0x44,0x61,0x6d,0x61,0x67,0x65,
0x20,0x2b,0x30,0x2e,0x35,0x30,0x00,0x44,0x61,0x6d,0x61,0x67,0x65,0x20,0x2b,0x30,
0x2e,0x37,0x35,0x00,0x44,0x61,0x6d,0x61,0x67,0x65,0x20,0x2b,0x31,0x2e,0x30,0x30,
0x00,0x52,0x65,0x62,0x75,0x69,0x6c,0x64,0x20,0x47,0x65,0x6f,0x6d,0x65,0x74,0x72,
0x79,0x00,0x52,0x65,0x62,0x75,0x69,0x6c,0x64,0x20,0x4f,0x63,0x74,0x72,0x65,0x65,
0x00,0x50,0x6c,0x61,0x79,0x65,0x72,0x20,0x28,0x46,0x69,0x72,0x73,0x74,0x20,0x50,
0x65,0x72,0x73,0x6f,0x6e,0x29,0x00,0x50,0x6c,0x61,0x79,0x65,0x72,0x20,0x28,0x54,
0x68,0x69,0x72,0x64,0x20,0x50,0x65,0x72,0x73,0x6f,0x6e,0x29,0x00,0x44,0x65,0x62,
0x75,0x67,0x00,0x53,0x68,0x6f,0x77,0x20,0x44,0x65,0x62,0x75,0x67,0x20,0x49,0x6e,
0x70,0x75,0x74,0x20,0x4d,0x65,0x6e,0x75,0x00,0x53,0x69,0x6d,0x75,0x6c,0x61,0x74,
0x69,0x6f,0x6e,0x00,0x50,0x61,0x75,0x73,0x65,0x20,0x50,0x68,0x79,0x73,0x69,0x63,
0x73,0x00,0x53,0x74,0x65,0x70,0x20,0x50,0x68,0x79,0x73,0x69,0x63,0x73,0x00,0x44,
0x65,0x76,0x65,0x6c,0x6f,0x70,0x65,0x72,0x00,0x44,0x69,0x73,0x61,0x62,0x6c,0x65,
0x20,0x55,0x49,0x00,0x48,0x69,0x64,0x65,0x20,0x53,0x74,0x61,0x74,0x73,0x00,0x44,
0x65,0x74,0x61,0x63,0x68,0x20,0x63,0x61,0x6d,0x65,0x72,0x61,0x00,0x52,0x65,0x6c,
0x61,0x74,0x69,0x76,0x65,0x20,0x74,0x6f,0x20,0x70,0x6c,0x61,0x79,0x65,0x72,0x00,
0x45,0x6e,0x61,0x62,0x6c,0x65,0x20,0x70,0x6c,0x61,0x79,0x65,0x72,0x20,0x63,0x6f,
0x6e,0x74,0x72,0x6f,0x6c,0x73,0x00,0x54,0x65,0x6c,0x65,0x70,0x6f,0x72,0x74,0x20,
0x74,0x6f,0x20,0x63,0x61,0x6d,0x65,0x72,0x61,0x00,0x4f,0x72,0x69,0x65,0x6e,0x74,
0x61,0x74,0x69,0x6f,0x6e,0x20,0x53,0x6d,0x6f,0x6f,0x74,0x68,0x69,0x6e,0x67,0x00,
0x4f,0x72,0x69,0x65,0x6e,0x74,0x61,0x74,0x69,0x6f,0x6e,0x20,0x53,0x6d,0x6f,0x6f,
0x74,0x68,0x69,0x6e,0x67,0x20,0x46,0x61,0x63,0x74,0x6f,0x72,0x00,0x02,0x00,0x00,
0x00,0x00,0x00,0x00,0x00,0x00,0x59,0x40,0x46,0x4f,0x56,0x20,0x4f,0x76,0x65,0x72,
0x72,0x69,0x64,0x65,0x00,0x46,0x4f,0x56,0x00,0x53,0x6d,0x6f,0x6f,0x74,0x68,0x20,
0x4d,0x6f,0x75,0x73,0x65,0x20,0x49,0x6e,0x70,0x75,0x74,0x00,0x5b,0x02,0x00,0x00,
0x00,0x00,0x00,0x00,0x00,0x00,0x44,0x40,0x48,0x61,0x6e,0x64,0x68,0x65,0x6c,0x64,
0x20,0x4d,0x6f,0x74,0x69,0x6f,0x6e,0x00,0x48,0x61,0x6e,0x64,0x68,0x65,0x6c,0x64,
0x20,0x49,0x6e,0x74,0x65,0x6e,0x73,0x69,0x74,0x79,0x00,0x46,0x72,0x65,0x65,0x20,
0x4d,0x6f,0x76,0x65,0x00,0x46,0x72,0x65,0x65,0x20,0x4d,0x6f,0x76,0x65,0x20,0x53,
0x70,0x65,0x65,0x64,0x00,0x02,0x00,0x00,0x00,0x00,0x00,0x00,0x00,0x00,0x30,0x40,
0x46,0x69,0x72,0x73,0x74,0x20,0x50,0x65,0x72,0x73,0x6f,0x6e,0x20,0x56,0x69,0x65,
0x77,0x00,0x44,0x69,0x73,0x74,0x61,0x6e,0x63,0x65,0x00,0x4f,0x76,0x65,0x72,0x72,
0x69,0x64,0x65,0x20,0x52,0x61,0x67,0x64,0x6f,0x6c,0x6c,0x73,0x00,0x52,0x65,0x6e,
0x64,0x65,0x72,0x20,0x46,0x69,0x72,0x73,0x74,0x20,0x50,0x65,0x72,0x73,0x6f,0x6e,
0x20,0x48,0x65,0x61,0x64,0x00,0x49,0x6e,0x73,0x74,0x61,0x6e,0x74,0x20,0x49,0x74,
0x65,0x6d,0x20,0x41,0x63,0x74,0x69,0x6f,0x6e,0x73,0x00,0x45,0x6e,0x61,0x62,0x6c,
0x65,0x20,0x44,0x75,0x70,0x6c,0x69,0x63,0x61,0x74,0x65,0x20,0x54,0x6f,0x6f,0x6c,
0x00,0x45,0x6e,0x61,0x62,0x6c,0x65,0x20,0x49,0x6e,0x76,0x75,0x6c,0x6e,0x65,0x72,
0x61,0x62,0x69,0x6c,0x69,0x74,0x79,0x00,0x45,0x6e,0x61,0x62,0x6c,0x65,0x20,0x49,
0x6e,0x76,0x69,0x73,0x69,0x62,0x69,0x6c,0x69,0x74,0x79,0x00,0x4c,0x61,0x74,0x69,
0x74,0x75,0x64,0x65,0x00,0x02,0x00,0x00,0x00,0x00,0x00,0x00,0x00,0x00,0xf0,0xbf,
0x4c,0x6f,0x6e,0x67,0x69,0x74,0x75,0x64,0x65,0x00,0x4f,0x63,0x65,0x61,0x6e,0x20,
0x4d,0x61,0x67,0x6e,0x69,0x74,0x75,0x64,0x65,0x00,0x57,0x65,0x61,0x74,0x68,0x65,
0x72,0x00,0x50,0x61,0x75,0x73,0x65,0x20,0x43,0x6c,0x6f,0x75,0x64,0x73,0x00,0x52,
0x61,0x69,0x6e,0x20,0x46,0x61,0x63,0x74,0x6f,0x72,0x00,0x54,0x65,0x6d,0x70,0x65,
0x72,0x61,0x74,0x75,0x72,0x65,0x20,0x46,0x61,0x63,0x74,0x6f,0x72,0x00,0x57,0x69,
0x6e,0x64,0x20,0x58,0x00,0x02,0x00,0x00,0x00,0x00,0x00,0x00,0x00,0x00,0x54,0xc0,
0x00,0x00,0x00,0x00,0x00,0x00,0x54,0x40,0x57,0x69,0x6e,0x64,0x20,0x59,0x00,0x57,
0x65,0x61,0x74,0x68,0x65,0x72,0x20,0x4f,0x66,0x66,0x73,0x65,0x74,0x20,0x58,0x00,
0x57,0x65,0x61,0x74,0x68,0x65,0x72,0x20,0x4f,0x66,0x66,0x73,0x65,0x74,0x20,0x59,
0x00,0x43,0x6c,0x69,0x70,0x62,0x6f,0x61,0x72,0x64,0x00,0x65,0x6d,0x70,0x74,0x79,
0x00,0x20,0x76,0x65,0x68,0x69,0x63,0x6c,0x65,0x28,0x73,0x29,0x00,0x53,0x61,0x76,
0x65,0x00,0x46,0x69,0x6c,0x65,0x20,0x6e,0x61,0x6d,0x65,0x00,0x53,0x61,0x76,0x65,
0x20,0x42,0x75,0x69,0x6c,0x64,0x69,0x6e,0x67,0x00,0x4c,0x6f,0x61,0x64,0x00,0x63,
0x72,0x65,0x61,0x74,0x69,0x6f,0x6e,0x73,0x2f,0x00,0x66,0x69,0x6c,0x65,0x73,0x00,
0xe0,0x01,0x00,0x00,0x2e,0x00,0x00,0x00,
};
static const unsigned char INV_GIVE_EVENT[]={
0x53,0x55,0x56,0x57,0x48,0x81,0xec,0x98,0x00,0x00,0x00,0x48,0x8b,0x9c,0x24,0xe0,
0x00,0x00,0x00,0x48,0x89,0x4c,0x24,0x30,0x48,0x89,0x54,0x24,0x38,0x4c,0x89,0x44,
0x24,0x40,0x4c,0x89,0x4c,0x24,0x48,0x48,0x89,0x5c,0x24,0x50,0x48,0x8b,0x05,0xd5,
0x00,0x00,0x00,0x48,0x8b,0x00,0x48,0x8d,0x6c,0x24,0x58,0x48,0x8b,0x35,0xce,0x00,
0x00,0x00,0xbf,0x30,0x00,0x00,0x00,0x48,0x89,0x4c,0x24,0x68,0x48,0x89,0x54,0x24,
0x70,0x4c,0x89,0x44,0x24,0x78,0x48,0x89,0xe9,0x89,0xfa,0x49,0x89,0xc0,0x4c,0x89,
0x8c,0x24,0x80,0x00,0x00,0x00,0xff,0x16,0x48,0x8b,0x44,0x24,0x60,0x48,0x8d,0x00,
0x48,0x8b,0x54,0x24,0x70,0x48,0x8d,0x12,0x4c,0x8b,0x44,0x24,0x78,0x4d,0x8d,0x00,
0x4c,0x8b,0x8c,0x24,0x80,0x00,0x00,0x00,0x4d,0x8d,0x09,0x48,0x8d,0x0b,0x48,0x8b,
0x1d,0x83,0x00,0x00,0x00,0x48,0x89,0x4c,0x24,0x20,0x48,0x89,0xc1,0xff,0x13,0x48,
0x8b,0x4c,0x24,0x68,0x48,0x8d,0x01,0x48,0x8d,0x54,0x24,0x58,0x48,0x8b,0x09,0x48,
0x8b,0x89,0x80,0x00,0x00,0x00,0x48,0x8b,0x1d,0x63,0x00,0x00,0x00,0x48,0x01,0xd9,
0x48,0x8b,0x09,0x48,0x8b,0x09,0x48,0x89,0x84,0x24,0x88,0x00,0x00,0x00,0x48,0x89,
0x8c,0x24,0x90,0x00,0x00,0x00,0x48,0x8b,0x84,0x24,0x90,0x00,0x00,0x00,0x48,0x8b,
0x8c,0x24,0x88,0x00,0x00,0x00,0xff,0xd0,0x48,0x8d,0x4c,0x24,0x58,0x48,0x8b,0x05,
0x34,0x00,0x00,0x00,0xff,0x10,0x48,0x81,0xc4,0x98,0x00,0x00,0x00,0x5f,0x5e,0x5d,
0x5b,0xc3,0x00,0x00,0x00,0x00,0x00,0x00,
};
static const unsigned char INV_LOOKUP[]={
0x53,0x48,0x81,0xec,0xa0,0x00,0x00,0x00,0x48,0x89,0x4c,0x24,0x48,0x48,0x89,0x54,
0x24,0x50,0x4c,0x89,0x44,0x24,0x58,0x48,0x8b,0x44,0x24,0x28,0x48,0x89,0x44,0x24,
0x60,0x4c,0x8d,0x4c,0x24,0x60,0x48,0x8d,0x44,0x24,0x68,0x48,0x89,0x84,0x24,0x90,
0x00,0x00,0x00,0x48,0x8d,0x02,0x48,0x8b,0x15,0x1b,0x01,0x00,0x00,0x48,0x89,0x84,
0x24,0x88,0x00,0x00,0x00,0x48,0x89,0x8c,0x24,0x80,0x00,0x00,0x00,0x48,0x89,0x54,
0x24,0x40,0x48,0x8b,0x44,0x24,0x40,0x4c,0x89,0xc9,0x48,0x8b,0x94,0x24,0x88,0x00,
0x00,0x00,0x48,0x89,0x4c,0x24,0x20,0x4c,0x89,0x44,0x24,0x38,0xff,0x10,0x48,0x8d,
0x44,0x24,0x70,0x48,0x8b,0x0d,0xe6,0x00,0x00,0x00,0x48,0x89,0x44,0x24,0x30,0x48,
0x89,0x8c,0x24,0x98,0x00,0x00,0x00,0x48,0x8b,0x84,0x24,0x98,0x00,0x00,0x00,0x48,
0x8b,0x4c,0x24,0x30,0x48,0x8b,0x94,0x24,0x88,0x00,0x00,0x00,0xff,0x10,0x48,0x8b,
0x44,0x24,0x70,0x48,0x39,0x44,0x24,0x60,0x0f,0x84,0x89,0x00,0x00,0x00,0x48,0x8b,
0x05,0xb3,0x00,0x00,0x00,0x48,0x8b,0x8c,0x24,0x90,0x00,0x00,0x00,0x48,0x8b,0x94,
0x24,0x88,0x00,0x00,0x00,0x4c,0x8b,0x44,0x24,0x20,0xff,0x10,0x48,0x8b,0x44,0x24,
0x68,0x48,0x8b,0x40,0x08,0x48,0x8d,0x4c,0x24,0x78,0x48,0x8d,0x10,0x4c,0x8b,0x44,
0x24,0x38,0x49,0x8d,0x00,0x48,0x8b,0x1d,0x84,0x00,0x00,0x00,0x49,0x89,0xc0,0xff,
0x13,0x8a,0x44,0x24,0x78,0x3c,0x00,0x0f,0x84,0x1c,0x00,0x00,0x00,0x48,0x8b,0x44,
0x24,0x68,0x48,0x8b,0x40,0x08,0x48,0x8d,0x00,0x48,0x8b,0x8c,0x24,0x80,0x00,0x00,
0x00,0x48,0x89,0x01,0xe9,0x32,0x00,0x00,0x00,0x48,0x8b,0x05,0x58,0x00,0x00,0x00,
0x48,0x8b,0x4c,0x24,0x20,0x48,0x8b,0x94,0x24,0x88,0x00,0x00,0x00,0x49,0x89,0xc8,
0xff,0x10,0xe9,0x37,0xff,0xff,0xff,0x48,0x8b,0x8c,0x24,0x80,0x00,0x00,0x00,0x48,
0xc7,0x01,0x00,0x00,0x00,0x00,0xe9,0x00,0x00,0x00,0x00,0x48,0x81,0xc4,0xa0,0x00,
0x00,0x00,0x5b,0xc3,0x00,0x00,0x00,0x00,
};
static const unsigned char INV_SCREEN_LAYOUT[]={
0x53,0x55,0x56,0x48,0x81,0xec,0x20,0x01,0x00,0x00,0x48,0x89,0xd3,0x48,0x89,0x8c,
0x24,0xa0,0x00,0x00,0x00,0x48,0x89,0x9c,0x24,0xa8,0x00,0x00,0x00,0x48,0x8d,0x84,
0x24,0xb0,0x00,0x00,0x00,0x48,0x8b,0x15,0x74,0x07,0x00,0x00,0x48,0x89,0x4c,0x24,
0x28,0x48,0x89,0xc1,0xff,0x12,0x48,0x8d,0x84,0x24,0xb0,0x00,0x00,0x00,0x48,0x8d,
0x93,0x90,0x00,0x00,0x00,0x4c,0x8d,0x05,0x34,0x07,0x00,0x00,0x48,0x8b,0x0d,0x55,
0x07,0x00,0x00,0x48,0x89,0x84,0x24,0x88,0x00,0x00,0x00,0x48,0x89,0x8c,0x24,0x90,
0x00,0x00,0x00,0x48,0x8b,0x84,0x24,0x90,0x00,0x00,0x00,0x48,0x8b,0x8c,0x24,0x88,
0x00,0x00,0x00,0xff,0x10,0x48,0x8b,0x4c,0x24,0x28,0x8b,0x41,0x1c,0x89,0x41,0x2c,
0x8b,0x41,0x20,0x89,0x41,0x30,0x48,0x8b,0x15,0x23,0x07,0x00,0x00,0x8b,0x41,0x1c,
0x3b,0x02,0x0f,0x94,0x84,0x24,0xc0,0x00,0x00,0x00,0x48,0x8b,0x15,0x0f,0x07,0x00,
0x00,0x8b,0x41,0x20,0x3b,0x02,0x0f,0x94,0x84,0x24,0xc1,0x00,0x00,0x00,0x8a,0x84,
0x24,0xc0,0x00,0x00,0x00,0x3c,0x00,0x0f,0x84,0x11,0x00,0x00,0x00,0x48,0x8b,0x05,
0xf4,0x06,0x00,0x00,0x8b,0x00,0x89,0x41,0x2c,0xe9,0x00,0x00,0x00,0x00,0x8a,0x84,
0x24,0xc1,0x00,0x00,0x00,0x3c,0x00,0x0f,0x84,0x11,0x00,0x00,0x00,0x48,0x8b,0x05,
0xdc,0x06,0x00,0x00,0x8b,0x00,0x89,0x41,0x30,0xe9,0x00,0x00,0x00,0x00,0xf2,0x0f,
0x2a,0x41,0x2c,0xf2,0x0f,0x2a,0x49,0x30,0x48,0x8d,0x84,0x24,0xc8,0x00,0x00,0x00,
0xf2,0x0f,0x11,0x84,0x24,0xd8,0x00,0x00,0x00,0x48,0x8d,0x94,0x24,0xd8,0x00,0x00,
0x00,0xf2,0x0f,0x11,0x8c,0x24,0xe0,0x00,0x00,0x00,0x4c,0x8d,0x84,0x24,0xe0,0x00,
0x00,0x00,0x48,0x8b,0x2d,0x9f,0x06,0x00,0x00,0x48,0x89,0xc1,0xff,0x55,0x00,0x48,
0x8b,0x05,0x9a,0x06,0x00,0x00,0x48,0x8b,0x4c,0x24,0x28,0x48,0x8d,0x91,0x88,0x00,
0x00,0x00,0x48,0x8d,0xac,0x24,0xc8,0x00,0x00,0x00,0x4c,0x8d,0x00,0x48,0x8b,0x05,
0x54,0x06,0x00,0x00,0x48,0x89,0x54,0x24,0x78,0x48,0x8b,0x4c,0x24,0x78,0x48,0x89,
0xea,0xff,0x10,0x48,0x8d,0x84,0x24,0xc8,0x00,0x00,0x00,0x48,0x8b,0x0d,0x66,0x06,
0x00,0x00,0x48,0x89,0x84,0x24,0x98,0x00,0x00,0x00,0x48,0x89,0x8c,0x24,0xf8,0x00,
0x00,0x00,0x48,0x8b,0x84,0x24,0xf8,0x00,0x00,0x00,0x48,0x8b,0x8c,0x24,0x98,0x00,
0x00,0x00,0xff,0x10,0x48,0x8b,0x4c,0x24,0x28,0x8b,0x81,0xa4,0x00,0x00,0x00,0x3b,
0x05,0xdb,0x05,0x00,0x00,0x0f,0x94,0xc0,0x3c,0x00,0x0f,0x84,0x13,0x00,0x00,0x00,
0xf2,0x0f,0x10,0x84,0x24,0xb0,0x00,0x00,0x00,0xf2,0x0f,0x11,0x41,0x78,0xe9,0x84,
0x00,0x00,0x00,0x8b,0x81,0xa4,0x00,0x00,0x00,0x3b,0x05,0xb9,0x05,0x00,0x00,0x0f,
0x94,0xc0,0x3c,0x00,0x0f,0x84,0x33,0x00,0x00,0x00,0xf2,0x0f,0x10,0x83,0x90,0x00,
0x00,0x00,0xf2,0x0f,0x5c,0x81,0x88,0x00,0x00,0x00,0xf2,0x0f,0x10,0xc8,0xf2,0x0f,
0x59,0x0d,0x9a,0x05,0x00,0x00,0xf2,0x0f,0x10,0x84,0x24,0xb0,0x00,0x00,0x00,0xf2,
0x0f,0x58,0xc1,0xf2,0x0f,0x11,0x41,0x78,0xe9,0x3a,0x00,0x00,0x00,0x8b,0x81,0xa4,
0x00,0x00,0x00,0x3b,0x05,0x7f,0x05,0x00,0x00,0x0f,0x94,0xc0,0x3c,0x00,0x0f,0x84,
0x23,0x00,0x00,0x00,0xf2,0x0f,0x10,0x84,0x24,0xb0,0x00,0x00,0x00,0xf2,0x0f,0x58,
0x83,0x90,0x00,0x00,0x00,0xf2,0x0f,0x5c,0x81,0x88,0x00,0x00,0x00,0xf2,0x0f,0x11,
0x41,0x78,0xe9,0x00,0x00,0x00,0x00,0x8b,0x81,0xa8,0x00,0x00,0x00,0x3b,0x05,0x2d,
0x05,0x00,0x00,0x0f,0x94,0xc0,0x3c,0x00,0x0f,0x84,0x26,0x00,0x00,0x00,0xf2,0x0f,
0x10,0x84,0x24,0xb8,0x00,0x00,0x00,0xf2,0x0f,0x58,0x83,0x98,0x00,0x00,0x00,0xf2,
0x0f,0x5c,0x81,0x90,0x00,0x00,0x00,0xf2,0x0f,0x11,0x81,0x80,0x00,0x00,0x00,0xe9,
0x7a,0x00,0x00,0x00,0x8b,0x81,0xa8,0x00,0x00,0x00,0x3b,0x05,0xf8,0x04,0x00,0x00,
0x0f,0x94,0xc0,0x3c,0x00,0x0f,0x84,0x36,0x00,0x00,0x00,0xf2,0x0f,0x10,0x83,0x98,
0x00,0x00,0x00,0xf2,0x0f,0x5c,0x81,0x90,0x00,0x00,0x00,0xf2,0x0f,0x10,0xc8,0xf2,
0x0f,0x59,0x0d,0xd9,0x04,0x00,0x00,0xf2,0x0f,0x10,0x84,0x24,0xb8,0x00,0x00,0x00,
0xf2,0x0f,0x58,0xc1,0xf2,0x0f,0x11,0x81,0x80,0x00,0x00,0x00,0xe9,0x2d,0x00,0x00,
0x00,0x8b,0x81,0xa8,0x00,0x00,0x00,0x3b,0x05,0xbb,0x04,0x00,0x00,0x0f,0x94,0xc0,
0x3c,0x00,0x0f,0x84,0x16,0x00,0x00,0x00,0xf2,0x0f,0x10,0x84,0x24,0xb8,0x00,0x00,
0x00,0xf2,0x0f,0x11,0x81,0x80,0x00,0x00,0x00,0xe9,0x00,0x00,0x00,0x00,0x48,0x8d,
0x83,0xa8,0x00,0x00,0x00,0x48,0x8d,0x51,0x78,0x48,0x8b,0x2d,0xd0,0x04,0x00,0x00,
0x48,0x89,0xc1,0xff,0x55,0x00,0x48,0x8d,0x84,0x24,0xc4,0x00,0x00,0x00,0x48,0x8b,
0x0d,0xc3,0x04,0x00,0x00,0x48,0x89,0x84,0x24,0x00,0x01,0x00,0x00,0x48,0x89,0x8c,
0x24,0x08,0x01,0x00,0x00,0x48,0x8b,0x84,0x24,0x08,0x01,0x00,0x00,0x48,0x8b,0x8c,
0x24,0x00,0x01,0x00,0x00,0xff,0x10,0x48,0x8b,0xac,0x24,0x80,0x00,0x00,0x00,0x48,
0x89,0xac,0x24,0xd0,0x00,0x00,0x00,0x4c,0x8d,0x94,0x24,0xd0,0x00,0x00,0x00,0x48,
0x8d,0x84,0x24,0xd8,0x00,0x00,0x00,0x48,0x89,0x44,0x24,0x70,0x48,0x8d,0x84,0x24,
0xe0,0x00,0x00,0x00,0x48,0x89,0x44,0x24,0x48,0x48,0x8b,0x4c,0x24,0x28,0x48,0x8d,
0x41,0x48,0x48,0x8b,0x15,0x67,0x04,0x00,0x00,0x48,0x89,0x44,0x24,0x68,0x48,0x89,
0x54,0x24,0x30,0x48,0x8b,0x44,0x24,0x30,0x4c,0x89,0xd1,0x48,0x8b,0x54,0x24,0x68,
0x48,0x89,0x4c,0x24,0x38,0xff,0x10,0x48,0x8d,0x84,0x24,0xe8,0x00,0x00,0x00,0x48,
0x8b,0x0d,0x42,0x04,0x00,0x00,0x48,0x89,0x44,0x24,0x20,0x48,0x89,0x4c,0x24,0x40,
0x48,0x8b,0x44,0x24,0x40,0x48,0x8b,0x4c,0x24,0x20,0x48,0x8b,0x54,0x24,0x68,0xff,
0x10,0x48,0x8b,0x84,0x24,0xe8,0x00,0x00,0x00,0x48,0x39,0x84,0x24,0xd0,0x00,0x00,
0x00,0x0f,0x84,0x46,0x03,0x00,0x00,0x48,0x8b,0x05,0x12,0x04,0x00,0x00,0x48,0x8b,
0x4c,0x24,0x70,0x48,0x8b,0x54,0x24,0x68,0x4c,0x8b,0x44,0x24,0x38,0xff,0x10,0x48,
0x8b,0x05,0x02,0x04,0x00,0x00,0x48,0x8b,0x4c,0x24,0x48,0x48,0x8b,0x54,0x24,0x68,
0x4c,0x8b,0x44,0x24,0x38,0xff,0x10,0x48,0x8d,0x84,0x24,0xf0,0x00,0x00,0x00,0x48,
0x8b,0x0d,0xc2,0x03,0x00,0x00,0x48,0x89,0x44,0x24,0x50,0x48,0x89,0x4c,0x24,0x58,
0x48,0x8b,0x44,0x24,0x58,0x48,0x8b,0x4c,0x24,0x50,0xff,0x10,0x48,0x8b,0x84,0x24,
0xe0,0x00,0x00,0x00,0x48,0x8b,0x40,0x08,0x48,0x8d,0x08,0x48,0x8d,0x13,0x4c,0x8d,
0x84,0x24,0xc4,0x00,0x00,0x00,0x48,0x89,0x4c,0x24,0x60,0x48,0x8b,0x4c,0x24,0x28,
0x4c,0x8d,0x49,0x2c,0x48,0x8b,0x00,0x48,0x8b,0x80,0x80,0x00,0x00,0x00,0x48,0x8b,
0x2d,0x9b,0x03,0x00,0x00,0x48,0x01,0xe8,0x48,0x8b,0x00,0x48,0x8b,0x00,0x48,0x8b,
0x4c,0x24,0x60,0xff,0xd0,0x48,0x8b,0x4c,0x24,0x28,0x8b,0x81,0x9c,0x00,0x00,0x00,
0x3b,0x05,0xea,0x02,0x00,0x00,0x0f,0x94,0xc0,0x3c,0x00,0x0f,0x84,0x05,0x00,0x00,
0x00,0xe9,0x85,0x00,0x00,0x00,0x8b,0x81,0x9c,0x00,0x00,0x00,0x3b,0x05,0xd6,0x02,
0x00,0x00,0x0f,0x94,0xc0,0x3c,0x00,0x0f,0x84,0x30,0x00,0x00,0x00,0x48,0x8b,0x84,
0x24,0xe0,0x00,0x00,0x00,0x48,0x8b,0x50,0x08,0x8b,0x41,0x2c,0x2b,0x42,0x2c,0x31,
0xd2,0x99,0xf7,0x3d,0xc0,0x02,0x00,0x00,0x8b,0x94,0x24,0xf0,0x00,0x00,0x00,0x01,
0xc2,0x89,0x94,0x24,0xf0,0x00,0x00,0x00,0xe9,0x3e,0x00,0x00,0x00,0x8b,0x81,0x9c,
0x00,0x00,0x00,0x3b,0x05,0x9f,0x02,0x00,0x00,0x0f,0x94,0xc0,0x3c,0x00,0x0f,0x84,
0x27,0x00,0x00,0x00,0x48,0x8b,0x84,0x24,0xe0,0x00,0x00,0x00,0x48,0x8b,0x40,0x08,
0x8b,0x51,0x2c,0x2b,0x50,0x2c,0x8b,0x84,0x24,0xf0,0x00,0x00,0x00,0x01,0xd0,0x89,
0x84,0x24,0xf0,0x00,0x00,0x00,0xe9,0x00,0x00,0x00,0x00,0x8b,0x81,0xa0,0x00,0x00,
0x00,0x3b,0x05,0x49,0x02,0x00,0x00,0x0f,0x94,0xc0,0x3c,0x00,0x0f,0x84,0x27,0x00,
0x00,0x00,0x48,0x8b,0x84,0x24,0xe0,0x00,0x00,0x00,0x48,0x8b,0x40,0x08,0x8b,0x51,
0x30,0x2b,0x50,0x30,0x8b,0x84,0x24,0xf4,0x00,0x00,0x00,0x01,0xd0,0x89,0x84,0x24,
0xf4,0x00,0x00,0x00,0xe9,0x63,0x00,0x00,0x00,0x8b,0x81,0xa0,0x00,0x00,0x00,0x3b,
0x05,0x13,0x02,0x00,0x00,0x0f,0x94,0xc0,0x3c,0x00,0x0f,0x84,0x30,0x00,0x00,0x00,
0x48,0x8b,0x84,0x24,0xe0,0x00,0x00,0x00,0x48,0x8b,0x50,0x08,0x8b,0x41,0x30,0x2b,
0x42,0x30,0x31,0xd2,0x99,0xf7,0x3d,0xfd,0x01,0x00,0x00,0x8b,0x94,0x24,0xf4,0x00,
0x00,0x00,0x01,0xc2,0x89,0x94,0x24,0xf4,0x00,0x00,0x00,0xe9,0x1c,0x00,0x00,0x00,
0x8b,0x81,0xa0,0x00,0x00,0x00,0x3b,0x05,0xdc,0x01,0x00,0x00,0x0f,0x94,0xc0,0x3c,
0x00,0x0f,0x84,0x05,0x00,0x00,0x00,0xe9,0x00,0x00,0x00,0x00,0x48,0x8b,0x84,0x24,
0xe0,0x00,0x00,0x00,0x48,0x8b,0x40,0x08,0x48,0x8d,0x10,0x48,0x8d,0x2b,0x4c,0x8d,
0x84,0x24,0xf0,0x00,0x00,0x00,0x48,0x8b,0x00,0x48,0x8b,0x80,0x80,0x00,0x00,0x00,
0x48,0x8b,0x35,0x21,0x02,0x00,0x00,0x48,0x01,0xf0,0x48,0x8b,0x00,0x48,0x8b,0x00,
0x48,0x89,0x94,0x24,0x10,0x01,0x00,0x00,0x48,0x8b,0x8c,0x24,0x10,0x01,0x00,0x00,
0x48,0x89,0xea,0xff,0xd0,0x48,0x8b,0x4c,0x24,0x28,0x8b,0x81,0x98,0x00,0x00,0x00,
0x3b,0x05,0x5a,0x01,0x00,0x00,0x0f,0x94,0xc0,0x3c,0x00,0x0f,0x84,0x22,0x00,0x00,
0x00,0x48,0x8b,0x84,0x24,0xe0,0x00,0x00,0x00,0x48,0x8b,0x50,0x08,0x8b,0x84,0x24,
0xc4,0x00,0x00,0x00,0x03,0x42,0x2c,0x89,0x84,0x24,0xc4,0x00,0x00,0x00,0xe9,0xab,
0x00,0x00,0x00,0x8b,0x81,0x98,0x00,0x00,0x00,0x3b,0x05,0x29,0x01,0x00,0x00,0x0f,
0x94,0xc0,0x3c,0x00,0x0f,0x84,0x22,0x00,0x00,0x00,0x48,0x8b,0x84,0x24,0xe0,0x00,
0x00,0x00,0x48,0x8b,0x50,0x08,0x8b,0x84,0x24,0xc8,0x00,0x00,0x00,0x2b,0x42,0x30,
0x89,0x84,0x24,0xc8,0x00,0x00,0x00,0xe9,0x72,0x00,0x00,0x00,0x8b,0x81,0x98,0x00,
0x00,0x00,0x3b,0x05,0x00,0x01,0x00,0x00,0x0f,0x94,0xc0,0x3c,0x00,0x0f,0x84,0x22,
0x00,0x00,0x00,0x48,0x8b,0x84,0x24,0xe0,0x00,0x00,0x00,0x48,0x8b,0x50,0x08,0x8b,
0x84,0x24,0xc4,0x00,0x00,0x00,0x2b,0x42,0x2c,0x89,0x84,0x24,0xc4,0x00,0x00,0x00,
0xe9,0x39,0x00,0x00,0x00,0x8b,0x81,0x98,0x00,0x00,0x00,0x3b,0x05,0xcb,0x00,0x00,
0x00,0x0f,0x94,0xc0,0x3c,0x00,0x0f,0x84,0x22,0x00,0x00,0x00,0x48,0x8b,0x84,0x24,
0xe0,0x00,0x00,0x00,0x48,0x8b,0x50,0x08,0x8b,0x84,0x24,0xc8,0x00,0x00,0x00,0x03,
0x42,0x30,0x89,0x84,0x24,0xc8,0x00,0x00,0x00,0xe9,0x00,0x00,0x00,0x00,0x48,0x8d,
0x84,0x24,0xf0,0x00,0x00,0x00,0x48,0x8b,0x15,0x13,0x01,0x00,0x00,0x48,0x89,0xc1,
0xff,0x12,0x48,0x8b,0x05,0x0f,0x01,0x00,0x00,0x48,0x8b,0x4c,0x24,0x38,0x48,0x8b,
0x54,0x24,0x68,0x49,0x89,0xc8,0xff,0x10,0xe9,0x7a,0xfc,0xff,0xff,0x48,0x8d,0x8b,
0xa8,0x00,0x00,0x00,0x48,0x8b,0x05,0x9d,0x00,0x00,0x00,0xff,0x10,0x48,0x8d,0x8b,
0xa8,0x00,0x00,0x00,0x48,0x8b,0x05,0x55,0x00,0x00,0x00,0xff,0x10,0x48,0x8d,0x8c,
0x24,0xc4,0x00,0x00,0x00,0x48,0x8b,0x05,0xc4,0x00,0x00,0x00,0xff,0x10,0x48,0x8d,
0x8c,0x24,0xb0,0x00,0x00,0x00,0x48,0x8b,0x05,0x6b,0x00,0x00,0x00,0xff,0x10,0x48,
0x81,0xc4,0x20,0x01,0x00,0x00,0x5e,0x5d,0x5b,0xc3,0x00,0x00,0x00,0x00,0x00,0x00,
0x00,0x00,0x00,0x00,0x00,0x00,0xe0,0xbf,0x01,0x00,0x00,0x00,0xc4,0x00,0x00,0x00,
0x00,0x00,0x00,0x00,0x00,0x00,0xe0,0x3f,0x02,0x00,0x00,0x00,0x03,0x00,0x00,0x00,
};
static const unsigned char INV_SCREEN_RENDER[]={
0x53,0x55,0x48,0x81,0xec,0x88,0x00,0x00,0x00,0x48,0x89,0x4c,0x24,0x40,0x48,0x89,
0x54,0x24,0x48,0x48,0x8d,0x82,0xa8,0x00,0x00,0x00,0x48,0x8d,0x59,0x78,0x48,0x8b,
0x2d,0x1b,0x01,0x00,0x00,0x48,0x89,0x4c,0x24,0x28,0x48,0x89,0x54,0x24,0x70,0x48,
0x89,0xc1,0x48,0x89,0xda,0xff,0x55,0x00,0x48,0x8b,0x5c,0x24,0x68,0x48,0x89,0x5c,
0x24,0x50,0x4c,0x8d,0x44,0x24,0x50,0x48,0x8d,0x44,0x24,0x58,0x48,0x89,0x44,0x24,
0x38,0x48,0x8b,0x4c,0x24,0x28,0x48,0x8d,0x41,0x48,0x48,0x8b,0x0d,0xe7,0x00,0x00,
0x00,0x48,0x89,0x44,0x24,0x20,0x48,0x89,0x4c,0x24,0x30,0x48,0x8b,0x44,0x24,0x30,
0x4c,0x89,0xc1,0x48,0x8b,0x54,0x24,0x20,0x48,0x89,0x4c,0x24,0x78,0xff,0x10,0x48,
0x8d,0x4c,0x24,0x60,0x48,0x8b,0x05,0xc5,0x00,0x00,0x00,0x48,0x8b,0x54,0x24,0x20,
0xff,0x10,0x48,0x8b,0x44,0x24,0x60,0x48,0x39,0x44,0x24,0x50,0x0f,0x84,0x66,0x00,
0x00,0x00,0x48,0x8b,0x05,0xaf,0x00,0x00,0x00,0x48,0x8b,0x4c,0x24,0x38,0x48,0x8b,
0x54,0x24,0x20,0x4c,0x8b,0x44,0x24,0x78,0xff,0x10,0x48,0x8b,0x44,0x24,0x58,0x48,
0x8b,0x40,0x08,0x48,0x8d,0x08,0x48,0x8b,0x54,0x24,0x70,0x48,0x8d,0x1a,0x48,0x8b,
0x00,0x48,0x8b,0x80,0x80,0x00,0x00,0x00,0x48,0x8b,0x2d,0x81,0x00,0x00,0x00,0x48,
0x01,0xe8,0x48,0x8b,0x00,0x48,0x8b,0x00,0x48,0x89,0xda,0xff,0xd0,0x48,0x8b,0x05,
0x74,0x00,0x00,0x00,0x48,0x8b,0x4c,0x24,0x78,0x48,0x8b,0x54,0x24,0x20,0x49,0x89,
0xc8,0xff,0x10,0xe9,0x77,0xff,0xff,0xff,0x48,0x8b,0x54,0x24,0x70,0x48,0x8d,0x8a,
0xa8,0x00,0x00,0x00,0x48,0x8b,0x05,0x5d,0x00,0x00,0x00,0xff,0x10,0x48,0x8b,0x54,
0x24,0x70,0x48,0x8d,0x8a,0xa8,0x00,0x00,0x00,0x48,0x8b,0x05,0x50,0x00,0x00,0x00,
0xff,0x10,0x48,0x81,0xc4,0x88,0x00,0x00,0x00,0x5d,0x5b,0xc3,0x00,0x00,0x00,0x00,
};
static const unsigned char INV_SCREEN_HIT[]={
0x53,0x55,0x56,0x57,0x48,0x81,0xec,0x18,0x01,0x00,0x00,0x48,0x8b,0xbc,0x24,0x60,
0x01,0x00,0x00,0x48,0x89,0x8c,0x24,0xa8,0x00,0x00,0x00,0x48,0x89,0x94,0x24,0xb0,
0x00,0x00,0x00,0x4c,0x89,0x84,0x24,0xb8,0x00,0x00,0x00,0x4c,0x89,0x8c,0x24,0xc0,
0x00,0x00,0x00,0x48,0x89,0xbc,0x24,0xc8,0x00,0x00,0x00,0x8a,0x82,0xac,0x00,0x00,
0x00,0x3c,0x00,0x0f,0x84,0xd1,0x02,0x00,0x00,0x49,0x8d,0x81,0xa8,0x00,0x00,0x00,
0x48,0x8d,0x5a,0x78,0x48,0x8b,0x2d,0xe5,0x02,0x00,0x00,0x48,0x89,0x4c,0x24,0x38,
0x48,0x89,0x94,0x24,0x90,0x00,0x00,0x00,0x48,0x89,0xc1,0x48,0x89,0xda,0x4c,0x89,
0x8c,0x24,0x98,0x00,0x00,0x00,0xff,0x55,0x00,0x8b,0x05,0xb9,0x02,0x00,0x00,0x89,
0x84,0x24,0xd0,0x00,0x00,0x00,0x48,0x8d,0x84,0x24,0xd4,0x00,0x00,0x00,0x48,0x8b,
0x94,0x24,0x90,0x00,0x00,0x00,0x48,0x8d,0x4a,0x48,0x48,0x8b,0x1d,0xa7,0x02,0x00,
0x00,0x48,0x89,0x8c,0x24,0x80,0x00,0x00,0x00,0x48,0x89,0xc1,0x48,0x8b,0x94,0x24,
0x80,0x00,0x00,0x00,0xff,0x13,0x8b,0xb4,0x24,0xd4,0x00,0x00,0x00,0x39,0xb4,0x24,
0xd0,0x00,0x00,0x00,0x0f,0x8d,0xe8,0x01,0x00,0x00,0x48,0x8d,0x84,0x24,0xe8,0x00,
0x00,0x00,0x48,0x8b,0x94,0x24,0x90,0x00,0x00,0x00,0x48,0x8d,0x4a,0x48,0x4c,0x8d,
0x84,0x24,0xd0,0x00,0x00,0x00,0x48,0x8b,0x1d,0x63,0x02,0x00,0x00,0x48,0x89,0x8c,
0x24,0xa0,0x00,0x00,0x00,0x48,0x89,0xc1,0x48,0x8b,0x94,0x24,0xa0,0x00,0x00,0x00,
0xff,0x13,0x48,0x8b,0x84,0x24,0xe8,0x00,0x00,0x00,0x48,0x8d,0x00,0x48,0x8d,0x8c,
0x24,0xd8,0x00,0x00,0x00,0x48,0x8b,0x15,0x3c,0x02,0x00,0x00,0x48,0x89,0x84,0x24,
0xf8,0x00,0x00,0x00,0x48,0x89,0x94,0x24,0x00,0x01,0x00,0x00,0x48,0x8b,0x84,0x24,
0x00,0x01,0x00,0x00,0x48,0x8b,0x94,0x24,0xf8,0x00,0x00,0x00,0xff,0x10,0x48,0x8b,
0x84,0x24,0xe0,0x00,0x00,0x00,0x48,0xc7,0x84,0x24,0xe8,0x00,0x00,0x00,0x00,0x00,
0x00,0x00,0x48,0xc7,0x84,0x24,0xf0,0x00,0x00,0x00,0x00,0x00,0x00,0x00,0x48,0x8d,
0x8c,0x24,0xe8,0x00,0x00,0x00,0x48,0x8d,0x10,0x4c,0x8d,0x84,0x24,0xd8,0x00,0x00,
0x00,0x4c,0x8b,0x8c,0x24,0x98,0x00,0x00,0x00,0x49,0x8d,0x19,0x48,0x8d,0x2f,0x48,
0x8b,0x00,0x48,0x8b,0x80,0x80,0x00,0x00,0x00,0x4c,0x8b,0x15,0xd0,0x01,0x00,0x00,
0x4c,0x01,0xd0,0x48,0x8b,0x00,0x48,0x8b,0x00,0x48,0x89,0x6c,0x24,0x20,0x49,0x89,
0xd9,0xff,0xd0,0x48,0x83,0xbc,0x24,0xf0,0x00,0x00,0x00,0x00,0x0f,0x95,0xc0,0x3c,
0x00,0x0f,0x84,0xa4,0x00,0x00,0x00,0x4c,0x8b,0x8c,0x24,0x98,0x00,0x00,0x00,0x49,
0x8d,0x81,0xa8,0x00,0x00,0x00,0x48,0x8b,0x0d,0x9b,0x01,0x00,0x00,0x48,0x89,0x84,
0x24,0x08,0x01,0x00,0x00,0x48,0x89,0x8c,0x24,0x88,0x00,0x00,0x00,0x48,0x8b,0x84,
0x24,0x88,0x00,0x00,0x00,0x48,0x8b,0x8c,0x24,0x08,0x01,0x00,0x00,0xff,0x10,0x4c,
0x8b,0x8c,0x24,0x98,0x00,0x00,0x00,0x49,0x8d,0x81,0xa8,0x00,0x00,0x00,0x48,0x8b,
0x0d,0x6b,0x01,0x00,0x00,0x48,0x89,0x44,0x24,0x78,0x48,0x89,0x4c,0x24,0x58,0x48,
0x8b,0x44,0x24,0x58,0x48,0x8b,0x4c,0x24,0x78,0xff,0x10,0x48,0x8d,0x94,0x24,0xe8,
0x00,0x00,0x00,0x48,0x8b,0x4c,0x24,0x38,0x48,0x8d,0x09,0x48,0x8b,0x05,0x46,0x01,
0x00,0x00,0xff,0x10,0x48,0x8d,0x8c,0x24,0xe8,0x00,0x00,0x00,0x48,0x8b,0x05,0x3d,
0x01,0x00,0x00,0xff,0x10,0x48,0x8d,0x8c,0x24,0xd8,0x00,0x00,0x00,0x48,0x8b,0x05,
0x2c,0x01,0x00,0x00,0xff,0x10,0xe9,0xd0,0x00,0x00,0x00,0x48,0x8d,0x84,0x24,0xe8,
0x00,0x00,0x00,0x48,0x8b,0x0d,0x16,0x01,0x00,0x00,0x48,0x89,0x44,0x24,0x70,0x48,
0x89,0x4c,0x24,0x40,0x48,0x8b,0x44,0x24,0x40,0x48,0x8b,0x4c,0x24,0x70,0xff,0x10,
0x48,0x8d,0x84,0x24,0xd8,0x00,0x00,0x00,0x48,0x8b,0x0d,0xf1,0x00,0x00,0x00,0x48,
0x89,0x44,0x24,0x48,0x48,0x89,0x4c,0x24,0x30,0x48,0x8b,0x44,0x24,0x30,0x48,0x8b,
0x4c,0x24,0x48,0xff,0x10,0x83,0x84,0x24,0xd0,0x00,0x00,0x00,0x01,0xe9,0x0b,0xfe,
0xff,0xff,0x4c,0x8b,0x8c,0x24,0x98,0x00,0x00,0x00,0x49,0x8d,0x81,0xa8,0x00,0x00,
0x00,0x48,0x8b,0x0d,0xa0,0x00,0x00,0x00,0x48,0x89,0x44,0x24,0x50,0x48,0x89,0x4c,
0x24,0x60,0x48,0x8b,0x44,0x24,0x60,0x48,0x8b,0x4c,0x24,0x50,0xff,0x10,0x4c,0x8b,
0x8c,0x24,0x98,0x00,0x00,0x00,0x49,0x8d,0x81,0xa8,0x00,0x00,0x00,0x48,0x8b,0x0d,
0x7c,0x00,0x00,0x00,0x48,0x89,0x44,0x24,0x68,0x48,0x89,0x8c,0x24,0x10,0x01,0x00,
0x00,0x48,0x8b,0x84,0x24,0x10,0x01,0x00,0x00,0x48,0x8b,0x4c,0x24,0x68,0xff,0x10,
0x48,0x8b,0x4c,0x24,0x38,0xe9,0x00,0x00,0x00,0x00,0x48,0x8d,0x09,0x48,0x8b,0x05,
0x5c,0x00,0x00,0x00,0xff,0x10,0xe9,0x00,0x00,0x00,0x00,0x48,0x81,0xc4,0x18,0x01,
0x00,0x00,0x5f,0x5e,0x5d,0x5b,0xc3,0x00,0x00,0x00,0x00,0x00,0x00,0x00,0x00,0x00,
};

static const unsigned char INV_MODE_NAMES[]={
0x53,0x55,0x56,0x57,0x48,0x81,0xec,0x98,0x0b,0x00,0x00,0x48,0x89,0x8c,0x24,0x10,0x0b,0x00,0x00,0x48,0x89,0x94,0x24,0x18,0x0b,0x00,0x00,0x4c,0x89,0x84,0x24,0x20,0x0b,0x00,0x00,0x4c,0x89,0x8c,0x24,0x28,0x0b,0x00,0x00,0x48,0x8d,0x84,0x24,0x30,0x0b,0x00,0x00,0x48,0x8d,0x19,0x4c,0x8d,0x05,0x1b,0x34,0x00,0x00,0x48,0x8d,0x12,0x48,0x8b,0x2d,0x09,0x37,0x00,0x00,0x48,0x89,0x4c,0x24,0x58,0x48,0x89,0x94,0x24,0x88,0x07,0x00,0x00,0x4c,0x89,0x8c,0x24,0x90,0x07,0x00,0x00,0x48,0x89,0xc1,0x48,0x89,0xda,0x4c,0x8b,0x8c,0x24,0x88,0x07,0x00,0x00,0xff,0x55,0x00,0x8a,0x84,0x24,0x30,0x0b,0x00,0x00,0x3c,0x00,0x0f,0x84,0xb9,0x33,0x00,0x00,0x48,0x8b,0x05,0xd5,0x36,0x00,0x00,0x48,0x8b,0x4c,0x24,0x58,0x48,0x8d,0x11,0x48,0x8d,0x00,0x48,0x8b,0x1d,0xcb,0x36,0x00,0x00,0x48,0x89,0x94,0x24,0x78,0x07,0x00,0x00,0x48,0x8b,0x8c,0x24,0x78,0x07,0x00,0x00,0x48,0x89,0xc2,0xff,0x13,0x48,0x8d,0x84,0x24,0x30,0x0b,0x00,0x00,0x48,0x8d,0x15,0xa3,0x33,0x00,0x00,0x48,0x8b,0x0d,0xa8,0x36,0x00,0x00,0x48,0x89,0x84,0x24,0x98,0x07,0x00,0x00,0x48,0x89,0x8c,0x24,0xa8,0x07,0x00,0x00,0x48,0x8b,0x84,0x24,0xa8,0x07,0x00,0x00,0x48,0x8b,0x8c,0x24,0x98,0x07,0x00,0x00,0xff,0x10,0x48,0x8b,0x15,0x87,0x36,0x00,0x00,0x48,0x8b,0x05,0x80,0x36,0x00,0x00,0x48,0x8d,0x8c,0x24,0x40,0x0b,0x00,0x00,0x48,0x8d,0x12,0x4c,0x8d,0x00,0x48,0x8b,0x05,0x73,0x36,0x00,0x00,0xff,0x10,0x48,0x8b,0x4c,0x24,0x58,0x48,0x8d,0x01,0x48,0x8d,0x94,0x24,0x30,0x0b,0x00,0x00,0x4c,0x8d,0x84,0x24,0x40,0x0b,0x00,0x00,0x48,0x8d,0x1d,0x42,0x33,0x00,0x00,0x48,0x8d,0x2d,0x3b,0x33,0x00,0x00,0x48,0x8d,0x35,0x34,0x33,0x00,0x00,0x48,0x8d,0x3d,0x2d,0x33,0x00,0x00,0x4c,0x8d,0x0d,0x26,0x33,0x00,0x00,0x4c,0x8d,0x15,0x1f,0x33,0x00,0x00,0x4c,0x8b,0x1d,0x30,0x36,0x00,0x00,0x48,0x89,0x6c,0x24,0x20,0x48,0x89,0x74,0x24,0x28,0x48,0x89,0x7c,0x24,0x30,0x4c,0x89,0x4c,0x24,0x38,0x4c,0x89,0x54,0x24,0x40,0x48,0x89,0xc1,0x49,0x89,0xd9,0x41,0xff,0x13,0x48,0x8d,0x84,0x24,0x40,0x0b,0x00,0x00,0x48,0x8b,0x0d,0x07,0x36,0x00,0x00,0x48,0x89,0x84,0x24,0xb0,0x07,0x00,0x00,0x48,0x89,0x8c,0x24,0xb8,0x07,0x00,0x00,0x48,0x8b,0x84,0x24,0xb8,0x07,0x00,0x00,0x48,0x8b,0x8c,0x24,0xb0,0x07,0x00,0x00,0xff,0x10,0x48,0x8d,0x84,0x24,0x30,0x0b,0x00,0x00,0x48,0x8b,0x0d,0xde,0x35,0x00,0x00,0x48,0x89,0x84,0x24,0x80,0x07,0x00,0x00,0x48,0x89,0x8c,0x24,0x70,0x07,0x00,0x00,0x48,0x8b,0x84,0x24,0x70,0x07,0x00,0x00,0x48,0x8b,0x8c,0x24,0x80,0x07,0x00,0x00,0xff,0x10,0x48,0x8d,0x84,0x24,0x30,0x0b,0x00,0x00,0x48,0x8d,0x15,0x89,0x32,0x00,0x00,0x48,0x8b,0x0d,0x7e,0x35,0x00,0x00,0x48,0x89,0x84,0x24,0x48,0x07,0x00,0x00,0x48,0x89,0x8c,0x24,0x68,0x07,0x00,0x00,0x48,0x8b,0x84,0x24,0x68,0x07,0x00,0x00,0x48,0x8b,0x8c,0x24,0x48,0x07,0x00,0x00,0xff,0x10,0x48,0x8b,0x05,0x85,0x35,0x00,0x00,0x48,0x8b,0x15,0x86,0x35,0x00,0x00,0x48,0x8d,0x8c,0x24,0x40,0x0b,0x00,0x00,0x48,0x8d,0x00,0x4c,0x8d,0x02,0x48,0x8b,0x15,0x49,0x35,0x00,0x00,0x48,0x89,0x84,0x24,0x30,0x07,0x00,0x00,0x48,0x89,0x94,0x24,0x38,0x07,0x00,0x00,0x48,0x8b,0x84,0x24,0x38,0x07,0x00,0x00,0x48,0x8b,0x94,0x24,0x30,0x07,0x00,0x00,0xff,0x10,0x48,0x8b,0x15,0x50,0x35,0x00,0x00,0x48,0x8b,0x05,0x51,0x35,0x00,0x00,0x48,0x8d,0x8c,0x24,0x48,0x0b,0x00,0x00,0x48,0x8d,0x12,0x4c,0x8d,0x00,0x48,0x8b,0x05,0x04,0x35,0x00,0x00,0xff,0x10,0x48,0x8b,0x05,0x3b,0x35,0x00,0x00,0x48,0x8b,0x4c,0x24,0x58,0x48,0x8d,0x11,0x48,0x8d,0x9c,0x24,0x30,0x0b,0x00,0x00,0x4c,0x8d,0x84,0x24,0x40,0x0b,0x00,0x00,0x48,0x8d,0x2d,0xd8,0x31,0x00,0x00,0x48,0x8d,0x35,0xd1,0x31,0x00,0x00,0x48,0x8d,0x3d,0xbe,0x31,0x00,0x00,0x4c,0x8d,0x8c,0x24,0x48,0x0b,0x00,0x00,0x48,0x8d,0x00,0x4c,0x8b,0x15,0x04,0x35,0x00,0x00,0x48,0x89,0x74,0x24,0x20,0x48,0x89,0x7c,0x24,0x28,0x4c,0x89,0x4c,0x24,0x30,0x48,0x89,0x44,0x24,0x38,0x48,0x89,0x94,0x24,0x20,0x07,0x00,0x00,0x48,0x8b,0x8c,0x24,0x20,0x07,0x00,0x00,0x48,0x89,0xda,0x49,0x89,0xe9,0x41,0xff,0x12,0x48,0x8d,0x84,0x24,0x48,0x0b,0x00,0x00,0x48,0x8b,0x0d,0x90,0x34,0x00,0x00,0x48,0x89,0x84,0x24,0x40,0x07,0x00,0x00,0x48,0x89,0x8c,0x24,0x50,0x07,0x00,0x00,0x48,0x8b,0x84,0x24,0x50,0x07,0x00,0x00,0x48,0x8b,0x8c,0x24,0x40,0x07,0x00,0x00,0xff,0x10,0x48,0x8d,0x84,0x24,0x40,0x0b,0x00,0x00,0x48,0x8b,0x0d,0x5f,0x34,0x00,0x00,0x48,0x89,0x84,0x24,0x58,0x07,0x00,0x00,0x48,0x89,0x8c,0x24,0x60,0x07,0x00,0x00,0x48,0x8b,0x84,0x24,0x60,0x07,0x00,0x00,0x48,0x8b,0x8c,0x24,0x58,0x07,0x00,0x00,0xff,0x10,0x48,0x8d,0x84,0x24,0x30,0x0b,0x00,0x00,0x48,0x8b,0x0d,0x36,0x34,0x00,0x00,0x48,0x89,0x84,0x24,0xc0,0x07,0x00,0x00,0x48,0x89,0x8c,0x24,0xa0,0x07,0x00,0x00,0x48,0x8b,0x84,0x24,0xa0,0x07,0x00,0x00,0x48,0x8b,0x8c,0x24,0xc0,0x07,0x00,0x00,0xff,0x10,0x48,0x8d,0x84,0x24,0x30,0x0b,0x00,0x00,0x48,0x8d,0x15,0xed,0x30,0x00,0x00,0x48,0x8b,0x0d,0xd6,0x33,0x00,0x00,0x48,0x89,0x84,0x24,0xc8,0x07,0x00,0x00,0x48,0x89,0x8c,0x24,0xd8,0x07,0x00,0x00,0x48,0x8b,0x84,0x24,0xd8,0x07,0x00,0x00,0x48,0x8b,0x8c,0x24,0xc8,0x07,0x00,0x00,0xff,0x10,0x48,0x8b,0x05,0xb5,0x33,0x00,0x00,0x48,0x8b,0x15,0x06,0x34,0x00,0x00,0x48,0x8d,0x8c,0x24,0x40,0x0b,0x00,0x00,0x48,0x8d,0x00,0x4c,0x8d,0x02,0x48,0x8b,0x15,0xa1,0x33,0x00,0x00,0x48,0x89,0x84,0x24,0x38,0x08,0x00,0x00,0x48,0x89,0x94,0x24,0x40,0x08,0x00,0x00,0x48,0x8b,0x84,0x24,0x40,0x08,0x00,0x00,0x48,0x8b,0x94,0x24,0x38,0x08,0x00,0x00,0xff,0x10,0x48,0x8d,0x84,0x24,0x48,0x0b,0x00,0x00,0x48,0x8b,0x0d,0xc8,0x33,0x00,0x00,0x48,0x89,0x84,0x24,0x28,0x08,0x00,0x00,0x48,0x89,0x8c,0x24,0x48,0x08,0x00,0x00,0x48,0x8b,0x84,0x24,0x48,0x08,0x00,0x00,0x48,0x8b,0x8c,0x24,0x28,0x08,0x00,0x00,0xff,0x10,0x48,0x8b,0x4c,0x24,0x58,0x48,0x8d,0x01,0x48,0x8d,0x94,0x24,0x30,0x0b,0x00,0x00,0x4c,0x8d,0x84,0x24,0x40,0x0b,0x00,0x00,0x48,0x8d,0x1d,0x2b,0x30,0x00,0x00,0x48,0x8d,0x35,0x34,0x30,0x00,0x00,0x48,0x8d,0x2d,0x1d,0x30,0x00,0x00,0x48,0x8d,0xbc,0x24,0x48,0x0b,0x00,0x00,0x4c,0x8d,0x0d,0x0e,0x30,0x00,0x00,0x4c,0x8b,0x15,0x53,0x33,0x00,0x00,0x48,0x89,0x74,0x24,0x20,0x48,0x89,0x6c,0x24,0x28,0x48,0x89,0x7c,0x24,0x30,0x4c,0x89,0x4c,0x24,0x38,0x48,0x89,0xc1,0x49,0x89,0xd9,0x41,0xff,0x12,0x48,0x8d,0x84,0x24,0x48,0x0b,0x00,0x00,0x48,0x8b,0x0d,0xef,0x32,0x00,0x00,0x48,0x89,0x84,0x24,0x58,0x08,0x00,0x00,0x48,0x89,0x8c,0x24,0x60,0x08,0x00,0x00,0x48,0x8b,0x84,0x24,0x60,0x08,0x00,0x00,0x48,0x8b,0x8c,0x24,0x58,0x08,0x00,0x00,0xff,0x10,0x48,0x8d,0x84,0x24,0x40,0x0b,0x00,0x00,0x48,0x8b,0x0d,0xbe,0x32,0x00,0x00,0x48,0x89,0x84,0x24,0x68,0x08,0x00,0x00,0x48,0x89,0x8c,0x24,0x30,0x08,0x00,0x00,0x48,0x8b,0x84,0x24,0x30,0x08,0x00,0x00,0x48,0x8b,0x8c,0x24,0x68,0x08,0x00,0x00,0xff,0x10,0x48,0x8d,0x84,0x24,0x30,0x0b,0x00,0x00,0x48,0x8b,0x0d,0x95,0x32,0x00,0x00,0x48,0x89,0x84,0x24,0x20,0x08,0x00,0x00,0x48,0x89,0x8c,0x24,0xf8,0x07,0x00,0x00,0x48,0x8b,0x84,0x24,0xf8,0x07,0x00,0x00,0x48,0x8b,0x8c,0x24,0x20,0x08,0x00,0x00,0xff,0x10,0x48,0x8d,0x84,0x24,0x30,0x0b,0x00,0x00,0x48,0x8d,0x15,0x5c,0x2f,0x00,0x00,0x48,0x8b,0x0d,0x35,0x32,0x00,0x00,0x48,0x89,0x84,0x24,0x18,0x08,0x00,0x00,0x48,0x89,0x8c,0x24,0xe0,0x07,0x00,0x00,0x48,0x8b,0x84,0x24,0xe0,0x07,0x00,0x00,0x48,0x8b,0x8c,0x24,0x18,0x08,0x00,0x00,0xff,0x10,0x48,0x8b,0x15,0x7c,0x32,0x00,0x00,0x48,0x8d,0x84,0x24,0x40,0x0b,0x00,0x00,0x48,0x8b,0x0d,0x75,0x32,0x00,0x00,0x48,0x89,0x84,0x24,0xe8,0x07,0x00,0x00,0x48,0x89,0x8c,0x24,0xd0,0x07,0x00,0x00,0x48,0x8b,0x84,0x24,0xd0,0x07,0x00,0x00,0x48,0x8b,0x8c,0x24,0xe8,0x07,0x00,0x00,0x48,0x89,0x94,0x24,0xf0,0x07,0x00,0x00,0xff,0x10,0x48,0x8d,0x84,0x24,0x40,0x0b,0x00,0x00,0x48,0x8b,0x94,0x24,0xf0,0x07,0x00,0x00,0x48,0x8d,0x12,0x4c,0x8d,0x05,0xed,0x2e,0x00,0x00,0x48,0x8b,0x0d,0x32,0x32,0x00,0x00,0x48,0x89,0x84,0x24,0x00,0x08,0x00,0x00,0x48,0x89,0x8c,0x24,0x08,0x08,0x00,0x00,0x48,0x8b,0x84,0x24,0x08,0x08,0x00,0x00,0x48,0x8b,0x8c,0x24,0x00,0x08,0x00,0x00,0xff,0x10,0x48,0x8b,0x4c,0x24,0x58,0x48,0x8d,0x01,0x48,0x8d,0x94,0x24,0x30,0x0b,0x00,0x00,0x4c,0x8d,0x84,0x24,0x40,0x0b,0x00,0x00,0x48,0x8b,0x1d,0xf9,0x31,0x00,0x00,0x48,0x89,0xc1,0xff,0x13,0x48,0x8d,0x84,0x24,0x40,0x0b,0x00,0x00,0x48,0x8b,0x0d,0x85,0x31,0x00,0x00,0x48,0x89,0x84,0x24,0x10,0x08,0x00,0x00,0x48,0x89,0x8c,0x24,0x28,0x07,0x00,0x00,0x48,0x8b,0x84,0x24,0x28,0x07,0x00,0x00,0x48,0x8b,0x8c,0x24,0x10,0x08,0x00,0x00,0xff,0x10,0x48,0x8d,0x84,0x24,0x30,0x0b,0x00,0x00,0x48,0x8b,0x0d,0x54,0x31,0x00,0x00,0x48,0x89,0x84,0x24,0x18,0x07,0x00,0x00,0x48,0x89,0x8c,0x24,0xf0,0x06,0x00,0x00,0x48,0x8b,0x84,0x24,0xf0,0x06,0x00,0x00,0x48,0x8b,0x8c,0x24,0x18,0x07,0x00,0x00,0xff,0x10,0x48,0x8b,0x4c,0x24,0x58,0x48,0x8d,0x01,0x48,0x8b,0x15,0x8b,0x31,0x00,0x00,0x48,0x89,0xc1,0xff,0x12,0x8b,0x05,0x28,0x2e,0x00,0x00,0x89,0x84,0x24,0x30,0x0b,0x00,0x00,0x8b,0x05,0x1f,0x2e,0x00,0x00,0x89,0x84,0x24,0x34,0x0b,0x00,0x00,0x48,0x8d,0x84,0x24,0x38,0x0b,0x00,0x00,0x48,0x8d,0x15,0x0d,0x2e,0x00,0x00,0x48,0x8b,0x0d,0xc6,0x30,0x00,0x00,0x48,0x89,0x84,0x24,0x10,0x07,0x00,0x00,0x48,0x89,0x8c,0x24,0x28,0x06,0x00,0x00,0x48,0x8b,0x84,0x24,0x28,0x06,0x00,0x00,0x48,0x8b,0x8c,0x24,0x10,0x07,0x00,0x00,0xff,0x10,0x48,0x8b,0x15,0xa5,0x30,0x00,0x00,0x48,0x8b,0x05,0x2e,0x31,0x00,0x00,0x48,0x8d,0x8c,0x24,0x48,0x0b,0x00,0x00,0x48,0x8d,0x12,0x4c,0x8d,0x00,0x48,0x8b,0x05,0x91,0x30,0x00,0x00,0xff,0x10,0x48,0x8d,0x84,0x24,0x50,0x0b,0x00,0x00,0x48,0x8b,0x0d,0xd8,0x30,0x00,0x00,0x48,0x89,0x84,0x24,0x30,0x06,0x00,0x00,0x48,0x89,0x8c,0x24,0x18,0x06,0x00,0x00,0x48,0x8b,0x84,0x24,0x18,0x06,0x00,0x00,0x48,0x8b,0x8c,0x24,0x30,0x06,0x00,0x00,0xff,0x10,0x48,0x8b,0x2d,0x97,0x30,0x00,0x00,0x48,0x8b,0x4c,0x24,0x58,0x48,0x8d,0x01,0x48,0x8d,0x94,0x24,0x38,0x0b,0x00,0x00,0x4c,0x8d,0x84,0x24,0x48,0x0b,0x00,0x00,0x48,0x8d,0x1d,0x28,0x2d,0x00,0x00,0x48,0x8d,0x35,0x2d,0x2d,0x00,0x00,0x48,0x8d,0x3d,0x26,0x2d,0x00,0x00,0x4c,0x8d,0x8c,0x24,0x50,0x0b,0x00,0x00,0x48,0x8d,0x6d,0x00,0x4c,0x8b,0x15,0x5f,0x30,0x00,0x00,0x48,0x89,0x74,0x24,0x20,0x48,0x89,0x7c,0x24,0x28,0x4c,0x89,0x4c,0x24,0x30,0x48,0x89,0x6c,0x24,0x38,0x48,0x89,0xc1,0x49,0x89,0xd9,0x41,0xff,0x12,0x48,0x8d,0x84,0x24,0x50,0x0b,0x00,0x00,0x48,0x8b,0x0d,0xfb,0x2f,0x00,0x00,0x48,0x89,0x84,0x24,0x38,0x06,0x00,0x00,0x48,0x89,0x8c,0x24,0x48,0x06,0x00,0x00,0x48,0x8b,0x84,0x24,0x48,0x06,0x00,0x00,0x48,0x8b,0x8c,0x24,0x38,0x06,0x00,0x00,0xff,0x10,0x48,0x8d,0x84,0x24,0x48,0x0b,0x00,0x00,0x48,0x8b,0x0d,0xca,0x2f,0x00,0x00,0x48,0x89,0x84,0x24,0x50,0x06,0x00,0x00,0x48,0x89,0x8c,0x24,0x58,0x06,0x00,0x00,0x48,0x8b,0x84,0x24,0x58,0x06,0x00,0x00,0x48,0x8b,0x8c,0x24,0x50,0x06,0x00,0x00,0xff,0x10,0x48,0x8d,0x84,0x24,0x38,0x0b,0x00,0x00,0x48,0x8b,0x0d,0xa1,0x2f,0x00,0x00,0x48,0x89,0x84,0x24,0x20,0x06,0x00,0x00,0x48,0x89,0x8c,0x24,0x10,0x06,0x00,0x00,0x48,0x8b,0x84,0x24,0x10,0x06,0x00,0x00,0x48,0x8b,0x8c,0x24,0x20,0x06,0x00,0x00,0xff,0x10,0x48,0x8d,0x84,0x24,0x38,0x0b,0x00,0x00,0x48,0x8d,0x15,0x95,0x2c,0x00,0x00,0x48,0x8b,0x0d,0x41,0x2f,0x00,0x00,0x48,0x89,0x84,0x24,0xf0,0x05,0x00,0x00,0x48,0x89,0x8c,0x24,0x08,0x06,0x00,0x00,0x48,0x8b,0x84,0x24,0x08,0x06,0x00,0x00,0x48,0x8b,0x8c,0x24,0xf0,0x05,0x00,0x00,0xff,0x10,0x48,0x8b,0x05,0xb8,0x2f,0x00,0x00,0x8b,0x68,0x68,0x48,0x8b,0x1d,0x3e,0x2f,0x00,0x00,0x48,0x8b,0x05,0x47,0x2f,0x00,0x00,0x8b,0x10,0x0f,0xaf,0x15,0x1a,0x2c,0x00,0x00,0x8b,0x03,0x29,0xd0,0x48,0x8b,0x15,0x93,0x2f,0x00,0x00,0x8b,0x5a,0x68,0x31,0xd2,0x99,0xf7,0xfb,0x48,0x8b,0x1d,0x7c,0x2f,0x00,0x00,0x48,0x8d,0x8c,0x24,0x48,0x0b,0x00,0x00,0x89,0x84,0x24,0x50,0x0b,0x00,0x00,0x48,0x8d,0x94,0x24,0x50,0x0b,0x00,0x00,0x4c,0x8d,0x03,0x48,0x8b,0x05,0xd3,0x2e,0x00,0x00,0xff,0x10,0x48,0x8b,0x4c,0x24,0x58,0x48,0x8d,0x01,0x48,0x8d,0x94,0x24,0x38,0x0b,0x00,0x00,0x89,0xac,0x24,0x54,0x0b,0x00,0x00,0x4c,0x8d,0x84,0x24,0x54,0x0b,0x00,0x00,0x48,0x8d,0x9c,0x24,0x48,0x0b,0x00,0x00,0x48,0x8d,0x2d,0x93,0x2b,0x00,0x00,0x48,0x8b,0x35,0x34,0x2f,0x00,0x00,0x48,0x89,0x6c,0x24,0x20,0x48,0x89,0xc1,0x49,0x89,0xd9,0xff,0x16,0x48,0x8d,0x84,0x24,0x48,0x0b,0x00,0x00,0x48,0x8b,0x0d,0x90,0x2e,0x00,0x00,0x48,0x89,0x84,0x24,0xd8,0x05,0x00,0x00,0x48,0x89,0x8c,0x24,0xe0,0x05,0x00,0x00,0x48,0x8b,0x84,0x24,0xe0,0x05,0x00,0x00,0x48,0x8b,0x8c,0x24,0xd8,0x05,0x00,0x00,0xff,0x10,0x48,0x8d,0x84,0x24,0x38,0x0b,0x00,0x00,0x48,0x8b,0x0d,0x67,0x2e,0x00,0x00,0x48,0x89,0x84,0x24,0xc8,0x05,0x00,0x00,0x48,0x89,0x8c,0x24,0xe8,0x05,0x00,0x00,0x48,0x8b,0x84,0x24,0xe8,0x05,0x00,0x00,0x48,0x8b,0x8c,0x24,0xc8,0x05,0x00,0x00,0xff,0x10,0x48,0x8d,0x84,0x24,0x38,0x0b,0x00,0x00,0x48,0x8d,0x15,0x6c,0x2b,0x00,0x00,0x48,0x8b,0x0d,0x07,0x2e,0x00,0x00,0x48,0x89,0x84,0x24,0xf8,0x05,0x00,0x00,0x48,0x89,0x8c,0x24,0x00,0x06,0x00,0x00,0x48,0x8b,0x84,0x24,0x00,0x06,0x00,0x00,0x48,0x8b,0x8c,0x24,0xf8,0x05,0x00,0x00,0xff,0x10,0x48,0x8b,0x05,0xce,0x2d,0x00,0x00,0x48,0x8b,0x4c,0x24,0x58,0x48,0x8d,0x11,0x48,0x8d,0x9c,0x24,0x38,0x0b,0x00,0x00,0x4c,0x8d,0x05,0xc7,0x2a,0x00,0x00,0x48,0x8d,0x00,0x48,0x8b,0x2d,0x6d,0x2e,0x00,0x00,0x48,0x89,0x94,0x24,0x60,0x06,0x00,0x00,0x48,0x8b,0x8c,0x24,0x60,0x06,0x00,0x00,0x48,0x89,0xda,0x49,0x89,0xc1,0xff,0x55,0x00,0x48,0x8d,0x84,0x24,0x38,0x0b,0x00,0x00,0x48,0x8b,0x0d,0xbd,0x2d,0x00,0x00,0x48,0x89,0x84,0x24,0x40,0x06,0x00,0x00,0x48,0x89,0x8c,0x24,0x68,0x06,0x00,0x00,0x48,0x8b,0x84,0x24,0x68,0x06,0x00,0x00,0x48,0x8b,0x8c,0x24,0x40,0x06,0x00,0x00,0xff,0x10,0x48,0x8d,0x84,0x24,0x38,0x0b,0x00,0x00,0x48,0x8d,0x15,0xe1,0x2a,0x00,0x00,0x48,0x8b,0x0d,0x5d,0x2d,0x00,0x00,0x48,0x89,0x84,0x24,0x78,0x06,0x00,0x00,0x48,0x89,0x8c,0x24,0xd8,0x06,0x00,0x00,0x48,0x8b,0x84,0x24,0xd8,0x06,0x00,0x00,0x48,0x8b,0x8c,0x24,0x78,0x06,0x00,0x00,0xff,0x10,0x48,0x8b,0x05,0x3c,0x2d,0x00,0x00,0x48,0x8b,0x1d,0x35,0x2d,0x00,0x00,0x48,0x8d,0x8c,0x24,0x48,0x0b,0x00,0x00,0x48,0x8d,0x10,0x4c,0x8d,0x03,0x48,0x8b,0x05,0x28,0x2d,0x00,0x00,0xff,0x10,0x48,0x8d,0x84,0x24,0x50,0x0b,0x00,0x00,0x48,0x8d,0x15,0x07,0x2a,0x00,0x00,0x4c,0x8d,0x05,0x00,0x2a,0x00,0x00,0x48,0x8b,0x0d,0x09,0x2d,0x00,0x00,0x48,0x89,0x84,0x24,0xe0,0x06,0x00,0x00,0x48,0x89,0x8c,0x24,0xc8,0x06,0x00,0x00,0x48,0x8b,0x84,0x24,0xc8,0x06,0x00,0x00,0x48,0x8b,0x8c,0x24,0xe0,0x06,0x00,0x00,0xff,0x10,0x48,0x8b,0x4c,0x24,0x58,0x48,0x8d,0x01,0x48,0x8d,0x94,0x24,0x38,0x0b,0x00,0x00,0x4c,0x8d,0x84,0x24,0x48,0x0b,0x00,0x00,0x48,0x8d,0x1d,0xc4,0x29,0x00,0x00,0x48,0x8d,0x2d,0xcd,0x29,0x00,0x00,0x48,0x8d,0x35,0x3e,0x2a,0x00,0x00,0x48,0x8d,0xbc,0x24,0x50,0x0b,0x00,0x00,0x4c,0x8d,0x0d,0x9b,0x29,0x00,0x00,0x4c,0x8b,0x15,0xec,0x2c,0x00,0x00,0x48,0x89,0x6c,0x24,0x20,0x48,0x89,0x74,0x24,0x28,0x48,0x89,0x7c,0x24,0x30,0x4c,0x89,0x4c,0x24,0x38,0x48,0x89,0xc1,0x49,0x89,0xd9,0x41,0xff,0x12,0x48,0x8d,0x84,0x24,0x50,0x0b,0x00,0x00,0x48,0x8b,0x0d,0x88,0x2c,0x00,0x00,0x48,0x89,0x84,0x24,0xe8,0x06,0x00,0x00,0x48,0x89,0x8c,0x24,0xf8,0x06,0x00,0x00,0x48,0x8b,0x84,0x24,0xf8,0x06,0x00,0x00,0x48,0x8b,0x8c,0x24,0xe8,0x06,0x00,0x00,0xff,0x10,0x48,0x8d,0x84,0x24,0x48,0x0b,0x00,0x00,0x48,0x8b,0x0d,0x57,0x2c,0x00,0x00,0x48,0x89,0x84,0x24,0x00,0x07,0x00,0x00,0x48,0x89,0x8c,0x24,0x08,0x07,0x00,0x00,0x48,0x8b,0x84,0x24,0x08,0x07,0x00,0x00,0x48,0x8b,0x8c,0x24,0x00,0x07,0x00,0x00,0xff,0x10,0x48,0x8d,0x84,0x24,0x38,0x0b,0x00,0x00,0x48,0x8b,0x0d,0x2e,0x2c,0x00,0x00,0x48,0x89,0x84,0x24,0xd0,0x06,0x00,0x00,0x48,0x89,0x8c,0x24,0xc0,0x06,0x00,0x00,0x48,0x8b,0x84,0x24,0xc0,0x06,0x00,0x00,0x48,0x8b,0x8c,0x24,0xd0,0x06,0x00,0x00,0xff,0x10,0x48,0x8d,0x84,0x24,0x40,0x0b,0x00,0x00,0x48,0x8d,0x15,0x6d,0x29,0x00,0x00,0x48,0x8b,0x0d,0xce,0x2b,0x00,0x00,0x48,0x89,0x84,0x24,0x98,0x06,0x00,0x00,0x48,0x89,0x8c,0x24,0xb8,0x06,0x00,0x00,0x48,0x8b,0x84,0x24,0xb8,0x06,0x00,0x00,0x48,0x8b,0x8c,0x24,0x98,0x06,0x00,0x00,0xff,0x10,0x48,0x8b,0x15,0x15,0x2c,0x00,0x00,0x48,0x8d,0x84,0x24,0x50,0x0b,0x00,0x00,0x48,0x8b,0x0d,0x0e,0x2c,0x00,0x00,0x48,0x89,0x84,0x24,0x80,0x06,0x00,0x00,0x48,0x89,0x8c,0x24,0x88,0x06,0x00,0x00,0x48,0x8b,0x84,0x24,0x88,0x06,0x00,0x00,0x48,0x8b,0x8c,0x24,0x80,0x06,0x00,0x00,0x48,0x89,0x94,0x24,0x70,0x06,0x00,0x00,0xff,0x10,0x48,0x8d,0x84,0x24,0x50,0x0b,0x00,0x00,0x48,0x8b,0x94,0x24,0x70,0x06,0x00,0x00,0x48,0x8d,0x12,0x4c,0x8d,0x05,0x06,0x29,0x00,0x00,0x48,0x8b,0x0d,0xcb,0x2b,0x00,0x00,0x48,0x89,0x84,0x24,0x90,0x06,0x00,0x00,0x48,0x89,0x8c,0x24,0xa0,0x06,0x00,0x00,0x48,0x8b,0x84,0x24,0xa0,0x06,0x00,0x00,0x48,0x8b,0x8c,0x24,0x90,0x06,0x00,0x00,0xff,0x10,0x48,0x8b,0x15,0x2a,0x2b,0x00,0x00,0x48,0x8b,0x05,0x7b,0x2b,0x00,0x00,0x48,0x8d,0x8c,0x24,0x60,0x0b,0x00,0x00,0x48,0x8d,0x12,0x4c,0x8d,0x00,0x48,0x8b,0x05,0x16,0x2b,0x00,0x00,0xff,0x10,0x4c,0x8b,0x8c,0x24,0x90,0x07,0x00,0x00,0x41,0x8b,0x41,0x04,0x3b,0x05,0xfe,0x27,0x00,0x00,0x0f,0x94,0xc0,0x48,0x8d,0x8c,0x24,0x38,0x0b,0x00,0x00,0x48,0x89,0x8c,0x24,0xa8,0x06,0x00,0x00,0x48,0x8b,0x4c,0x24,0x58,0x48,0x8d,0x11,0x4c,0x8d,0x84,0x24,0x40,0x0b,0x00,0x00,0x48,0x8d,0x9c,0x24,0x50,0x0b,0x00,0x00,0x48,0x8d,0xb4,0x24,0x60,0x0b,0x00,0x00,0x48,0x8d,0xa9,0x70,0x04,0x00,0x00,0x48,0x8d,0x3d,0xa2,0x27,0x00,0x00,0x88,0x84,0x24,0x68,0x0b,0x00,0x00,0x48,0x8d,0x84,0x24,0x68,0x0b,0x00,0x00,0x4c,0x8b,0x15,0x53,0x2b,0x00,0x00,0x48,0x89,0x74,0x24,0x20,0x48,0x89,0x6c,0x24,0x28,0x48,0x89,0x7c,0x24,0x30,0x48,0x89,0x44,0x24,0x38,0x48,0x8b,0x8c,0x24,0xa8,0x06,0x00,0x00,0x49,0x89,0xd9,0x41,0xff,0x12,0x8a,0x94,0x24,0x38,0x0b,0x00,0x00,0x48,0x8d,0x84,0x24,0x60,0x0b,0x00,0x00,0x48,0x8b,0x0d,0x83,0x2a,0x00,0x00,0x48,0x89,0x84,0x24,0xb0,0x06,0x00,0x00,0x48,0x89,0x8c,0x24,0x70,0x08,0x00,0x00,0x48,0x8b,0x84,0x24,0x70,0x08,0x00,0x00,0x48,0x8b,0x8c,0x24,0xb0,0x06,0x00,0x00,0x88,0x94,0x24,0x50,0x08,0x00,0x00,0xff,0x10,0x48,0x8d,0x84,0x24,0x50,0x0b,0x00,0x00,0x48,0x8b,0x0d,0x53,0x2a,0x00,0x00,0x48,0x89,0x84,0x24,0x78,0x08,0x00,0x00,0x48,0x89,0x8c,0x24,0x88,0x08,0x00,0x00,0x48,0x8b,0x84,0x24,0x88,0x08,0x00,0x00,0x48,0x8b,0x8c,0x24,0x78,0x08,0x00,0x00,0xff,0x10,0x48,0x8d,0x84,0x24,0x40,0x0b,0x00,0x00,0x48,0x8b,0x0d,0x22,0x2a,0x00,0x00,0x48,0x89,0x84,0x24,0x48,0x0a,0x00,0x00,0x48,0x89,0x8c,0x24,0x50,0x0a,0x00,0x00,0x48,0x8b,0x84,0x24,0x50,0x0a,0x00,0x00,0x48,0x8b,0x8c,0x24,0x48,0x0a,0x00,0x00,0xff,0x10,0x80,0xbc,0x24,0x50,0x08,0x00,0x00,0x00,0x0f,0x84,0x9d,0x00,0x00,0x00,0x48,0x8d,0x84,0x24,0x38,0x0b,0x00,0x00,0x48,0x8b,0x4c,0x24,0x58,0x48,0x8d,0x11,0x48,0x8b,0x1d,0x73,0x2a,0x00,0x00,0x48,0x89,0xc1,0xff,0x13,0x8a,0x84,0x24,0x38,0x0b,0x00,0x00,0x3c,0x00,0x0f,0x84,0x17,0x00,0x00,0x00,0x8b,0x05,0x99,0x26,0x00,0x00,0x4c,0x8b,0x8c,0x24,0x90,0x07,0x00,0x00,0x41,0x89,0x41,0x04,0xe9,0x00,0x00,0x00,0x00,0x48,0x8d,0x84,0x24,0x38,0x0b,0x00,0x00,0x48,0x8b,0x4c,0x24,0x58,0x48,0x8d,0x11,0x48,0x8b,0x1d,0x39,0x2a,0x00,0x00,0x48,0x89,0xc1,0xff,0x13,0x8a,0x84,0x24,0x38,0x0b,0x00,0x00,0x3c,0x00,0x0f,0x84,0x2b,0x00,0x00,0x00,0x48,0x8b,0x4c,0x24,0x58,0x48,0x8d,0x01,0x4c,0x8b,0x8c,0x24,0x90,0x07,0x00,0x00,0x49,0x8d,0x11,0x4c,0x8d,0x05,0x4f,0x26,0x00,0x00,0x48,0x8b,0x1d,0x0c,0x2a,0x00,0x00,0x48,0x89,0xc1,0xff,0x13,0xe9,0x00,0x00,0x00,0x00,0xe9,0x00,0x00,0x00,0x00,0x48,0x8d,0x84,0x24,0x38,0x0b,0x00,0x00,0x48,0x8d,0x15,0xd6,0x26,0x00,0x00,0x48,0x8b,0x0d,0x17,0x29,0x00,0x00,0x48,0x89,0x84,0x24,0x38,0x0a,0x00,0x00,0x48,0x89,0x8c,0x24,0x58,0x0a,0x00,0x00,0x48,0x8b,0x84,0x24,0x58,0x0a,0x00,0x00,0x48,0x8b,0x8c,0x24,0x38,0x0a,0x00,0x00,0xff,0x10,0x48,0x8b,0x05,0xf6,0x28,0x00,0x00,0x48,0x8d,0x8c,0x24,0x48,0x0b,0x00,0x00,0x48,0x8d,0x10,0x4c,0x8d,0x84,0x24,0x30,0x0b,0x00,0x00,0x48,0x8b,0x05,0xe4,0x28,0x00,0x00,0xff,0x10,0x48,0x8d,0x84,0x24,0x50,0x0b,0x00,0x00,0x48,0x8b,0x0d,0x2b,0x29,0x00,0x00,0x48,0x89,0x84,0x24,0x68,0x0a,0x00,0x00,0x48,0x89,0x8c,0x24,0x70,0x0a,0x00,0x00,0x48,0x8b,0x84,0x24,0x70,0x0a,0x00,0x00,0x48,0x8b,0x8c,0x24,0x68,0x0a,0x00,0x00,0xff,0x10,0x48,0x8b,0x4c,0x24,0x58,0x48,0x8d,0x01,0x48,0x8d,0x94,0x24,0x38,0x0b,0x00,0x00,0x4c,0x8d,0x84,0x24,0x48,0x0b,0x00,0x00,0x48,0x8d,0x1d,0x8e,0x25,0x00,0x00,0x48,0x8d,0x2d,0x87,0x25,0x00,0x00,0x48,0x8d,0x35,0x74,0x25,0x00,0x00,0x48,0x8d,0xbc,0x24,0x50,0x0b,0x00,0x00,0x4c,0x8d,0x0d,0x71,0x25,0x00,0x00,0x4c,0x8b,0x15,0xb6,0x28,0x00,0x00,0x48,0x89,0x6c,0x24,0x20,0x48,0x89,0x74,0x24,0x28,0x48,0x89,0x7c,0x24,0x30,0x4c,0x89,0x4c,0x24,0x38,0x48,0x89,0xc1,0x49,0x89,0xd9,0x41,0xff,0x12,0x48,0x8d,0x84,0x24,0x50,0x0b,0x00,0x00,0x48,0x8b,0x0d,0x52,0x28,0x00,0x00,0x48,0x89,0x84,0x24,0x78,0x0a,0x00,0x00,0x48,0x89,0x8c,0x24,0x40,0x0a,0x00,0x00,0x48,0x8b,0x84,0x24,0x40,0x0a,0x00,0x00,0x48,0x8b,0x8c,0x24,0x78,0x0a,0x00,0x00,0xff,0x10,0x48,0x8d,0x84,0x24,0x48,0x0b,0x00,0x00,0x48,0x8b,0x0d,0x21,0x28,0x00,0x00,0x48,0x89,0x84,0x24,0x30,0x0a,0x00,0x00,0x48,0x89,0x8c,0x24,0x08,0x0a,0x00,0x00,0x48,0x8b,0x84,0x24,0x08,0x0a,0x00,0x00,0x48,0x8b,0x8c,0x24,0x30,0x0a,0x00,0x00,0xff,0x10,0x48,0x8d,0x84,0x24,0x38,0x0b,0x00,0x00,0x48,0x8b,0x0d,0xf8,0x27,0x00,0x00,0x48,0x89,0x84,0x24,0x28,0x0a,0x00,0x00,0x48,0x89,0x8c,0x24,0xf0,0x09,0x00,0x00,0x48,0x8b,0x84,0x24,0xf0,0x09,0x00,0x00,0x48,0x8b,0x8c,0x24,0x28,0x0a,0x00,0x00,0xff,0x10,0x48,0x8d,0x84,0x24,0x38,0x0b,0x00,0x00,0x48,0x8d,0x15,0x77,0x25,0x00,0x00,0x48,0x8b,0x0d,0x98,0x27,0x00,0x00,0x48,0x89,0x84,0x24,0xf8,0x09,0x00,0x00,0x48,0x89,0x8c,0x24,0xe0,0x09,0x00,0x00,0x48,0x8b,0x84,0x24,0xe0,0x09,0x00,0x00,0x48,0x8b,0x8c,0x24,0xf8,0x09,0x00,0x00,0xff,0x10,0x48,0x8b,0x15,0xdf,0x27,0x00,0x00,0x48,0x8d,0x84,0x24,0x48,0x0b,0x00,0x00,0x48,0x8b,0x0d,0xd8,0x27,0x00,0x00,0x48,0x89,0x84,0x24,0x00,0x0a,0x00,0x00,0x48,0x89,0x8c,0x24,0x10,0x0a,0x00,0x00,0x48,0x8b,0x84,0x24,0x10,0x0a,0x00,0x00,0x48,0x8b,0x8c,0x24,0x00,0x0a,0x00,0x00,0x48,0x89,0x94,0x24,0x18,0x0a,0x00,0x00,0xff,0x10,0x48,0x8d,0x84,0x24,0x48,0x0b,0x00,0x00,0x48,0x8b,0x94,0x24,0x18,0x0a,0x00,0x00,0x48,0x8d,0x12,0x4c,0x8d,0x05,0x08,0x25,0x00,0x00,0x48,0x8b,0x0d,0x95,0x27,0x00,0x00,0x48,0x89,0x84,0x24,0x20,0x0a,0x00,0x00,0x48,0x89,0x8c,0x24,0x80,0x0a,0x00,0x00,0x48,0x8b,0x84,0x24,0x80,0x0a,0x00,0x00,0x48,0x8b,0x8c,0x24,0x20,0x0a,0x00,0x00,0xff,0x10,0x48,0x8b,0x4c,0x24,0x58,0x48,0x8d,0x01,0x48,0x8d,0x94,0x24,0x38,0x0b,0x00,0x00,0x4c,0x8d,0x84,0x24,0x48,0x0b,0x00,0x00,0x48,0x8b,0x1d,0x5c,0x27,0x00,0x00,0x48,0x89,0xc1,0xff,0x13,0x48,0x8d,0x84,0x24,0x48,0x0b,0x00,0x00,0x48,0x8b,0x0d,0xe8,0x26,0x00,0x00,0x48,0x89,0x84,0x24,0x60,0x0a,0x00,0x00,0x48,0x89,0x8c,0x24,0x88,0x0a,0x00,0x00,0x48,0x8b,0x84,0x24,0x88,0x0a,0x00,0x00,0x48,0x8b,0x8c,0x24,0x60,0x0a,0x00,0x00,0xff,0x10,0x48,0x8d,0x84,0x24,0x38,0x0b,0x00,0x00,0x48,0x8b,0x0d,0xb7,0x26,0x00,0x00,0x48,0x89,0x84,0x24,0x98,0x0a,0x00,0x00,0x48,0x89,0x8c,0x24,0xf8,0x0a,0x00,0x00,0x48,0x8b,0x84,0x24,0xf8,0x0a,0x00,0x00,0x48,0x8b,0x8c,0x24,0x98,0x0a,0x00,0x00,0xff,0x10,0x48,0x8d,0x84,0x24,0x38,0x0b,0x00,0x00,0x48,0x8d,0x15,0x4e,0x24,0x00,0x00,0x48,0x8b,0x0d,0x57,0x26,0x00,0x00,0x48,0x89,0x84,0x24,0x00,0x0b,0x00,0x00,0x48,0x89,0x8c,0x24,0xe8,0x0a,0x00,0x00,0x48,0x8b,0x84,0x24,0xe8,0x0a,0x00,0x00,0x48,0x8b,0x8c,0x24,0x00,0x0b,0x00,0x00,0xff,0x10,0x48,0x8b,0x15,0x9e,0x26,0x00,0x00,0x48,0x8d,0x84,0x24,0x48,0x0b,0x00,0x00,0x48,0x8b,0x0d,0x97,0x26,0x00,0x00,0x48,0x89,0x84,0x24,0x08,0x0b,0x00,0x00,0x48,0x89,0x8c,0x24,0x70,0x0b,0x00,0x00,0x48,0x8b,0x84,0x24,0x70,0x0b,0x00,0x00,0x48,0x8b,0x8c,0x24,0x08,0x0b,0x00,0x00,0x48,0x89,0x94,0x24,0x78,0x0b,0x00,0x00,0xff,0x10,0x48,0x8d,0x84,0x24,0x48,0x0b,0x00,0x00,0x48,0x8b,0x94,0x24,0x78,0x0b,0x00,0x00,0x48,0x8d,0x12,0x4c,0x8d,0x05,0xe7,0x23,0x00,0x00,0x48,0x8b,0x0d,0x54,0x26,0x00,0x00,0x48,0x89,0x84,0x24,0x80,0x0b,0x00,0x00,0x48,0x89,0x8c,0x24,0xf0,0x0a,0x00,0x00,0x48,0x8b,0x84,0x24,0xf0,0x0a,0x00,0x00,0x48,0x8b,0x8c,0x24,0x80,0x0b,0x00,0x00,0xff,0x10,0x48,0x8b,0x05,0xb3,0x25,0x00,0x00,0x48,0x8d,0x8c,0x24,0x58,0x0b,0x00,0x00,0x48,0x8d,0x10,0x4c,0x8d,0x84,0x24,0x34,0x0b,0x00,0x00,0x48,0x8b,0x05,0xa1,0x25,0x00,0x00,0xff,0x10,0x48,0x8b,0x4c,0x24,0x58,0x48,0x8d,0x01,0x48,0x8d,0x94,0x24,0x38,0x0b,0x00,0x00,0x4c,0x8d,0x84,0x24,0x48,0x0b,0x00,0x00,0x48,0x8d,0x9c,0x24,0x58,0x0b,0x00,0x00,0x48,0x8b,0x2d,0x40,0x26,0x00,0x00,0x48,0x89,0xc1,0x49,0x89,0xd9,0xff,0x55,0x00,0x48,0x8d,0x84,0x24,0x58,0x0b,0x00,0x00,0x48,0x8b,0x0d,0x70,0x25,0x00,0x00,0x48,0x89,0x84,0x24,0xe0,0x0a,0x00,0x00,0x48,0x89,0x8c,0x24,0xb8,0x0a,0x00,0x00,0x48,0x8b,0x84,0x24,0xb8,0x0a,0x00,0x00,0x48,0x8b,0x8c,0x24,0xe0,0x0a,0x00,0x00,0xff,0x10,0x48,0x8d,0x84,0x24,0x48,0x0b,0x00,0x00,0x48,0x8b,0x0d,0x47,0x25,0x00,0x00,0x48,0x89,0x84,0x24,0xd8,0x0a,0x00,0x00,0x48,0x89,0x8c,0x24,0xa0,0x0a,0x00,0x00,0x48,0x8b,0x84,0x24,0xa0,0x0a,0x00,0x00,0x48,0x8b,0x8c,0x24,0xd8,0x0a,0x00,0x00,0xff,0x10,0x48,0x8d,0x84,0x24,0x38,0x0b,0x00,0x00,0x48,0x8b,0x0d,0x16,0x25,0x00,0x00,0x48,0x89,0x84,0x24,0xa8,0x0a,0x00,0x00,0x48,0x89,0x8c,0x24,0x90,0x0a,0x00,0x00,0x48,0x8b,0x84,0x24,0x90,0x0a,0x00,0x00,0x48,0x8b,0x8c,0x24,0xa8,0x0a,0x00,0x00,0xff,0x10,0x48,0x8d,0x84,0x24,0x38,0x0b,0x00,0x00,0x48,0x8d,0x15,0xcd,0x22,0x00,0x00,0x48,0x8b,0x0d,0xb6,0x24,0x00,0x00,0x48,0x89,0x84,0x24,0xb0,0x0a,0x00,0x00,0x48,0x89,0x8c,0x24,0xc0,0x0a,0x00,0x00,0x48,0x8b,0x84,0x24,0xc0,0x0a,0x00,0x00,0x48,0x8b,0x8c,0x24,0xb0,0x0a,0x00,0x00,0xff,0x10,0x48,0x8b,0x15,0xfd,0x24,0x00,0x00,0x48,0x8d,0x84,0x24,0x48,0x0b,0x00,0x00,0x48,0x8b,0x0d,0xf6,0x24,0x00,0x00,0x48,0x89,0x84,0x24,0xc8,0x0a,0x00,0x00,0x48,0x89,0x8c,0x24,0xd0,0x0a,0x00,0x00,0x48,0x8b,0x84,0x24,0xd0,0x0a,0x00,0x00,0x48,0x8b,0x8c,0x24,0xc8,0x0a,0x00,0x00,0x48,0x89,0x94,0x24,0xe8,0x09,0x00,0x00,0xff,0x10,0x48,0x8d,0x84,0x24,0x48,0x0b,0x00,0x00,0x48,0x8b,0x94,0x24,0xe8,0x09,0x00,0x00,0x48,0x8d,0x12,0x4c,0x8d,0x05,0x62,0x22,0x00,0x00,0x48,0x8b,0x0d,0xb3,0x24,0x00,0x00,0x48,0x89,0x84,0x24,0xd8,0x09,0x00,0x00,0x48,0x89,0x8c,0x24,0xb0,0x09,0x00,0x00,0x48,0x8b,0x84,0x24,0xb0,0x09,0x00,0x00,0x48,0x8b,0x8c,0x24,0xd8,0x09,0x00,0x00,0xff,0x10,0x48,0x8b,0x05,0x12,0x24,0x00,0x00,0x48,0x8b,0x1d,0x0b,0x24,0x00,0x00,0x48,0x8d,0x8c,0x24,0x58,0x0b,0x00,0x00,0x48,0x8d,0x10,0x4c,0x8d,0x03,0x48,0x8b,0x05,0xfe,0x23,0x00,0x00,0xff,0x10,0x48,0x8b,0x4c,0x24,0x58,0x48,0x8d,0x01,0x48,0x8d,0x94,0x24,0x38,0x0b,0x00,0x00,0x4c,0x8d,0x84,0x24,0x48,0x0b,0x00,0x00,0x48,0x8d,0x9c,0x24,0x58,0x0b,0x00,0x00,0x48,0x8b,0x2d,0x9d,0x24,0x00,0x00,0x48,0x89,0xc1,0x49,0x89,0xd9,0xff,0x55,0x00,0x48,0x8d,0x84,0x24,0x58,0x0b,0x00,0x00,0x48,0x8b,0x0d,0xcd,0x23,0x00,0x00,0x48,0x89,0x84,0x24,0xd0,0x09,0x00,0x00,0x48,0x89,0x8c,0x24,0xe8,0x08,0x00,0x00,0x48,0x8b,0x84,0x24,0xe8,0x08,0x00,0x00,0x48,0x8b,0x8c,0x24,0xd0,0x09,0x00,0x00,0xff,0x10,0x48,0x8d,0x84,0x24,0x48,0x0b,0x00,0x00,0x48,0x8b,0x0d,0xa4,0x23,0x00,0x00,0x48,0x89,0x84,0x24,0xf0,0x08,0x00,0x00,0x48,0x89,0x8c,0x24,0xd8,0x08,0x00,0x00,0x48,0x8b,0x84,0x24,0xd8,0x08,0x00,0x00,0x48,0x8b,0x8c,0x24,0xf0,0x08,0x00,0x00,0xff,0x10,0x48,0x8d,0x84,0x24,0x38,0x0b,0x00,0x00,0x48,0x8b,0x0d,0x73,0x23,0x00,0x00,0x48,0x89,0x84,0x24,0xf8,0x08,0x00,0x00,0x48,0x89,0x8c,0x24,0x08,0x09,0x00,0x00,0x48,0x8b,0x84,0x24,0x08,0x09,0x00,0x00,0x48,0x8b,0x8c,0x24,0xf8,0x08,0x00,0x00,0xff,0x10,0x48,0x8b,0x4c,0x24,0x58,0x48,0x8d,0x01,0x48,0x8b,0x15,0xaa,0x23,0x00,0x00,0x48,0x89,0xc1,0xff,0x12,0x48,0x8d,0x84,0x24,0x38,0x0b,0x00,0x00,0x48,0x8d,0x15,0x32,0x21,0x00,0x00,0x48,0x8b,0x0d,0xff,0x22,0x00,0x00,0x48,0x89,0x84,0x24,0x10,0x09,0x00,0x00,0x48,0x89,0x8c,0x24,0x18,0x09,0x00,0x00,0x48,0x8b,0x84,0x24,0x18,0x09,0x00,0x00,0x48,0x8b,0x8c,0x24,0x10,0x09,0x00,0x00,0xff,0x10,0x48,0x8b,0x05,0xde,0x22,0x00,0x00,0x48,0x8b,0x15,0xd7,0x22,0x00,0x00,0x48,0x8d,0x8c,0x24,0x48,0x0b,0x00,0x00,0x48,0x8d,0x00,0x4c,0x8d,0x02,0x48,0x8b,0x15,0xca,0x22,0x00,0x00,0x48,0x89,0x84,0x24,0xe0,0x08,0x00,0x00,0x48,0x89,0x94,0x24,0xd0,0x08,0x00,0x00,0x48,0x8b,0x84,0x24,0xd0,0x08,0x00,0x00,0x48,0x8b,0x94,0x24,0xe0,0x08,0x00,0x00,0xff,0x10,0x48,0x8d,0x84,0x24,0x50,0x0b,0x00,0x00,0x48,0x8d,0x0d,0xc9,0x20,0x00,0x00,0x4c,0x8d,0x05,0xc2,0x20,0x00,0x00,0x48,0x8d,0x15,0xbb,0x20,0x00,0x00,0x48,0x8d,0x1d,0xb4,0x20,0x00,0x00,0x48,0x8b,0x2d,0x4d,0x23,0x00,0x00,0x48,0x89,0x5c,0x24,0x20,0x48,0x89,0x8c,0x24,0xa8,0x08,0x00,0x00,0x48,0x89,0x94,0x24,0xc8,0x08,0x00,0x00,0x48,0x89,0xc1,0x48,0x8b,0x94,0x24,0xa8,0x08,0x00,0x00,0x4c,0x8b,0x8c,0x24,0xc8,0x08,0x00,0x00,0xff,0x55,0x00,0x48,0x8b,0x4c,0x24,0x58,0x48,0x8d,0x01,0x48,0x8d,0x94,0x24,0x38,0x0b,0x00,0x00,0x4c,0x8d,0x81,0xa0,0x07,0x00,0x00,0x48,0x8d,0x9c,0x24,0x48,0x0b,0x00,0x00,0x48,0x8d,0xac,0x24,0x50,0x0b,0x00,0x00,0x48,0x8d,0x35,0x5c,0x20,0x00,0x00,0x48,0x8b,0x3d,0xf5,0x22,0x00,0x00,0x48,0x89,0x6c,0x24,0x20,0x48,0x89,0x74,0x24,0x28,0x48,0x89,0xc1,0x49,0x89,0xd9,0xff,0x17,0x48,0x8d,0x84,0x24,0x50,0x0b,0x00,0x00,0x48,0x8b,0x0d,0xdc,0x22,0x00,0x00,0x48,0x89,0x84,0x24,0x90,0x08,0x00,0x00,0x48,0x89,0x8c,0x24,0x98,0x08,0x00,0x00,0x48,0x8b,0x84,0x24,0x98,0x08,0x00,0x00,0x48,0x8b,0x8c,0x24,0x90,0x08,0x00,0x00,0xff,0x10,0x48,0x8d,0x84,0x24,0x48,0x0b,0x00,0x00,0x48,0x8b,0x0d,0xdb,0x21,0x00,0x00,0x48,0x89,0x84,0x24,0x80,0x08,0x00,0x00,0x48,0x89,0x8c,0x24,0xa0,0x08,0x00,0x00,0x48,0x8b,0x84,0x24,0xa0,0x08,0x00,0x00,0x48,0x8b,0x8c,0x24,0x80,0x08,0x00,0x00,0xff,0x10,0x48,0x8d,0x84,0x24,0x38,0x0b,0x00,0x00,0x48,0x8b,0x0d,0xb2,0x21,0x00,0x00,0x48,0x89,0x84,0x24,0xb0,0x08,0x00,0x00,0x48,0x89,0x8c,0x24,0xb8,0x08,0x00,0x00,0x48,0x8b,0x84,0x24,0xb8,0x08,0x00,0x00,0x48,0x8b,0x8c,0x24,0xb0,0x08,0x00,0x00,0xff,0x10,0x48,0x8b,0x4c,0x24,0x58,0x48,0x8d,0x01,0x48,0x8b,0x15,0xe9,0x21,0x00,0x00,0x48,0x89,0xc1,0xff,0x12,0x48,0x8b,0x4c,0x24,0x58,0x48,0x8d,0x01,0x48,0x8b,0x15,0xd5,0x21,0x00,0x00,0x48,0x89,0xc1,0xff,0x12,0x48,0x8d,0x84,0x24,0x38,0x0b,0x00,0x00,0x48,0x8d,0x15,0x81,0x1f,0x00,0x00,0x48,0x8b,0x0d,0x2a,0x21,0x00,0x00,0x48,0x89,0x84,0x24,0xc0,0x08,0x00,0x00,0x48,0x89,0x8c,0x24,0x20,0x09,0x00,0x00,0x48,0x8b,0x84,0x24,0x20,0x09,0x00,0x00,0x48,0x8b,0x8c,0x24,0xc0,0x08,0x00,0x00,0xff,0x10,0x48,0x8b,0x05,0xf1,0x20,0x00,0x00,0x48,0x8b,0x4c,0x24,0x58,0x48,0x8d,0x11,0x48,0x8d,0x9c,0x24,0x38,0x0b,0x00,0x00,0x4c,0x8d,0x05,0xea,0x1d,0x00,0x00,0x48,0x8d,0x00,0x48,0x8b,0x2d,0x90,0x21,0x00,0x00,0x48,0x89,0x94,0x24,0x00,0x09,0x00,0x00,0x48,0x8b,0x8c,0x24,0x00,0x09,0x00,0x00,0x48,0x89,0xda,0x49,0x89,0xc1,0xff,0x55,0x00,0x48,0x8d,0x84,0x24,0x38,0x0b,0x00,0x00,0x48,0x8b,0x0d,0xe0,0x20,0x00,0x00,0x48,0x89,0x84,0x24,0x28,0x09,0x00,0x00,0x48,0x89,0x8c,0x24,0x38,0x09,0x00,0x00,0x48,0x8b,0x84,0x24,0x38,0x09,0x00,0x00,0x48,0x8b,0x8c,0x24,0x28,0x09,0x00,0x00,0xff,0x10,0x48,0x8d,0x84,0x24,0x38,0x0b,0x00,0x00,0x48,0x8d,0x15,0xf6,0x1e,0x00,0x00,0x48,0x8b,0x0d,0x80,0x20,0x00,0x00,0x48,0x89,0x84,0x24,0x98,0x09,0x00,0x00,0x48,0x89,0x8c,0x24,0xa0,0x09,0x00,0x00,0x48,0x8b,0x84,0x24,0xa0,0x09,0x00,0x00,0x48,0x8b,0x8c,0x24,0x98,0x09,0x00,0x00,0xff,0x10,0x48,0x8b,0x05,0x5f,0x20,0x00,0x00,0x48,0x8b,0x15,0x58,0x20,0x00,0x00,0x48,0x8d,0x8c,0x24,0x48,0x0b,0x00,0x00,0x48,0x8d,0x00,0x4c,0x8d,0x02,0x48,0x8b,0x15,0x4b,0x20,0x00,0x00,0x48,0x89,0x84,0x24,0x88,0x09,0x00,0x00,0x48,0x89,0x94,0x24,0xa8,0x09,0x00,0x00,0x48,0x8b,0x84,0x24,0xa8,0x09,0x00,0x00,0x48,0x8b,0x94,0x24,0x88,0x09,0x00,0x00,0xff,0x10,0x48,0x8d,0x84,0x24,0x50,0x0b,0x00,0x00,0x48,0x8d,0x15,0x0a,0x1d,0x00,0x00,0x4c,0x8d,0x05,0x03,0x1d,0x00,0x00,0x48,0x8b,0x0d,0x0c,0x20,0x00,0x00,0x48,0x89,0x84,0x24,0xb8,0x09,0x00,0x00,0x48,0x89,0x8c,0x24,0xc0,0x09,0x00,0x00,0x48,0x8b,0x84,0x24,0xc0,0x09,0x00,0x00,0x48,0x8b,0x8c,0x24,0xb8,0x09,0x00,0x00,0xff,0x10,0x48,0x8b,0x4c,0x24,0x58,0x48,0x8d,0x01,0x48,0x8d,0x94,0x24,0x38,0x0b,0x00,0x00,0x4c,0x8d,0x84,0x24,0x48,0x0b,0x00,0x00,0x48,0x8d,0x1d,0xc7,0x1c,0x00,0x00,0x48,0x8d,0x35,0xd0,0x1c,0x00,0x00,0x48,0x8d,0x2d,0x41,0x1d,0x00,0x00,0x48,0x8d,0xbc,0x24,0x50,0x0b,0x00,0x00,0x4c,0x8d,0x0d,0x9e,0x1c,0x00,0x00,0x4c,0x8b,0x15,0xef,0x1f,0x00,0x00,0x48,0x89,0x74,0x24,0x20,0x48,0x89,0x6c,0x24,0x28,0x48,0x89,0x7c,0x24,0x30,0x4c,0x89,0x4c,0x24,0x38,0x48,0x89,0xc1,0x49,0x89,0xd9,0x41,0xff,0x12,0x48,0x8d,0x84,0x24,0x50,0x0b,0x00,0x00,0x48,0x8b,0x0d,0x8b,0x1f,0x00,0x00,0x48,0x89,0x84,0x24,0xc8,0x09,0x00,0x00,0x48,0x89,0x8c,0x24,0x90,0x09,0x00,0x00,0x48,0x8b,0x84,0x24,0x90,0x09,0x00,0x00,0x48,0x8b,0x8c,0x24,0xc8,0x09,0x00,0x00,0xff,0x10,0x48,0x8d,0x84,0x24,0x48,0x0b,0x00,0x00,0x48,0x8b,0x0d,0x5a,0x1f,0x00,0x00,0x48,0x89,0x84,0x24,0x80,0x09,0x00,0x00,0x48,0x89,0x8c,0x24,0x58,0x09,0x00,0x00,0x48,0x8b,0x84,0x24,0x58,0x09,0x00,0x00,0x48,0x8b,0x8c,0x24,0x80,0x09,0x00,0x00,0xff,0x10,0x48,0x8d,0x84,0x24,0x38,0x0b,0x00,0x00,0x48,0x8b,0x0d,0x31,0x1f,0x00,0x00,0x48,0x89,0x84,0x24,0x78,0x09,0x00,0x00,0x48,0x89,0x8c,0x24,0x40,0x09,0x00,0x00,0x48,0x8b,0x84,0x24,0x40,0x09,0x00,0x00,0x48,0x8b,0x8c,0x24,0x78,0x09,0x00,0x00,0xff,0x10,0x48,0x8d,0x84,0x24,0x40,0x0b,0x00,0x00,0x48,0x8d,0x15,0x5b,0x1d,0x00,0x00,0x48,0x8b,0x0d,0xd1,0x1e,0x00,0x00,0x48,0x89,0x84,0x24,0x48,0x09,0x00,0x00,0x48,0x89,0x8c,0x24,0x30,0x09,0x00,0x00,0x48,0x8b,0x84,0x24,0x30,0x09,0x00,0x00,0x48,0x8b,0x8c,0x24,0x48,0x09,0x00,0x00,0xff,0x10,0x48,0x8b,0x15,0x18,0x1f,0x00,0x00,0x48,0x8d,0x84,0x24,0x50,0x0b,0x00,0x00,0x48,0x8b,0x0d,0x11,0x1f,0x00,0x00,0x48,0x89,0x84,0x24,0x50,0x09,0x00,0x00,0x48,0x89,0x8c,0x24,0x60,0x09,0x00,0x00,0x48,0x8b,0x84,0x24,0x60,0x09,0x00,0x00,0x48,0x8b,0x8c,0x24,0x50,0x09,0x00,0x00,0x48,0x89,0x94,0x24,0x68,0x09,0x00,0x00,0xff,0x10,0x48,0x8d,0x84,0x24,0x50,0x0b,0x00,0x00,0x48,0x8b,0x94,0x24,0x68,0x09,0x00,0x00,0x48,0x8d,0x12,0x4c,0x8d,0x05,0xf5,0x1c,0x00,0x00,0x48,0x8b,0x0d,0xce,0x1e,0x00,0x00,0x48,0x89,0x84,0x24,0x70,0x09,0x00,0x00,0x48,0x89,0x8c,0x24,0xd0,0x05,0x00,0x00,0x48,0x8b,0x84,0x24,0xd0,0x05,0x00,0x00,0x48,0x8b,0x8c,0x24,0x70,0x09,0x00,0x00,0xff,0x10,0x48,0x8b,0x05,0x2d,0x1e,0x00,0x00,0x48,0x8b,0x1d,0x7e,0x1e,0x00,0x00,0x48,0x8d,0x8c,0x24,0x60,0x0b,0x00,0x00,0x48,0x8d,0x10,0x4c,0x8d,0x03,0x48,0x8b,0x05,0x19,0x1e,0x00,0x00,0xff,0x10,0x4c,0x8b,0x8c,0x24,0x90,0x07,0x00,0x00,0x41,0x8b,0x41,0x04,0x3b,0x05,0xf5,0x1a,0x00,0x00,0x0f,0x94,0xc0,0x48,0x8d,0x8c,0x24,0x38,0x0b,0x00,0x00,0x48,0x89,0x8c,0x24,0xc0,0x05,0x00,0x00,0x48,0x8b,0x4c,0x24,0x58,0x48,0x8d,0x11,0x4c,0x8d,0x84,0x24,0x40,0x0b,0x00,0x00,0x48,0x8d,0x9c,0x24,0x50,0x0b,0x00,0x00,0x48,0x8d,0xac,0x24,0x60,0x0b,0x00,0x00,0x48,0x8d,0xb1,0x70,0x04,0x00,0x00,0x48,0x8d,0x3d,0xa5,0x1a,0x00,0x00,0x88,0x84,0x24,0x68,0x0b,0x00,0x00,0x48,0x8d,0x84,0x24,0x68,0x0b,0x00,0x00,0x4c,0x8b,0x15,0x56,0x1e,0x00,0x00,0x48,0x89,0x6c,0x24,0x20,0x48,0x89,0x74,0x24,0x28,0x48,0x89,0x7c,0x24,0x30,0x48,0x89,0x44,0x24,0x38,0x48,0x8b,0x8c,0x24,0xc0,0x05,0x00,0x00,0x49,0x89,0xd9,0x41,0xff,0x12,0x8a,0x94,0x24,0x38,0x0b,0x00,0x00,0x48,0x8d,0x84,0x24,0x60,0x0b,0x00,0x00,0x48,0x8b,0x0d,0x86,0x1d,0x00,0x00,0x48,0x89,0x84,0x24,0x98,0x05,0x00,0x00,0x48,0x89,0x8c,0x24,0xb8,0x05,0x00,0x00,0x48,0x8b,0x84,0x24,0xb8,0x05,0x00,0x00,0x48,0x8b,0x8c,0x24,0x98,0x05,0x00,0x00,0x88,0x94,0x24,0x10,0x02,0x00,0x00,0xff,0x10,0x48,0x8d,0x84,0x24,0x50,0x0b,0x00,0x00,0x48,0x8b,0x0d,0x56,0x1d,0x00,0x00,0x48,0x89,0x84,0x24,0x18,0x02,0x00,0x00,0x48,0x89,0x8c,0x24,0x00,0x02,0x00,0x00,0x48,0x8b,0x84,0x24,0x00,0x02,0x00,0x00,0x48,0x8b,0x8c,0x24,0x18,0x02,0x00,0x00,0xff,0x10,0x48,0x8d,0x84,0x24,0x40,0x0b,0x00,0x00,0x48,0x8b,0x0d,0x25,0x1d,0x00,0x00,0x48,0x89,0x84,0x24,0x20,0x02,0x00,0x00,0x48,0x89,0x8c,0x24,0x30,0x02,0x00,0x00,0x48,0x8b,0x84,0x24,0x30,0x02,0x00,0x00,0x48,0x8b,0x8c,0x24,0x20,0x02,0x00,0x00,0xff,0x10,0x80,0xbc,0x24,0x10,0x02,0x00,0x00,0x00,0x0f,0x84,0xdf,0x00,0x00,0x00,0x48,0x8d,0x84,0x24,0x38,0x0b,0x00,0x00,0x48,0x8b,0x4c,0x24,0x58,0x48,0x8d,0x11,0x48,0x8b,0x1d,0xae,0x1d,0x00,0x00,0x48,0x89,0xc1,0xff,0x13,0x8a,0x84,0x24,0x38,0x0b,0x00,0x00,0x3c,0x00,0x0f,0x84,0x17,0x00,0x00,0x00,0x8b,0x05,0xa8,0x19,0x00,0x00,0x4c,0x8b,0x8c,0x24,0x90,0x07,0x00,0x00,0x41,0x89,0x41,0x04,0xe9,0x00,0x00,0x00,0x00,0x48,0x8d,0x84,0x24,0x38,0x0b,0x00,0x00,0x48,0x8b,0x4c,0x24,0x58,0x48,0x8d,0x11,0x48,0x8b,0x1d,0x34,0x1d,0x00,0x00,0x48,0x89,0xc1,0xff,0x13,0x8a,0x84,0x24,0x38,0x0b,0x00,0x00,0x3c,0x00,0x0f,0x84,0x17,0x00,0x00,0x00,0x8b,0x05,0x76,0x19,0x00,0x00,0x4c,0x8b,0x8c,0x24,0x90,0x07,0x00,0x00,0x41,0x89,0x41,0x04,0xe9,0x00,0x00,0x00,0x00,0x48,0x8d,0x84,0x24,0x38,0x0b,0x00,0x00,0x48,0x8b,0x4c,0x24,0x58,0x48,0x8d,0x11,0x48,0x8b,0x1d,0xfa,0x1c,0x00,0x00,0x48,0x89,0xc1,0xff,0x13,0x8a,0x84,0x24,0x38,0x0b,0x00,0x00,0x3c,0x00,0x0f,0x84,0x2b,0x00,0x00,0x00,0x48,0x8b,0x4c,0x24,0x58,0x48,0x8d,0x01,0x4c,0x8b,0x8c,0x24,0x90,0x07,0x00,0x00,0x49,0x8d,0x11,0x4c,0x8d,0x05,0x04,0x19,0x00,0x00,0x48,0x8b,0x1d,0xcd,0x1c,0x00,0x00,0x48,0x89,0xc1,0xff,0x13,0xe9,0x00,0x00,0x00,0x00,0xe9,0x00,0x00,0x00,0x00,0x48,0x8d,0x84,0x24,0x38,0x0b,0x00,0x00,0x48,0x8d,0x15,0x83,0x1a,0x00,0x00,0x48,0x8b,0x0d,0xd8,0x1b,0x00,0x00,0x48,0x89,0x84,0x24,0x38,0x02,0x00,0x00,0x48,0x89,0x8c,0x24,0x40,0x02,0x00,0x00,0x48,0x8b,0x84,0x24,0x40,0x02,0x00,0x00,0x48,0x8b,0x8c,0x24,0x38,0x02,0x00,0x00,0xff,0x10,0x48,0x8b,0x05,0xb7,0x1b,0x00,0x00,0x48,0x8d,0x8c,0x24,0x48,0x0b,0x00,0x00,0x48,0x8d,0x10,0x4c,0x8d,0x84,0x24,0x30,0x0b,0x00,0x00,0x48,0x8b,0x05,0xa5,0x1b,0x00,0x00,0xff,0x10,0x48,0x8d,0x84,0x24,0x50,0x0b,0x00,0x00,0x48,0x8b,0x0d,0xec,0x1b,0x00,0x00,0x48,0x89,0x84,0x24,0x08,0x02,0x00,0x00,0x48,0x89,0x8c,0x24,0xf8,0x01,0x00,0x00,0x48,0x8b,0x84,0x24,0xf8,0x01,0x00,0x00,0x48,0x8b,0x8c,0x24,0x08,0x02,0x00,0x00,0xff,0x10,0x48,0x8b,0x4c,0x24,0x58,0x48,0x8d,0x01,0x48,0x8d,0x94,0x24,0x38,0x0b,0x00,0x00,0x4c,0x8d,0x84,0x24,0x48,0x0b,0x00,0x00,0x48,0x8d,0x1d,0x4f,0x18,0x00,0x00,0x48,0x8d,0x35,0x48,0x18,0x00,0x00,0x48,0x8d,0x2d,0x35,0x18,0x00,0x00,0x48,0x8d,0xbc,0x24,0x50,0x0b,0x00,0x00,0x4c,0x8d,0x0d,0x32,0x18,0x00,0x00,0x4c,0x8b,0x15,0x77,0x1b,0x00,0x00,0x48,0x89,0x74,0x24,0x20,0x48,0x89,0x6c,0x24,0x28,0x48,0x89,0x7c,0x24,0x30,0x4c,0x89,0x4c,0x24,0x38,0x48,0x89,0xc1,0x49,0x89,0xd9,0x41,0xff,0x12,0x48,0x8d,0x84,0x24,0x50,0x0b,0x00,0x00,0x48,0x8b,0x0d,0x13,0x1b,0x00,0x00,0x48,0x89,0x84,0x24,0xd0,0x01,0x00,0x00,0x48,0x89,0x8c,0x24,0xf0,0x01,0x00,0x00,0x48,0x8b,0x84,0x24,0xf0,0x01,0x00,0x00,0x48,0x8b,0x8c,0x24,0xd0,0x01,0x00,0x00,0xff,0x10,0x48,0x8d,0x84,0x24,0x48,0x0b,0x00,0x00,0x48,0x8b,0x0d,0xe2,0x1a,0x00,0x00,0x48,0x89,0x84,0x24,0xb8,0x01,0x00,0x00,0x48,0x89,0x8c,0x24,0xc0,0x01,0x00,0x00,0x48,0x8b,0x84,0x24,0xc0,0x01,0x00,0x00,0x48,0x8b,0x8c,0x24,0xb8,0x01,0x00,0x00,0xff,0x10,0x48,0x8d,0x84,0x24,0x38,0x0b,0x00,0x00,0x48,0x8b,0x0d,0xb9,0x1a,0x00,0x00,0x48,0x89,0x84,0x24,0xa8,0x01,0x00,0x00,0x48,0x89,0x8c,0x24,0xc8,0x01,0x00,0x00,0x48,0x8b,0x84,0x24,0xc8,0x01,0x00,0x00,0x48,0x8b,0x8c,0x24,0xa8,0x01,0x00,0x00,0xff,0x10,0x48,0x8d,0x84,0x24,0x38,0x0b,0x00,0x00,0x48,0x8d,0x15,0x24,0x19,0x00,0x00,0x48,0x8b,0x0d,0x59,0x1a,0x00,0x00,0x48,0x89,0x84,0x24,0xd8,0x01,0x00,0x00,0x48,0x89,0x8c,0x24,0xe0,0x01,0x00,0x00,0x48,0x8b,0x84,0x24,0xe0,0x01,0x00,0x00,0x48,0x8b,0x8c,0x24,0xd8,0x01,0x00,0x00,0xff,0x10,0x48,0x8b,0x15,0xa0,0x1a,0x00,0x00,0x48,0x8d,0x84,0x24,0x48,0x0b,0x00,0x00,0x48,0x8b,0x0d,0x99,0x1a,0x00,0x00,0x48,0x89,0x84,0x24,0xe8,0x01,0x00,0x00,0x48,0x89,0x8c,0x24,0x48,0x02,0x00,0x00,0x48,0x8b,0x84,0x24,0x48,0x02,0x00,0x00,0x48,0x8b,0x8c,0x24,0xe8,0x01,0x00,0x00,0x48,0x89,0x94,0x24,0x28,0x02,0x00,0x00,0xff,0x10,0x48,0x8d,0x84,0x24,0x48,0x0b,0x00,0x00,0x48,0x8b,0x94,0x24,0x28,0x02,0x00,0x00,0x48,0x8d,0x12,0x4c,0x8d,0x05,0xb5,0x18,0x00,0x00,0x48,0x8b,0x0d,0x56,0x1a,0x00,0x00,0x48,0x89,0x84,0x24,0x50,0x02,0x00,0x00,0x48,0x89,0x8c,0x24,0x60,0x02,0x00,0x00,0x48,0x8b,0x84,0x24,0x60,0x02,0x00,0x00,0x48,0x8b,0x8c,0x24,0x50,0x02,0x00,0x00,0xff,0x10,0x48,0x8b,0x4c,0x24,0x58,0x48,0x8d,0x01,0x48,0x8d,0x94,0x24,0x38,0x0b,0x00,0x00,0x4c,0x8d,0x84,0x24,0x48,0x0b,0x00,0x00,0x48,0x8b,0x1d,0x1d,0x1a,0x00,0x00,0x48,0x89,0xc1,0xff,0x13,0x48,0x8d,0x84,0x24,0x48,0x0b,0x00,0x00,0x48,0x8b,0x0d,0xa9,0x19,0x00,0x00,0x48,0x89,0x84,0x24,0xc0,0x02,0x00,0x00,0x48,0x89,0x8c,0x24,0xc8,0x02,0x00,0x00,0x48,0x8b,0x84,0x24,0xc8,0x02,0x00,0x00,0x48,0x8b,0x8c,0x24,0xc0,0x02,0x00,0x00,0xff,0x10,0x48,0x8d,0x84,0x24,0x38,0x0b,0x00,0x00,0x48,0x8b,0x0d,0x78,0x19,0x00,0x00,0x48,0x89,0x84,0x24,0xb0,0x02,0x00,0x00,0x48,0x89,0x8c,0x24,0xd0,0x02,0x00,0x00,0x48,0x8b,0x84,0x24,0xd0,0x02,0x00,0x00,0x48,0x8b,0x8c,0x24,0xb0,0x02,0x00,0x00,0xff,0x10,0x48,0x8d,0x84,0x24,0x38,0x0b,0x00,0x00,0x48,0x8d,0x15,0xfb,0x17,0x00,0x00,0x48,0x8b,0x0d,0x18,0x19,0x00,0x00,0x48,0x89,0x84,0x24,0xe0,0x02,0x00,0x00,0x48,0x89,0x8c,0x24,0xe8,0x02,0x00,0x00,0x48,0x8b,0x84,0x24,0xe8,0x02,0x00,0x00,0x48,0x8b,0x8c,0x24,0xe0,0x02,0x00,0x00,0xff,0x10,0x48,0x8b,0x15,0x5f,0x19,0x00,0x00,0x48,0x8d,0x84,0x24,0x48,0x0b,0x00,0x00,0x48,0x8b,0x0d,0x58,0x19,0x00,0x00,0x48,0x89,0x84,0x24,0xf0,0x02,0x00,0x00,0x48,0x89,0x8c,0x24,0xb8,0x02,0x00,0x00,0x48,0x8b,0x84,0x24,0xb8,0x02,0x00,0x00,0x48,0x8b,0x8c,0x24,0xf0,0x02,0x00,0x00,0x48,0x89,0x94,0x24,0xa8,0x02,0x00,0x00,0xff,0x10,0x48,0x8d,0x84,0x24,0x48,0x0b,0x00,0x00,0x48,0x8b,0x94,0x24,0xa8,0x02,0x00,0x00,0x48,0x8d,0x12,0x4c,0x8d,0x05,0x94,0x17,0x00,0x00,0x48,0x8b,0x0d,0x15,0x19,0x00,0x00,0x48,0x89,0x84,0x24,0x80,0x02,0x00,0x00,0x48,0x89,0x8c,0x24,0xa0,0x02,0x00,0x00,0x48,0x8b,0x84,0x24,0xa0,0x02,0x00,0x00,0x48,0x8b,0x8c,0x24,0x80,0x02,0x00,0x00,0xff,0x10,0x48,0x8b,0x05,0x74,0x18,0x00,0x00,0x48,0x8d,0x8c,0x24,0x58,0x0b,0x00,0x00,0x48,0x8d,0x10,0x4c,0x8d,0x84,0x24,0x34,0x0b,0x00,0x00,0x48,0x8b,0x05,0x62,0x18,0x00,0x00,0xff,0x10,0x48,0x8b,0x4c,0x24,0x58,0x48,0x8d,0x01,0x48,0x8d,0x94,0x24,0x38,0x0b,0x00,0x00,0x4c,0x8d,0x84,0x24,0x48,0x0b,0x00,0x00,0x48,0x8d,0x9c,0x24,0x58,0x0b,0x00,0x00,0x48,0x8b,0x2d,0x01,0x19,0x00,0x00,0x48,0x89,0xc1,0x49,0x89,0xd9,0xff,0x55,0x00,0x48,0x8d,0x84,0x24,0x58,0x0b,0x00,0x00,0x48,0x8b,0x0d,0x31,0x18,0x00,0x00,0x48,0x89,0x84,0x24,0x68,0x02,0x00,0x00,0x48,0x89,0x8c,0x24,0x70,0x02,0x00,0x00,0x48,0x8b,0x84,0x24,0x70,0x02,0x00,0x00,0x48,0x8b,0x8c,0x24,0x68,0x02,0x00,0x00,0xff,0x10,0x48,0x8d,0x84,0x24,0x48,0x0b,0x00,0x00,0x48,0x8b,0x0d,0x08,0x18,0x00,0x00,0x48,0x89,0x84,0x24,0x58,0x02,0x00,0x00,0x48,0x89,0x8c,0x24,0x78,0x02,0x00,0x00,0x48,0x8b,0x84,0x24,0x78,0x02,0x00,0x00,0x48,0x8b,0x8c,0x24,0x58,0x02,0x00,0x00,0xff,0x10,0x48,0x8d,0x84,0x24,0x38,0x0b,0x00,0x00,0x48,0x8b,0x0d,0xd7,0x17,0x00,0x00,0x48,0x89,0x84,0x24,0x88,0x02,0x00,0x00,0x48,0x89,0x8c,0x24,0x90,0x02,0x00,0x00,0x48,0x8b,0x84,0x24,0x90,0x02,0x00,0x00,0x48,0x8b,0x8c,0x24,0x88,0x02,0x00,0x00,0xff,0x10,0x48,0x8d,0x84,0x24,0x38,0x0b,0x00,0x00,0x48,0x8d,0x15,0x8e,0x15,0x00,0x00,0x48,0x8b,0x0d,0x77,0x17,0x00,0x00,0x48,0x89,0x84,0x24,0x98,0x02,0x00,0x00,0x48,0x89,0x8c,0x24,0xb0,0x01,0x00,0x00,0x48,0x8b,0x84,0x24,0xb0,0x01,0x00,0x00,0x48,0x8b,0x8c,0x24,0x98,0x02,0x00,0x00,0xff,0x10,0x48,0x8b,0x15,0xbe,0x17,0x00,0x00,0x48,0x8d,0x84,0x24,0x48,0x0b,0x00,0x00,0x48,0x8b,0x0d,0xb7,0x17,0x00,0x00,0x48,0x89,0x84,0x24,0xa0,0x01,0x00,0x00,0x48,0x89,0x8c,0x24,0x78,0x01,0x00,0x00,0x48,0x8b,0x84,0x24,0x78,0x01,0x00,0x00,0x48,0x8b,0x8c,0x24,0xa0,0x01,0x00,0x00,0x48,0x89,0x94,0x24,0x98,0x01,0x00,0x00,0xff,0x10,0x48,0x8d,0x84,0x24,0x48,0x0b,0x00,0x00,0x48,0x8b,0x94,0x24,0x98,0x01,0x00,0x00,0x48,0x8d,0x12,0x4c,0x8d,0x05,0x23,0x15,0x00,0x00,0x48,0x8b,0x0d,0x74,0x17,0x00,0x00,0x48,0x89,0x84,0x24,0xb0,0x00,0x00,0x00,0x48,0x89,0x8c,0x24,0xb8,0x00,0x00,0x00,0x48,0x8b,0x84,0x24,0xb8,0x00,0x00,0x00,0x48,0x8b,0x8c,0x24,0xb0,0x00,0x00,0x00,0xff,0x10,0x48,0x8b,0x15,0xd3,0x16,0x00,0x00,0x48,0x8b,0x05,0xcc,0x16,0x00,0x00,0x48,0x8d,0x8c,0x24,0x58,0x0b,0x00,0x00,0x48,0x8d,0x12,0x4c,0x8d,0x00,0x48,0x8b,0x05,0xbf,0x16,0x00,0x00,0xff,0x10,0x48,0x8b,0x4c,0x24,0x58,0x48,0x8d,0x01,0x48,0x8d,0x94,0x24,0x38,0x0b,0x00,0x00,0x4c,0x8d,0x84,0x24,0x48,0x0b,0x00,0x00,0x48,0x8d,0x9c,0x24,0x58,0x0b,0x00,0x00,0x48,0x8b,0x2d,0x5e,0x17,0x00,0x00,0x48,0x89,0xc1,0x49,0x89,0xd9,0xff,0x55,0x00,0x48,0x8d,0x84,0x24,0x58,0x0b,0x00,0x00,0x48,0x8b,0x0d,0x8e,0x16,0x00,0x00,0x48,0x89,0x84,0x24,0xa0,0x00,0x00,0x00,0x48,0x89,0x8c,0x24,0xc0,0x00,0x00,0x00,0x48,0x8b,0x84,0x24,0xc0,0x00,0x00,0x00,0x48,0x8b,0x8c,0x24,0xa0,0x00,0x00,0x00,0xff,0x10,0x48,0x8d,0x84,0x24,0x48,0x0b,0x00,0x00,0x48,0x8b,0x0d,0x65,0x16,0x00,0x00,0x48,0x89,0x84,0x24,0xd0,0x00,0x00,0x00,0x48,0x89,0x8c,0x24,0xd8,0x00,0x00,0x00,0x48,0x8b,0x84,0x24,0xd8,0x00,0x00,0x00,0x48,0x8b,0x8c,0x24,0xd0,0x00,0x00,0x00,0xff,0x10,0x48,0x8d,0x84,0x24,0x38,0x0b,0x00,0x00,0x48,0x8b,0x0d,0x34,0x16,0x00,0x00,0x48,0x89,0x84,0x24,0xe0,0x00,0x00,0x00,0x48,0x89,0x8c,0x24,0xa8,0x00,0x00,0x00,0x48,0x8b,0x84,0x24,0xa8,0x00,0x00,0x00,0x48,0x8b,0x8c,0x24,0xe0,0x00,0x00,0x00,0xff,0x10,0x48,0x8b,0x4c,0x24,0x58,0x48,0x8d,0x01,0x48,0x8b,0x15,0x6b,0x16,0x00,0x00,0x48,0x89,0xc1,0xff,0x12,0x48,0x8d,0x84,0x24,0x38,0x0b,0x00,0x00,0x48,0x8d,0x15,0xc3,0x14,0x00,0x00,0x48,0x8b,0x0d,0xc0,0x15,0x00,0x00,0x48,0x89,0x84,0x24,0x98,0x00,0x00,0x00,0x48,0x89,0x4c,0x24,0x78,0x48,0x8b,0x44,0x24,0x78,0x48,0x8b,0x8c,0x24,0x98,0x00,0x00,0x00,0xff,0x10,0x48,0x8b,0x05,0xa5,0x15,0x00,0x00,0x48,0x8b,0x15,0x9e,0x15,0x00,0x00,0x48,0x8d,0x8c,0x24,0x48,0x0b,0x00,0x00,0x48,0x8d,0x00,0x4c,0x8d,0x02,0x48,0x8b,0x15,0x91,0x15,0x00,0x00,0x48,0x89,0x84,0x24,0x90,0x00,0x00,0x00,0x48,0x89,0x54,0x24,0x60,0x48,0x8b,0x44,0x24,0x60,0x48,0x8b,0x94,0x24,0x90,0x00,0x00,0x00,0xff,0x10,0x48,0x8d,0x84,0x24,0x50,0x0b,0x00,0x00,0x48,0x8d,0x15,0x96,0x13,0x00,0x00,0x4c,0x8d,0x05,0x8f,0x13,0x00,0x00,0x48,0x8d,0x0d,0x88,0x13,0x00,0x00,0x48,0x8d,0x1d,0x81,0x13,0x00,0x00,0x48,0x8b,0x2d,0x1a,0x16,0x00,0x00,0x48,0x89,0x5c,0x24,0x20,0x48,0x89,0x4c,0x24,0x68,0x48,0x89,0xc1,0x4c,0x8b,0x4c,0x24,0x68,0xff,0x55,0x00,0x48,0x8b,0x4c,0x24,0x58,0x48,0x8d,0x01,0x48,0x8d,0x94,0x24,0x38,0x0b,0x00,0x00,0x4c,0x8d,0x81,0xa8,0x07,0x00,0x00,0x48,0x8d,0x9c,0x24,0x48,0x0b,0x00,0x00,0x48,0x8d,0xac,0x24,0x50,0x0b,0x00,0x00,0x48,0x8d,0x35,0x3f,0x13,0x00,0x00,0x48,0x8b,0x3d,0xd8,0x15,0x00,0x00,0x48,0x89,0x6c,0x24,0x20,0x48,0x89,0x74,0x24,0x28,0x48,0x89,0xc1,0x49,0x89,0xd9,0xff,0x17,0x48,0x8d,0x84,0x24,0x50,0x0b,0x00,0x00,0x48,0x8b,0x0d,0xbf,0x15,0x00,0x00,0x48,0x89,0x44,0x24,0x50,0x48,0x89,0x4c,0x24,0x70,0x48,0x8b,0x44,0x24,0x70,0x48,0x8b,0x4c,0x24,0x50,0xff,0x10,0x48,0x8d,0x84,0x24,0x48,0x0b,0x00,0x00,0x48,0x8b,0x0d,0xca,0x14,0x00,0x00,0x48,0x89,0x84,0x24,0x80,0x00,0x00,0x00,0x48,0x89,0x8c,0x24,0x88,0x00,0x00,0x00,0x48,0x8b,0x84,0x24,0x88,0x00,0x00,0x00,0x48,0x8b,0x8c,0x24,0x80,0x00,0x00,0x00,0xff,0x10,0x48,0x8d,0x84,0x24,0x38,0x0b,0x00,0x00,0x48,0x8b,0x0d,0xa1,0x14,0x00,0x00,0x48,0x89,0x84,0x24,0xe8,0x00,0x00,0x00,0x48,0x89,0x8c,0x24,0xc8,0x00,0x00,0x00,0x48,0x8b,0x84,0x24,0xc8,0x00,0x00,0x00,0x48,0x8b,0x8c,0x24,0xe8,0x00,0x00,0x00,0xff,0x10,0x48,0x8b,0x4c,0x24,0x58,0x48,0x8d,0x01,0x48,0x8b,0x15,0xd8,0x14,0x00,0x00,0x48,0x89,0xc1,0xff,0x12,0x48,0x8b,0x4c,0x24,0x58,0x48,0x8d,0x01,0x48,0x8b,0x15,0xc4,0x14,0x00,0x00,0x48,0x89,0xc1,0xff,0x12,0x48,0x8d,0x84,0x24,0x38,0x0b,0x00,0x00,0x48,0x8d,0x15,0x2f,0x13,0x00,0x00,0x48,0x8b,0x0d,0x19,0x14,0x00,0x00,0x48,0x89,0x84,0x24,0xf0,0x00,0x00,0x00,0x48,0x89,0x8c,0x24,0x00,0x01,0x00,0x00,0x48,0x8b,0x84,0x24,0x00,0x01,0x00,0x00,0x48,0x8b,0x8c,0x24,0xf0,0x00,0x00,0x00,0xff,0x10,0x48,0x8b,0x05,0xe0,0x13,0x00,0x00,0x48,0x8b,0x4c,0x24,0x58,0x48,0x8d,0x11,0x48,0x8d,0x9c,0x24,0x38,0x0b,0x00,0x00,0x4c,0x8d,0x05,0xd9,0x10,0x00,0x00,0x48,0x8d,0x00,0x48,0x8b,0x2d,0x7f,0x14,0x00,0x00,0x48,0x89,0x94,0x24,0x60,0x01,0x00,0x00,0x48,0x8b,0x8c,0x24,0x60,0x01,0x00,0x00,0x48,0x89,0xda,0x49,0x89,0xc1,0xff,0x55,0x00,0x48,0x8d,0x84,0x24,0x38,0x0b,0x00,0x00,0x48,0x8b,0x0d,0xcf,0x13,0x00,0x00,0x48,0x89,0x84,0x24,0x68,0x01,0x00,0x00,0x48,0x89,0x8c,0x24,0x50,0x01,0x00,0x00,0x48,0x8b,0x84,0x24,0x50,0x01,0x00,0x00,0x48,0x8b,0x8c,0x24,0x68,0x01,0x00,0x00,0xff,0x10,0x48,0x8d,0x84,0x24,0x38,0x0b,0x00,0x00,0x48,0x8d,0x15,0xa3,0x12,0x00,0x00,0x48,0x8b,0x0d,0x6f,0x13,0x00,0x00,0x48,0x89,0x84,0x24,0x70,0x01,0x00,0x00,0x48,0x89,0x8c,0x24,0x80,0x01,0x00,0x00,0x48,0x8b,0x84,0x24,0x80,0x01,0x00,0x00,0x48,0x8b,0x8c,0x24,0x70,0x01,0x00,0x00,0xff,0x10,0x48,0x8b,0x15,0x4e,0x13,0x00,0x00,0x48,0x8b,0x05,0x47,0x13,0x00,0x00,0x48,0x8d,0x8c,0x24,0x48,0x0b,0x00,0x00,0x48,0x8d,0x12,0x4c,0x8d,0x00,0x48,0x8b,0x05,0x3a,0x13,0x00,0x00,0xff,0x10,0x48,0x8d,0x84,0x24,0x50,0x0b,0x00,0x00,0x48,0x8d,0x15,0x19,0x10,0x00,0x00,0x4c,0x8d,0x05,0x12,0x10,0x00,0x00,0x48,0x8b,0x0d,0x1b,0x13,0x00,0x00,0x48,0x89,0x84,0x24,0x88,0x01,0x00,0x00,0x48,0x89,0x8c,0x24,0x90,0x01,0x00,0x00,0x48,0x8b,0x84,0x24,0x90,0x01,0x00,0x00,0x48,0x8b,0x8c,0x24,0x88,0x01,0x00,0x00,0xff,0x10,0x48,0x8b,0x4c,0x24,0x58,0x48,0x8d,0x01,0x48,0x8d,0x94,0x24,0x38,0x0b,0x00,0x00,0x4c,0x8d,0x84,0x24,0x48,0x0b,0x00,0x00,0x48,0x8d,0x1d,0xd6,0x0f,0x00,0x00,0x48,0x8d,0x2d,0xdf,0x0f,0x00,0x00,0x48,0x8d,0x35,0x50,0x10,0x00,0x00,0x48,0x8d,0xbc,0x24,0x50,0x0b,0x00,0x00,0x4c,0x8d,0x0d,0xad,0x0f,0x00,0x00,0x4c,0x8b,0x15,0xfe,0x12,0x00,0x00,0x48,0x89,0x6c,0x24,0x20,0x48,0x89,0x74,0x24,0x28,0x48,0x89,0x7c,0x24,0x30,0x4c,0x89,0x4c,0x24,0x38,0x48,0x89,0xc1,0x49,0x89,0xd9,0x41,0xff,0x12,0x48,0x8d,0x84,0x24,0x50,0x0b,0x00,0x00,0x48,0x8b,0x0d,0x9a,0x12,0x00,0x00,0x48,0x89,0x84,0x24,0x58,0x01,0x00,0x00,0x48,0x89,0x8c,0x24,0x48,0x01,0x00,0x00,0x48,0x8b,0x84,0x24,0x48,0x01,0x00,0x00,0x48,0x8b,0x8c,0x24,0x58,0x01,0x00,0x00,0xff,0x10,0x48,0x8d,0x84,0x24,0x48,0x0b,0x00,0x00,0x48,0x8b,0x0d,0x69,0x12,0x00,0x00,0x48,0x89,0x84,0x24,0x20,0x01,0x00,0x00,0x48,0x89,0x8c,0x24,0x40,0x01,0x00,0x00,0x48,0x8b,0x84,0x24,0x40,0x01,0x00,0x00,0x48,0x8b,0x8c,0x24,0x20,0x01,0x00,0x00,0xff,0x10,0x48,0x8d,0x84,0x24,0x38,0x0b,0x00,0x00,0x48,0x8b,0x0d,0x40,0x12,0x00,0x00,0x48,0x89,0x84,0x24,0x08,0x01,0x00,0x00,0x48,0x89,0x8c,0x24,0x10,0x01,0x00,0x00,0x48,0x8b,0x84,0x24,0x10,0x01,0x00,0x00,0x48,0x8b,0x8c,0x24,0x08,0x01,0x00,0x00,0xff,0x10,0x48,0x8d,0x84,0x24,0x40,0x0b,0x00,0x00,0x48,0x8d,0x15,0x27,0x11,0x00,0x00,0x48,0x8b,0x0d,0xe0,0x11,0x00,0x00,0x48,0x89,0x84,0x24,0xf8,0x00,0x00,0x00,0x48,0x89,0x8c,0x24,0x18,0x01,0x00,0x00,0x48,0x8b,0x84,0x24,0x18,0x01,0x00,0x00,0x48,0x8b,0x8c,0x24,0xf8,0x00,0x00,0x00,0xff,0x10,0x48,0x8b,0x15,0x27,0x12,0x00,0x00,0x48,0x8d,0x84,0x24,0x50,0x0b,0x00,0x00,0x48,0x8b,0x0d,0x20,0x12,0x00,0x00,0x48,0x89,0x84,0x24,0x28,0x01,0x00,0x00,0x48,0x89,0x8c,0x24,0x30,0x01,0x00,0x00,0x48,0x8b,0x84,0x24,0x30,0x01,0x00,0x00,0x48,0x8b,0x8c,0x24,0x28,0x01,0x00,0x00,0x48,0x89,0x94,0x24,0x38,0x01,0x00,0x00,0xff,0x10,0x48,0x8d,0x84,0x24,0x50,0x0b,0x00,0x00,0x48,0x8b,0x94,0x24,0x38,0x01,0x00,0x00,0x48,0x8d,0x12,0x4c,0x8d,0x05,0xc0,0x10,0x00,0x00,0x48,0x8b,0x0d,0xdd,0x11,0x00,0x00,0x48,0x89,0x84,0x24,0xf8,0x02,0x00,0x00,0x48,0x89,0x8c,0x24,0xd8,0x02,0x00,0x00,0x48,0x8b,0x84,0x24,0xd8,0x02,0x00,0x00,0x48,0x8b,0x8c,0x24,0xf8,0x02,0x00,0x00,0xff,0x10,0x48,0x8b,0x15,0x3c,0x11,0x00,0x00,0x48,0x8b,0x05,0x8d,0x11,0x00,0x00,0x48,0x8d,0x8c,0x24,0x60,0x0b,0x00,0x00,0x48,0x8d,0x12,0x4c,0x8d,0x00,0x48,0x8b,0x05,0x28,0x11,0x00,0x00,0xff,0x10,0x4c,0x8b,0x8c,0x24,0x90,0x07,0x00,0x00,0x41,0x8b,0x41,0x04,0x3b,0x05,0x20,0x0e,0x00,0x00,0x0f,0x94,0xc0,0x48,0x8d,0x8c,0x24,0x38,0x0b,0x00,0x00,0x48,0x89,0x8c,0x24,0x00,0x03,0x00,0x00,0x48,0x8b,0x4c,0x24,0x58,0x48,0x8d,0x11,0x4c,0x8d,0x84,0x24,0x40,0x0b,0x00,0x00,0x48,0x8d,0x9c,0x24,0x50,0x0b,0x00,0x00,0x48,0x8d,0xac,0x24,0x60,0x0b,0x00,0x00,0x48,0x8d,0xb1,0x70,0x04,0x00,0x00,0x48,0x8d,0x3d,0xb4,0x0d,0x00,0x00,0x88,0x84,0x24,0x68,0x0b,0x00,0x00,0x48,0x8d,0x84,0x24,0x68,0x0b,0x00,0x00,0x4c,0x8b,0x15,0x65,0x11,0x00,0x00,0x48,0x89,0x6c,0x24,0x20,0x48,0x89,0x74,0x24,0x28,0x48,0x89,0x7c,0x24,0x30,0x48,0x89,0x44,0x24,0x38,0x48,0x8b,0x8c,0x24,0x00,0x03,0x00,0x00,0x49,0x89,0xd9,0x41,0xff,0x12,0x8a,0x94,0x24,0x38,0x0b,0x00,0x00,0x48,0x8d,0x84,0x24,0x60,0x0b,0x00,0x00,0x48,0x8b,0x0d,0x95,0x10,0x00,0x00,0x48,0x89,0x84,0x24,0x10,0x03,0x00,0x00,0x48,0x89,0x8c,0x24,0xd0,0x04,0x00,0x00,0x48,0x8b,0x84,0x24,0xd0,0x04,0x00,0x00,0x48,0x8b,0x8c,0x24,0x10,0x03,0x00,0x00,0x88,0x94,0x24,0xd8,0x04,0x00,0x00,0xff,0x10,0x48,0x8d,0x84,0x24,0x50,0x0b,0x00,0x00,0x48,0x8b,0x0d,0x65,0x10,0x00,0x00,0x48,0x89,0x84,0x24,0xc0,0x04,0x00,0x00,0x48,0x89,0x8c,0x24,0xe0,0x04,0x00,0x00,0x48,0x8b,0x84,0x24,0xe0,0x04,0x00,0x00,0x48,0x8b,0x8c,0x24,0xc0,0x04,0x00,0x00,0xff,0x10,0x48,0x8d,0x84,0x24,0x40,0x0b,0x00,0x00,0x48,0x8b,0x0d,0x34,0x10,0x00,0x00,0x48,0x89,0x84,0x24,0xf0,0x04,0x00,0x00,0x48,0x89,0x8c,0x24,0xf8,0x04,0x00,0x00,0x48,0x8b,0x84,0x24,0xf8,0x04,0x00,0x00,0x48,0x8b,0x8c,0x24,0xf0,0x04,0x00,0x00,0xff,0x10,0x80,0xbc,0x24,0xd8,0x04,0x00,0x00,0x00,0x0f,0x84,0x9d,0x00,0x00,0x00,0x48,0x8d,0x84,0x24,0x38,0x0b,0x00,0x00,0x48,0x8b,0x4c,0x24,0x58,0x48,0x8d,0x11,0x48,0x8b,0x1d,0xbd,0x10,0x00,0x00,0x48,0x89,0xc1,0xff,0x13,0x8a,0x84,0x24,0x38,0x0b,0x00,0x00,0x3c,0x00,0x0f,0x84,0x17,0x00,0x00,0x00,0x8b,0x05,0xab,0x0c,0x00,0x00,0x4c,0x8b,0x8c,0x24,0x90,0x07,0x00,0x00,0x41,0x89,0x41,0x04,0xe9,0x00,0x00,0x00,0x00,0x48,0x8d,0x84,0x24,0x38,0x0b,0x00,0x00,0x48,0x8b,0x4c,0x24,0x58,0x48,0x8d,0x11,0x48,0x8b,0x1d,0x4b,0x10,0x00,0x00,0x48,0x89,0xc1,0xff,0x13,0x8a,0x84,0x24,0x38,0x0b,0x00,0x00,0x3c,0x00,0x0f,0x84,0x2b,0x00,0x00,0x00,0x48,0x8b,0x4c,0x24,0x58,0x48,0x8d,0x01,0x4c,0x8b,0x8c,0x24,0x90,0x07,0x00,0x00,0x49,0x8d,0x11,0x4c,0x8d,0x05,0x71,0x0c,0x00,0x00,0x48,0x8b,0x1d,0x1e,0x10,0x00,0x00,0x48,0x89,0xc1,0xff,0x13,0xe9,0x00,0x00,0x00,0x00,0xe9,0x00,0x00,0x00,0x00,0x48,0x8d,0x84,0x24,0x38,0x0b,0x00,0x00,0x48,0x8d,0x15,0x90,0x0e,0x00,0x00,0x48,0x8b,0x0d,0x29,0x0f,0x00,0x00,0x48,0x89,0x84,0x24,0x00,0x05,0x00,0x00,0x48,0x89,0x8c,0x24,0xc8,0x04,0x00,0x00,0x48,0x8b,0x84,0x24,0xc8,0x04,0x00,0x00,0x48,0x8b,0x8c,0x24,0x00,0x05,0x00,0x00,0xff,0x10,0x48,0x8b,0x05,0x08,0x0f,0x00,0x00,0x48,0x8d,0x8c,0x24,0x48,0x0b,0x00,0x00,0x48,0x8d,0x10,0x4c,0x8d,0x84,0x24,0x30,0x0b,0x00,0x00,0x48,0x8b,0x05,0xf6,0x0e,0x00,0x00,0xff,0x10,0x48,0x8d,0x84,0x24,0x50,0x0b,0x00,0x00,0x48,0x8b,0x0d,0x3d,0x0f,0x00,0x00,0x48,0x89,0x84,0x24,0xb8,0x04,0x00,0x00,0x48,0x89,0x8c,0x24,0x90,0x04,0x00,0x00,0x48,0x8b,0x84,0x24,0x90,0x04,0x00,0x00,0x48,0x8b,0x8c,0x24,0xb8,0x04,0x00,0x00,0xff,0x10,0x48,0x8b,0x4c,0x24,0x58,0x48,0x8d,0x01,0x48,0x8d,0x94,0x24,0x38,0x0b,0x00,0x00,0x4c,0x8d,0x84,0x24,0x48,0x0b,0x00,0x00,0x4c,0x8d,0x0d,0xa0,0x0b,0x00,0x00,0x48,0x8d,0x1d,0x99,0x0b,0x00,0x00,0x48,0x8d,0x2d,0x86,0x0b,0x00,0x00,0x48,0x8d,0xb4,0x24,0x50,0x0b,0x00,0x00,0x48,0x8d,0x3d,0x83,0x0b,0x00,0x00,0x4c,0x8b,0x15,0xc8,0x0e,0x00,0x00,0x48,0x89,0x5c,0x24,0x20,0x48,0x89,0x6c,0x24,0x28,0x48,0x89,0x74,0x24,0x30,0x48,0x89,0x7c,0x24,0x38,0x48,0x89,0xc1,0x41,0xff,0x12,0x48,0x8d,0x84,0x24,0x50,0x0b,0x00,0x00,0x48,0x8b,0x0d,0x67,0x0e,0x00,0x00,0x48,0x89,0x84,0x24,0xb0,0x04,0x00,0x00,0x48,0x89,0x8c,0x24,0x78,0x04,0x00,0x00,0x48,0x8b,0x84,0x24,0x78,0x04,0x00,0x00,0x48,0x8b,0x8c,0x24,0xb0,0x04,0x00,0x00,0xff,0x10,0x48,0x8d,0x84,0x24,0x48,0x0b,0x00,0x00,0x48,0x8b,0x0d,0x36,0x0e,0x00,0x00,0x48,0x89,0x84,0x24,0x80,0x04,0x00,0x00,0x48,0x89,0x8c,0x24,0x68,0x04,0x00,0x00,0x48,0x8b,0x84,0x24,0x68,0x04,0x00,0x00,0x48,0x8b,0x8c,0x24,0x80,0x04,0x00,0x00,0xff,0x10,0x48,0x8d,0x84,0x24,0x38,0x0b,0x00,0x00,0x48,0x8b,0x0d,0x0d,0x0e,0x00,0x00,0x48,0x89,0x84,0x24,0x88,0x04,0x00,0x00,0x48,0x89,0x8c,0x24,0x98,0x04,0x00,0x00,0x48,0x8b,0x84,0x24,0x98,0x04,0x00,0x00,0x48,0x8b,0x8c,0x24,0x88,0x04,0x00,0x00,0xff,0x10,0x48,0x8d,0x84,0x24,0x38,0x0b,0x00,0x00,0x48,0x8d,0x15,0x33,0x0d,0x00,0x00,0x48,0x8b,0x0d,0xad,0x0d,0x00,0x00,0x48,0x89,0x84,0x24,0xa0,0x04,0x00,0x00,0x48,0x89,0x8c,0x24,0xa8,0x04,0x00,0x00,0x48,0x8b,0x84,0x24,0xa8,0x04,0x00,0x00,0x48,0x8b,0x8c,0x24,0xa0,0x04,0x00,0x00,0xff,0x10,0x48,0x8b,0x15,0xf4,0x0d,0x00,0x00,0x48,0x8d,0x84,0x24,0x48,0x0b,0x00,0x00,0x48,0x8b,0x0d,0xed,0x0d,0x00,0x00,0x48,0x89,0x84,0x24,0x08,0x05,0x00,0x00,0x48,0x89,0x8c,0x24,0xe8,0x04,0x00,0x00,0x48,0x8b,0x84,0x24,0xe8,0x04,0x00,0x00,0x48,0x8b,0x8c,0x24,0x08,0x05,0x00,0x00,0x48,0x89,0x94,0x24,0x10,0x05,0x00,0x00,0xff,0x10,0x48,0x8d,0x84,0x24,0x48,0x0b,0x00,0x00,0x48,0x8b,0x94,0x24,0x10,0x05,0x00,0x00,0x48,0x8d,0x12,0x4c,0x8d,0x05,0xc5,0x0c,0x00,0x00,0x48,0x8b,0x0d,0xaa,0x0d,0x00,0x00,0x48,0x89,0x84,0x24,0x20,0x05,0x00,0x00,0x48,0x89,0x8c,0x24,0x80,0x05,0x00,0x00,0x48,0x8b,0x84,0x24,0x80,0x05,0x00,0x00,0x48,0x8b,0x8c,0x24,0x20,0x05,0x00,0x00,0xff,0x10,0x48,0x8b,0x4c,0x24,0x58,0x48,0x8d,0x01,0x48,0x8d,0x94,0x24,0x38,0x0b,0x00,0x00,0x4c,0x8d,0x84,0x24,0x48,0x0b,0x00,0x00,0x48,0x8b,0x1d,0x71,0x0d,0x00,0x00,0x48,0x89,0xc1,0xff,0x13,0x48,0x8d,0x84,0x24,0x48,0x0b,0x00,0x00,0x48,0x8b,0x0d,0xfd,0x0c,0x00,0x00,0x48,0x89,0x84,0x24,0x88,0x05,0x00,0x00,0x48,0x89,0x8c,0x24,0x70,0x05,0x00,0x00,0x48,0x8b,0x84,0x24,0x70,0x05,0x00,0x00,0x48,0x8b,0x8c,0x24,0x88,0x05,0x00,0x00,0xff,0x10,0x48,0x8d,0x84,0x24,0x38,0x0b,0x00,0x00,0x48,0x8b,0x0d,0xcc,0x0c,0x00,0x00,0x48,0x89,0x84,0x24,0x90,0x05,0x00,0x00,0x48,0x89,0x8c,0x24,0xa0,0x05,0x00,0x00,0x48,0x8b,0x84,0x24,0xa0,0x05,0x00,0x00,0x48,0x8b,0x8c,0x24,0x90,0x05,0x00,0x00,0xff,0x10,0x48,0x8d,0x84,0x24,0x38,0x0b,0x00,0x00,0x48,0x8d,0x15,0x0b,0x0c,0x00,0x00,0x48,0x8b,0x0d,0x6c,0x0c,0x00,0x00,0x48,0x89,0x84,0x24,0xa8,0x05,0x00,0x00,0x48,0x89,0x8c,0x24,0xb0,0x05,0x00,0x00,0x48,0x8b,0x84,0x24,0xb0,0x05,0x00,0x00,0x48,0x8b,0x8c,0x24,0xa8,0x05,0x00,0x00,0xff,0x10,0x48,0x8b,0x15,0xb3,0x0c,0x00,0x00,0x48,0x8d,0x84,0x24,0x48,0x0b,0x00,0x00,0x48,0x8b,0x0d,0xac,0x0c,0x00,0x00,0x48,0x89,0x84,0x24,0x78,0x05,0x00,0x00,0x48,0x89,0x8c,0x24,0x68,0x05,0x00,0x00,0x48,0x8b,0x84,0x24,0x68,0x05,0x00,0x00,0x48,0x8b,0x8c,0x24,0x78,0x05,0x00,0x00,0x48,0x89,0x94,0x24,0x40,0x05,0x00,0x00,0xff,0x10,0x48,0x8d,0x84,0x24,0x48,0x0b,0x00,0x00,0x48,0x8b,0x94,0x24,0x40,0x05,0x00,0x00,0x48,0x8d,0x12,0x4c,0x8d,0x05,0xa4,0x0b,0x00,0x00,0x48,0x8b,0x0d,0x69,0x0c,0x00,0x00,0x48,0x89,0x84,0x24,0x60,0x05,0x00,0x00,0x48,0x89,0x8c,0x24,0x28,0x05,0x00,0x00,0x48,0x8b,0x84,0x24,0x28,0x05,0x00,0x00,0x48,0x8b,0x8c,0x24,0x60,0x05,0x00,0x00,0xff,0x10,0x48,0x8b,0x05,0xc8,0x0b,0x00,0x00,0x48,0x8d,0x8c,0x24,0x58,0x0b,0x00,0x00,0x48,0x8d,0x10,0x4c,0x8d,0x84,0x24,0x34,0x0b,0x00,0x00,0x48,0x8b,0x05,0xb6,0x0b,0x00,0x00,0xff,0x10,0x48,0x8b,0x4c,0x24,0x58,0x48,0x8d,0x01,0x48,0x8d,0x94,0x24,0x38,0x0b,0x00,0x00,0x4c,0x8d,0x84,0x24,0x48,0x0b,0x00,0x00,0x4c,0x8d,0x8c,0x24,0x58,0x0b,0x00,0x00,0x48,0x8b,0x1d,0x55,0x0c,0x00,0x00,0x48,0x89,0xc1,0xff,0x13,0x48,0x8d,0x84,0x24,0x58,0x0b,0x00,0x00,0x48,0x8b,0x0d,0x89,0x0b,0x00,0x00,0x48,0x89,0x84,0x24,0x30,0x05,0x00,0x00,0x48,0x89,0x8c,0x24,0x18,0x05,0x00,0x00,0x48,0x8b,0x84,0x24,0x18,0x05,0x00,0x00,0x48,0x8b,0x8c,0x24,0x30,0x05,0x00,0x00,0xff,0x10,0x48,0x8d,0x84,0x24,0x48,0x0b,0x00,0x00,0x48,0x8b,0x0d,0x60,0x0b,0x00,0x00,0x48,0x89,0x84,0x24,0x38,0x05,0x00,0x00,0x48,0x89,0x8c,0x24,0x48,0x05,0x00,0x00,0x48,0x8b,0x84,0x24,0x48,0x05,0x00,0x00,0x48,0x8b,0x8c,0x24,0x38,0x05,0x00,0x00,0xff,0x10,0x48,0x8d,0x84,0x24,0x38,0x0b,0x00,0x00,0x48,0x8b,0x0d,0x2f,0x0b,0x00,0x00,0x48,0x89,0x84,0x24,0x50,0x05,0x00,0x00,0x48,0x89,0x8c,0x24,0x58,0x05,0x00,0x00,0x48,0x8b,0x84,0x24,0x58,0x05,0x00,0x00,0x48,0x8b,0x8c,0x24,0x50,0x05,0x00,0x00,0xff,0x10,0x48,0x8d,0x84,0x24,0x38,0x0b,0x00,0x00,0x48,0x8d,0x15,0xe6,0x08,0x00,0x00,0x48,0x8b,0x0d,0xcf,0x0a,0x00,0x00,0x48,0x89,0x84,0x24,0x70,0x04,0x00,0x00,0x48,0x89,0x8c,0x24,0x60,0x04,0x00,0x00,0x48,0x8b,0x84,0x24,0x60,0x04,0x00,0x00,0x48,0x8b,0x8c,0x24,0x70,0x04,0x00,0x00,0xff,0x10,0x48,0x8b,0x15,0x16,0x0b,0x00,0x00,0x48,0x8d,0x84,0x24,0x48,0x0b,0x00,0x00,0x48,0x8b,0x0d,0x0f,0x0b,0x00,0x00,0x48,0x89,0x84,0x24,0x38,0x04,0x00,0x00,0x48,0x89,0x8c,0x24,0x58,0x04,0x00,0x00,0x48,0x8b,0x84,0x24,0x58,0x04,0x00,0x00,0x48,0x8b,0x8c,0x24,0x38,0x04,0x00,0x00,0x48,0x89,0x94,0x24,0x70,0x03,0x00,0x00,0xff,0x10,0x48,0x8d,0x84,0x24,0x48,0x0b,0x00,0x00,0x48,0x8b,0x94,0x24,0x70,0x03,0x00,0x00,0x48,0x8d,0x12,0x4c,0x8d,0x05,0x7b,0x08,0x00,0x00,0x48,0x8b,0x0d,0xcc,0x0a,0x00,0x00,0x48,0x89,0x84,0x24,0x78,0x03,0x00,0x00,0x48,0x89,0x8c,0x24,0x60,0x03,0x00,0x00,0x48,0x8b,0x84,0x24,0x60,0x03,0x00,0x00,0x48,0x8b,0x8c,0x24,0x78,0x03,0x00,0x00,0xff,0x10,0x48,0x8b,0x05,0x2b,0x0a,0x00,0x00,0x48,0x8b,0x15,0x24,0x0a,0x00,0x00,0x48,0x8d,0x8c,0x24,0x58,0x0b,0x00,0x00,0x48,0x8d,0x00,0x4c,0x8d,0x02,0x48,0x8b,0x15,0x17,0x0a,0x00,0x00,0x48,0x89,0x84,0x24,0x80,0x03,0x00,0x00,0x48,0x89,0x94,0x24,0x90,0x03,0x00,0x00,0x48,0x8b,0x84,0x24,0x90,0x03,0x00,0x00,0x48,0x8b,0x94,0x24,0x80,0x03,0x00,0x00,0xff,0x10,0x48,0x8b,0x4c,0x24,0x58,0x48,0x8d,0x01,0x48,0x8d,0x94,0x24,0x38,0x0b,0x00,0x00,0x4c,0x8d,0x84,0x24,0x48,0x0b,0x00,0x00,0x4c,0x8d,0x8c,0x24,0x58,0x0b,0x00,0x00,0x48,0x8b,0x1d,0x96,0x0a,0x00,0x00,0x48,0x89,0xc1,0xff,0x13,0x48,0x8d,0x84,0x24,0x58,0x0b,0x00,0x00,0x48,0x8b,0x0d,0xca,0x09,0x00,0x00,0x48,0x89,0x84,0x24,0x98,0x03,0x00,0x00,0x48,0x89,0x8c,0x24,0xa0,0x03,0x00,0x00,0x48,0x8b,0x84,0x24,0xa0,0x03,0x00,0x00,0x48,0x8b,0x8c,0x24,0x98,0x03,0x00,0x00,0xff,0x10,0x48,0x8d,0x84,0x24,0x48,0x0b,0x00,0x00,0x48,0x8b,0x0d,0xa1,0x09,0x00,0x00,0x48,0x89,0x84,0x24,0x68,0x03,0x00,0x00,0x48,0x89,0x8c,0x24,0x58,0x03,0x00,0x00,0x48,0x8b,0x84,0x24,0x58,0x03,0x00,0x00,0x48,0x8b,0x8c,0x24,0x68,0x03,0x00,0x00,0xff,0x10,0x48,0x8d,0x84,0x24,0x38,0x0b,0x00,0x00,0x48,0x8b,0x0d,0x70,0x09,0x00,0x00,0x48,0x89,0x84,0x24,0x30,0x03,0x00,0x00,0x48,0x89,0x8c,0x24,0x50,0x03,0x00,0x00,0x48,0x8b,0x84,0x24,0x50,0x03,0x00,0x00,0x48,0x8b,0x8c,0x24,0x30,0x03,0x00,0x00,0xff,0x10,0x48,0x8b,0x4c,0x24,0x58,0x48,0x8d,0x01,0x48,0x8b,0x15,0xa7,0x09,0x00,0x00,0x48,0x89,0xc1,0xff,0x12,0x48,0x8d,0x84,0x24,0x38,0x0b,0x00,0x00,0x48,0x8d,0x15,0xbb,0x08,0x00,0x00,0x48,0x8b,0x0d,0xfc,0x08,0x00,0x00,0x48,0x89,0x84,0x24,0x18,0x03,0x00,0x00,0x48,0x89,0x8c,0x24,0x20,0x03,0x00,0x00,0x48,0x8b,0x84,0x24,0x20,0x03,0x00,0x00,0x48,0x8b,0x8c,0x24,0x18,0x03,0x00,0x00,0xff,0x10,0x48,0x8b,0x15,0xdb,0x08,0x00,0x00,0x48,0x8b,0x05,0xd4,0x08,0x00,0x00,0x48,0x8d,0x8c,0x24,0x48,0x0b,0x00,0x00,0x48,0x8d,0x12,0x4c,0x8d,0x00,0x48,0x8b,0x05,0xc7,0x08,0x00,0x00,0xff,0x10,0x48,0x8d,0x84,0x24,0x50,0x0b,0x00,0x00,0x48,0x8d,0x15,0xe6,0x06,0x00,0x00,0x4c,0x8d,0x05,0xdf,0x06,0x00,0x00,0x4c,0x8d,0x0d,0xd8,0x06,0x00,0x00,0x48,0x8d,0x0d,0xd1,0x06,0x00,0x00,0x48,0x8b,0x1d,0x6a,0x09,0x00,0x00,0x48,0x89,0x4c,0x24,0x20,0x48,0x89,0xc1,0xff,0x13,0x48,0x8b,0x4c,0x24,0x58,0x48,0x8d,0x01,0x48,0x8d,0x94,0x24,0x38,0x0b,0x00,0x00,0x4c,0x8d,0x81,0xb0,0x07,0x00,0x00,0x4c,0x8d,0x8c,0x24,0x48,0x0b,0x00,0x00,0x48,0x8d,0x9c,0x24,0x50,0x0b,0x00,0x00,0x48,0x8d,0x2d,0x9a,0x06,0x00,0x00,0x48,0x8b,0x35,0x33,0x09,0x00,0x00,0x48,0x89,0x5c,0x24,0x20,0x48,0x89,0x6c,0x24,0x28,0x48,0x89,0xc1,0xff,0x16,0x48,0x8d,0x84,0x24,0x50,0x0b,0x00,0x00,0x48,0x8b,0x0d,0x1d,0x09,0x00,0x00,0x48,0x89,0x84,0x24,0x08,0x03,0x00,0x00,0x48,0x89,0x8c,0x24,0x28,0x03,0x00,0x00,0x48,0x8b,0x84,0x24,0x28,0x03,0x00,0x00,0x48,0x8b,0x8c,0x24,0x08,0x03,0x00,0x00,0xff,0x10,0x48,0x8d,0x84,0x24,0x48,0x0b,0x00,0x00,0x48,0x8b,0x0d,0x1c,0x08,0x00,0x00,0x48,0x89,0x84,0x24,0x38,0x03,0x00,0x00,0x48,0x89,0x8c,0x24,0x40,0x03,0x00,0x00,0x48,0x8b,0x84,0x24,0x40,0x03,0x00,0x00,0x48,0x8b,0x8c,0x24,0x38,0x03,0x00,0x00,0xff,0x10,0x48,0x8d,0x84,0x24,0x38,0x0b,0x00,0x00,0x48,0x8b,0x0d,0xf3,0x07,0x00,0x00,0x48,0x89,0x84,0x24,0x48,0x03,0x00,0x00,0x48,0x89,0x8c,0x24,0xa8,0x03,0x00,0x00,0x48,0x8b,0x84,0x24,0xa8,0x03,0x00,0x00,0x48,0x8b,0x8c,0x24,0x48,0x03,0x00,0x00,0xff,0x10,0x48,0x8b,0x4c,0x24,0x58,0x48,0x8d,0x01,0x48,0x8b,0x15,0x2a,0x08,0x00,0x00,0x48,0x89,0xc1,0xff,0x12,0x48,0x8b,0x4c,0x24,0x58,0x48,0x8d,0x01,0x48,0x8b,0x15,0x16,0x08,0x00,0x00,0x48,0x89,0xc1,0xff,0x12,0x48,0x8b,0x4c,0x24,0x58,0x48,0x8d,0x01,0x48,0x8b,0x15,0x02,0x08,0x00,0x00,0x48,0x89,0xc1,0xff,0x12,0x48,0x8b,0x4c,0x24,0x58,0x48,0x8d,0x01,0x48,0x8b,0x15,0xee,0x07,0x00,0x00,0x48,0x89,0xc1,0xff,0x12,0x48,0x8d,0x84,0x24,0x38,0x0b,0x00,0x00,0x48,0x8d,0x15,0x14,0x07,0x00,0x00,0x48,0x8b,0x0d,0x43,0x07,0x00,0x00,0x48,0x89,0x84,0x24,0x88,0x03,0x00,0x00,0x48,0x89,0x8c,0x24,0xb0,0x03,0x00,0x00,0x48,0x8b,0x84,0x24,0xb0,0x03,0x00,0x00,0x48,0x8b,0x8c,0x24,0x88,0x03,0x00,0x00,0xff,0x10,0x48,0x8b,0x15,0x22,0x07,0x00,0x00,0x48,0x8b,0x05,0x73,0x07,0x00,0x00,0x48,0x8d,0x8c,0x24,0x48,0x0b,0x00,0x00,0x48,0x8d,0x12,0x4c,0x8d,0x00,0x48,0x8b,0x05,0x0e,0x07,0x00,0x00,0xff,0x10,0x48,0x8d,0x84,0x24,0x50,0x0b,0x00,0x00,0x48,0x8b,0x0d,0x55,0x07,0x00,0x00,0x48,0x89,0x84,0x24,0xc0,0x03,0x00,0x00,0x48,0x89,0x8c,0x24,0x20,0x04,0x00,0x00,0x48,0x8b,0x84,0x24,0x20,0x04,0x00,0x00,0x48,0x8b,0x8c,0x24,0xc0,0x03,0x00,0x00,0xff,0x10,0x48,0x8b,0x4c,0x24,0x58,0x48,0x8d,0x01,0x48,0x8d,0x94,0x24,0x38,0x0b,0x00,0x00,0x4c,0x8d,0x84,0x24,0x48,0x0b,0x00,0x00,0x4c,0x8d,0x0d,0xb8,0x03,0x00,0x00,0x48,0x8d,0x35,0xc1,0x03,0x00,0x00,0x48,0x8d,0x1d,0xaa,0x03,0x00,0x00,0x48,0x8d,0xac,0x24,0x50,0x0b,0x00,0x00,0x48,0x8d,0x3d,0x9b,0x03,0x00,0x00,0x4c,0x8b,0x15,0xe0,0x06,0x00,0x00,0x48,0x89,0x74,0x24,0x20,0x48,0x89,0x5c,0x24,0x28,0x48,0x89,0x6c,0x24,0x30,0x48,0x89,0x7c,0x24,0x38,0x48,0x89,0xc1,0x41,0xff,0x12,0x48,0x8d,0x84,0x24,0x50,0x0b,0x00,0x00,0x48,0x8b,0x0d,0x7f,0x06,0x00,0x00,0x48,0x89,0x84,0x24,0x28,0x04,0x00,0x00,0x48,0x89,0x8c,0x24,0x10,0x04,0x00,0x00,0x48,0x8b,0x84,0x24,0x10,0x04,0x00,0x00,0x48,0x8b,0x8c,0x24,0x28,0x04,0x00,0x00,0xff,0x10,0x48,0x8d,0x84,0x24,0x48,0x0b,0x00,0x00,0x48,0x8b,0x0d,0x4e,0x06,0x00,0x00,0x48,0x89,0x84,0x24,0x30,0x04,0x00,0x00,0x48,0x89,0x8c,0x24,0x40,0x04,0x00,0x00,0x48,0x8b,0x84,0x24,0x40,0x04,0x00,0x00,0x48,0x8b,0x8c,0x24,0x30,0x04,0x00,0x00,0xff,0x10,0x48,0x8d,0x84,0x24,0x38,0x0b,0x00,0x00,0x48,0x8b,0x0d,0x25,0x06,0x00,0x00,0x48,0x89,0x84,0x24,0x48,0x04,0x00,0x00,0x48,0x89,0x8c,0x24,0x50,0x04,0x00,0x00,0x48,0x8b,0x84,0x24,0x50,0x04,0x00,0x00,0x48,0x8b,0x8c,0x24,0x48,0x04,0x00,0x00,0xff,0x10,0x48,0x8b,0x4c,0x24,0x58,0x8a,0x81,0xc8,0x00,0x00,0x00,0x3c,0x00,0x0f,0x84,0x1e,0x02,0x00,0x00,0x48,0x8d,0x84,0x24,0x40,0x0b,0x00,0x00,0x48,0x8d,0x15,0x8e,0x05,0x00,0x00,0x48,0x8b,0x1d,0xb2,0x05,0x00,0x00,0x48,0x89,0xc1,0xff,0x13,0x48,0x8b,0x15,0x16,0x06,0x00,0x00,0x48,0x8d,0x84,0x24,0x50,0x0b,0x00,0x00,0x48,0x8b,0x0d,0x0f,0x06,0x00,0x00,0x48,0x89,0x84,0x24,0x18,0x04,0x00,0x00,0x48,0x89,0x8c,0x24,0x08,0x04,0x00,0x00,0x48,0x8b,0x84,0x24,0x08,0x04,0x00,0x00,0x48,0x8b,0x8c,0x24,0x18,0x04,0x00,0x00,0x48,0x89,0x94,0x24,0xe0,0x03,0x00,0x00,0xff,0x10,0x48,0x8d,0x84,0x24,0x50,0x0b,0x00,0x00,0x48,0x8b,0x94,0x24,0xe0,0x03,0x00,0x00,0x48,0x8d,0x12,0x4c,0x8d,0x05,0x37,0x05,0x00,0x00,0x48,0x8b,0x0d,0xcc,0x05,0x00,0x00,0x48,0x89,0x84,0x24,0x00,0x04,0x00,0x00,0x48,0x89,0x8c,0x24,0xc8,0x03,0x00,0x00,0x48,0x8b,0x84,0x24,0xc8,0x03,0x00,0x00,0x48,0x8b,0x8c,0x24,0x00,0x04,0x00,0x00,0xff,0x10,0x48,0x8b,0x15,0x23,0x06,0x00,0x00,0x48,0x8b,0x05,0x7c,0x05,0x00,0x00,0x48,0x8d,0x8c,0x24,0x60,0x0b,0x00,0x00,0x48,0x8d,0x12,0x4c,0x8d,0x00,0x48,0x8b,0x05,0x17,0x05,0x00,0x00,0xff,0x10,0x48,0x8d,0x84,0x24,0x38,0x0b,0x00,0x00,0x48,0x8b,0x4c,0x24,0x58,0x48,0x8d,0x11,0x4c,0x8d,0x84,0x24,0x40,0x0b,0x00,0x00,0x4c,0x8d,0x8c,0x24,0x50,0x0b,0x00,0x00,0x48,0x8d,0x9c,0x24,0x60,0x0b,0x00,0x00,0x48,0x8d,0xa9,0x58,0x04,0x00,0x00,0x48,0x8d,0x35,0xc0,0x01,0x00,0x00,0x48,0x8d,0x3d,0xb9,0x01,0x00,0x00,0x4c,0x8b,0x15,0x79,0x05,0x00,0x00,0x48,0x89,0x5c,0x24,0x20,0x48,0x89,0x6c,0x24,0x28,0x48,0x89,0x74,0x24,0x30,0x48,0x89,0x7c,0x24,0x38,0x48,0x89,0xc1,0x41,0xff,0x12,0x8a,0x94,0x24,0x38,0x0b,0x00,0x00,0x48,0x8d,0x84,0x24,0x60,0x0b,0x00,0x00,0x48,0x8b,0x0d,0xb1,0x04,0x00,0x00,0x48,0x89,0x84,0x24,0xd0,0x03,0x00,0x00,0x48,0x89,0x8c,0x24,0xb8,0x03,0x00,0x00,0x48,0x8b,0x84,0x24,0xb8,0x03,0x00,0x00,0x48,0x8b,0x8c,0x24,0xd0,0x03,0x00,0x00,0x88,0x94,0x24,0xd8,0x03,0x00,0x00,0xff,0x10,0x48,0x8d,0x84,0x24,0x50,0x0b,0x00,0x00,0x48,0x8b,0x0d,0x81,0x04,0x00,0x00,0x48,0x89,0x84,0x24,0xe8,0x03,0x00,0x00,0x48,0x89,0x8c,0x24,0xf0,0x03,0x00,0x00,0x48,0x8b,0x84,0x24,0xf0,0x03,0x00,0x00,0x48,0x8b,0x8c,0x24,0xe8,0x03,0x00,0x00,0xff,0x10,0x48,0x8d,0x84,0x24,0x40,0x0b,0x00,0x00,0x48,0x8b,0x0d,0x50,0x04,0x00,0x00,0x48,0x89,0x84,0x24,0xf8,0x03,0x00,0x00,0x48,0x89,0x8c,0x24,0x88,0x0b,0x00,0x00,0x48,0x8b,0x84,0x24,0x88,0x0b,0x00,0x00,0x48,0x8b,0x8c,0x24,0xf8,0x03,0x00,0x00,0xff,0x10,0x80,0xbc,0x24,0xd8,0x03,0x00,0x00,0x00,0x0f,0x84,0x49,0x00,0x00,0x00,0x48,0x8d,0x84,0x24,0x38,0x0b,0x00,0x00,0x48,0x8b,0x4c,0x24,0x58,0x48,0x8d,0x11,0x48,0x8b,0x1d,0xa9,0x04,0x00,0x00,0x48,0x89,0xc1,0xff,0x13,0x8a,0x84,0x24,0x38,0x0b,0x00,0x00,0x3c,0x00,0x0f,0x84,0x19,0x00,0x00,0x00,0x48,0x8b,0x4c,0x24,0x58,0x48,0x8d,0x01,0x48,0x8b,0x15,0xc6,0x04,0x00,0x00,0x48,0x89,0xc1,0xff,0x12,0xe9,0x00,0x00,0x00,0x00,0xe9,0x00,0x00,0x00,0x00,0xe9,0x0f,0x00,0x00,0x00,0x48,0x8d,0x01,0x48,0x8b,0x15,0xb0,0x04,0x00,0x00,0x48,0x89,0xc1,0xff,0x12,0x48,0x8b,0x4c,0x24,0x58,0x48,0x8d,0x01,0x48,0x8b,0x15,0x1c,0x04,0x00,0x00,0x48,0x89,0xc1,0xff,0x12,0x48,0x8b,0x4c,0x24,0x58,0x48,0x8d,0x01,0x48,0x8b,0x15,0x08,0x04,0x00,0x00,0x48,0x89,0xc1,0xff,0x12,0x48,0x8b,0x4c,0x24,0x58,0x8a,0x81,0x18,0x08,0x00,0x00,0x3c,0x00,0x0f,0x84,0x19,0x00,0x00,0x00,0x48,0x8d,0x01,0x48,0x8b,0x15,0x5e,0x04,0x00,0x00,0x48,0x89,0xc1,0xff,0x12,0x48,0x8b,0x4c,0x24,0x58,0xe9,0x00,0x00,0x00,0x00,0x48,0x8d,0x01,0x48,0x8b,0x15,0x55,0x04,0x00,0x00,0x48,0x89,0xc1,0xff,0x12,0xe9,0x00,0x00,0x00,0x00,0x48,0x8b,0x4c,0x24,0x58,0x48,0x8d,0x09,0x48,0x8b,0x05,0x44,0x04,0x00,0x00,0xff,0x10,0x48,0x81,0xc4,0x98,0x0b,0x00,0x00,0x5f,0x5e,0x5d,0x5b,0xc3,0x00,0x00,0x00,0x00,0x00,0x00,0x06,0x00,0x00,0x00,0x75,0x69,0x5f,0x61,0x6c,0x69,0x67,0x6e,0x65,0x72,0x00,0x00,0x01,0x00,0x00,0x00,0x6c,0x61,0x79,0x6f,0x75,0x74,0x00,0x00,0x00,0x00,0x00,0x00,0x74,0x69,0x74,0x6c,0x65,0x5f,0x62,0x61,0x72,0x00,0x00,0x00,0x02,0x00,0x00,0x00,0x6e,0x65,0x77,0x5f,0x67,0x61,0x6d,0x65,0x5f,0x68,0x65,0x61,0x64,0x69,0x6e,0x67,0x00,0x00,0x00,0x00,0x1e,0x00,0x00,0x00,0x08,0x00,0x00,0x00,0x04,0x00,0x00,0x00,0x75,0x69,0x5f,0x63,0x6f,0x6e,0x74,0x61,0x69,0x6e,0x65,0x72,0x00,0x6e,0x65,0x77,0x5f,0x67,0x61,0x6d,0x65,0x5f,0x6f,0x70,0x74,0x69,0x6f,0x6e,0x73,0x00,0x73,0x75,0x72,0x76,0x69,0x76,0x61,0x6c,0x5f,0x67,0x61,0x6d,0x65,0x5f,0x70,0x61,0x6e,0x65,0x6c,0x5f,0x62,0x61,0x63,0x6b,0x67,0x72,0x6f,0x75,0x6e,0x64,0x00,0x73,0x75,0x72,0x76,0x69,0x76,0x61,0x6c,0x5f,0x67,0x61,0x6d,0x65,0x5f,0x70,0x61,0x6e,0x65,0x6c,0x00,0x00,0x00,0x00,0x03,0x00,0x00,0x00,0x73,0x75,0x72,0x76,0x69,0x76,0x61,0x6c,0x5f,0x67,0x61,0x6d,0x65,0x5f,0x73,0x74,0x61,0x72,0x74,0x5f,0x62,0x75,0x74,0x74,0x6f,0x6e,0x00,0x00,0x0c,0x00,0x00,0x00,0x73,0x75,0x72,0x76,0x69,0x76,0x61,0x6c,0x5f,0x67,0x61,0x6d,0x65,0x5f,0x64,0x65,0x73,0x63,0x72,0x69,0x70,0x74,0x69,0x6f,0x6e,0x5f,0x70,0x61,0x6e,0x65,0x6c,0x00,0x73,0x75,0x72,0x76,0x69,0x76,0x61,0x6c,0x5f,0x67,0x61,0x6d,0x65,0x5f,0x74,0x69,0x74,0x6c,0x65,0x00,0x6a,0x01,0x00,0x00,0x73,0x75,0x72,0x76,0x69,0x76,0x61,0x6c,0x5f,0x67,0x61,0x6d,0x65,0x5f,0x64,0x65,0x73,0x63,0x72,0x69,0x70,0x74,0x69,0x6f,0x6e,0x00,0x00,0x00,0x6b,0x01,0x00,0x00,0x6d,0x75,0x6c,0x74,0x69,0x70,0x6c,0x61,0x79,0x65,0x72,0x5f,0x64,0x65,0x73,0x63,0x72,0x69,0x70,0x74,0x69,0x6f,0x6e,0x00,0x70,0x01,0x00,0x00,0x73,0x75,0x72,0x76,0x69,0x76,0x61,0x6c,0x5f,0x67,0x61,0x6d,0x65,0x5f,0x69,0x63,0x6f,0x6e,0x00,0x00,0xff,0x00,0x00,0x00,0x02,0x00,0x00,0x00,0x00,0x00,0x00,0x00,0x00,0x00,0x00,0x40,0x63,0x72,0x65,0x61,0x74,0x69,0x76,0x65,0x5f,0x67,0x61,0x6d,0x65,0x5f,0x70,0x61,0x6e,0x65,0x6c,0x5f,0x62,0x61,0x63,0x6b,0x67,0x72,0x6f,0x75,0x6e,0x64,0x00,0x63,0x72,0x65,0x61,0x74,0x69,0x76,0x65,0x5f,0x67,0x61,0x6d,0x65,0x5f,0x70,0x61,0x6e,0x65,0x6c,0x00,0x63,0x72,0x65,0x61,0x74,0x69,0x76,0x65,0x5f,0x67,0x61,0x6d,0x65,0x5f,0x73,0x74,0x61,0x72,0x74,0x5f,0x62,0x75,0x74,0x74,0x6f,0x6e,0x00,0x00,0x00,0x0d,0x00,0x00,0x00,0x63,0x72,0x65,0x61,0x74,0x69,0x76,0x65,0x5f,0x67,0x61,0x6d,0x65,0x5f,0x64,0x65,0x73,0x63,0x72,0x69,0x70,0x74,0x69,0x6f,0x6e,0x5f,0x70,0x61,0x6e,0x65,0x6c,0x00,0x63,0x72,0x65,0x61,0x74,0x69,0x76,0x65,0x5f,0x67,0x61,0x6d,0x65,0x5f,0x74,0x69,0x74,0x6c,0x65,0x00,0x6c,0x01,0x00,0x00,0x63,0x72,0x65,0x61,0x74,0x69,0x76,0x65,0x5f,0x67,0x61,0x6d,0x65,0x5f,0x64,0x65,0x73,0x63,0x72,0x69,0x70,0x74,0x69,0x6f,0x6e,0x00,0x00,0x00,0x6d,0x01,0x00,0x00,0x63,0x72,0x65,0x61,0x74,0x69,0x76,0x65,0x5f,0x67,0x61,0x6d,0x65,0x5f,0x69,0x63,0x6f,0x6e,0x00,0x73,0x61,0x6e,0x64,0x62,0x6f,0x78,0x5f,0x67,0x61,0x6d,0x65,0x5f,0x70,0x61,0x6e,0x65,0x6c,0x5f,0x62,0x61,0x63,0x6b,0x67,0x72,0x6f,0x75,0x6e,0x64,0x00,0x73,0x61,0x6e,0x64,0x62,0x6f,0x78,0x5f,0x67,0x61,0x6d,0x65,0x5f,0x70,0x61,0x6e,0x65,0x6c,0x00,0x73,0x61,0x6e,0x64,0x62,0x6f,0x78,0x5f,0x67,0x61,0x6d,0x65,0x5f,0x73,0x74,0x61,0x72,0x74,0x5f,0x62,0x75,0x74,0x74,0x6f,0x6e,0x00,0x00,0x00,0x0e,0x00,0x00,0x00,0x73,0x61,0x6e,0x64,0x62,0x6f,0x78,0x5f,0x67,0x61,0x6d,0x65,0x5f,0x64,0x65,0x73,0x63,0x72,0x69,0x70,0x74,0x69,0x6f,0x6e,0x5f,0x70,0x61,0x6e,0x65,0x6c,0x00,0x73,0x61,0x6e,0x64,0x62,0x6f,0x78,0x5f,0x67,0x61,0x6d,0x65,0x5f,0x74,0x69,0x74,0x6c,0x65,0x00,0x00,0x00,0x6e,0x01,0x00,0x00,0x73,0x61,0x6e,0x64,0x62,0x6f,0x78,0x5f,0x67,0x61,0x6d,0x65,0x5f,0x64,0x65,0x73,0x63,0x72,0x69,0x70,0x74,0x69,0x6f,0x6e,0x00,0x00,0x00,0x00,0x6f,0x01,0x00,0x00,0x73,0x61,0x6e,0x64,0x62,0x6f,0x78,0x5f,0x67,0x61,0x6d,0x65,0x5f,0x69,0x63,0x6f,0x6e,0x00,0x66,0x6f,0x6f,0x74,0x65,0x72,0x5f,0x62,0x61,0x72,0x00,0x62,0x61,0x63,0x6b,0x5f,0x62,0x75,0x74,0x74,0x6f,0x6e,0x00,0x00,0x00,0x00,0x0b,0x00,0x00,0x00
};

static const unsigned char INV_MODE_SAMPLE[]={
0x53,0x55,0x56,0x57,0x41,0x54,0x48,0x81,0xec,0xd0,0x03,0x00,0x00,0x49,0x89,0xd3,0x48,0x8b,0xb4,0x24,0x20,0x04,0x00,0x00,0x48,0x8b,0xac,0x24,0x28,0x04,0x00,0x00,0x48,0x89,0x8c,0x24,0xe0,0x01,0x00,0x00,0x4c,0x89,0x9c,0x24,0xe8,0x01,0x00,0x00,0x4c,0x89,0x84,0x24,0xf0,0x01,0x00,0x00,0x4c,0x89,0x8c,0x24,0xf8,0x01,0x00,0x00,0x48,0x89,0xb4,0x24,0x00,0x02,0x00,0x00,0x48,0x89,0xac,0x24,0x08,0x02,0x00,0x00,0x48,0x8d,0x8c,0x24,0x10,0x02,0x00,0x00,0x48,0x8d,0x15,0x99,0x0f,0x00,0x00,0x48,0x8b,0x05,0x62,0x10,0x00,0x00,0x4c,0x89,0x4c,0x24,0x58,0x4c,0x89,0x9c,0x24,0x90,0x01,0x00,0x00,0xff,0x10,0x48,0x8b,0x05,0x54,0x10,0x00,0x00,0x48,0x8b,0x0d,0x55,0x10,0x00,0x00,0x8b,0x00,0x03,0x01,0x48,0x8b,0x0d,0x42,0x10,0x00,0x00,0x48,0x8d,0x94,0x24,0x20,0x02,0x00,0x00,0x89,0x84,0x24,0x28,0x02,0x00,0x00,0x48,0x8d,0x84,0x24,0x28,0x02,0x00,0x00,0x4c,0x8d,0x01,0x48,0x8b,0x0d,0x31,0x10,0x00,0x00,0x48,0x89,0x84,0x24,0x88,0x01,0x00,0x00,0x48,0x89,0x8c,0x24,0x80,0x01,0x00,0x00,0x48,0x89,0x94,0x24,0x78,0x01,0x00,0x00,0x48,0x8b,0x84,0x24,0x80,0x01,0x00,0x00,0x48,0x8b,0x8c,0x24,0x78,0x01,0x00,0x00,0x48,0x8b,0x94,0x24,0x88,0x01,0x00,0x00,0xff,0x10,0x4c,0x8b,0x9c,0x24,0x90,0x01,0x00,0x00,0x49,0x8d,0x0b,0x48,0x8d,0x94,0x24,0x10,0x02,0x00,0x00,0x4c,0x8d,0x05,0x15,0x0f,0x00,0x00,0x48,0x8d,0x84,0x24,0x20,0x02,0x00,0x00,0x48,0x8d,0x1d,0x0a,0x0f,0x00,0x00,0x48,0x8b,0x3d,0xd7,0x0f,0x00,0x00,0x48,0x89,0x5c,0x24,0x20,0x49,0x89,0xc1,0xff,0x17,0x48,0x8d,0x8c,0x24,0x20,0x02,0x00,0x00,0x48,0x8b,0x05,0xc6,0x0f,0x00,0x00,0xff,0x10,0x48,0x8d,0x8c,0x24,0x10,0x02,0x00,0x00,0x48,0x8b,0x05,0xbd,0x0f,0x00,0x00,0xff,0x10,0x8b,0x05,0xd1,0x0e,0x00,0x00,0x89,0x84,0x24,0x10,0x02,0x00,0x00,0x8b,0x05,0xc4,0x0e,0x00,0x00,0x89,0x84,0x24,0x14,0x02,0x00,0x00,0x48,0x8d,0x06,0x48,0x8d,0x94,0x24,0x10,0x02,0x00,0x00,0x4c,0x8d,0x84,0x24,0x14,0x02,0x00,0x00,0x48,0x8b,0x0e,0x48,0x8b,0x89,0x80,0x00,0x00,0x00,0x48,0x8b,0x1d,0x85,0x0f,0x00,0x00,0x48,0x01,0xd9,0x48,0x8b,0x09,0x48,0x8b,0x09,0x48,0x89,0x84,0x24,0x68,0x01,0x00,0x00,0x48,0x89,0x8c,0x24,0x38,0x01,0x00,0x00,0x48,0x8b,0x84,0x24,0x38,0x01,0x00,0x00,0x48,0x8b,0x8c,0x24,0x68,0x01,0x00,0x00,0xff,0xd0,0xf2,0x0f,0x2a,0x84,0x24,0x14,0x02,0x00,0x00,0xf2,0x0f,0x5e,0x05,0x61,0x0e,0x00,0x00,0x48,0x8d,0x8c,0x24,0x18,0x02,0x00,0x00,0xf2,0x0f,0x11,0x84,0x24,0x20,0x02,0x00,0x00,0x48,0x8d,0x94,0x24,0x20,0x02,0x00,0x00,0x4c,0x8d,0x05,0x49,0x0e,0x00,0x00,0x48,0x8d,0x05,0x4a,0x0e,0x00,0x00,0x48,0x8b,0x1d,0x23,0x0f,0x00,0x00,0x49,0x89,0xc1,0xff,0x13,0x48,0x8d,0x84,0x24,0x60,0x02,0x00,0x00,0x48,0x8d,0x55,0x30,0x48,0x8b,0x4d,0x30,0x48,0x8b,0x89,0x80,0x00,0x00,0x00,0x48,0x8b,0x1d,0x08,0x0f,0x00,0x00,0x48,0x01,0xd9,0x48,0x8b,0x09,0x48,0x8b,0x09,0x48,0x89,0x84,0x24,0x60,0x01,0x00,0x00,0x48,0x89,0x8c,0x24,0x58,0x01,0x00,0x00,0x48,0x8b,0x84,0x24,0x58,0x01,0x00,0x00,0x48,0x8b,0x8c,0x24,0x60,0x01,0x00,0x00,0xff,0xd0,0x48,0x8b,0x84,0x24,0x60,0x02,0x00,0x00,0x48,0x8d,0x8c,0x24,0x58,0x02,0x00,0x00,0x48,0x8d,0x95,0x68,0x21,0x00,0x00,0x4c,0x8d,0x00,0x48,0x8d,0x45,0x08,0x48,0x8b,0x9d,0x68,0x21,0x00,0x00,0x48,0x8b,0x9b,0x80,0x00,0x00,0x00,0x48,0x8b,0x35,0xb2,0x0e,0x00,0x00,0x48,0x01,0xf3,0x48,0x8b,0x1b,0x48,0x8b,0x1b,0x49,0x89,0xc1,0xff,0xd3,0x48,0x8d,0x8c,0x24,0x28,0x02,0x00,0x00,0x48,0x8b,0x05,0x9d,0x0e,0x00,0x00,0xff,0x10,0x48,0x8d,0x8c,0x24,0x28,0x02,0x00,0x00,0x48,0x8d,0x95,0xa8,0x25,0x00,0x00,0x4c,0x8b,0x4c,0x24,0x58,0x4d,0x8d,0x81,0xd0,0x01,0x00,0x00,0x48,0x8d,0x84,0x24,0x58,0x02,0x00,0x00,0x48,0x8b,0x1d,0x79,0x0e,0x00,0x00,0x49,0x89,0xc1,0xff,0x13,0x8a,0x05,0x52,0x0d,0x00,0x00,0x88,0x84,0x24,0x58,0x02,0x00,0x00,0x48,0x8b,0xbc,0x24,0x50,0x01,0x00,0x00,0x48,0x89,0xbc,0x24,0x60,0x02,0x00,0x00,0x4c,0x8d,0x94,0x24,0x60,0x02,0x00,0x00,0x48,0x8d,0x84,0x24,0x68,0x02,0x00,0x00,0x48,0x89,0x84,0x24,0x48,0x01,0x00,0x00,0x48,0x8d,0x85,0xa0,0x00,0x00,0x00,0x48,0x8b,0x0d,0x39,0x0e,0x00,0x00,0x48,0x89,0x84,0x24,0x98,0x01,0x00,0x00,0x48,0x89,0x8c,0x24,0x70,0x01,0x00,0x00,0x48,0x8b,0x84,0x24,0x70,0x01,0x00,0x00,0x4c,0x89,0xd1,0x48,0x8b,0x94,0x24,0x98,0x01,0x00,0x00,0x48,0x89,0x8c,0x24,0xa0,0x01,0x00,0x00,0xff,0x10,0x48,0x8d,0x8c,0x24,0x70,0x02,0x00,0x00,0x48,0x8b,0x05,0x05,0x0e,0x00,0x00,0x48,0x8b,0x94,0x24,0x98,0x01,0x00,0x00,0xff,0x10,0x48,0x8b,0x84,0x24,0x70,0x02,0x00,0x00,0x48,0x39,0x84,0x24,0x60,0x02,0x00,0x00,0x0f,0x84,0xf5,0x01,0x00,0x00,0x48,0x8b,0x05,0xe6,0x0d,0x00,0x00,0x48,0x8b,0x8c,0x24,0x48,0x01,0x00,0x00,0x48,0x8b,0x94,0x24,0x98,0x01,0x00,0x00,0x4c,0x8b,0x84,0x24,0xa0,0x01,0x00,0x00,0xff,0x10,0x48,0x8b,0x84,0x24,0x68,0x02,0x00,0x00,0x48,0x8b,0x50,0x08,0x48,0x8d,0x8c,0x24,0x08,0x03,0x00,0x00,0x48,0x8b,0x05,0xb9,0x0d,0x00,0x00,0x48,0x89,0x94,0x24,0xb0,0x01,0x00,0x00,0xff,0x10,0x48,0x8d,0x84,0x24,0x08,0x03,0x00,0x00,0x48,0x8b,0x94,0x24,0xb0,0x01,0x00,0x00,0x48,0x8d,0x0a,0x48,0x8b,0x12,0x48,0x8b,0x92,0x80,0x00,0x00,0x00,0x48,0x8b,0x1d,0x93,0x0d,0x00,0x00,0x48,0x01,0xda,0x48,0x8b,0x12,0x48,0x8b,0x12,0x48,0x89,0x84,0x24,0xb8,0x03,0x00,0x00,0x48,0x89,0x8c,0x24,0xb0,0x03,0x00,0x00,0x48,0x89,0x94,0x24,0xa8,0x03,0x00,0x00,0x48,0x8b,0x84,0x24,0xa8,0x03,0x00,0x00,0x48,0x8b,0x8c,0x24,0xb8,0x03,0x00,0x00,0x48,0x8b,0x94,0x24,0xb0,0x03,0x00,0x00,0xff,0xd0,0x48,0x8b,0x84,0x24,0x68,0x02,0x00,0x00,0x48,0x8b,0x50,0x08,0x48,0x8d,0x8c,0x24,0x68,0x03,0x00,0x00,0x48,0x8b,0x05,0x45,0x0d,0x00,0x00,0x48,0x89,0x94,0x24,0xa0,0x03,0x00,0x00,0xff,0x10,0x48,0x8d,0x84,0x24,0x68,0x03,0x00,0x00,0x48,0x8b,0x94,0x24,0xa0,0x03,0x00,0x00,0x48,0x8d,0x0a,0x48,0x8b,0x12,0x48,0x8b,0x92,0x80,0x00,0x00,0x00,0x48,0x8b,0x1d,0x1f,0x0d,0x00,0x00,0x48,0x01,0xda,0x48,0x8b,0x12,0x48,0x8b,0x12,0x48,0x89,0x84,0x24,0x98,0x03,0x00,0x00,0x48,0x89,0x8c,0x24,0xd8,0x01,0x00,0x00,0x48,0x89,0x94,0x24,0xa8,0x01,0x00,0x00,0x48,0x8b,0x84,0x24,0xa8,0x01,0x00,0x00,0x48,0x8b,0x8c,0x24,0x98,0x03,0x00,0x00,0x48,0x8b,0x94,0x24,0xd8,0x01,0x00,0x00,0xff,0xd0,0x48,0x8d,0x8c,0x24,0x78,0x02,0x00,0x00,0x48,0x8d,0x94,0x24,0x08,0x03,0x00,0x00,0x4c,0x8d,0x84,0x24,0x68,0x03,0x00,0x00,0x48,0x8b,0x05,0xcd,0x0c,0x00,0x00,0xff,0x10,0x48,0x8d,0x8c,0x24,0x68,0x03,0x00,0x00,0x48,0x8b,0x05,0xc4,0x0c,0x00,0x00,0xff,0x10,0x48,0x8d,0x8c,0x24,0x08,0x03,0x00,0x00,0x48,0x8b,0x05,0xbb,0x0c,0x00,0x00,0xff,0x10,0x48,0x8d,0x8c,0x24,0x08,0x03,0x00,0x00,0x48,0x8d,0x94,0x24,0x78,0x02,0x00,0x00,0x4c,0x8b,0x4c,0x24,0x58,0x4d,0x8d,0x81,0xd0,0x01,0x00,0x00,0x48,0x8b,0x05,0x9e,0x0c,0x00,0x00,0xff,0x10,0x8a,0x84,0x24,0x08,0x03,0x00,0x00,0x3c,0x00,0x0f,0x84,0x23,0x00,0x00,0x00,0x8a,0x05,0x17,0x0b,0x00,0x00,0x88,0x84,0x24,0x58,0x02,0x00,0x00,0x48,0x8d,0x8c,0x24,0x78,0x02,0x00,0x00,0x48,0x8b,0x05,0x79,0x0c,0x00,0x00,0xff,0x10,0xe9,0x32,0x00,0x00,0x00,0x48,0x8d,0x8c,0x24,0x78,0x02,0x00,0x00,0x48,0x8b,0x05,0x63,0x0c,0x00,0x00,0xff,0x10,0x48,0x8b,0x05,0x62,0x0c,0x00,0x00,0x48,0x8b,0x8c,0x24,0xa0,0x01,0x00,0x00,0x48,0x8b,0x94,0x24,0x98,0x01,0x00,0x00,0x49,0x89,0xc8,0xff,0x10,0xe9,0xdc,0xfd,0xff,0xff,0x48,0x8d,0x84,0x24,0x68,0x02,0x00,0x00,0x4c,0x8b,0x4c,0x24,0x58,0x49,0x8d,0x11,0x49,0x8b,0x09,0x48,0x8b,0x89,0x80,0x00,0x00,0x00,0x48,0x8b,0x1d,0x2f,0x0c,0x00,0x00,0x48,0x01,0xd9,0x48,0x8b,0x09,0x48,0x8b,0x09,0x48,0x89,0x84,0x24,0xd0,0x01,0x00,0x00,0x48,0x89,0x8c,0x24,0xc8,0x01,0x00,0x00,0x48,0x8b,0x84,0x24,0xc8,0x01,0x00,0x00,0x48,0x8b,0x8c,0x24,0xd0,0x01,0x00,0x00,0xff,0xd0,0x48,0x8d,0x8c,0x24,0x70,0x02,0x00,0x00,0x48,0x8d,0x94,0x24,0x10,0x02,0x00,0x00,0x4c,0x8d,0x84,0x24,0x68,0x02,0x00,0x00,0x48,0x8b,0x05,0xed,0x0b,0x00,0x00,0xff,0x10,0x48,0x8d,0x84,0x24,0x80,0x02,0x00,0x00,0x4c,0x8b,0x4c,0x24,0x58,0x49,0x8d,0x11,0x49,0x8b,0x09,0x48,0x8b,0x89,0x80,0x00,0x00,0x00,0x48,0x8b,0x1d,0xd2,0x0b,0x00,0x00,0x48,0x01,0xd9,0x48,0x8b,0x09,0x48,0x8b,0x09,0x48,0x89,0x84,0x24,0xc0,0x01,0x00,0x00,0x48,0x89,0x8c,0x24,0xb8,0x01,0x00,0x00,0x48,0x8b,0x84,0x24,0xb8,0x01,0x00,0x00,0x48,0x8b,0x8c,0x24,0xc0,0x01,0x00,0x00,0xff,0xd0,0xf2,0x0f,0x10,0x05,0x1f,0x0a,0x00,0x00,0xf2,0x0f,0x5c,0x84,0x24,0x80,0x02,0x00,0x00,0xf2,0x0f,0x11,0x84,0x24,0x78,0x02,0x00,0x00,0x48,0x8d,0x84,0x24,0x88,0x02,0x00,0x00,0x4c,0x8b,0x4c,0x24,0x58,0x49,0x8d,0x11,0x49,0x8b,0x09,0x48,0x8b,0x89,0x80,0x00,0x00,0x00,0x48,0x8b,0x1d,0x74,0x0b,0x00,0x00,0x48,0x01,0xd9,0x48,0x8b,0x09,0x48,0x8b,0x09,0x48,0x89,0x84,0x24,0x40,0x01,0x00,0x00,0x48,0x89,0x8c,0x24,0x30,0x01,0x00,0x00,0x48,0x8b,0x84,0x24,0x30,0x01,0x00,0x00,0x48,0x8b,0x8c,0x24,0x40,0x01,0x00,0x00,0xff,0xd0,0x48,0x8b,0x84,0x24,0x88,0x02,0x00,0x00,0x48,0x8d,0x8c,0x24,0x80,0x02,0x00,0x00,0x48,0x8d,0x10,0x48,0x8b,0x00,0x48,0x8b,0x80,0x80,0x00,0x00,0x00,0x48,0x8b,0x1d,0x2d,0x0b,0x00,0x00,0x48,0x01,0xd8,0x48,0x8b,0x00,0x48,0x8b,0x00,0xff,0xd0,0x48,0x8d,0x84,0x24,0x88,0x02,0x00,0x00,0x48,0x8d,0x8c,0x24,0x28,0x02,0x00,0x00,0x4c,0x8d,0x84,0x24,0x70,0x02,0x00,0x00,0x48,0x8d,0x94,0x24,0x68,0x02,0x00,0x00,0x48,0x8d,0x9c,0x24,0x78,0x02,0x00,0x00,0x48,0x8d,0xac,0x24,0x58,0x02,0x00,0x00,0x48,0x8d,0xb4,0x24,0x80,0x02,0x00,0x00,0x48,0x8b,0x3d,0xeb,0x0a,0x00,0x00,0x48,0x89,0x5c,0x24,0x20,0x48,0x89,0x6c,0x24,0x28,0x48,0x89,0x74,0x24,0x30,0x48,0x89,0x8c,0x24,0xf8,0x00,0x00,0x00,0x48,0x89,0x94,0x24,0x28,0x01,0x00,0x00,0x48,0x89,0xc1,0x48,0x8b,0x94,0x24,0xf8,0x00,0x00,0x00,0x4c,0x8b,0x8c,0x24,0x28,0x01,0x00,0x00,0xff,0x17,0x48,0x8d,0x8c,0x24,0x90,0x02,0x00,0x00,0x48,0x8d,0x94,0x24,0x88,0x02,0x00,0x00,0x48,0x8b,0x05,0xa8,0x0a,0x00,0x00,0xff,0x10,0x48,0x8b,0x05,0xa7,0x0a,0x00,0x00,0x48,0x8d,0x8c,0x24,0x98,0x02,0x00,0x00,0x48,0x8d,0x10,0x48,0x8b,0x05,0x8d,0x0a,0x00,0x00,0xff,0x10,0x48,0x8b,0x05,0x94,0x0a,0x00,0x00,0x48,0x8d,0x8c,0x24,0xa0,0x02,0x00,0x00,0x48,0x8d,0x10,0x48,0x8b,0x05,0x72,0x0a,0x00,0x00,0xff,0x10,0x48,0x8d,0x8c,0x24,0xa8,0x02,0x00,0x00,0x48,0x8d,0x15,0xc9,0x08,0x00,0x00,0x48,0x8b,0x05,0x5a,0x09,0x00,0x00,0xff,0x10,0x48,0x8b,0x0d,0x69,0x0a,0x00,0x00,0x48,0x8b,0x05,0x62,0x0a,0x00,0x00,0x48,0x8d,0x94,0x24,0xb8,0x02,0x00,0x00,0x48,0x8d,0x09,0x4c,0x8d,0x00,0x48,0x8b,0x05,0x4d,0x09,0x00,0x00,0x48,0x89,0x8c,0x24,0xa8,0x00,0x00,0x00,0x48,0x89,0x94,0x24,0xa0,0x00,0x00,0x00,0x48,0x8b,0x8c,0x24,0xa0,0x00,0x00,0x00,0x48,0x8b,0x94,0x24,0xa8,0x00,0x00,0x00,0xff,0x10,0x48,0x8d,0x8c,0x24,0xc0,0x02,0x00,0x00,0x48,0x8b,0x05,0x24,0x0a,0x00,0x00,0xff,0x10,0x4c,0x8b,0x9c,0x24,0x90,0x01,0x00,0x00,0x49,0x8d,0x03,0x48,0x8d,0x8c,0x24,0xa8,0x02,0x00,0x00,0x4c,0x8d,0x84,0x24,0xb8,0x02,0x00,0x00,0x48,0x8d,0x15,0x2c,0x08,0x00,0x00,0x48,0x8d,0x2d,0x25,0x08,0x00,0x00,0x48,0x8d,0x1d,0x1e,0x08,0x00,0x00,0x48,0x8d,0xb4,0x24,0xc0,0x02,0x00,0x00,0x48,0x8d,0x3d,0x0f,0x08,0x00,0x00,0x4c,0x8b,0x0d,0xe4,0x09,0x00,0x00,0x48,0x89,0x6c,0x24,0x20,0x48,0x89,0x5c,0x24,0x28,0x48,0x89,0x74,0x24,0x30,0x48,0x89,0x7c,0x24,0x38,0x4c,0x89,0xcb,0x48,0x89,0x8c,0x24,0x98,0x00,0x00,0x00,0x48,0x89,0x94,0x24,0x90,0x00,0x00,0x00,0x48,0x89,0xc1,0x48,0x8b,0x94,0x24,0x98,0x00,0x00,0x00,0x4c,0x8b,0x8c,0x24,0x90,0x00,0x00,0x00,0xff,0x13,0x48,0x8d,0x8c,0x24,0xc0,0x02,0x00,0x00,0x48,0x8b,0x05,0x99,0x08,0x00,0x00,0xff,0x10,0x48,0x8d,0x8c,0x24,0xb8,0x02,0x00,0x00,0x48,0x8b,0x05,0x88,0x08,0x00,0x00,0xff,0x10,0x48,0x8d,0x8c,0x24,0xa8,0x02,0x00,0x00,0x48,0x8b,0x05,0x7f,0x08,0x00,0x00,0xff,0x10,0x48,0x8b,0x05,0x76,0x09,0x00,0x00,0x48,0x8d,0x8c,0x24,0xa8,0x02,0x00,0x00,0x48,0x8d,0x10,0x48,0x8b,0x05,0x6c,0x09,0x00,0x00,0xff,0x10,0x48,0x8d,0x84,0x24,0xac,0x02,0x00,0x00,0x4c,0x8b,0x4c,0x24,0x58,0x49,0x8d,0x11,0x4c,0x8d,0x05,0x97,0x07,0x00,0x00,0x49,0x8b,0x09,0x48,0x8b,0x89,0x80,0x00,0x00,0x00,0x48,0x8b,0x1d,0x4a,0x09,0x00,0x00,0x48,0x01,0xd9,0x48,0x8b,0x09,0x48,0x8b,0x09,0x48,0x89,0x84,0x24,0x80,0x00,0x00,0x00,0x48,0x89,0x4c,0x24,0x50,0x48,0x8b,0x44,0x24,0x50,0x48,0x8b,0x8c,0x24,0x80,0x00,0x00,0x00,0xff,0xd0,0x8a,0x84,0x24,0xac,0x02,0x00,0x00,0x3c,0x00,0x0f,0x84,0x59,0x00,0x00,0x00,0x48,0x8d,0x8c,0x24,0xb0,0x02,0x00,0x00,0x48,0x8b,0x05,0x0f,0x09,0x00,0x00,0xff,0x10,0xf2,0x0f,0x2d,0x84,0x24,0xb0,0x02,0x00,0x00,0x31,0xd2,0x99,0xf7,0x3d,0x37,0x07,0x00,0x00,0x39,0x15,0x2d,0x07,0x00,0x00,0x0f,0x9f,0xc0,0x3c,0x00,0x0f,0x84,0x20,0x00,0x00,0x00,0x48,0x8b,0x05,0xeb,0x08,0x00,0x00,0x48,0x8d,0x8c,0x24,0xa8,0x02,0x00,0x00,0x48,0x8d,0x10,0x48,0x8b,0x05,0xe1,0x08,0x00,0x00,0xff,0x10,0xe9,0x00,0x00,0x00,0x00,0xe9,0xbb,0x00,0x00,0x00,0x48,0x8d,0x84,0x24,0xac,0x02,0x00,0x00,0x4c,0x8b,0x4c,0x24,0x58,0x49,0x8d,0x11,0x4c,0x8d,0x05,0xee,0x06,0x00,0x00,0x49,0x8b,0x09,0x48,0x8b,0x89,0x80,0x00,0x00,0x00,0x48,0x8b,0x1d,0x95,0x08,0x00,0x00,0x48,0x01,0xd9,0x48,0x8b,0x09,0x48,0x8b,0x09,0x48,0x89,0x84,0x24,0xd0,0x00,0x00,0x00,0x48,0x89,0x8c,0x24,0xc0,0x03,0x00,0x00,0x48,0x8b,0x84,0x24,0xc0,0x03,0x00,0x00,0x48,0x8b,0x8c,0x24,0xd0,0x00,0x00,0x00,0xff,0xd0,0x8a,0x84,0x24,0xac,0x02,0x00,0x00,0x3c,0x00,0x0f,0x84,0x59,0x00,0x00,0x00,0x48,0x8d,0x8c,0x24,0xb0,0x02,0x00,0x00,0x48,0x8b,0x05,0x54,0x08,0x00,0x00,0xff,0x10,0xf2,0x0f,0x2d,0x84,0x24,0xb0,0x02,0x00,0x00,0x31,0xd2,0x99,0xf7,0x3d,0x7c,0x06,0x00,0x00,0x39,0x15,0x72,0x06,0x00,0x00,0x0f,0x9f,0xc0,0x3c,0x00,0x0f,0x84,0x20,0x00,0x00,0x00,0x48,0x8b,0x05,0x40,0x08,0x00,0x00,0x48,0x8d,0x8c,0x24,0xa8,0x02,0x00,0x00,0x48,0x8d,0x10,0x48,0x8b,0x05,0x26,0x08,0x00,0x00,0xff,0x10,0xe9,0x00,0x00,0x00,0x00,0xe9,0x00,0x00,0x00,0x00,0x48,0x8d,0x8c,0x24,0xb0,0x02,0x00,0x00,0x48,0x8d,0x15,0x3f,0x06,0x00,0x00,0x48,0x8b,0x05,0xac,0x06,0x00,0x00,0xff,0x10,0x48,0x8b,0x05,0xab,0x06,0x00,0x00,0x48,0x8b,0x0d,0xb4,0x07,0x00,0x00,0x48,0x8d,0x94,0x24,0xc0,0x02,0x00,0x00,0x48,0x8d,0x00,0x4c,0x8d,0x01,0x48,0x8b,0x0d,0x9f,0x06,0x00,0x00,0x48,0x89,0x44,0x24,0x78,0x48,0x89,0x4c,0x24,0x70,0x48,0x89,0x54,0x24,0x68,0x48,0x8b,0x44,0x24,0x70,0x48,0x8b,0x4c,0x24,0x68,0x48,0x8b,0x54,0x24,0x78,0xff,0x10,0x4c,0x8b,0x9c,0x24,0x90,0x01,0x00,0x00,0x49,0x8d,0x03,0x48,0x8d,0x94,0x24,0xb0,0x02,0x00,0x00,0x4d,0x8d,0x83,0x30,0x03,0x00,0x00,0x48,0x8d,0x8c,0x24,0xc0,0x02,0x00,0x00,0x48,0x8d,0x9c,0x24,0xa8,0x02,0x00,0x00,0x48,0x8b,0x2d,0x9e,0x07,0x00,0x00,0x48,0x89,0x5c,0x24,0x20,0x48,0x89,0x4c,0x24,0x60,0x48,0x89,0xc1,0x4c,0x8b,0x4c,0x24,0x60,0xff,0x55,0x00,0x48,0x8d,0x8c,0x24,0xc0,0x02,0x00,0x00,0x48,0x8b,0x05,0x3a,0x06,0x00,0x00,0xff,0x10,0x48,0x8d,0x8c,0x24,0xb0,0x02,0x00,0x00,0x48,0x8b,0x05,0x31,0x06,0x00,0x00,0xff,0x10,0x48,0x8d,0x8c,0x24,0xb0,0x02,0x00,0x00,0x48,0x8d,0x15,0x8f,0x05,0x00,0x00,0x48,0x8b,0x05,0xe9,0x05,0x00,0x00,0xff,0x10,0x48,0x8b,0x05,0xf8,0x06,0x00,0x00,0x48,0x8b,0x0d,0xf1,0x06,0x00,0x00,0x48,0x8d,0x94,0x24,0xc0,0x02,0x00,0x00,0x48,0x8d,0x00,0x4c,0x8d,0x01,0x48,0x8b,0x0d,0xdc,0x05,0x00,0x00,0x48,0x89,0x84,0x24,0xb0,0x00,0x00,0x00,0x48,0x89,0x8c,0x24,0x88,0x00,0x00,0x00,0x48,0x89,0x94,0x24,0xb8,0x00,0x00,0x00,0x48,0x8b,0x84,0x24,0x88,0x00,0x00,0x00,0x48,0x8b,0x8c,0x24,0xb8,0x00,0x00,0x00,0x48,0x8b,0x94,0x24,0xb0,0x00,0x00,0x00,0xff,0x10,0x48,0x8b,0x05,0xfb,0x06,0x00,0x00,0x48,0x8b,0x0d,0xfc,0x06,0x00,0x00,0x48,0x8b,0x15,0xfd,0x06,0x00,0x00,0x4c,0x8b,0x9c,0x24,0x90,0x01,0x00,0x00,0x49,0x8d,0x1b,0x48,0x8d,0xac,0x24,0xb0,0x02,0x00,0x00,0x4c,0x8d,0x84,0x24,0xc0,0x02,0x00,0x00,0x48,0x8d,0x35,0x13,0x05,0x00,0x00,0x48,0x8d,0x00,0x48,0x8d,0x39,0x48,0x8d,0x12,0x48,0x8d,0x8c,0x24,0x90,0x02,0x00,0x00,0x4c,0x8d,0x8c,0x24,0x98,0x02,0x00,0x00,0x4c,0x8d,0x94,0x24,0xa0,0x02,0x00,0x00,0x4c,0x8b,0x25,0xbb,0x06,0x00,0x00,0x48,0x89,0x44,0x24,0x20,0x48,0x89,0x7c,0x24,0x28,0x48,0x89,0x54,0x24,0x30,0x48,0x89,0x4c,0x24,0x38,0x4c,0x89,0x4c,0x24,0x40,0x4c,0x89,0x54,0x24,0x48,0x48,0x89,0xd9,0x48,0x89,0xea,0x49,0x89,0xf1,0x41,0xff,0x14,0x24,0x48,0x8d,0x8c,0x24,0xc0,0x02,0x00,0x00,0x48,0x8b,0x05,0x21,0x05,0x00,0x00,0xff,0x10,0x48,0x8d,0x8c,0x24,0xb0,0x02,0x00,0x00,0x48,0x8b,0x05,0x18,0x05,0x00,0x00,0xff,0x10,0x48,0x8d,0x8c,0x24,0xa8,0x02,0x00,0x00,0x48,0x8b,0x05,0x67,0x06,0x00,0x00,0xff,0x10,0x4c,0x8b,0x9c,0x24,0x90,0x01,0x00,0x00,0x49,0x8d,0x0b,0x48,0x8b,0x05,0x5b,0x06,0x00,0x00,0xff,0x10,0x48,0x8d,0x8c,0x24,0xa8,0x02,0x00,0x00,0x48,0x8d,0x15,0x72,0x04,0x00,0x00,0x48,0x8b,0x05,0xab,0x04,0x00,0x00,0xff,0x10,0x48,0x8b,0x0d,0xba,0x05,0x00,0x00,0x48,0x8b,0x05,0xb3,0x05,0x00,0x00,0x48,0x8d,0x94,0x24,0xb8,0x02,0x00,0x00,0x48,0x8d,0x09,0x4c,0x8d,0x00,0x48,0x8b,0x05,0x9e,0x04,0x00,0x00,0x48,0x89,0x8c,0x24,0xc8,0x00,0x00,0x00,0x48,0x89,0x94,0x24,0x20,0x01,0x00,0x00,0x48,0x8b,0x8c,0x24,0x20,0x01,0x00,0x00,0x48,0x8b,0x94,0x24,0xc8,0x00,0x00,0x00,0xff,0x10,0x48,0x8d,0x8c,0x24,0xc0,0x02,0x00,0x00,0x48,0x8b,0x05,0x75,0x05,0x00,0x00,0xff,0x10,0x4c,0x8b,0x9c,0x24,0x90,0x01,0x00,0x00,0x49,0x8d,0x03,0x48,0x8d,0x8c,0x24,0xa8,0x02,0x00,0x00,0x4c,0x8d,0x84,0x24,0xb8,0x02,0x00,0x00,0x48,0x8d,0x15,0x7d,0x03,0x00,0x00,0x48,0x8d,0x1d,0x76,0x03,0x00,0x00,0x48,0x8d,0x2d,0x6f,0x03,0x00,0x00,0x48,0x8d,0xb4,0x24,0xc0,0x02,0x00,0x00,0x48,0x8d,0x3d,0x60,0x03,0x00,0x00,0x4c,0x8b,0x0d,0x35,0x05,0x00,0x00,0x48,0x89,0x5c,0x24,0x20,0x48,0x89,0x6c,0x24,0x28,0x48,0x89,0x74,0x24,0x30,0x48,0x89,0x7c,0x24,0x38,0x4c,0x89,0xcb,0x48,0x89,0x8c,0x24,0x18,0x01,0x00,0x00,0x48,0x89,0x94,0x24,0x10,0x01,0x00,0x00,0x48,0x89,0xc1,0x48,0x8b,0x94,0x24,0x18,0x01,0x00,0x00,0x4c,0x8b,0x8c,0x24,0x10,0x01,0x00,0x00,0xff,0x13,0x48,0x8d,0x8c,0x24,0xc0,0x02,0x00,0x00,0x48,0x8b,0x05,0xea,0x03,0x00,0x00,0xff,0x10,0x48,0x8d,0x8c,0x24,0xb8,0x02,0x00,0x00,0x48,0x8b,0x05,0xd9,0x03,0x00,0x00,0xff,0x10,0x48,0x8d,0x8c,0x24,0xa8,0x02,0x00,0x00,0x48,0x8b,0x05,0xd0,0x03,0x00,0x00,0xff,0x10,0x48,0x8b,0x05,0xc7,0x04,0x00,0x00,0x48,0x8d,0x8c,0x24,0xa8,0x02,0x00,0x00,0x48,0x8d,0x10,0x48,0x8b,0x05,0xbd,0x04,0x00,0x00,0xff,0x10,0x48,0x8d,0x84,0x24,0xac,0x02,0x00,0x00,0x4c,0x8b,0x4c,0x24,0x58,0x49,0x8d,0x11,0x4c,0x8d,0x05,0x40,0x03,0x00,0x00,0x49,0x8b,0x09,0x48,0x8b,0x89,0x80,0x00,0x00,0x00,0x48,0x8b,0x1d,0x9b,0x04,0x00,0x00,0x48,0x01,0xd9,0x48,0x8b,0x09,0x48,0x8b,0x09,0x48,0x89,0x84,0x24,0x08,0x01,0x00,0x00,0x48,0x89,0x8c,0x24,0x00,0x01,0x00,0x00,0x48,0x8b,0x84,0x24,0x00,0x01,0x00,0x00,0x48,0x8b,0x8c,0x24,0x08,0x01,0x00,0x00,0xff,0xd0,0x8a,0x84,0x24,0xac,0x02,0x00,0x00,0x3c,0x00,0x0f,0x84,0x59,0x00,0x00,0x00,0x48,0x8d,0x8c,0x24,0xb0,0x02,0x00,0x00,0x48,0x8b,0x05,0x5a,0x04,0x00,0x00,0xff,0x10,0xf2,0x0f,0x2d,0x84,0x24,0xb0,0x02,0x00,0x00,0x31,0xd2,0x99,0xf7,0x3d,0x82,0x02,0x00,0x00,0x39,0x15,0x78,0x02,0x00,0x00,0x0f,0x9f,0xc0,0x3c,0x00,0x0f,0x84,0x20,0x00,0x00,0x00,0x48,0x8b,0x05,0x46,0x04,0x00,0x00,0x48,0x8d,0x8c,0x24,0xa8,0x02,0x00,0x00,0x48,0x8d,0x10,0x48,0x8b,0x05,0x2c,0x04,0x00,0x00,0xff,0x10,0xe9,0x00,0x00,0x00,0x00,0xe9,0x00,0x00,0x00,0x00,0x48,0x8d,0x8c,0x24,0xb0,0x02,0x00,0x00,0x48,0x8d,0x15,0x91,0x02,0x00,0x00,0x48,0x8b,0x05,0xb2,0x02,0x00,0x00,0xff,0x10,0x48,0x8b,0x0d,0xb1,0x02,0x00,0x00,0x48,0x8b,0x05,0xba,0x03,0x00,0x00,0x48,0x8d,0x94,0x24,0xc0,0x02,0x00,0x00,0x48,0x8d,0x09,0x4c,0x8d,0x00,0x48,0x8b,0x05,0xa5,0x02,0x00,0x00,0x48,0x89,0x8c,0x24,0xf0,0x00,0x00,0x00,0x48,0x89,0x94,0x24,0xc0,0x00,0x00,0x00,0x48,0x8b,0x8c,0x24,0xc0,0x00,0x00,0x00,0x48,0x8b,0x94,0x24,0xf0,0x00,0x00,0x00,0xff,0x10,0x4c,0x8b,0x9c,0x24,0x90,0x01,0x00,0x00,0x49,0x8d,0x03,0x48,0x8d,0x94,0x24,0xb0,0x02,0x00,0x00,0x4d,0x8d,0x83,0x50,0x04,0x00,0x00,0x4c,0x8d,0x8c,0x24,0xc0,0x02,0x00,0x00,0x48,0x8d,0x8c,0x24,0xa8,0x02,0x00,0x00,0x48,0x8b,0x1d,0xa2,0x03,0x00,0x00,0x48,0x89,0x4c,0x24,0x20,0x48,0x89,0xc1,0xff,0x13,0x48,0x8d,0x8c,0x24,0xc0,0x02,0x00,0x00,0x48,0x8b,0x05,0x49,0x02,0x00,0x00,0xff,0x10,0x48,0x8d,0x8c,0x24,0xb0,0x02,0x00,0x00,0x48,0x8b,0x05,0x40,0x02,0x00,0x00,0xff,0x10,0x48,0x8d,0x8c,0x24,0xb0,0x02,0x00,0x00,0x48,0x8d,0x15,0xea,0x01,0x00,0x00,0x48,0x8b,0x05,0xf8,0x01,0x00,0x00,0xff,0x10,0x48,0x8b,0x05,0x07,0x03,0x00,0x00,0x48,0x8b,0x0d,0x00,0x03,0x00,0x00,0x48,0x8d,0x94,0x24,0xc0,0x02,0x00,0x00,0x48,0x8d,0x00,0x4c,0x8d,0x01,0x48,0x8b,0x0d,0xeb,0x01,0x00,0x00,0x48,0x89,0x84,0x24,0xe8,0x00,0x00,0x00,0x48,0x89,0x8c,0x24,0xe0,0x00,0x00,0x00,0x48,0x89,0x94,0x24,0xd8,0x00,0x00,0x00,0x48,0x8b,0x84,0x24,0xe0,0x00,0x00,0x00,0x48,0x8b,0x8c,0x24,0xd8,0x00,0x00,0x00,0x48,0x8b,0x94,0x24,0xe8,0x00,0x00,0x00,0xff,0x10,0x48,0x8b,0x05,0x0a,0x03,0x00,0x00,0x4c,0x8b,0x9c,0x24,0x90,0x01,0x00,0x00,0x49,0x8d,0x0b,0x48,0x8d,0x94,0x24,0xb0,0x02,0x00,0x00,0x4c,0x8d,0x84,0x24,0xc0,0x02,0x00,0x00,0x4c,0x8d,0x0d,0x30,0x01,0x00,0x00,0x48,0x8d,0x00,0x48,0x8d,0x9c,0x24,0x68,0x02,0x00,0x00,0x48,0x8d,0xac,0x24,0x18,0x02,0x00,0x00,0x48,0x8b,0x35,0xfe,0x02,0x00,0x00,0x48,0x89,0x44,0x24,0x20,0x48,0x89,0x5c,0x24,0x28,0x48,0x89,0x6c,0x24,0x30,0xff,0x16,0x48,0x8d,0x8c,0x24,0xc0,0x02,0x00,0x00,0x48,0x8b,0x05,0x66,0x01,0x00,0x00,0xff,0x10,0x48,0x8d,0x8c,0x24,0xb0,0x02,0x00,0x00,0x48,0x8b,0x05,0x5d,0x01,0x00,0x00,0xff,0x10,0x48,0x8d,0x8c,0x24,0xa8,0x02,0x00,0x00,0x48,0x8b,0x05,0xac,0x02,0x00,0x00,0xff,0x10,0x4c,0x8b,0x9c,0x24,0x90,0x01,0x00,0x00,0x49,0x8d,0x0b,0x48,0x8b,0x05,0xa0,0x02,0x00,0x00,0xff,0x10,0x48,0x8d,0x8c,0x24,0x28,0x02,0x00,0x00,0x48,0x8b,0x05,0x9f,0x02,0x00,0x00,0xff,0x10,0x4c,0x8b,0x9c,0x24,0x90,0x01,0x00,0x00,0x49,0x8d,0x0b,0x48,0x8b,0x05,0x7b,0x02,0x00,0x00,0xff,0x10,0x48,0x81,0xc4,0xd0,0x03,0x00,0x00,0x41,0x5c,0x5f,0x5e,0x5d,0x5b,0xc3,0x00,0x00,0x00,0x63,0x6c,0x6f,0x74,0x68,0x69,0x6e,0x67,0x5f,0x73,0x74,0x61,0x74,0x73,0x5f,0x74,0x61,0x62,0x6c,0x65,0x00,0x5f,0x69,0x63,0x01,0x00,0x00,0x00,0x00,0x00,0x00,0x00,0x00,0x00,0x00,0x00,0x00,0x80,0x56,0x40,0x00,0x00,0x00,0x00,0x00,0x00,0x00,0x00,0x00,0x00,0x00,0x00,0x00,0x00,0xf0,0x3f,0x76,0x69,0x74,0x61,0x6c,0x5f,0x63,0x65,0x6c,0x6c,0x5f,0x74,0x68,0x65,0x72,0x6d,0x61,0x6c,0x00,0x61,0x10,0x00,0x00,0x00,0xf4,0x01,0x00,0x00,0xe8,0x03,0x00,0x00,0x0f,0x00,0x00,0x00,0x76,0x69,0x74,0x61,0x6c,0x5f,0x69,0x63,0x6f,0x6e,0x5f,0x74,0x68,0x65,0x72,0x6d,0x61,0x6c,0x00,0x76,0x69,0x74,0x61,0x6c,0x5f,0x62,0x61,0x72,0x5f,0x74,0x68,0x65,0x72,0x6d,0x61,0x6c,0x00,0x76,0x65,0x72,0x77,0x72,0x69,0x74,0x00,0x00,0x00,0x00,0x00,0x00,0xe8,0x3f,0x76,0x69,0x74,0x61,0x6c,0x5f,0x63,0x65,0x6c,0x6c,0x5f,0x77,0x65,0x74,0x6e,0x65,0x73,0x73,0x00,0x61,0x08,0x00,0x00,0x00,0x76,0x69,0x74,0x61,0x6c,0x5f,0x69,0x63,0x6f,0x6e,0x5f,0x77,0x65,0x74,0x6e,0x65,0x73,0x73,0x00,0x76,0x69,0x74,0x61,0x6c,0x5f,0x62,0x61,0x72,0x5f,0x77,0x65,0x74,0x6e,0x65,0x73,0x73,0x00,0x00,0x00,0x00
};

static const unsigned char INV_MODE_GET[]={
0x48,0x83,0xec,0x18,0x48,0x89,0x0c,0x24,0x48,0x89,0x54,0x24,0x08,0x48,0x8d,0x42,0x08,0x48,0x89,0x01,0xe9,0x00,0x00,0x00,0x00,0x48,0x83,0xc4,0x18,0xc3
};

static const unsigned char INV_COMPONENT_LOOKUP[]={
0x53,0x48,0x81,0xec,0xa0,0x00,0x00,0x00,0x48,0x89,0x4c,0x24,0x48,0x48,0x89,0x54,0x24,0x50,0x4c,0x89,0x44,0x24,0x58,0x48,0x8b,0x44,0x24,0x28,0x48,0x89,0x44,0x24,0x60,0x4c,0x8d,0x4c,0x24,0x60,0x48,0x8d,0x44,0x24,0x68,0x48,0x89,0x84,0x24,0x90,0x00,0x00,0x00,0x48,0x8d,0x42,0x08,0x48,0x8b,0x15,0x1a,0x01,0x00,0x00,0x48,0x89,0x84,0x24,0x88,0x00,0x00,0x00,0x48,0x89,0x8c,0x24,0x80,0x00,0x00,0x00,0x48,0x89,0x54,0x24,0x40,0x48,0x8b,0x44,0x24,0x40,0x4c,0x89,0xc9,0x48,0x8b,0x94,0x24,0x88,0x00,0x00,0x00,0x48,0x89,0x4c,0x24,0x20,0x4c,0x89,0x44,0x24,0x38,0xff,0x10,0x48,0x8d,0x44,0x24,0x70,0x48,0x8b,0x0d,0xe5,0x00,0x00,0x00,0x48,0x89,0x44,0x24,0x30,0x48,0x89,0x8c,0x24,0x98,0x00,0x00,0x00,0x48,0x8b,0x84,0x24,0x98,0x00,0x00,0x00,0x48,0x8b,0x4c,0x24,0x30,0x48,0x8b,0x94,0x24,0x88,0x00,0x00,0x00,0xff,0x10,0x48,0x8b,0x44,0x24,0x70,0x48,0x39,0x44,0x24,0x60,0x0f,0x84,0x89,0x00,0x00,0x00,0x48,0x8b,0x05,0xb2,0x00,0x00,0x00,0x48,0x8b,0x8c,0x24,0x90,0x00,0x00,0x00,0x48,0x8b,0x94,0x24,0x88,0x00,0x00,0x00,0x4c,0x8b,0x44,0x24,0x20,0xff,0x10,0x48,0x8b,0x44,0x24,0x68,0x48,0x8b,0x40,0x08,0x48,0x8d,0x4c,0x24,0x78,0x48,0x8d,0x10,0x4c,0x8b,0x44,0x24,0x38,0x49,0x8d,0x00,0x48,0x8b,0x1d,0x83,0x00,0x00,0x00,0x49,0x89,0xc0,0xff,0x13,0x8a,0x44,0x24,0x78,0x3c,0x00,0x0f,0x84,0x1c,0x00,0x00,0x00,0x48,0x8b,0x44,0x24,0x68,0x48,0x8b,0x40,0x08,0x48,0x8d,0x00,0x48,0x8b,0x8c,0x24,0x80,0x00,0x00,0x00,0x48,0x89,0x01,0xe9,0x32,0x00,0x00,0x00,0x48,0x8b,0x05,0x57,0x00,0x00,0x00,0x48,0x8b,0x4c,0x24,0x20,0x48,0x8b,0x94,0x24,0x88,0x00,0x00,0x00,0x49,0x89,0xc8,0xff,0x10,0xe9,0x37,0xff,0xff,0xff,0x48,0x8b,0x8c,0x24,0x80,0x00,0x00,0x00,0x48,0xc7,0x01,0x00,0x00,0x00,0x00,0xe9,0x00,0x00,0x00,0x00,0x48,0x81,0xc4,0xa0,0x00,0x00,0x00,0x5b,0xc3,0x00,0x00,0x00
};
