#pragma once
#include <cstddef>
static const unsigned char ST_COLUMN[]={
0x53,0x55,0x56,0x57,0x41,0x54,0x41,0x55,0x41,0x56,0x41,0x57,0x48,0x81,0xec,0x28,
0x08,0x00,0x00,0x4c,0x8b,0xb4,0x24,0x90,0x08,0x00,0x00,0x4c,0x8b,0x94,0x24,0x98,
0x08,0x00,0x00,0x4c,0x8b,0xac,0x24,0xa0,0x08,0x00,0x00,0x4c,0x8b,0xbc,0x24,0xa8,
0x08,0x00,0x00,0x48,0x8b,0x84,0x24,0xb0,0x08,0x00,0x00,0x48,0x8b,0x9c,0x24,0xb8,
0x08,0x00,0x00,0x48,0x8b,0xac,0x24,0xc0,0x08,0x00,0x00,0x48,0x8b,0xb4,0x24,0xc8,
0x08,0x00,0x00,0x48,0x8b,0xbc,0x24,0xd0,0x08,0x00,0x00,0x4c,0x8b,0x9c,0x24,0xd8,
0x08,0x00,0x00,0x4c,0x8b,0xa4,0x24,0xe0,0x08,0x00,0x00,0x48,0x89,0x8c,0x24,0x38,
0x06,0x00,0x00,0x48,0x89,0x94,0x24,0x40,0x06,0x00,0x00,0x4c,0x89,0x84,0x24,0x48,
0x06,0x00,0x00,0x4c,0x89,0x8c,0x24,0x50,0x06,0x00,0x00,0x4c,0x89,0xb4,0x24,0x58,
0x06,0x00,0x00,0x4c,0x89,0x94,0x24,0x60,0x06,0x00,0x00,0x4c,0x89,0xac,0x24,0x68,
0x06,0x00,0x00,0x4c,0x89,0xbc,0x24,0x70,0x06,0x00,0x00,0x48,0x89,0x84,0x24,0x78,
0x06,0x00,0x00,0x48,0x89,0x44,0x24,0x78,0x48,0x89,0x9c,0x24,0x80,0x06,0x00,0x00,
0x48,0x89,0x9c,0x24,0x70,0x04,0x00,0x00,0x48,0x89,0xac,0x24,0x88,0x06,0x00,0x00,
0x48,0x89,0xac,0x24,0x68,0x04,0x00,0x00,0x48,0x89,0xb4,0x24,0x90,0x06,0x00,0x00,
0x48,0x89,0xb4,0x24,0x60,0x04,0x00,0x00,0x48,0x89,0xbc,0x24,0x98,0x06,0x00,0x00,
0x48,0x89,0xbc,0x24,0x50,0x04,0x00,0x00,0x4c,0x89,0x9c,0x24,0xa0,0x06,0x00,0x00,
0x4c,0x89,0x9c,0x24,0x28,0x04,0x00,0x00,0x4c,0x89,0xa4,0x24,0xa8,0x06,0x00,0x00,
0x4c,0x89,0xa4,0x24,0x48,0x04,0x00,0x00,0x48,0x8d,0x84,0x24,0xb0,0x06,0x00,0x00,
0x49,0x8d,0x5d,0x00,0x49,0x8d,0x2e,0x48,0x8b,0x35,0x4a,0x24,0x00,0x00,0x48,0x89,
0x8c,0x24,0x40,0x04,0x00,0x00,0x48,0x89,0x94,0x24,0x38,0x04,0x00,0x00,0x4c,0x89,
0x84,0x24,0x78,0x04,0x00,0x00,0x48,0x89,0xc1,0x48,0x89,0xda,0x49,0x89,0xe8,0x4c,
0x89,0x8c,0x24,0x58,0x04,0x00,0x00,0x4c,0x89,0x94,0x24,0x80,0x04,0x00,0x00,0xff,
0x16,0x48,0x8d,0x84,0x24,0xb8,0x06,0x00,0x00,0x48,0x8b,0x0d,0x10,0x24,0x00,0x00,
0x48,0x89,0x84,0x24,0x90,0x04,0x00,0x00,0x48,0x89,0x8c,0x24,0xd0,0x04,0x00,0x00,
0x48,0x8b,0x84,0x24,0xd0,0x04,0x00,0x00,0x48,0x8b,0x8c,0x24,0x90,0x04,0x00,0x00,
0xff,0x10,0x48,0x8b,0x84,0x24,0xb0,0x06,0x00,0x00,0x48,0x8b,0x8c,0x24,0x40,0x04,
0x00,0x00,0x48,0x8d,0x11,0x48,0x8d,0x00,0x48,0x8d,0x9c,0x24,0xb8,0x06,0x00,0x00,
0x48,0x8b,0x2d,0xd1,0x23,0x00,0x00,0x48,0x89,0x94,0x24,0xc8,0x04,0x00,0x00,0x48,
0x8b,0x8c,0x24,0xc8,0x04,0x00,0x00,0x48,0x89,0xc2,0x49,0x89,0xd8,0xff,0x55,0x00,
0x48,0x8b,0x44,0x24,0x78,0x48,0x83,0x38,0x00,0x0f,0x95,0xc0,0x3c,0x00,0x0f,0x84,
0x49,0x00,0x00,0x00,0x48,0x8b,0x44,0x24,0x78,0x48,0x8b,0x08,0x48,0x8b,0x41,0x28,
0x48,0x8d,0x8c,0x24,0xe0,0x06,0x00,0x00,0x48,0x8d,0x80,0x70,0x01,0x00,0x00,0x48,
0x8b,0x15,0x8a,0x23,0x00,0x00,0x48,0x89,0x84,0x24,0xc0,0x04,0x00,0x00,0x48,0x89,
0x94,0x24,0xb0,0x04,0x00,0x00,0x48,0x8b,0x84,0x24,0xb0,0x04,0x00,0x00,0x48,0x8b,
0x94,0x24,0xc0,0x04,0x00,0x00,0xff,0x10,0xe9,0x42,0x00,0x00,0x00,0x48,0x8d,0x84,
0x24,0xe0,0x06,0x00,0x00,0x48,0x8d,0x0d,0x14,0x23,0x00,0x00,0x48,0x8d,0x15,0x0d,
0x23,0x00,0x00,0x48,0x8b,0x1d,0x4e,0x23,0x00,0x00,0x48,0x89,0x8c,0x24,0x48,0x02,
0x00,0x00,0x48,0x89,0x94,0x24,0x68,0x02,0x00,0x00,0x48,0x89,0xc1,0x48,0x8b,0x94,
0x24,0x48,0x02,0x00,0x00,0x4c,0x8b,0x84,0x24,0x68,0x02,0x00,0x00,0xff,0x13,0x48,
0x8b,0x84,0x24,0xb0,0x06,0x00,0x00,0x48,0x8d,0x8c,0x24,0xe8,0x06,0x00,0x00,0x48,
0x89,0x8c,0x24,0x88,0x04,0x00,0x00,0x48,0x8b,0x8c,0x24,0x40,0x04,0x00,0x00,0x48,
0x8d,0x11,0x48,0x8d,0x00,0x48,0x8d,0x9c,0x24,0xb8,0x06,0x00,0x00,0x48,0x89,0x84,
0x24,0xa8,0x04,0x00,0x00,0x48,0x8b,0x44,0x24,0x78,0x48,0x8d,0x28,0x4c,0x8b,0x84,
0x24,0x78,0x04,0x00,0x00,0x49,0x8d,0x80,0x78,0x44,0x00,0x00,0x48,0x8b,0x35,0xdd,
0x22,0x00,0x00,0x48,0x89,0x6c,0x24,0x20,0x48,0x89,0x44,0x24,0x28,0x48,0x8b,0x8c,
0x24,0x88,0x04,0x00,0x00,0x4c,0x8b,0x84,0x24,0xa8,0x04,0x00,0x00,0x49,0x89,0xd9,
0xff,0x16,0x48,0x8d,0x84,0x24,0xe9,0x06,0x00,0x00,0x48,0x8b,0x0d,0xb7,0x22,0x00,
0x00,0x48,0x89,0x84,0x24,0xa0,0x04,0x00,0x00,0x48,0x89,0x8c,0x24,0x98,0x04,0x00,
0x00,0x48,0x8b,0x84,0x24,0x98,0x04,0x00,0x00,0x48,0x8b,0x8c,0x24,0xa0,0x04,0x00,
0x00,0xff,0x10,0x48,0x8d,0x84,0x24,0xe9,0x06,0x00,0x00,0x48,0x8b,0x8c,0x24,0x40,
0x04,0x00,0x00,0x48,0x8d,0x11,0x48,0x89,0x84,0x24,0x30,0x04,0x00,0x00,0x48,0x8b,
0x44,0x24,0x78,0x48,0x8d,0x18,0x48,0x8d,0x84,0x24,0xe8,0x06,0x00,0x00,0x48,0x8b,
0x2d,0x6b,0x22,0x00,0x00,0x48,0x8b,0x8c,0x24,0x30,0x04,0x00,0x00,0x49,0x89,0xd8,
0x49,0x89,0xc1,0xff,0x55,0x00,0x48,0x8d,0x84,0x24,0x00,0x07,0x00,0x00,0x48,0x8b,
0x0d,0x53,0x22,0x00,0x00,0x48,0x89,0x84,0x24,0x20,0x04,0x00,0x00,0x48,0x89,0x8c,
0x24,0xf8,0x03,0x00,0x00,0x48,0x8b,0x84,0x24,0xf8,0x03,0x00,0x00,0x48,0x8b,0x8c,
0x24,0x20,0x04,0x00,0x00,0xff,0x10,0x48,0x8d,0x84,0x24,0x00,0x07,0x00,0x00,0x49,
0x8d,0x0e,0x48,0x8b,0x15,0x27,0x22,0x00,0x00,0x48,0x89,0x84,0x24,0x18,0x04,0x00,
0x00,0x48,0x89,0x8c,0x24,0xb0,0x03,0x00,0x00,0x48,0x89,0x94,0x24,0xa8,0x03,0x00,
0x00,0x48,0x8b,0x84,0x24,0xa8,0x03,0x00,0x00,0x48,0x8b,0x8c,0x24,0x18,0x04,0x00,
0x00,0x48,0x8b,0x94,0x24,0xb0,0x03,0x00,0x00,0xff,0x10,0x48,0x8d,0x84,0x24,0x10,
0x07,0x00,0x00,0x48,0x8d,0x0d,0x7a,0x21,0x00,0x00,0x48,0x8b,0x15,0xe7,0x21,0x00,
0x00,0x48,0x89,0x84,0x24,0xa0,0x03,0x00,0x00,0x48,0x89,0x8c,0x24,0x90,0x03,0x00,
0x00,0x48,0x89,0x94,0x24,0x68,0x03,0x00,0x00,0x48,0x8b,0x84,0x24,0x68,0x03,0x00,
0x00,0x48,0x8b,0x8c,0x24,0xa0,0x03,0x00,0x00,0x48,0x8b,0x94,0x24,0x90,0x03,0x00,
0x00,0xff,0x10,0x48,0x8d,0x84,0x24,0x20,0x07,0x00,0x00,0x48,0x8b,0x0d,0x96,0x21,
0x00,0x00,0x48,0x89,0x84,0x24,0x88,0x03,0x00,0x00,0x48,0x89,0x8c,0x24,0x80,0x03,
0x00,0x00,0x48,0x8b,0x84,0x24,0x80,0x03,0x00,0x00,0x48,0x8b,0x8c,0x24,0x88,0x03,
0x00,0x00,0xff,0x10,0x48,0x8d,0x84,0x24,0x00,0x07,0x00,0x00,0x48,0x8d,0x8c,0x24,
0x10,0x07,0x00,0x00,0x48,0x8b,0x15,0x75,0x21,0x00,0x00,0x48,0x89,0x84,0x24,0x78,
0x03,0x00,0x00,0x48,0x89,0x8c,0x24,0xb8,0x03,0x00,0x00,0x48,0x89,0x94,0x24,0x98,
0x03,0x00,0x00,0x48,0x8b,0x84,0x24,0x98,0x03,0x00,0x00,0x48,0x8b,0x8c,0x24,0x88,
0x03,0x00,0x00,0x48,0x8b,0x94,0x24,0x78,0x03,0x00,0x00,0x4c,0x8b,0x84,0x24,0xb8,
0x03,0x00,0x00,0xff,0x10,0x48,0x8d,0x84,0x24,0x30,0x07,0x00,0x00,0x48,0x8b,0x0d,
0x14,0x21,0x00,0x00,0x48,0x89,0x84,0x24,0xc0,0x03,0x00,0x00,0x48,0x89,0x8c,0x24,
0xd0,0x03,0x00,0x00,0x48,0x8b,0x84,0x24,0xd0,0x03,0x00,0x00,0x48,0x8b,0x8c,0x24,
0xc0,0x03,0x00,0x00,0xff,0x10,0x48,0x8b,0x84,0x24,0xb0,0x06,0x00,0x00,0x48,0x8d,
0x8c,0x24,0x30,0x07,0x00,0x00,0x48,0x8d,0x40,0x10,0x48,0x8b,0x15,0xdf,0x20,0x00,
0x00,0x48,0x89,0x84,0x24,0x10,0x04,0x00,0x00,0x48,0x89,0x94,0x24,0x08,0x04,0x00,
0x00,0x48,0x8b,0x84,0x24,0x08,0x04,0x00,0x00,0x48,0x8b,0x94,0x24,0x10,0x04,0x00,
0x00,0xff,0x10,0x48,0x8d,0x84,0x24,0x40,0x07,0x00,0x00,0x48,0x8b,0x0d,0xa6,0x20,
0x00,0x00,0x48,0x89,0x84,0x24,0x00,0x04,0x00,0x00,0x48,0x89,0x8c,0x24,0xf0,0x03,
0x00,0x00,0x48,0x8b,0x84,0x24,0xf0,0x03,0x00,0x00,0x48,0x8b,0x8c,0x24,0x00,0x04,
0x00,0x00,0xff,0x10,0x48,0x8d,0x84,0x24,0x20,0x07,0x00,0x00,0x48,0x8d,0x8c,0x24,
0x30,0x07,0x00,0x00,0x48,0x8b,0x15,0x85,0x20,0x00,0x00,0x48,0x89,0x84,0x24,0xc8,
0x03,0x00,0x00,0x48,0x89,0x8c,0x24,0xe8,0x03,0x00,0x00,0x48,0x89,0x94,0x24,0xe0,
0x03,0x00,0x00,0x48,0x8b,0x84,0x24,0xe0,0x03,0x00,0x00,0x48,0x8b,0x8c,0x24,0x00,
0x04,0x00,0x00,0x48,0x8b,0x94,0x24,0xc8,0x03,0x00,0x00,0x4c,0x8b,0x84,0x24,0xe8,
0x03,0x00,0x00,0xff,0x10,0x48,0x8d,0x84,0x24,0x50,0x07,0x00,0x00,0x48,0x8d,0x0d,
0xc0,0x1f,0x00,0x00,0x48,0x8b,0x15,0x2d,0x20,0x00,0x00,0x48,0x89,0x84,0x24,0xd8,
0x03,0x00,0x00,0x48,0x89,0x8c,0x24,0xd8,0x04,0x00,0x00,0x48,0x89,0x94,0x24,0xb8,
0x04,0x00,0x00,0x48,0x8b,0x84,0x24,0xb8,0x04,0x00,0x00,0x48,0x8b,0x8c,0x24,0xd8,
0x03,0x00,0x00,0x48,0x8b,0x94,0x24,0xd8,0x04,0x00,0x00,0xff,0x10,0x48,0x8d,0x84,
0x24,0x60,0x07,0x00,0x00,0x48,0x8b,0x0d,0xdc,0x1f,0x00,0x00,0x48,0x89,0x84,0x24,
0xe0,0x04,0x00,0x00,0x48,0x89,0x8c,0x24,0xf0,0x04,0x00,0x00,0x48,0x8b,0x84,0x24,
0xf0,0x04,0x00,0x00,0x48,0x8b,0x8c,0x24,0xe0,0x04,0x00,0x00,0xff,0x10,0x48,0x8d,
0x84,0x24,0x40,0x07,0x00,0x00,0x48,0x8d,0x8c,0x24,0x50,0x07,0x00,0x00,0x48,0x8b,
0x15,0xbb,0x1f,0x00,0x00,0x48,0x89,0x84,0x24,0xf0,0x05,0x00,0x00,0x48,0x89,0x8c,
0x24,0xe8,0x05,0x00,0x00,0x48,0x89,0x94,0x24,0xe0,0x05,0x00,0x00,0x48,0x8b,0x84,
0x24,0xe0,0x05,0x00,0x00,0x48,0x8b,0x8c,0x24,0xe0,0x04,0x00,0x00,0x48,0x8b,0x94,
0x24,0xf0,0x05,0x00,0x00,0x4c,0x8b,0x84,0x24,0xe8,0x05,0x00,0x00,0xff,0x10,0x48,
0x8d,0x84,0x24,0x70,0x07,0x00,0x00,0x48,0x8b,0x0d,0x5a,0x1f,0x00,0x00,0x48,0x89,
0x84,0x24,0xd0,0x05,0x00,0x00,0x48,0x89,0x8c,0x24,0xa8,0x05,0x00,0x00,0x48,0x8b,
0x84,0x24,0xa8,0x05,0x00,0x00,0x48,0x8b,0x8c,0x24,0xd0,0x05,0x00,0x00,0xff,0x10,
0x48,0x8b,0x84,0x24,0xb0,0x06,0x00,0x00,0x48,0x8d,0x8c,0x24,0x70,0x07,0x00,0x00,
0x48,0x8d,0x40,0x20,0x48,0x8b,0x15,0x25,0x1f,0x00,0x00,0x48,0x89,0x84,0x24,0xc8,
0x05,0x00,0x00,0x48,0x89,0x94,0x24,0xc0,0x05,0x00,0x00,0x48,0x8b,0x84,0x24,0xc0,
0x05,0x00,0x00,0x48,0x8b,0x94,0x24,0xc8,0x05,0x00,0x00,0xff,0x10,0x48,0x8d,0x84,
0x24,0x80,0x07,0x00,0x00,0x48,0x8b,0x0d,0xec,0x1e,0x00,0x00,0x48,0x89,0x84,0x24,
0xb8,0x05,0x00,0x00,0x48,0x89,0x8c,0x24,0xf8,0x05,0x00,0x00,0x48,0x8b,0x84,0x24,
0xf8,0x05,0x00,0x00,0x48,0x8b,0x8c,0x24,0xb8,0x05,0x00,0x00,0xff,0x10,0x48,0x8d,
0x84,0x24,0x60,0x07,0x00,0x00,0x48,0x8d,0x8c,0x24,0x70,0x07,0x00,0x00,0x48,0x8b,
0x15,0xcb,0x1e,0x00,0x00,0x48,0x89,0x84,0x24,0xd8,0x05,0x00,0x00,0x48,0x89,0x8c,
0x24,0x00,0x06,0x00,0x00,0x48,0x89,0x94,0x24,0x10,0x06,0x00,0x00,0x48,0x8b,0x84,
0x24,0x10,0x06,0x00,0x00,0x48,0x8b,0x8c,0x24,0xb8,0x05,0x00,0x00,0x48,0x8b,0x94,
0x24,0xd8,0x05,0x00,0x00,0x4c,0x8b,0x84,0x24,0x00,0x06,0x00,0x00,0xff,0x10,0x48,
0x8d,0x84,0x24,0x90,0x07,0x00,0x00,0x48,0x8d,0x0d,0x06,0x1e,0x00,0x00,0x48,0x8b,
0x15,0x73,0x1e,0x00,0x00,0x48,0x89,0x84,0x24,0x10,0x08,0x00,0x00,0x48,0x89,0x8c,
0x24,0x08,0x08,0x00,0x00,0x48,0x89,0x94,0x24,0x00,0x08,0x00,0x00,0x48,0x8b,0x84,
0x24,0x00,0x08,0x00,0x00,0x48,0x8b,0x8c,0x24,0x10,0x08,0x00,0x00,0x48,0x8b,0x94,
0x24,0x08,0x08,0x00,0x00,0xff,0x10,0x48,0x8d,0x84,0x24,0xa0,0x07,0x00,0x00,0x48,
0x8b,0x0d,0x22,0x1e,0x00,0x00,0x48,0x89,0x84,0x24,0x30,0x06,0x00,0x00,0x48,0x89,
0x8c,0x24,0x08,0x06,0x00,0x00,0x48,0x8b,0x84,0x24,0x08,0x06,0x00,0x00,0x48,0x8b,
0x8c,0x24,0x30,0x06,0x00,0x00,0xff,0x10,0x48,0x8d,0x84,0x24,0x80,0x07,0x00,0x00,
0x48,0x8d,0x8c,0x24,0x90,0x07,0x00,0x00,0x48,0x8b,0x15,0x01,0x1e,0x00,0x00,0x48,
0x89,0x84,0x24,0x28,0x06,0x00,0x00,0x48,0x89,0x8c,0x24,0x20,0x06,0x00,0x00,0x48,
0x89,0x94,0x24,0x18,0x06,0x00,0x00,0x48,0x8b,0x84,0x24,0x18,0x06,0x00,0x00,0x48,
0x8b,0x8c,0x24,0x30,0x06,0x00,0x00,0x48,0x8b,0x94,0x24,0x28,0x06,0x00,0x00,0x4c,
0x8b,0x84,0x24,0x20,0x06,0x00,0x00,0xff,0x10,0x48,0x8d,0x84,0x24,0xb0,0x07,0x00,
0x00,0x48,0x8b,0x0d,0xa0,0x1d,0x00,0x00,0x48,0x89,0x84,0x24,0xb0,0x05,0x00,0x00,
0x48,0x89,0x8c,0x24,0xa0,0x05,0x00,0x00,0x48,0x8b,0x84,0x24,0xa0,0x05,0x00,0x00,
0x48,0x8b,0x8c,0x24,0xb0,0x05,0x00,0x00,0xff,0x10,0x48,0x8b,0x84,0x24,0xb0,0x06,
0x00,0x00,0x48,0x8d,0x8c,0x24,0xb0,0x07,0x00,0x00,0x48,0x8d,0x40,0x34,0x48,0x8b,
0x15,0x6b,0x1d,0x00,0x00,0x48,0x89,0x84,0x24,0x78,0x05,0x00,0x00,0x48,0x89,0x94,
0x24,0x98,0x05,0x00,0x00,0x48,0x8b,0x84,0x24,0x98,0x05,0x00,0x00,0x48,0x8b,0x94,
0x24,0x78,0x05,0x00,0x00,0xff,0x10,0x48,0x8d,0x84,0x24,0xc0,0x07,0x00,0x00,0x48,
0x8b,0x0d,0x32,0x1d,0x00,0x00,0x48,0x89,0x84,0x24,0x30,0x05,0x00,0x00,0x48,0x89,
0x8c,0x24,0x28,0x05,0x00,0x00,0x48,0x8b,0x84,0x24,0x28,0x05,0x00,0x00,0x48,0x8b,
0x8c,0x24,0x30,0x05,0x00,0x00,0xff,0x10,0x48,0x8d,0x84,0x24,0xa0,0x07,0x00,0x00,
0x48,0x8d,0x8c,0x24,0xb0,0x07,0x00,0x00,0x48,0x8b,0x15,0x11,0x1d,0x00,0x00,0x48,
0x89,0x84,0x24,0x20,0x05,0x00,0x00,0x48,0x89,0x8c,0x24,0x10,0x05,0x00,0x00,0x48,
0x89,0x94,0x24,0xe8,0x04,0x00,0x00,0x48,0x8b,0x84,0x24,0xe8,0x04,0x00,0x00,0x48,
0x8b,0x8c,0x24,0x30,0x05,0x00,0x00,0x48,0x8b,0x94,0x24,0x20,0x05,0x00,0x00,0x4c,
0x8b,0x84,0x24,0x10,0x05,0x00,0x00,0xff,0x10,0x48,0x8d,0x84,0x24,0xd0,0x07,0x00,
0x00,0x48,0x8d,0x0d,0x4c,0x1c,0x00,0x00,0x48,0x8b,0x15,0xb9,0x1c,0x00,0x00,0x48,
0x89,0x84,0x24,0x08,0x05,0x00,0x00,0x48,0x89,0x8c,0x24,0x00,0x05,0x00,0x00,0x48,
0x89,0x94,0x24,0xf8,0x04,0x00,0x00,0x48,0x8b,0x84,0x24,0xf8,0x04,0x00,0x00,0x48,
0x8b,0x8c,0x24,0x08,0x05,0x00,0x00,0x48,0x8b,0x94,0x24,0x00,0x05,0x00,0x00,0xff,
0x10,0x48,0x8d,0x84,0x24,0xe0,0x07,0x00,0x00,0x48,0x8b,0x0d,0x68,0x1c,0x00,0x00,
0x48,0x89,0x84,0x24,0x38,0x05,0x00,0x00,0x48,0x89,0x8c,0x24,0x18,0x05,0x00,0x00,
0x48,0x8b,0x84,0x24,0x18,0x05,0x00,0x00,0x48,0x8b,0x8c,0x24,0x38,0x05,0x00,0x00,
0xff,0x10,0x48,0x8d,0x84,0x24,0xc0,0x07,0x00,0x00,0x48,0x8d,0x8c,0x24,0xd0,0x07,
0x00,0x00,0x48,0x8b,0x15,0x47,0x1c,0x00,0x00,0x48,0x89,0x84,0x24,0x40,0x05,0x00,
0x00,0x48,0x89,0x8c,0x24,0x50,0x05,0x00,0x00,0x48,0x89,0x94,0x24,0x90,0x05,0x00,
0x00,0x48,0x8b,0x84,0x24,0x90,0x05,0x00,0x00,0x48,0x8b,0x8c,0x24,0x38,0x05,0x00,
0x00,0x48,0x8b,0x94,0x24,0x40,0x05,0x00,0x00,0x4c,0x8b,0x84,0x24,0x50,0x05,0x00,
0x00,0xff,0x10,0x48,0x8d,0x84,0x24,0xf0,0x07,0x00,0x00,0x48,0x8b,0x0d,0xe6,0x1b,
0x00,0x00,0x48,0x89,0x84,0x24,0x88,0x05,0x00,0x00,0x48,0x89,0x8c,0x24,0x80,0x05,
0x00,0x00,0x48,0x8b,0x84,0x24,0x80,0x05,0x00,0x00,0x48,0x8b,0x8c,0x24,0x88,0x05,
0x00,0x00,0xff,0x10,0x48,0x8b,0x84,0x24,0xb0,0x06,0x00,0x00,0x48,0x8d,0x8c,0x24,
0xf0,0x07,0x00,0x00,0x48,0x8d,0x40,0x30,0x48,0x8b,0x15,0xb1,0x1b,0x00,0x00,0x48,
0x89,0x84,0x24,0x70,0x05,0x00,0x00,0x48,0x89,0x94,0x24,0x48,0x05,0x00,0x00,0x48,
0x8b,0x84,0x24,0x48,0x05,0x00,0x00,0x48,0x8b,0x94,0x24,0x70,0x05,0x00,0x00,0xff,
0x10,0x48,0x8d,0x84,0x24,0xf0,0x06,0x00,0x00,0x48,0x8b,0x0d,0x78,0x1b,0x00,0x00,
0x48,0x89,0x84,0x24,0x68,0x05,0x00,0x00,0x48,0x89,0x8c,0x24,0x60,0x05,0x00,0x00,
0x48,0x8b,0x84,0x24,0x60,0x05,0x00,0x00,0x48,0x8b,0x8c,0x24,0x68,0x05,0x00,0x00,
0xff,0x10,0x48,0x8d,0x84,0x24,0xe0,0x07,0x00,0x00,0x48,0x8d,0x8c,0x24,0xf0,0x07,
0x00,0x00,0x48,0x8b,0x15,0x57,0x1b,0x00,0x00,0x48,0x89,0x84,0x24,0x58,0x05,0x00,
0x00,0x48,0x89,0x8c,0x24,0x70,0x03,0x00,0x00,0x48,0x89,0x94,0x24,0x60,0x03,0x00,
0x00,0x48,0x8b,0x84,0x24,0x60,0x03,0x00,0x00,0x48,0x8b,0x8c,0x24,0x68,0x05,0x00,
0x00,0x48,0x8b,0x94,0x24,0x58,0x05,0x00,0x00,0x4c,0x8b,0x84,0x24,0x70,0x03,0x00,
0x00,0xff,0x10,0x48,0x8d,0x84,0x24,0xf0,0x07,0x00,0x00,0x48,0x8b,0x0d,0x16,0x1b,
0x00,0x00,0x48,0x89,0x84,0x24,0x38,0x03,0x00,0x00,0x48,0x89,0x8c,0x24,0x58,0x03,
0x00,0x00,0x48,0x8b,0x84,0x24,0x58,0x03,0x00,0x00,0x48,0x8b,0x8c,0x24,0x38,0x03,
0x00,0x00,0xff,0x10,0x48,0x8d,0x84,0x24,0xe0,0x07,0x00,0x00,0x48,0x8b,0x0d,0xe5,
0x1a,0x00,0x00,0x48,0x89,0x84,0x24,0x70,0x01,0x00,0x00,0x48,0x89,0x8c,0x24,0x68,
0x01,0x00,0x00,0x48,0x8b,0x84,0x24,0x68,0x01,0x00,0x00,0x48,0x8b,0x8c,0x24,0x70,
0x01,0x00,0x00,0xff,0x10,0x48,0x8d,0x84,0x24,0xd0,0x07,0x00,0x00,0x48,0x8b,0x0d,
0xb4,0x1a,0x00,0x00,0x48,0x89,0x84,0x24,0x60,0x01,0x00,0x00,0x48,0x89,0x8c,0x24,
0x50,0x01,0x00,0x00,0x48,0x8b,0x84,0x24,0x50,0x01,0x00,0x00,0x48,0x8b,0x8c,0x24,
0x60,0x01,0x00,0x00,0xff,0x10,0x48,0x8d,0x84,0x24,0xc0,0x07,0x00,0x00,0x48,0x8b,
0x0d,0x83,0x1a,0x00,0x00,0x48,0x89,0x84,0x24,0x28,0x01,0x00,0x00,0x48,0x89,0x8c,
0x24,0x48,0x01,0x00,0x00,0x48,0x8b,0x84,0x24,0x48,0x01,0x00,0x00,0x48,0x8b,0x8c,
0x24,0x28,0x01,0x00,0x00,0xff,0x10,0x48,0x8d,0x84,0x24,0xb0,0x07,0x00,0x00,0x48,
0x8b,0x0d,0x52,0x1a,0x00,0x00,0x48,0x89,0x84,0x24,0x40,0x01,0x00,0x00,0x48,0x89,
0x8c,0x24,0x38,0x01,0x00,0x00,0x48,0x8b,0x84,0x24,0x38,0x01,0x00,0x00,0x48,0x8b,
0x8c,0x24,0x40,0x01,0x00,0x00,0xff,0x10,0x48,0x8d,0x84,0x24,0xa0,0x07,0x00,0x00,
0x48,0x8b,0x0d,0x21,0x1a,0x00,0x00,0x48,0x89,0x84,0x24,0x78,0x01,0x00,0x00,0x48,
0x89,0x8c,0x24,0x58,0x01,0x00,0x00,0x48,0x8b,0x84,0x24,0x58,0x01,0x00,0x00,0x48,
0x8b,0x8c,0x24,0x78,0x01,0x00,0x00,0xff,0x10,0x48,0x8d,0x84,0x24,0x90,0x07,0x00,
0x00,0x48,0x8b,0x0d,0xf0,0x19,0x00,0x00,0x48,0x89,0x84,0x24,0x80,0x01,0x00,0x00,
0x48,0x89,0x8c,0x24,0x90,0x01,0x00,0x00,0x48,0x8b,0x84,0x24,0x90,0x01,0x00,0x00,
0x48,0x8b,0x8c,0x24,0x80,0x01,0x00,0x00,0xff,0x10,0x48,0x8d,0x84,0x24,0x80,0x07,
0x00,0x00,0x48,0x8b,0x0d,0xbf,0x19,0x00,0x00,0x48,0x89,0x84,0x24,0xd0,0x01,0x00,
0x00,0x48,0x89,0x8c,0x24,0xc8,0x01,0x00,0x00,0x48,0x8b,0x84,0x24,0xc8,0x01,0x00,
0x00,0x48,0x8b,0x8c,0x24,0xd0,0x01,0x00,0x00,0xff,0x10,0x48,0x8d,0x84,0x24,0x70,
0x07,0x00,0x00,0x48,0x8b,0x0d,0x8e,0x19,0x00,0x00,0x48,0x89,0x84,0x24,0xc0,0x01,
0x00,0x00,0x48,0x89,0x8c,0x24,0xb0,0x01,0x00,0x00,0x48,0x8b,0x84,0x24,0xb0,0x01,
0x00,0x00,0x48,0x8b,0x8c,0x24,0xc0,0x01,0x00,0x00,0xff,0x10,0x48,0x8d,0x84,0x24,
0x60,0x07,0x00,0x00,0x48,0x8b,0x0d,0x5d,0x19,0x00,0x00,0x48,0x89,0x84,0x24,0x88,
0x01,0x00,0x00,0x48,0x89,0x8c,0x24,0xa8,0x01,0x00,0x00,0x48,0x8b,0x84,0x24,0xa8,
0x01,0x00,0x00,0x48,0x8b,0x8c,0x24,0x88,0x01,0x00,0x00,0xff,0x10,0x48,0x8d,0x84,
0x24,0x50,0x07,0x00,0x00,0x48,0x8b,0x0d,0x2c,0x19,0x00,0x00,0x48,0x89,0x84,0x24,
0xa0,0x01,0x00,0x00,0x48,0x89,0x8c,0x24,0x98,0x01,0x00,0x00,0x48,0x8b,0x84,0x24,
0x98,0x01,0x00,0x00,0x48,0x8b,0x8c,0x24,0xa0,0x01,0x00,0x00,0xff,0x10,0x48,0x8d,
0x84,0x24,0x40,0x07,0x00,0x00,0x48,0x8b,0x0d,0xfb,0x18,0x00,0x00,0x48,0x89,0x84,
0x24,0x30,0x01,0x00,0x00,0x48,0x89,0x8c,0x24,0x20,0x01,0x00,0x00,0x48,0x8b,0x84,
0x24,0x20,0x01,0x00,0x00,0x48,0x8b,0x8c,0x24,0x30,0x01,0x00,0x00,0xff,0x10,0x48,
0x8d,0x84,0x24,0x30,0x07,0x00,0x00,0x48,0x8b,0x0d,0xca,0x18,0x00,0x00,0x48,0x89,
0x84,0x24,0xf8,0x00,0x00,0x00,0x48,0x89,0x8c,0x24,0x18,0x01,0x00,0x00,0x48,0x8b,
0x84,0x24,0x18,0x01,0x00,0x00,0x48,0x8b,0x8c,0x24,0xf8,0x00,0x00,0x00,0xff,0x10,
0x48,0x8d,0x84,0x24,0x20,0x07,0x00,0x00,0x48,0x8b,0x0d,0x99,0x18,0x00,0x00,0x48,
0x89,0x84,0x24,0xb0,0x00,0x00,0x00,0x48,0x89,0x8c,0x24,0xa8,0x00,0x00,0x00,0x48,
0x8b,0x84,0x24,0xa8,0x00,0x00,0x00,0x48,0x8b,0x8c,0x24,0xb0,0x00,0x00,0x00,0xff,
0x10,0x48,0x8d,0x84,0x24,0x10,0x07,0x00,0x00,0x48,0x8b,0x0d,0x68,0x18,0x00,0x00,
0x48,0x89,0x84,0x24,0xa0,0x00,0x00,0x00,0x48,0x89,0x8c,0x24,0x90,0x00,0x00,0x00,
0x48,0x8b,0x84,0x24,0x90,0x00,0x00,0x00,0x48,0x8b,0x8c,0x24,0xa0,0x00,0x00,0x00,
0xff,0x10,0x48,0x8d,0x84,0x24,0x00,0x07,0x00,0x00,0x48,0x8b,0x0d,0x37,0x18,0x00,
0x00,0x48,0x89,0x44,0x24,0x70,0x48,0x89,0x8c,0x24,0x88,0x00,0x00,0x00,0x48,0x8b,
0x84,0x24,0x88,0x00,0x00,0x00,0x48,0x8b,0x4c,0x24,0x70,0xff,0x10,0x48,0x8d,0x84,
0x24,0x08,0x07,0x00,0x00,0x48,0x8d,0x0d,0x8a,0x17,0x00,0x00,0x48,0x8b,0x15,0xf5,
0x17,0x00,0x00,0x48,0x89,0x84,0x24,0x80,0x00,0x00,0x00,0x48,0x89,0x8c,0x24,0xb8,
0x00,0x00,0x00,0x48,0x89,0x94,0x24,0x98,0x00,0x00,0x00,0x48,0x8b,0x84,0x24,0x98,
0x00,0x00,0x00,0x48,0x8b,0x8c,0x24,0x80,0x00,0x00,0x00,0x48,0x8b,0x94,0x24,0xb8,
0x00,0x00,0x00,0xff,0x10,0x48,0x8d,0x84,0x24,0x18,0x07,0x00,0x00,0x48,0x8b,0x0d,
0xa4,0x17,0x00,0x00,0x48,0x89,0x84,0x24,0xc0,0x00,0x00,0x00,0x48,0x89,0x8c,0x24,
0xd0,0x00,0x00,0x00,0x48,0x8b,0x84,0x24,0xd0,0x00,0x00,0x00,0x48,0x8b,0x8c,0x24,
0xc0,0x00,0x00,0x00,0xff,0x10,0x48,0x8d,0x84,0x24,0xf0,0x06,0x00,0x00,0x48,0x8d,
0x8c,0x24,0x08,0x07,0x00,0x00,0x48,0x8b,0x15,0x83,0x17,0x00,0x00,0x48,0x89,0x84,
0x24,0x10,0x01,0x00,0x00,0x48,0x89,0x8c,0x24,0x08,0x01,0x00,0x00,0x48,0x89,0x94,
0x24,0x00,0x01,0x00,0x00,0x48,0x8b,0x84,0x24,0x00,0x01,0x00,0x00,0x48,0x8b,0x8c,
0x24,0xc0,0x00,0x00,0x00,0x48,0x8b,0x94,0x24,0x10,0x01,0x00,0x00,0x4c,0x8b,0x84,
0x24,0x08,0x01,0x00,0x00,0xff,0x10,0x48,0x8b,0x1d,0x52,0x17,0x00,0x00,0x48,0x8b,
0x84,0x24,0xb0,0x06,0x00,0x00,0x8b,0x40,0x50,0x03,0x05,0xc1,0x16,0x00,0x00,0x48,
0x8d,0x8c,0x24,0x28,0x07,0x00,0x00,0x48,0x8d,0x13,0x89,0x84,0x24,0x30,0x07,0x00,
0x00,0x48,0x8d,0x84,0x24,0x30,0x07,0x00,0x00,0x48,0x8b,0x1d,0xd8,0x16,0x00,0x00,
0x49,0x89,0xc0,0xff,0x13,0x48,0x8d,0x84,0x24,0x34,0x07,0x00,0x00,0x48,0x8b,0x0d,
0x14,0x17,0x00,0x00,0x48,0x89,0x84,0x24,0xf0,0x00,0x00,0x00,0x48,0x89,0x8c,0x24,
0xc8,0x00,0x00,0x00,0x48,0x8b,0x84,0x24,0xc8,0x00,0x00,0x00,0x48,0x8b,0x8c,0x24,
0xf0,0x00,0x00,0x00,0xff,0x10,0x48,0x8d,0x84,0x24,0x00,0x07,0x00,0x00,0x48,0x8b,
0x94,0x24,0x38,0x04,0x00,0x00,0x48,0x8d,0x0a,0x48,0x8d,0x9c,0x24,0x18,0x07,0x00,
0x00,0x48,0x8d,0xac,0x24,0x28,0x07,0x00,0x00,0x4c,0x8d,0x25,0x44,0x16,0x00,0x00,
0x48,0x8d,0x3d,0x3d,0x16,0x00,0x00,0x48,0x8d,0x35,0x22,0x16,0x00,0x00,0x4c,0x8d,
0x84,0x24,0x34,0x07,0x00,0x00,0x4c,0x8d,0x0d,0x27,0x16,0x00,0x00,0x4c,0x8b,0x94,
0x24,0x80,0x04,0x00,0x00,0x4d,0x8d,0x12,0x4c,0x8d,0x9c,0x24,0xe9,0x06,0x00,0x00,
0x48,0x8b,0x15,0x99,0x16,0x00,0x00,0x4c,0x89,0x64,0x24,0x20,0x48,0x89,0x7c,0x24,
0x28,0x48,0x89,0x74,0x24,0x30,0x4c,0x89,0x44,0x24,0x38,0x4c,0x89,0x4c,0x24,0x40,
0x4c,0x89,0x54,0x24,0x48,0x4c,0x89,0x5c,0x24,0x50,0x49,0x89,0xd2,0x48,0x89,0x8c,
0x24,0xe8,0x00,0x00,0x00,0x48,0x89,0xc1,0x48,0x8b,0x94,0x24,0xe8,0x00,0x00,0x00,
0x49,0x89,0xd8,0x49,0x89,0xe9,0x41,0xff,0x12,0x8a,0x9c,0x24,0x00,0x07,0x00,0x00,
0x48,0x8d,0x84,0x24,0x34,0x07,0x00,0x00,0x48,0x8b,0x0d,0x49,0x16,0x00,0x00,0x48,
0x89,0x84,0x24,0xe0,0x00,0x00,0x00,0x48,0x89,0x8c,0x24,0xd8,0x00,0x00,0x00,0x48,
0x8b,0x84,0x24,0xd8,0x00,0x00,0x00,0x48,0x8b,0x8c,0x24,0xe0,0x00,0x00,0x00,0xff,
0x10,0x48,0x8d,0x84,0x24,0x28,0x07,0x00,0x00,0x48,0x8b,0x0d,0x18,0x16,0x00,0x00,
0x48,0x89,0x84,0x24,0xd8,0x01,0x00,0x00,0x48,0x89,0x8c,0x24,0xb8,0x01,0x00,0x00,
0x48,0x8b,0x84,0x24,0xb8,0x01,0x00,0x00,0x48,0x8b,0x8c,0x24,0xd8,0x01,0x00,0x00,
0xff,0x10,0x48,0x8d,0x84,0x24,0x18,0x07,0x00,0x00,0x48,0x8b,0x0d,0xc7,0x15,0x00,
0x00,0x48,0x89,0x84,0x24,0xe0,0x01,0x00,0x00,0x48,0x89,0x8c,0x24,0xf0,0x01,0x00,
0x00,0x48,0x8b,0x84,0x24,0xf0,0x01,0x00,0x00,0x48,0x8b,0x8c,0x24,0xe0,0x01,0x00,
0x00,0xff,0x10,0x48,0x8d,0x84,0x24,0x08,0x07,0x00,0x00,0x48,0x8b,0x0d,0x96,0x15,
0x00,0x00,0x48,0x89,0x84,0x24,0xf0,0x02,0x00,0x00,0x48,0x89,0x8c,0x24,0xe8,0x02,
0x00,0x00,0x48,0x8b,0x84,0x24,0xe8,0x02,0x00,0x00,0x48,0x8b,0x8c,0x24,0xf0,0x02,
0x00,0x00,0xff,0x10,0x80,0xfb,0x00,0x0f,0x84,0x63,0x10,0x00,0x00,0x48,0x8b,0x94,
0x24,0x38,0x04,0x00,0x00,0x8a,0x82,0xc8,0x00,0x00,0x00,0x3a,0x05,0xd0,0x14,0x00,
0x00,0x0f,0x94,0xc0,0x3c,0x00,0x0f,0x84,0x3a,0x02,0x00,0x00,0x48,0x8b,0x44,0x24,
0x78,0x48,0x83,0x38,0x00,0x0f,0x94,0xc0,0x3c,0x00,0x0f,0x85,0x92,0x00,0x00,0x00,
0x48,0x8b,0x84,0x24,0xb0,0x06,0x00,0x00,0x48,0x8d,0x8c,0x24,0x00,0x07,0x00,0x00,
0x48,0x89,0x8c,0x24,0xe0,0x02,0x00,0x00,0x48,0x8b,0x8c,0x24,0x40,0x04,0x00,0x00,
0x48,0x8d,0x19,0x48,0x8d,0x00,0x48,0x8d,0xac,0x24,0xb8,0x06,0x00,0x00,0x48,0x89,
0x84,0x24,0xd0,0x02,0x00,0x00,0x48,0x8b,0x44,0x24,0x78,0x48,0x8d,0x30,0x4c,0x8b,
0x84,0x24,0x78,0x04,0x00,0x00,0x49,0x8d,0x80,0x78,0x44,0x00,0x00,0x48,0x8b,0x3d,
0xac,0x14,0x00,0x00,0x48,0x89,0x74,0x24,0x20,0x48,0x89,0x44,0x24,0x28,0x48,0x8b,
0x8c,0x24,0xe0,0x02,0x00,0x00,0x48,0x89,0xda,0x4c,0x8b,0x84,0x24,0xd0,0x02,0x00,
0x00,0x49,0x89,0xe9,0xff,0x17,0x80,0xbc,0x24,0x00,0x07,0x00,0x00,0x00,0x0f,0x85,
0x07,0x00,0x00,0x00,0xb0,0x00,0xe9,0x0e,0x00,0x00,0x00,0xb0,0x01,0xe9,0x07,0x00,
0x00,0x00,0xb0,0x01,0xe9,0x00,0x00,0x00,0x00,0x3c,0x00,0x0f,0x84,0xb2,0x00,0x00,
0x00,0x48,0x8d,0x84,0x24,0x00,0x07,0x00,0x00,0x48,0x89,0x84,0x24,0xa8,0x02,0x00,
0x00,0x48,0x8b,0x84,0x24,0x48,0x04,0x00,0x00,0x48,0x8d,0x08,0x48,0x8b,0x05,0x9d,
0x14,0x00,0x00,0x48,0x89,0x8c,0x24,0xc8,0x02,0x00,0x00,0x48,0x8b,0x8c,0x24,0xa8,
0x02,0x00,0x00,0x48,0x8b,0x94,0x24,0xc8,0x02,0x00,0x00,0xff,0x10,0x48,0x8b,0x9c,
0x24,0x00,0x07,0x00,0x00,0x48,0x8d,0x03,0x48,0x8b,0x0d,0x79,0x14,0x00,0x00,0x48,
0x89,0x84,0x24,0xc0,0x02,0x00,0x00,0x48,0x89,0x8c,0x24,0xb8,0x02,0x00,0x00,0x48,
0x8b,0x84,0x24,0xb8,0x02,0x00,0x00,0x48,0x8b,0x8c,0x24,0xc0,0x02,0x00,0x00,0xff,
0x10,0x48,0x8d,0x03,0x48,0x8d,0x0d,0xad,0x13,0x00,0x00,0x48,0x8d,0x15,0xaa,0x13,
0x00,0x00,0x48,0x8b,0x1d,0x47,0x14,0x00,0x00,0x48,0x89,0x8c,0x24,0xf8,0x02,0x00,
0x00,0x48,0x89,0x94,0x24,0xd8,0x02,0x00,0x00,0x48,0x89,0xc1,0x48,0x8b,0x94,0x24,
0xf8,0x02,0x00,0x00,0x4c,0x8b,0x84,0x24,0xd8,0x02,0x00,0x00,0xff,0x13,0xe9,0x00,
0x00,0x00,0x00,0x48,0x8b,0x44,0x24,0x78,0x48,0x83,0x38,0x00,0x0f,0x95,0xc0,0x3c,
0x00,0x0f,0x84,0xb2,0x00,0x00,0x00,0x48,0x8d,0x84,0x24,0x00,0x07,0x00,0x00,0x48,
0x89,0x84,0x24,0x00,0x03,0x00,0x00,0x48,0x8b,0x84,0x24,0x48,0x04,0x00,0x00,0x48,
0x8d,0x08,0x48,0x8b,0x05,0xd7,0x13,0x00,0x00,0x48,0x89,0x8c,0x24,0x10,0x03,0x00,
0x00,0x48,0x8b,0x8c,0x24,0x00,0x03,0x00,0x00,0x48,0x8b,0x94,0x24,0x10,0x03,0x00,
0x00,0xff,0x10,0x48,0x8b,0x9c,0x24,0x00,0x07,0x00,0x00,0x48,0x8d,0x03,0x48,0x8b,
0x0d,0xb3,0x13,0x00,0x00,0x48,0x89,0x84,0x24,0x50,0x03,0x00,0x00,0x48,0x89,0x8c,
0x24,0x48,0x03,0x00,0x00,0x48,0x8b,0x84,0x24,0x48,0x03,0x00,0x00,0x48,0x8b,0x8c,
0x24,0x50,0x03,0x00,0x00,0xff,0x10,0x48,0x8d,0x03,0x48,0x8d,0x0d,0xef,0x12,0x00,
0x00,0x48,0x8d,0x15,0xec,0x12,0x00,0x00,0x48,0x8b,0x1d,0x81,0x13,0x00,0x00,0x48,
0x89,0x8c,0x24,0x40,0x03,0x00,0x00,0x48,0x89,0x94,0x24,0x30,0x03,0x00,0x00,0x48,
0x89,0xc1,0x48,0x8b,0x94,0x24,0x40,0x03,0x00,0x00,0x4c,0x8b,0x84,0x24,0x30,0x03,
0x00,0x00,0xff,0x13,0xe9,0x00,0x00,0x00,0x00,0x48,0x8b,0x94,0x24,0x38,0x04,0x00,
0x00,0xe9,0x00,0x00,0x00,0x00,0x8a,0x82,0xc8,0x00,0x00,0x00,0x3a,0x05,0x7f,0x12,
0x00,0x00,0x0f,0x94,0xc0,0x3c,0x00,0x0f,0x84,0x87,0x00,0x00,0x00,0x48,0x8b,0x84,
0x24,0xb0,0x06,0x00,0x00,0x8b,0x40,0x10,0x48,0x8b,0x8c,0x24,0x60,0x04,0x00,0x00,
0x89,0x41,0x14,0x48,0x8b,0x84,0x24,0xb0,0x06,0x00,0x00,0x8b,0x00,0x48,0x8b,0x8c,
0x24,0x60,0x04,0x00,0x00,0x89,0x01,0x48,0x8b,0x84,0x24,0xb0,0x06,0x00,0x00,0x8b,
0x40,0x20,0x48,0x8b,0x8c,0x24,0x60,0x04,0x00,0x00,0x89,0x41,0x0c,0x48,0x8b,0x84,
0x24,0xb0,0x06,0x00,0x00,0x8b,0x40,0x14,0x48,0x8b,0x8c,0x24,0x60,0x04,0x00,0x00,
0x89,0x41,0x04,0x48,0x8b,0x84,0x24,0xb0,0x06,0x00,0x00,0x8b,0x40,0x30,0x48,0x8b,
0x8c,0x24,0x60,0x04,0x00,0x00,0x89,0x41,0x08,0x48,0x8b,0x84,0x24,0xb0,0x06,0x00,
0x00,0x8b,0x40,0x34,0x48,0x8b,0x8c,0x24,0x60,0x04,0x00,0x00,0x89,0x41,0x10,0xe9,
0x00,0x00,0x00,0x00,0x48,0x8d,0x84,0x24,0x00,0x07,0x00,0x00,0x48,0x8d,0x0a,0x48,
0x8b,0x1d,0xa2,0x12,0x00,0x00,0x48,0x89,0x8c,0x24,0x08,0x03,0x00,0x00,0x48,0x89,
0xc1,0x48,0x8b,0x94,0x24,0x08,0x03,0x00,0x00,0xff,0x13,0x8a,0x84,0x24,0x00,0x07,
0x00,0x00,0x3c,0x00,0x0f,0x84,0xb3,0x00,0x00,0x00,0x48,0x8b,0x84,0x24,0x68,0x04,
0x00,0x00,0x8a,0x48,0x01,0x80,0xf9,0x00,0x0f,0x84,0x9a,0x00,0x00,0x00,0x41,0x8b,
0x07,0x89,0xc3,0x48,0x8b,0x84,0x24,0x68,0x04,0x00,0x00,0x80,0x78,0x02,0x00,0x0f,
0x84,0x12,0x00,0x00,0x00,0x8b,0x05,0x85,0x11,0x00,0x00,0x89,0x84,0x24,0x04,0x07,
0x00,0x00,0xe9,0x0d,0x00,0x00,0x00,0x8b,0x05,0x83,0x11,0x00,0x00,0x89,0x84,0x24,
0x04,0x07,0x00,0x00,0x03,0x9c,0x24,0x04,0x07,0x00,0x00,0x48,0x8b,0x05,0x2e,0x12,
0x00,0x00,0x8b,0x40,0x68,0x2b,0x05,0x55,0x11,0x00,0x00,0x48,0x8d,0x8c,0x24,0x00,
0x07,0x00,0x00,0x89,0x9c,0x24,0x08,0x07,0x00,0x00,0x48,0x8d,0x94,0x24,0x08,0x07,
0x00,0x00,0x89,0x84,0x24,0x0c,0x07,0x00,0x00,0x48,0x8d,0x84,0x24,0x0c,0x07,0x00,
0x00,0x48,0x8b,0x1d,0x00,0x12,0x00,0x00,0x49,0x89,0xc0,0xff,0x13,0x8b,0x84,0x24,
0x00,0x07,0x00,0x00,0x4c,0x8b,0x84,0x24,0x78,0x04,0x00,0x00,0x41,0x89,0x80,0x10,
0x44,0x00,0x00,0xe9,0x00,0x00,0x00,0x00,0xe9,0x00,0x00,0x00,0x00,0x48,0x8d,0x84,
0x24,0x00,0x07,0x00,0x00,0x48,0x8b,0x94,0x24,0x38,0x04,0x00,0x00,0x48,0x8d,0x0a,
0x48,0x8b,0x1d,0xc9,0x11,0x00,0x00,0x48,0x89,0x8c,0x24,0x28,0x03,0x00,0x00,0x48,
0x89,0xc1,0x48,0x8b,0x94,0x24,0x28,0x03,0x00,0x00,0xff,0x13,0x8a,0x84,0x24,0x00,
0x07,0x00,0x00,0x3c,0x00,0x0f,0x84,0xac,0x00,0x00,0x00,0x48,0x8b,0x84,0x24,0x68,
0x04,0x00,0x00,0x8a,0x08,0x80,0xf9,0x00,0x0f,0x84,0x94,0x00,0x00,0x00,0x41,0x8b,
0x07,0x89,0xc3,0x48,0x8b,0x84,0x24,0x68,0x04,0x00,0x00,0x80,0x78,0x02,0x00,0x0f,
0x84,0x12,0x00,0x00,0x00,0x8b,0x05,0x95,0x10,0x00,0x00,0x89,0x84,0x24,0x04,0x07,
0x00,0x00,0xe9,0x0d,0x00,0x00,0x00,0x8b,0x05,0x93,0x10,0x00,0x00,0x89,0x84,0x24,
0x04,0x07,0x00,0x00,0x89,0xd8,0x2b,0x84,0x24,0x04,0x07,0x00,0x00,0x48,0x8d,0x8c,
0x24,0x00,0x07,0x00,0x00,0x89,0x84,0x24,0x08,0x07,0x00,0x00,0x48,0x8d,0x84,0x24,
0x08,0x07,0x00,0x00,0x48,0x8d,0x15,0x69,0x10,0x00,0x00,0x48,0x8b,0x1d,0x36,0x11,
0x00,0x00,0x48,0x89,0x94,0x24,0x20,0x03,0x00,0x00,0x48,0x89,0xc2,0x4c,0x8b,0x84,
0x24,0x20,0x03,0x00,0x00,0xff,0x13,0x8b,0x84,0x24,0x00,0x07,0x00,0x00,0x4c,0x8b,
0x84,0x24,0x78,0x04,0x00,0x00,0x41,0x89,0x80,0x10,0x44,0x00,0x00,0xe9,0x00,0x00,
0x00,0x00,0xe9,0x00,0x00,0x00,0x00,0x48,0x8d,0x84,0x24,0x00,0x07,0x00,0x00,0x48,
0x8b,0x94,0x24,0x38,0x04,0x00,0x00,0x48,0x8d,0x0a,0x48,0x8b,0x1d,0xef,0x10,0x00,
0x00,0x48,0x89,0x8c,0x24,0x18,0x03,0x00,0x00,0x48,0x89,0xc1,0x48,0x8b,0x94,0x24,
0x18,0x03,0x00,0x00,0xff,0x13,0x8a,0x84,0x24,0x00,0x07,0x00,0x00,0x3c,0x00,0x0f,
0x84,0x00,0x04,0x00,0x00,0x41,0x8b,0x06,0x3b,0x05,0xe6,0x0f,0x00,0x00,0x0f,0x94,
0xc0,0x3c,0x00,0x0f,0x84,0x1a,0x00,0x00,0x00,0x8b,0x05,0xd5,0x0f,0x00,0x00,0x4c,
0x8b,0x84,0x24,0x78,0x04,0x00,0x00,0x41,0x89,0x80,0x0c,0x44,0x00,0x00,0xe9,0xcd,
0x03,0x00,0x00,0x41,0x8b,0x06,0x2b,0x05,0xa4,0x0f,0x00,0x00,0x3b,0x05,0xb2,0x0f,
0x00,0x00,0x0f,0x9d,0xc0,0x3c,0x00,0x0f,0x84,0x5a,0x0f,0x00,0x00,0x41,0x8b,0x07,
0x3b,0x05,0x9e,0x0f,0x00,0x00,0x0f,0x94,0xc0,0x3c,0x00,0x0f,0x84,0xab,0x00,0x00,
0x00,0x41,0x8b,0x06,0x2b,0x05,0x76,0x0f,0x00,0x00,0x48,0x8d,0x8c,0x24,0x00,0x07,
0x00,0x00,0x49,0x8d,0x55,0x00,0x89,0x84,0x24,0x08,0x07,0x00,0x00,0x48,0x8d,0x84,
0x24,0x08,0x07,0x00,0x00,0x48,0x8b,0x1d,0x7c,0x0f,0x00,0x00,0x49,0x89,0xc0,0xff,
0x13,0x48,0x8b,0x84,0x24,0x00,0x07,0x00,0x00,0x8b,0x58,0x50,0x03,0x1d,0x4e,0x0f,
0x00,0x00,0x48,0x8b,0x84,0x24,0x28,0x04,0x00,0x00,0x8b,0x08,0x29,0xd9,0x4c,0x8b,
0x84,0x24,0x78,0x04,0x00,0x00,0x41,0x89,0x88,0x48,0x44,0x00,0x00,0x41,0x8b,0x06,
0x2b,0x05,0x1a,0x0f,0x00,0x00,0x48,0x8d,0x8c,0x24,0x00,0x07,0x00,0x00,0x49,0x8d,
0x55,0x00,0x89,0x84,0x24,0x08,0x07,0x00,0x00,0x48,0x8d,0x84,0x24,0x08,0x07,0x00,
0x00,0x48,0x8b,0x1d,0x20,0x0f,0x00,0x00,0x49,0x89,0xc0,0xff,0x13,0x48,0x8b,0x84,
0x24,0x00,0x07,0x00,0x00,0x8b,0x40,0x10,0x4c,0x8b,0x84,0x24,0x78,0x04,0x00,0x00,
0x41,0x89,0x80,0x20,0x44,0x00,0x00,0xe9,0xef,0x02,0x00,0x00,0x41,0x8b,0x07,0x3b,
0x05,0xcb,0x0e,0x00,0x00,0x0f,0x94,0xc0,0x3c,0x00,0x0f,0x84,0xab,0x00,0x00,0x00,
0x41,0x8b,0x06,0x2b,0x05,0xb7,0x0e,0x00,0x00,0x48,0x8d,0x8c,0x24,0x00,0x07,0x00,
0x00,0x49,0x8d,0x55,0x00,0x89,0x84,0x24,0x08,0x07,0x00,0x00,0x48,0x8d,0x84,0x24,
0x08,0x07,0x00,0x00,0x48,0x8b,0x1d,0xbd,0x0e,0x00,0x00,0x49,0x89,0xc0,0xff,0x13,
0x48,0x8b,0x84,0x24,0x00,0x07,0x00,0x00,0x8b,0x58,0x50,0x03,0x1d,0x8f,0x0e,0x00,
0x00,0x48,0x8b,0x84,0x24,0x28,0x04,0x00,0x00,0x8b,0x08,0x29,0xd9,0x4c,0x8b,0x84,
0x24,0x78,0x04,0x00,0x00,0x41,0x89,0x88,0x4c,0x44,0x00,0x00,0x41,0x8b,0x06,0x2b,
0x05,0x5b,0x0e,0x00,0x00,0x48,0x8d,0x8c,0x24,0x00,0x07,0x00,0x00,0x49,0x8d,0x55,
0x00,0x89,0x84,0x24,0x08,0x07,0x00,0x00,0x48,0x8d,0x84,0x24,0x08,0x07,0x00,0x00,
0x48,0x8b,0x1d,0x61,0x0e,0x00,0x00,0x49,0x89,0xc0,0xff,0x13,0x48,0x8b,0x84,0x24,
0x00,0x07,0x00,0x00,0x8b,0x40,0x10,0x4c,0x8b,0x84,0x24,0x78,0x04,0x00,0x00,0x41,
0x89,0x80,0x24,0x44,0x00,0x00,0xe9,0x30,0x02,0x00,0x00,0x41,0x8b,0x07,0x3b,0x05,
0x1c,0x0e,0x00,0x00,0x0f,0x94,0xc0,0x3c,0x00,0x0f,0x84,0xd5,0x0d,0x00,0x00,0x41,
0x8b,0x06,0x2b,0x05,0xf8,0x0d,0x00,0x00,0x48,0x8d,0x8c,0x24,0x00,0x07,0x00,0x00,
0x49,0x8d,0x55,0x00,0x89,0x84,0x24,0x08,0x07,0x00,0x00,0x48,0x8d,0x84,0x24,0x08,
0x07,0x00,0x00,0x48,0x8b,0x1d,0xfe,0x0d,0x00,0x00,0x49,0x89,0xc0,0xff,0x13,0x48,
0x8b,0x84,0x24,0x00,0x07,0x00,0x00,0x8b,0x58,0x50,0x03,0x1d,0xd0,0x0d,0x00,0x00,
0x48,0x8b,0x84,0x24,0x28,0x04,0x00,0x00,0x8b,0x08,0x29,0xd9,0x4c,0x8b,0x84,0x24,
0x78,0x04,0x00,0x00,0x41,0x89,0x88,0x50,0x44,0x00,0x00,0x41,0x8b,0x06,0x2b,0x05,
0x9c,0x0d,0x00,0x00,0x48,0x8d,0x8c,0x24,0x00,0x07,0x00,0x00,0x49,0x8d,0x55,0x00,
0x89,0x84,0x24,0x08,0x07,0x00,0x00,0x48,0x8d,0x84,0x24,0x08,0x07,0x00,0x00,0x48,
0x8b,0x1d,0xa2,0x0d,0x00,0x00,0x49,0x89,0xc0,0xff,0x13,0x48,0x8b,0x84,0x24,0x00,
0x07,0x00,0x00,0x8b,0x00,0x4c,0x8b,0x84,0x24,0x78,0x04,0x00,0x00,0x41,0x89,0x80,
0x28,0x44,0x00,0x00,0x41,0x8b,0x06,0x2b,0x05,0x53,0x0d,0x00,0x00,0x48,0x8d,0x8c,
0x24,0x00,0x07,0x00,0x00,0x49,0x8d,0x55,0x00,0x89,0x84,0x24,0x08,0x07,0x00,0x00,
0x48,0x8d,0x84,0x24,0x08,0x07,0x00,0x00,0x48,0x8b,0x1d,0x59,0x0d,0x00,0x00,0x49,
0x89,0xc0,0xff,0x13,0x48,0x8b,0x84,0x24,0x00,0x07,0x00,0x00,0x8b,0x40,0x10,0x4c,
0x8b,0x84,0x24,0x78,0x04,0x00,0x00,0x41,0x89,0x80,0x3c,0x44,0x00,0x00,0x41,0x8b,
0x06,0x2b,0x05,0x09,0x0d,0x00,0x00,0x48,0x8d,0x8c,0x24,0x00,0x07,0x00,0x00,0x49,
0x8d,0x55,0x00,0x89,0x84,0x24,0x08,0x07,0x00,0x00,0x48,0x8d,0x84,0x24,0x08,0x07,
0x00,0x00,0x48,0x8b,0x1d,0x0f,0x0d,0x00,0x00,0x49,0x89,0xc0,0xff,0x13,0x48,0x8b,
0x84,0x24,0x00,0x07,0x00,0x00,0x8b,0x40,0x14,0x4c,0x8b,0x84,0x24,0x78,0x04,0x00,
0x00,0x41,0x89,0x80,0x2c,0x44,0x00,0x00,0x41,0x8b,0x06,0x2b,0x05,0xbf,0x0c,0x00,
0x00,0x48,0x8d,0x8c,0x24,0x00,0x07,0x00,0x00,0x49,0x8d,0x55,0x00,0x89,0x84,0x24,
0x08,0x07,0x00,0x00,0x48,0x8d,0x84,0x24,0x08,0x07,0x00,0x00,0x48,0x8b,0x1d,0xc5,
0x0c,0x00,0x00,0x49,0x89,0xc0,0xff,0x13,0x48,0x8b,0x84,0x24,0x00,0x07,0x00,0x00,
0x8b,0x40,0x20,0x4c,0x8b,0x84,0x24,0x78,0x04,0x00,0x00,0x41,0x89,0x80,0x34,0x44,
0x00,0x00,0x41,0x8b,0x06,0x2b,0x05,0x75,0x0c,0x00,0x00,0x48,0x8d,0x8c,0x24,0x00,
0x07,0x00,0x00,0x49,0x8d,0x55,0x00,0x89,0x84,0x24,0x08,0x07,0x00,0x00,0x48,0x8d,
0x84,0x24,0x08,0x07,0x00,0x00,0x48,0x8b,0x1d,0x7b,0x0c,0x00,0x00,0x49,0x89,0xc0,
0xff,0x13,0x48,0x8b,0x84,0x24,0x00,0x07,0x00,0x00,0x8b,0x40,0x34,0x4c,0x8b,0x84,
0x24,0x78,0x04,0x00,0x00,0x41,0x89,0x80,0x38,0x44,0x00,0x00,0x41,0x8b,0x06,0x2b,
0x05,0x2b,0x0c,0x00,0x00,0x48,0x8d,0x8c,0x24,0x00,0x07,0x00,0x00,0x49,0x8d,0x55,
0x00,0x89,0x84,0x24,0x08,0x07,0x00,0x00,0x48,0x8d,0x84,0x24,0x08,0x07,0x00,0x00,
0x48,0x8b,0x1d,0x31,0x0c,0x00,0x00,0x49,0x89,0xc0,0xff,0x13,0x48,0x8b,0x84,0x24,
0x00,0x07,0x00,0x00,0x8b,0x40,0x30,0x4c,0x8b,0x84,0x24,0x78,0x04,0x00,0x00,0x41,
0x89,0x80,0x30,0x44,0x00,0x00,0xe9,0x00,0x00,0x00,0x00,0xe9,0x00,0x00,0x00,0x00,
0xe9,0x00,0x00,0x00,0x00,0x48,0x8d,0x84,0x24,0x00,0x07,0x00,0x00,0x48,0x8b,0x94,
0x24,0x38,0x04,0x00,0x00,0x48,0x8d,0x0a,0x48,0x8b,0x1d,0xb9,0x0c,0x00,0x00,0x48,
0x89,0x8c,0x24,0xb0,0x02,0x00,0x00,0x48,0x89,0xc1,0x48,0x8b,0x94,0x24,0xb0,0x02,
0x00,0x00,0xff,0x13,0x8a,0x84,0x24,0x00,0x07,0x00,0x00,0x3c,0x00,0x0f,0x84,0x92,
0x04,0x00,0x00,0x48,0x8d,0x84,0x24,0x00,0x07,0x00,0x00,0x49,0x8d,0x4d,0x00,0x48,
0x8b,0x15,0x8a,0x0c,0x00,0x00,0x48,0x89,0x84,0x24,0xa0,0x02,0x00,0x00,0x48,0x89,
0x8c,0x24,0x78,0x02,0x00,0x00,0x48,0x89,0x94,0x24,0x98,0x02,0x00,0x00,0x48,0x8b,
0x84,0x24,0x98,0x02,0x00,0x00,0x48,0x8b,0x8c,0x24,0xa0,0x02,0x00,0x00,0x48,0x8b,
0x94,0x24,0x78,0x02,0x00,0x00,0xff,0x10,0x41,0x8b,0x06,0x03,0x05,0x4f,0x0b,0x00,
0x00,0x39,0x84,0x24,0x00,0x07,0x00,0x00,0x0f,0x9f,0xc0,0x3c,0x00,0x0f,0x84,0xb3,
0x03,0x00,0x00,0x41,0x8b,0x07,0x3b,0x05,0x48,0x0b,0x00,0x00,0x0f,0x94,0xc0,0x3c,
0x00,0x0f,0x84,0xab,0x00,0x00,0x00,0x41,0x8b,0x06,0x03,0x05,0x20,0x0b,0x00,0x00,
0x48,0x8d,0x8c,0x24,0x00,0x07,0x00,0x00,0x49,0x8d,0x55,0x00,0x89,0x84,0x24,0x08,
0x07,0x00,0x00,0x48,0x8d,0x84,0x24,0x08,0x07,0x00,0x00,0x48,0x8b,0x1d,0x26,0x0b,
0x00,0x00,0x49,0x89,0xc0,0xff,0x13,0x48,0x8b,0x84,0x24,0x00,0x07,0x00,0x00,0x8b,
0x58,0x50,0x03,0x1d,0xf8,0x0a,0x00,0x00,0x48,0x8b,0x84,0x24,0x28,0x04,0x00,0x00,
0x8b,0x08,0x01,0xd9,0x4c,0x8b,0x84,0x24,0x78,0x04,0x00,0x00,0x41,0x89,0x88,0x48,
0x44,0x00,0x00,0x41,0x8b,0x06,0x03,0x05,0xc4,0x0a,0x00,0x00,0x48,0x8d,0x8c,0x24,
0x00,0x07,0x00,0x00,0x49,0x8d,0x55,0x00,0x89,0x84,0x24,0x08,0x07,0x00,0x00,0x48,
0x8d,0x84,0x24,0x08,0x07,0x00,0x00,0x48,0x8b,0x1d,0xca,0x0a,0x00,0x00,0x49,0x89,
0xc0,0xff,0x13,0x48,0x8b,0x84,0x24,0x00,0x07,0x00,0x00,0x8b,0x40,0x10,0x4c,0x8b,
0x84,0x24,0x78,0x04,0x00,0x00,0x41,0x89,0x80,0x20,0x44,0x00,0x00,0xe9,0xef,0x02,
0x00,0x00,0x41,0x8b,0x07,0x3b,0x05,0x75,0x0a,0x00,0x00,0x0f,0x94,0xc0,0x3c,0x00,
0x0f,0x84,0xab,0x00,0x00,0x00,0x41,0x8b,0x06,0x03,0x05,0x61,0x0a,0x00,0x00,0x48,
0x8d,0x8c,0x24,0x00,0x07,0x00,0x00,0x49,0x8d,0x55,0x00,0x89,0x84,0x24,0x08,0x07,
0x00,0x00,0x48,0x8d,0x84,0x24,0x08,0x07,0x00,0x00,0x48,0x8b,0x1d,0x67,0x0a,0x00,
0x00,0x49,0x89,0xc0,0xff,0x13,0x48,0x8b,0x84,0x24,0x00,0x07,0x00,0x00,0x8b,0x58,
0x50,0x03,0x1d,0x39,0x0a,0x00,0x00,0x48,0x8b,0x84,0x24,0x28,0x04,0x00,0x00,0x8b,
0x08,0x01,0xd9,0x4c,0x8b,0x84,0x24,0x78,0x04,0x00,0x00,0x41,0x89,0x88,0x4c,0x44,
0x00,0x00,0x41,0x8b,0x06,0x03,0x05,0x05,0x0a,0x00,0x00,0x48,0x8d,0x8c,0x24,0x00,
0x07,0x00,0x00,0x49,0x8d,0x55,0x00,0x89,0x84,0x24,0x08,0x07,0x00,0x00,0x48,0x8d,
0x84,0x24,0x08,0x07,0x00,0x00,0x48,0x8b,0x1d,0x0b,0x0a,0x00,0x00,0x49,0x89,0xc0,
0xff,0x13,0x48,0x8b,0x84,0x24,0x00,0x07,0x00,0x00,0x8b,0x40,0x10,0x4c,0x8b,0x84,
0x24,0x78,0x04,0x00,0x00,0x41,0x89,0x80,0x24,0x44,0x00,0x00,0xe9,0x30,0x02,0x00,
0x00,0x41,0x8b,0x07,0x3b,0x05,0xc6,0x09,0x00,0x00,0x0f,0x94,0xc0,0x3c,0x00,0x0f,
0x84,0x8c,0x09,0x00,0x00,0x41,0x8b,0x06,0x03,0x05,0xa2,0x09,0x00,0x00,0x48,0x8d,
0x8c,0x24,0x00,0x07,0x00,0x00,0x49,0x8d,0x55,0x00,0x89,0x84,0x24,0x08,0x07,0x00,
0x00,0x48,0x8d,0x84,0x24,0x08,0x07,0x00,0x00,0x48,0x8b,0x1d,0xa8,0x09,0x00,0x00,
0x49,0x89,0xc0,0xff,0x13,0x48,0x8b,0x84,0x24,0x00,0x07,0x00,0x00,0x8b,0x58,0x50,
0x03,0x1d,0x7a,0x09,0x00,0x00,0x48,0x8b,0x84,0x24,0x28,0x04,0x00,0x00,0x8b,0x08,
0x01,0xd9,0x4c,0x8b,0x84,0x24,0x78,0x04,0x00,0x00,0x41,0x89,0x88,0x50,0x44,0x00,
0x00,0x41,0x8b,0x06,0x03,0x05,0x46,0x09,0x00,0x00,0x48,0x8d,0x8c,0x24,0x00,0x07,
0x00,0x00,0x49,0x8d,0x55,0x00,0x89,0x84,0x24,0x08,0x07,0x00,0x00,0x48,0x8d,0x84,
0x24,0x08,0x07,0x00,0x00,0x48,0x8b,0x1d,0x4c,0x09,0x00,0x00,0x49,0x89,0xc0,0xff,
0x13,0x48,0x8b,0x84,0x24,0x00,0x07,0x00,0x00,0x8b,0x00,0x4c,0x8b,0x84,0x24,0x78,
0x04,0x00,0x00,0x41,0x89,0x80,0x28,0x44,0x00,0x00,0x41,0x8b,0x06,0x03,0x05,0xfd,
0x08,0x00,0x00,0x48,0x8d,0x8c,0x24,0x00,0x07,0x00,0x00,0x49,0x8d,0x55,0x00,0x89,
0x84,0x24,0x08,0x07,0x00,0x00,0x48,0x8d,0x84,0x24,0x08,0x07,0x00,0x00,0x48,0x8b,
0x1d,0x03,0x09,0x00,0x00,0x49,0x89,0xc0,0xff,0x13,0x48,0x8b,0x84,0x24,0x00,0x07,
0x00,0x00,0x8b,0x40,0x10,0x4c,0x8b,0x84,0x24,0x78,0x04,0x00,0x00,0x41,0x89,0x80,
0x3c,0x44,0x00,0x00,0x41,0x8b,0x06,0x03,0x05,0xb3,0x08,0x00,0x00,0x48,0x8d,0x8c,
0x24,0x00,0x07,0x00,0x00,0x49,0x8d,0x55,0x00,0x89,0x84,0x24,0x08,0x07,0x00,0x00,
0x48,0x8d,0x84,0x24,0x08,0x07,0x00,0x00,0x48,0x8b,0x1d,0xb9,0x08,0x00,0x00,0x49,
0x89,0xc0,0xff,0x13,0x48,0x8b,0x84,0x24,0x00,0x07,0x00,0x00,0x8b,0x40,0x14,0x4c,
0x8b,0x84,0x24,0x78,0x04,0x00,0x00,0x41,0x89,0x80,0x2c,0x44,0x00,0x00,0x41,0x8b,
0x06,0x03,0x05,0x69,0x08,0x00,0x00,0x48,0x8d,0x8c,0x24,0x00,0x07,0x00,0x00,0x49,
0x8d,0x55,0x00,0x89,0x84,0x24,0x08,0x07,0x00,0x00,0x48,0x8d,0x84,0x24,0x08,0x07,
0x00,0x00,0x48,0x8b,0x1d,0x6f,0x08,0x00,0x00,0x49,0x89,0xc0,0xff,0x13,0x48,0x8b,
0x84,0x24,0x00,0x07,0x00,0x00,0x8b,0x40,0x20,0x4c,0x8b,0x84,0x24,0x78,0x04,0x00,
0x00,0x41,0x89,0x80,0x34,0x44,0x00,0x00,0x41,0x8b,0x06,0x03,0x05,0x1f,0x08,0x00,
0x00,0x48,0x8d,0x8c,0x24,0x00,0x07,0x00,0x00,0x49,0x8d,0x55,0x00,0x89,0x84,0x24,
0x08,0x07,0x00,0x00,0x48,0x8d,0x84,0x24,0x08,0x07,0x00,0x00,0x48,0x8b,0x1d,0x25,
0x08,0x00,0x00,0x49,0x89,0xc0,0xff,0x13,0x48,0x8b,0x84,0x24,0x00,0x07,0x00,0x00,
0x8b,0x40,0x34,0x4c,0x8b,0x84,0x24,0x78,0x04,0x00,0x00,0x41,0x89,0x80,0x38,0x44,
0x00,0x00,0x41,0x8b,0x06,0x03,0x05,0xd5,0x07,0x00,0x00,0x48,0x8d,0x8c,0x24,0x00,
0x07,0x00,0x00,0x49,0x8d,0x55,0x00,0x89,0x84,0x24,0x08,0x07,0x00,0x00,0x48,0x8d,
0x84,0x24,0x08,0x07,0x00,0x00,0x48,0x8b,0x1d,0xdb,0x07,0x00,0x00,0x49,0x89,0xc0,
0xff,0x13,0x48,0x8b,0x84,0x24,0x00,0x07,0x00,0x00,0x8b,0x40,0x30,0x4c,0x8b,0x84,
0x24,0x78,0x04,0x00,0x00,0x41,0x89,0x80,0x30,0x44,0x00,0x00,0xe9,0x00,0x00,0x00,
0x00,0xe9,0x7a,0x00,0x00,0x00,0x41,0x8b,0x1e,0x03,0x1d,0x81,0x07,0x00,0x00,0x48,
0x8d,0x84,0x24,0x00,0x07,0x00,0x00,0x49,0x8d,0x4d,0x00,0x48,0x8b,0x15,0x6e,0x08,
0x00,0x00,0x48,0x89,0x84,0x24,0x60,0x02,0x00,0x00,0x48,0x89,0x8c,0x24,0x58,0x02,
0x00,0x00,0x48,0x89,0x94,0x24,0x18,0x08,0x00,0x00,0x48,0x8b,0x84,0x24,0x18,0x08,
0x00,0x00,0x48,0x8b,0x8c,0x24,0x60,0x02,0x00,0x00,0x48,0x8b,0x94,0x24,0x58,0x02,
0x00,0x00,0xff,0x10,0x3b,0x9c,0x24,0x00,0x07,0x00,0x00,0x0f,0x94,0xc0,0x3c,0x00,
0x0f,0x84,0x18,0x07,0x00,0x00,0x8b,0x05,0x34,0x07,0x00,0x00,0x4c,0x8b,0x84,0x24,
0x78,0x04,0x00,0x00,0x41,0x89,0x80,0x0c,0x44,0x00,0x00,0xe9,0x00,0x00,0x00,0x00,
0xe9,0x00,0x00,0x00,0x00,0x48,0x8d,0x84,0x24,0x00,0x07,0x00,0x00,0x48,0x8b,0x94,
0x24,0x38,0x04,0x00,0x00,0x48,0x8d,0x0a,0x48,0x8b,0x1d,0xf9,0x07,0x00,0x00,0x48,
0x89,0x8c,0x24,0x30,0x02,0x00,0x00,0x48,0x89,0xc1,0x48,0x8b,0x94,0x24,0x30,0x02,
0x00,0x00,0xff,0x13,0x8a,0x84,0x24,0x00,0x07,0x00,0x00,0x3c,0x00,0x0f,0x84,0x64,
0x01,0x00,0x00,0x48,0x8b,0x94,0x24,0x38,0x04,0x00,0x00,0x8a,0x82,0xc8,0x00,0x00,
0x00,0x3a,0x05,0xba,0x06,0x00,0x00,0x0f,0x94,0xc0,0x3c,0x00,0x0f,0x84,0xc3,0x00,
0x00,0x00,0x48,0x8b,0x44,0x24,0x78,0x48,0x83,0x38,0x00,0x0f,0x94,0xc0,0x3c,0x00,
0x0f,0x85,0x92,0x00,0x00,0x00,0x48,0x8b,0x84,0x24,0xb0,0x06,0x00,0x00,0x48,0x8d,
0x8c,0x24,0x00,0x07,0x00,0x00,0x48,0x89,0x8c,0x24,0x28,0x02,0x00,0x00,0x48,0x8b,
0x8c,0x24,0x40,0x04,0x00,0x00,0x48,0x8d,0x19,0x48,0x8d,0x00,0x48,0x8d,0xac,0x24,
0xb8,0x06,0x00,0x00,0x48,0x89,0x84,0x24,0x20,0x02,0x00,0x00,0x48,0x8b,0x44,0x24,
0x78,0x48,0x8d,0x30,0x4c,0x8b,0x84,0x24,0x78,0x04,0x00,0x00,0x49,0x8d,0x80,0x78,
0x44,0x00,0x00,0x48,0x8b,0x3d,0x96,0x06,0x00,0x00,0x48,0x89,0x74,0x24,0x20,0x48,
0x89,0x44,0x24,0x28,0x48,0x8b,0x8c,0x24,0x28,0x02,0x00,0x00,0x48,0x89,0xda,0x4c,
0x8b,0x84,0x24,0x20,0x02,0x00,0x00,0x49,0x89,0xe9,0xff,0x17,0x80,0xbc,0x24,0x00,
0x07,0x00,0x00,0x00,0x0f,0x85,0x07,0x00,0x00,0x00,0xb0,0x00,0xe9,0x0e,0x00,0x00,
0x00,0xb0,0x01,0xe9,0x07,0x00,0x00,0x00,0xb0,0x01,0xe9,0x00,0x00,0x00,0x00,0x3c,
0x00,0x0f,0x84,0x07,0x00,0x00,0x00,0xb0,0x01,0xe9,0x0e,0x00,0x00,0x00,0xb0,0x00,
0xe9,0x07,0x00,0x00,0x00,0xb0,0x00,0xe9,0x00,0x00,0x00,0x00,0x3c,0x00,0x0f,0x84,
0x6e,0x00,0x00,0x00,0x8a,0x05,0xd6,0x05,0x00,0x00,0x4c,0x8b,0x84,0x24,0x78,0x04,
0x00,0x00,0x41,0x88,0x80,0x14,0x44,0x00,0x00,0x48,0x8b,0x84,0x24,0xb0,0x06,0x00,
0x00,0x48,0x8b,0x8c,0x24,0x40,0x04,0x00,0x00,0x48,0x8d,0x11,0x48,0x8d,0x00,0x48,
0x8d,0x9c,0x24,0xb8,0x06,0x00,0x00,0x48,0x8d,0xac,0x24,0xe0,0x06,0x00,0x00,0x49,
0x8d,0xb0,0x40,0x44,0x00,0x00,0x48,0x8b,0x3d,0xa3,0x06,0x00,0x00,0x48,0x89,0x74,
0x24,0x20,0x48,0x89,0x94,0x24,0x10,0x02,0x00,0x00,0x48,0x8b,0x8c,0x24,0x10,0x02,
0x00,0x00,0x48,0x89,0xc2,0x49,0x89,0xd8,0x49,0x89,0xe9,0xff,0x17,0xe9,0x00,0x00,
0x00,0x00,0xe9,0x00,0x00,0x00,0x00,0x48,0x8d,0x84,0x24,0x00,0x07,0x00,0x00,0x48,
0x8b,0x94,0x24,0x38,0x04,0x00,0x00,0x48,0x8d,0x0a,0x48,0x8b,0x1d,0x67,0x06,0x00,
0x00,0x48,0x89,0x8c,0x24,0xe8,0x01,0x00,0x00,0x48,0x89,0xc1,0x48,0x8b,0x94,0x24,
0xe8,0x01,0x00,0x00,0xff,0x13,0x8a,0x84,0x24,0x00,0x07,0x00,0x00,0x3c,0x00,0x0f,
0x84,0xa6,0x00,0x00,0x00,0x48,0x8b,0x94,0x24,0x38,0x04,0x00,0x00,0x8a,0x82,0xc8,
0x00,0x00,0x00,0x3a,0x05,0x18,0x05,0x00,0x00,0x0f,0x94,0xc0,0x3c,0x00,0x0f,0x84,
0x22,0x00,0x00,0x00,0x48,0x8b,0x44,0x24,0x78,0x48,0x83,0x38,0x00,0x0f,0x95,0xc0,
0x3c,0x00,0x0f,0x84,0x07,0x00,0x00,0x00,0xb0,0x01,0xe9,0x0e,0x00,0x00,0x00,0xb0,
0x00,0xe9,0x07,0x00,0x00,0x00,0xb0,0x00,0xe9,0x00,0x00,0x00,0x00,0x3c,0x00,0x0f,
0x84,0x51,0x00,0x00,0x00,0x48,0x8b,0x44,0x24,0x78,0x48,0xc7,0x00,0x00,0x00,0x00,
0x00,0x4c,0x8b,0x84,0x24,0x78,0x04,0x00,0x00,0x49,0x8d,0x80,0x0c,0x44,0x00,0x00,
0x48,0x8b,0x0d,0xd9,0x05,0x00,0x00,0x48,0x89,0x84,0x24,0x08,0x02,0x00,0x00,0x48,
0x89,0x8c,0x24,0x00,0x02,0x00,0x00,0x48,0x8b,0x84,0x24,0x00,0x02,0x00,0x00,0x48,
0x8b,0x8c,0x24,0x08,0x02,0x00,0x00,0xff,0x10,0x48,0x8b,0x94,0x24,0x38,0x04,0x00,
0x00,0xe9,0x00,0x00,0x00,0x00,0xe9,0x00,0x00,0x00,0x00,0xe9,0x00,0x00,0x00,0x00,
0x4c,0x8b,0x84,0x24,0x78,0x04,0x00,0x00,0x41,0x8b,0x80,0x0c,0x44,0x00,0x00,0x3b,
0x05,0x6b,0x04,0x00,0x00,0x0f,0x94,0xc0,0x3c,0x00,0x0f,0x84,0x23,0x00,0x00,0x00,
0x41,0x8b,0x80,0x10,0x44,0x00,0x00,0x41,0x3b,0x07,0x0f,0x94,0xc0,0x3c,0x00,0x0f,
0x84,0x07,0x00,0x00,0x00,0xb0,0x01,0xe9,0x0e,0x00,0x00,0x00,0xb0,0x00,0xe9,0x07,
0x00,0x00,0x00,0xb0,0x00,0xe9,0x00,0x00,0x00,0x00,0x3c,0x00,0x0f,0x84,0x32,0x00,
0x00,0x00,0x41,0x8a,0x80,0x14,0x44,0x00,0x00,0x3a,0x05,0x21,0x04,0x00,0x00,0x0f,
0x94,0xc0,0x3c,0x00,0x0f,0x84,0x0d,0x00,0x00,0x00,0xc6,0x84,0x24,0x00,0x07,0x00,
0x00,0x01,0xe9,0x1a,0x00,0x00,0x00,0xc6,0x84,0x24,0x00,0x07,0x00,0x00,0x00,0xe9,
0x0d,0x00,0x00,0x00,0xc6,0x84,0x24,0x00,0x07,0x00,0x00,0x00,0xe9,0x00,0x00,0x00,
0x00,0x41,0x8b,0x07,0x3b,0x05,0xfa,0x03,0x00,0x00,0x0f,0x94,0xc0,0x3c,0x00,0x0f,
0x84,0x57,0x00,0x00,0x00,0x80,0xbc,0x24,0x00,0x07,0x00,0x00,0x00,0x0f,0x84,0x37,
0x00,0x00,0x00,0x48,0x8b,0x9c,0x24,0xb0,0x06,0x00,0x00,0x41,0x8b,0x80,0x20,0x44,
0x00,0x00,0x3b,0x43,0x10,0x0f,0x94,0xc0,0x3c,0x00,0x0f,0x84,0x0d,0x00,0x00,0x00,
0xc6,0x84,0x24,0x00,0x07,0x00,0x00,0x01,0xe9,0x1a,0x00,0x00,0x00,0xc6,0x84,0x24,
0x00,0x07,0x00,0x00,0x00,0xe9,0x0d,0x00,0x00,0x00,0xc6,0x84,0x24,0x00,0x07,0x00,
0x00,0x00,0xe9,0x00,0x00,0x00,0x00,0xe9,0x84,0x01,0x00,0x00,0x41,0x8b,0x07,0x3b,
0x05,0x7b,0x03,0x00,0x00,0x0f,0x94,0xc0,0x3c,0x00,0x0f,0x84,0x57,0x00,0x00,0x00,
0x80,0xbc,0x24,0x00,0x07,0x00,0x00,0x00,0x0f,0x84,0x37,0x00,0x00,0x00,0x48,0x8b,
0x9c,0x24,0xb0,0x06,0x00,0x00,0x41,0x8b,0x80,0x24,0x44,0x00,0x00,0x3b,0x43,0x10,
0x0f,0x94,0xc0,0x3c,0x00,0x0f,0x84,0x0d,0x00,0x00,0x00,0xc6,0x84,0x24,0x00,0x07,
0x00,0x00,0x01,0xe9,0x1a,0x00,0x00,0x00,0xc6,0x84,0x24,0x00,0x07,0x00,0x00,0x00,
0xe9,0x0d,0x00,0x00,0x00,0xc6,0x84,0x24,0x00,0x07,0x00,0x00,0x00,0xe9,0x00,0x00,
0x00,0x00,0xe9,0x19,0x01,0x00,0x00,0x41,0x8b,0x07,0x3b,0x05,0x20,0x03,0x00,0x00,
0x0f,0x94,0xc0,0x3c,0x00,0x0f,0x84,0x05,0x01,0x00,0x00,0x80,0xbc,0x24,0x00,0x07,
0x00,0x00,0x00,0x0f,0x84,0x2b,0x00,0x00,0x00,0x48,0x8b,0x9c,0x24,0xb0,0x06,0x00,
0x00,0x41,0x8b,0x80,0x3c,0x44,0x00,0x00,0x3b,0x43,0x10,0x0f,0x94,0xc0,0x3c,0x00,
0x0f,0x84,0x07,0x00,0x00,0x00,0xb0,0x01,0xe9,0x0e,0x00,0x00,0x00,0xb0,0x00,0xe9,
0x07,0x00,0x00,0x00,0xb0,0x00,0xe9,0x00,0x00,0x00,0x00,0x3c,0x00,0x0f,0x84,0x2b,
0x00,0x00,0x00,0x48,0x8b,0x9c,0x24,0xb0,0x06,0x00,0x00,0x41,0x8b,0x80,0x34,0x44,
0x00,0x00,0x3b,0x43,0x20,0x0f,0x94,0xc0,0x3c,0x00,0x0f,0x84,0x07,0x00,0x00,0x00,
0xb0,0x01,0xe9,0x0e,0x00,0x00,0x00,0xb0,0x00,0xe9,0x07,0x00,0x00,0x00,0xb0,0x00,
0xe9,0x00,0x00,0x00,0x00,0x3c,0x00,0x0f,0x84,0x2b,0x00,0x00,0x00,0x48,0x8b,0x9c,
0x24,0xb0,0x06,0x00,0x00,0x41,0x8b,0x80,0x38,0x44,0x00,0x00,0x3b,0x43,0x34,0x0f,
0x94,0xc0,0x3c,0x00,0x0f,0x84,0x07,0x00,0x00,0x00,0xb0,0x01,0xe9,0x0e,0x00,0x00,
0x00,0xb0,0x00,0xe9,0x07,0x00,0x00,0x00,0xb0,0x00,0xe9,0x00,0x00,0x00,0x00,0x3c,
0x00,0x0f,0x84,0x37,0x00,0x00,0x00,0x48,0x8b,0x9c,0x24,0xb0,0x06,0x00,0x00,0x41,
0x8b,0x80,0x30,0x44,0x00,0x00,0x3b,0x43,0x30,0x0f,0x94,0xc0,0x3c,0x00,0x0f,0x84,
0x0d,0x00,0x00,0x00,0xc6,0x84,0x24,0x00,0x07,0x00,0x00,0x01,0xe9,0x1a,0x00,0x00,
0x00,0xc6,0x84,0x24,0x00,0x07,0x00,0x00,0x00,0xe9,0x0d,0x00,0x00,0x00,0xc6,0x84,
0x24,0x00,0x07,0x00,0x00,0x00,0xe9,0x00,0x00,0x00,0x00,0xe9,0x00,0x00,0x00,0x00,
0x48,0x8b,0x84,0x24,0xb0,0x06,0x00,0x00,0x48,0x8b,0x8c,0x24,0x40,0x04,0x00,0x00,
0x48,0x8d,0x09,0x48,0x8b,0x94,0x24,0x38,0x04,0x00,0x00,0x48,0x8d,0x1a,0x49,0x8d,
0x28,0x4c,0x8b,0x8c,0x24,0x58,0x04,0x00,0x00,0x49,0x8d,0x31,0x4d,0x8d,0x88,0x50,
0x0f,0x00,0x00,0x4d,0x8d,0x1e,0x48,0x8d,0x00,0x48,0x89,0x84,0x24,0xf8,0x01,0x00,
0x00,0x48,0x8b,0x44,0x24,0x78,0x48,0x8d,0x00,0x48,0x8d,0xbc,0x24,0x00,0x07,0x00,
0x00,0x48,0x89,0x84,0x24,0x38,0x02,0x00,0x00,0x48,0x8b,0x84,0x24,0x70,0x04,0x00,
0x00,0x48,0x8d,0x00,0x48,0x89,0x84,0x24,0x18,0x02,0x00,0x00,0x48,0x8b,0x84,0x24,
0x60,0x04,0x00,0x00,0x48,0x8d,0x00,0x48,0x89,0x84,0x24,0x40,0x02,0x00,0x00,0x48,
0x8b,0x84,0x24,0x50,0x04,0x00,0x00,0x48,0x8d,0x00,0x48,0x89,0x84,0x24,0x50,0x02,
0x00,0x00,0x48,0x8b,0x84,0x24,0x48,0x04,0x00,0x00,0x4c,0x8d,0x00,0x4c,0x8b,0x15,
0x84,0x02,0x00,0x00,0x4c,0x89,0x4c,0x24,0x20,0x4c,0x89,0x5c,0x24,0x28,0x48,0x89,
0x8c,0x24,0x90,0x02,0x00,0x00,0x48,0x8b,0x8c,0x24,0xf8,0x01,0x00,0x00,0x48,0x89,
0x4c,0x24,0x30,0x48,0x89,0x9c,0x24,0x88,0x02,0x00,0x00,0x48,0x8b,0x9c,0x24,0x38,
0x02,0x00,0x00,0x48,0x89,0x5c,0x24,0x38,0x48,0x89,0x7c,0x24,0x40,0x48,0x89,0xb4,
0x24,0x80,0x02,0x00,0x00,0x48,0x8b,0xb4,0x24,0x18,0x02,0x00,0x00,0x48,0x89,0x74,
0x24,0x48,0x48,0x89,0xac,0x24,0x70,0x02,0x00,0x00,0x48,0x8b,0xac,0x24,0x40,0x02,
0x00,0x00,0x48,0x89,0x6c,0x24,0x50,0x48,0x8b,0xbc,0x24,0x50,0x02,0x00,0x00,0x48,
0x89,0x7c,0x24,0x58,0x4c,0x89,0x44,0x24,0x60,0x48,0x8b,0x8c,0x24,0x90,0x02,0x00,
0x00,0x48,0x8b,0x94,0x24,0x88,0x02,0x00,0x00,0x4c,0x8b,0x84,0x24,0x70,0x02,0x00,
0x00,0x4c,0x8b,0x8c,0x24,0x80,0x02,0x00,0x00,0x41,0xff,0x12,0x48,0x8b,0x84,0x24,
0xb0,0x06,0x00,0x00,0x8b,0x48,0x50,0x03,0x0d,0xc3,0x00,0x00,0x00,0x48,0x8b,0x84,
0x24,0x28,0x04,0x00,0x00,0x8b,0x10,0x01,0xca,0x89,0x10,0x48,0x8b,0x94,0x24,0x38,
0x04,0x00,0x00,0x48,0x8d,0x0a,0x48,0x8b,0x05,0xc3,0x01,0x00,0x00,0xff,0x10,0x48,
0x8d,0x8c,0x24,0xf0,0x06,0x00,0x00,0x48,0x8b,0x05,0x0a,0x01,0x00,0x00,0xff,0x10,
0x48,0x8d,0x8c,0x24,0xe9,0x06,0x00,0x00,0x48,0x8b,0x05,0xa9,0x01,0x00,0x00,0xff,
0x10,0x48,0x8d,0x8c,0x24,0xe0,0x06,0x00,0x00,0x48,0x8b,0x05,0x08,0x01,0x00,0x00,
0xff,0x10,0x48,0x8d,0x8c,0x24,0xb8,0x06,0x00,0x00,0x48,0x8b,0x05,0x8f,0x01,0x00,
0x00,0xff,0x10,0x48,0x81,0xc4,0x28,0x08,0x00,0x00,0x41,0x5f,0x41,0x5e,0x41,0x5d,
0x41,0x5c,0x5f,0x5e,0x5d,0x5b,0xc3,0x4c,0x8b,0x84,0x24,0x78,0x04,0x00,0x00,0xe9,
0x4c,0xf4,0xff,0xff,0x4c,0x8b,0x84,0x24,0x78,0x04,0x00,0x00,0xe9,0x3a,0xf4,0xff,
0xff,0x4c,0x8b,0x84,0x24,0x78,0x04,0x00,0x00,0xe9,0x83,0xf8,0xff,0xff,0x4c,0x8b,
0x84,0x24,0x78,0x04,0x00,0x00,0xe9,0xf5,0xf8,0xff,0xff,0x00,0x00,0x00,0x00,0x00,
0x01,0x00,0x00,0x00,0x5f,0x00,0x5f,0x6c,0x61,0x79,0x6f,0x75,0x74,0x00,0xff,0xff,
0x02,0x00,0x00,0x00,0x00,0x00,0x00,0x00,0x1e,0x03,0x00,0x00,0x21,0x00,0x00,0x00,
0xee,0x02,0x00,0x00,0x22,0x00,0x00,0x00,
};
static const unsigned char ST_CONTAINER[]={
0x53,0x55,0x56,0x57,0x41,0x54,0x41,0x55,0x41,0x56,0x41,0x57,0x48,0x81,0xec,0x18,
0x16,0x00,0x00,0x48,0x8b,0x84,0x24,0x80,0x16,0x00,0x00,0x48,0x8b,0xb4,0x24,0x88,
0x16,0x00,0x00,0x4c,0x8b,0xbc,0x24,0x90,0x16,0x00,0x00,0x48,0x8b,0x9c,0x24,0x98,
0x16,0x00,0x00,0x48,0x8b,0xac,0x24,0xa0,0x16,0x00,0x00,0x48,0x8b,0xbc,0x24,0xa8,
0x16,0x00,0x00,0x4c,0x8b,0x94,0x24,0xb0,0x16,0x00,0x00,0x4c,0x8b,0x9c,0x24,0xb8,
0x16,0x00,0x00,0x4c,0x8b,0xa4,0x24,0xc0,0x16,0x00,0x00,0x48,0x89,0x8c,0x24,0x20,
0x14,0x00,0x00,0x48,0x89,0x94,0x24,0x28,0x14,0x00,0x00,0x4c,0x89,0x84,0x24,0x30,
0x14,0x00,0x00,0x4c,0x89,0x8c,0x24,0x38,0x14,0x00,0x00,0x48,0x89,0x84,0x24,0x40,
0x14,0x00,0x00,0x48,0x89,0x44,0x24,0x78,0x48,0x89,0xb4,0x24,0x48,0x14,0x00,0x00,
0x4c,0x89,0xbc,0x24,0x50,0x14,0x00,0x00,0x48,0x89,0x9c,0x24,0x58,0x14,0x00,0x00,
0x48,0x89,0x9c,0x24,0xa8,0x0d,0x00,0x00,0x48,0x89,0xac,0x24,0x60,0x14,0x00,0x00,
0x48,0x89,0xac,0x24,0xa0,0x0d,0x00,0x00,0x48,0x89,0xbc,0x24,0x68,0x14,0x00,0x00,
0x48,0x89,0xbc,0x24,0x90,0x0d,0x00,0x00,0x4c,0x89,0x94,0x24,0x70,0x14,0x00,0x00,
0x4c,0x89,0x94,0x24,0x70,0x0d,0x00,0x00,0x4c,0x89,0x9c,0x24,0x78,0x14,0x00,0x00,
0x4c,0x89,0x9c,0x24,0x88,0x0d,0x00,0x00,0x4c,0x89,0xa4,0x24,0x80,0x14,0x00,0x00,
0x4c,0x89,0xa4,0x24,0x80,0x0d,0x00,0x00,0x48,0x8d,0x84,0x24,0x98,0x14,0x00,0x00,
0x48,0x8b,0x1d,0xe9,0x62,0x00,0x00,0x48,0x89,0x8c,0x24,0xb0,0x0d,0x00,0x00,0x48,
0x89,0xc1,0x48,0x89,0x94,0x24,0x98,0x0d,0x00,0x00,0x4c,0x89,0x84,0x24,0xb8,0x0d,
0x00,0x00,0x4c,0x89,0x8c,0x24,0xc8,0x0d,0x00,0x00,0xff,0x13,0x48,0x8d,0x84,0x24,
0x98,0x14,0x00,0x00,0x48,0x8d,0x0e,0x48,0x8b,0x15,0xba,0x62,0x00,0x00,0x48,0x89,
0x84,0x24,0xf8,0x0d,0x00,0x00,0x48,0x89,0x8c,0x24,0xf0,0x0d,0x00,0x00,0x48,0x89,
0x94,0x24,0xe0,0x0d,0x00,0x00,0x48,0x8b,0x84,0x24,0xe0,0x0d,0x00,0x00,0x48,0x8b,
0x8c,0x24,0xf8,0x0d,0x00,0x00,0x48,0x8b,0x94,0x24,0xf0,0x0d,0x00,0x00,0xff,0x10,
0x48,0x8d,0x84,0x24,0xa8,0x14,0x00,0x00,0x48,0x8d,0x0d,0xc9,0x61,0x00,0x00,0x48,
0x8b,0x15,0x7a,0x62,0x00,0x00,0x48,0x89,0x84,0x24,0xc0,0x0d,0x00,0x00,0x48,0x89,
0x8c,0x24,0xd8,0x0d,0x00,0x00,0x48,0x89,0x94,0x24,0xd0,0x0d,0x00,0x00,0x48,0x8b,
0x84,0x24,0xd0,0x0d,0x00,0x00,0x48,0x8b,0x8c,0x24,0xc0,0x0d,0x00,0x00,0x48,0x8b,
0x94,0x24,0xd8,0x0d,0x00,0x00,0xff,0x10,0x48,0x8d,0x84,0x24,0xb8,0x14,0x00,0x00,
0x48,0x8b,0x0d,0x29,0x62,0x00,0x00,0x48,0x89,0x84,0x24,0x78,0x0d,0x00,0x00,0x48,
0x89,0x8c,0x24,0x68,0x0d,0x00,0x00,0x48,0x8b,0x84,0x24,0x68,0x0d,0x00,0x00,0x48,
0x8b,0x8c,0x24,0x78,0x0d,0x00,0x00,0xff,0x10,0x48,0x8d,0x84,0x24,0x98,0x14,0x00,
0x00,0x48,0x8d,0x8c,0x24,0xa8,0x14,0x00,0x00,0x48,0x8b,0x15,0x08,0x62,0x00,0x00,
0x48,0x89,0x84,0x24,0x48,0x0d,0x00,0x00,0x48,0x89,0x8c,0x24,0x60,0x0d,0x00,0x00,
0x48,0x89,0x94,0x24,0x08,0x0d,0x00,0x00,0x48,0x8b,0x84,0x24,0x08,0x0d,0x00,0x00,
0x48,0x8b,0x8c,0x24,0x78,0x0d,0x00,0x00,0x48,0x8b,0x94,0x24,0x48,0x0d,0x00,0x00,
0x4c,0x8b,0x84,0x24,0x60,0x0d,0x00,0x00,0xff,0x10,0x48,0x8d,0x84,0x24,0xc8,0x14,
0x00,0x00,0x48,0x8b,0x0d,0xa7,0x61,0x00,0x00,0x48,0x89,0x84,0x24,0x00,0x0d,0x00,
0x00,0x48,0x89,0x8c,0x24,0xf0,0x0c,0x00,0x00,0x48,0x8b,0x84,0x24,0xf0,0x0c,0x00,
0x00,0x48,0x8b,0x8c,0x24,0x00,0x0d,0x00,0x00,0xff,0x10,0x48,0x8d,0x84,0x24,0xc8,
0x14,0x00,0x00,0x49,0x8d,0x4f,0x10,0x48,0x8b,0x15,0x7a,0x61,0x00,0x00,0x48,0x89,
0x84,0x24,0xd0,0x0c,0x00,0x00,0x48,0x89,0x8c,0x24,0xe8,0x0c,0x00,0x00,0x48,0x89,
0x94,0x24,0xe0,0x0c,0x00,0x00,0x48,0x8b,0x84,0x24,0xe0,0x0c,0x00,0x00,0x48,0x8b,
0x8c,0x24,0xd0,0x0c,0x00,0x00,0x48,0x8b,0x94,0x24,0xe8,0x0c,0x00,0x00,0xff,0x10,
0x48,0x8d,0x84,0x24,0xd8,0x14,0x00,0x00,0x48,0x8b,0x0d,0x31,0x61,0x00,0x00,0x48,
0x89,0x84,0x24,0x10,0x0d,0x00,0x00,0x48,0x89,0x8c,0x24,0xf8,0x0c,0x00,0x00,0x48,
0x8b,0x84,0x24,0xf8,0x0c,0x00,0x00,0x48,0x8b,0x8c,0x24,0x10,0x0d,0x00,0x00,0xff,
0x10,0x48,0x8d,0x84,0x24,0xb8,0x14,0x00,0x00,0x48,0x8d,0x8c,0x24,0xc8,0x14,0x00,
0x00,0x48,0x8b,0x15,0x10,0x61,0x00,0x00,0x48,0x89,0x84,0x24,0x18,0x0d,0x00,0x00,
0x48,0x89,0x8c,0x24,0x28,0x0d,0x00,0x00,0x48,0x89,0x94,0x24,0x58,0x0d,0x00,0x00,
0x48,0x8b,0x84,0x24,0x58,0x0d,0x00,0x00,0x48,0x8b,0x8c,0x24,0x10,0x0d,0x00,0x00,
0x48,0x8b,0x94,0x24,0x18,0x0d,0x00,0x00,0x4c,0x8b,0x84,0x24,0x28,0x0d,0x00,0x00,
0xff,0x10,0x48,0x8d,0x84,0x24,0xe8,0x14,0x00,0x00,0x48,0x8d,0x0d,0x07,0x60,0x00,
0x00,0x48,0x8b,0x15,0xb8,0x60,0x00,0x00,0x48,0x89,0x84,0x24,0x50,0x0d,0x00,0x00,
0x48,0x89,0x8c,0x24,0x40,0x0d,0x00,0x00,0x48,0x89,0x94,0x24,0x20,0x0d,0x00,0x00,
0x48,0x8b,0x84,0x24,0x20,0x0d,0x00,0x00,0x48,0x8b,0x8c,0x24,0x50,0x0d,0x00,0x00,
0x48,0x8b,0x94,0x24,0x40,0x0d,0x00,0x00,0xff,0x10,0x48,0x8d,0x84,0x24,0xf8,0x14,
0x00,0x00,0x48,0x8b,0x0d,0x67,0x60,0x00,0x00,0x48,0x89,0x84,0x24,0x38,0x0d,0x00,
0x00,0x48,0x89,0x8c,0x24,0x30,0x0d,0x00,0x00,0x48,0x8b,0x84,0x24,0x30,0x0d,0x00,
0x00,0x48,0x8b,0x8c,0x24,0x38,0x0d,0x00,0x00,0xff,0x10,0x48,0x8d,0x84,0x24,0xd8,
0x14,0x00,0x00,0x48,0x8d,0x8c,0x24,0xe8,0x14,0x00,0x00,0x48,0x8b,0x15,0x46,0x60,
0x00,0x00,0x48,0x89,0x84,0x24,0x00,0x0e,0x00,0x00,0x48,0x89,0x8c,0x24,0xe8,0x0d,
0x00,0x00,0x48,0x89,0x94,0x24,0x08,0x0e,0x00,0x00,0x48,0x8b,0x84,0x24,0x08,0x0e,
0x00,0x00,0x48,0x8b,0x8c,0x24,0x38,0x0d,0x00,0x00,0x48,0x8b,0x94,0x24,0x00,0x0e,
0x00,0x00,0x4c,0x8b,0x84,0x24,0xe8,0x0d,0x00,0x00,0xff,0x10,0x48,0x8d,0x84,0x24,
0x08,0x15,0x00,0x00,0x48,0x8b,0x0d,0xe5,0x5f,0x00,0x00,0x48,0x89,0x84,0x24,0x18,
0x0e,0x00,0x00,0x48,0x89,0x8c,0x24,0xe8,0x0e,0x00,0x00,0x48,0x8b,0x84,0x24,0xe8,
0x0e,0x00,0x00,0x48,0x8b,0x8c,0x24,0x18,0x0e,0x00,0x00,0xff,0x10,0x48,0x8d,0x84,
0x24,0x08,0x15,0x00,0x00,0x49,0x8d,0x4f,0x20,0x48,0x8b,0x15,0xb8,0x5f,0x00,0x00,
0x48,0x89,0x84,0x24,0xe0,0x0e,0x00,0x00,0x48,0x89,0x8c,0x24,0xd0,0x0e,0x00,0x00,
0x48,0x89,0x94,0x24,0xb0,0x0e,0x00,0x00,0x48,0x8b,0x84,0x24,0xb0,0x0e,0x00,0x00,
0x48,0x8b,0x8c,0x24,0xe0,0x0e,0x00,0x00,0x48,0x8b,0x94,0x24,0xd0,0x0e,0x00,0x00,
0xff,0x10,0x48,0x8d,0x84,0x24,0x18,0x15,0x00,0x00,0x48,0x8b,0x0d,0x6f,0x5f,0x00,
0x00,0x48,0x89,0x84,0x24,0xc8,0x0e,0x00,0x00,0x48,0x89,0x8c,0x24,0xc0,0x0e,0x00,
0x00,0x48,0x8b,0x84,0x24,0xc0,0x0e,0x00,0x00,0x48,0x8b,0x8c,0x24,0xc8,0x0e,0x00,
0x00,0xff,0x10,0x48,0x8d,0x84,0x24,0xf8,0x14,0x00,0x00,0x48,0x8d,0x8c,0x24,0x08,
0x15,0x00,0x00,0x48,0x8b,0x15,0x4e,0x5f,0x00,0x00,0x48,0x89,0x84,0x24,0xf0,0x0e,
0x00,0x00,0x48,0x89,0x8c,0x24,0xd8,0x0e,0x00,0x00,0x48,0x89,0x94,0x24,0xf8,0x0e,
0x00,0x00,0x48,0x8b,0x84,0x24,0xf8,0x0e,0x00,0x00,0x48,0x8b,0x8c,0x24,0xc8,0x0e,
0x00,0x00,0x48,0x8b,0x94,0x24,0xf0,0x0e,0x00,0x00,0x4c,0x8b,0x84,0x24,0xd8,0x0e,
0x00,0x00,0xff,0x10,0x48,0x8d,0x84,0x24,0x28,0x15,0x00,0x00,0x48,0x8d,0x0d,0x45,
0x5e,0x00,0x00,0x48,0x8b,0x15,0xf6,0x5e,0x00,0x00,0x48,0x89,0x84,0x24,0x08,0x0f,
0x00,0x00,0x48,0x89,0x8c,0x24,0x38,0x0f,0x00,0x00,0x48,0x89,0x94,0x24,0x30,0x0f,
0x00,0x00,0x48,0x8b,0x84,0x24,0x30,0x0f,0x00,0x00,0x48,0x8b,0x8c,0x24,0x08,0x0f,
0x00,0x00,0x48,0x8b,0x94,0x24,0x38,0x0f,0x00,0x00,0xff,0x10,0x48,0x8d,0x84,0x24,
0x38,0x15,0x00,0x00,0x48,0x8b,0x0d,0xa5,0x5e,0x00,0x00,0x48,0x89,0x84,0x24,0x20,
0x0f,0x00,0x00,0x48,0x89,0x8c,0x24,0x00,0x0f,0x00,0x00,0x48,0x8b,0x84,0x24,0x00,
0x0f,0x00,0x00,0x48,0x8b,0x8c,0x24,0x20,0x0f,0x00,0x00,0xff,0x10,0x48,0x8d,0x84,
0x24,0x18,0x15,0x00,0x00,0x48,0x8d,0x8c,0x24,0x28,0x15,0x00,0x00,0x48,0x8b,0x15,
0x84,0x5e,0x00,0x00,0x48,0x89,0x84,0x24,0x18,0x0f,0x00,0x00,0x48,0x89,0x8c,0x24,
0x10,0x0f,0x00,0x00,0x48,0x89,0x94,0x24,0xb8,0x0e,0x00,0x00,0x48,0x8b,0x84,0x24,
0xb8,0x0e,0x00,0x00,0x48,0x8b,0x8c,0x24,0x20,0x0f,0x00,0x00,0x48,0x8b,0x94,0x24,
0x18,0x0f,0x00,0x00,0x4c,0x8b,0x84,0x24,0x10,0x0f,0x00,0x00,0xff,0x10,0x48,0x8d,
0x84,0x24,0x48,0x15,0x00,0x00,0x48,0x8b,0x0d,0x23,0x5e,0x00,0x00,0x48,0x89,0x84,
0x24,0xa8,0x0e,0x00,0x00,0x48,0x89,0x8c,0x24,0x88,0x0e,0x00,0x00,0x48,0x8b,0x84,
0x24,0x88,0x0e,0x00,0x00,0x48,0x8b,0x8c,0x24,0xa8,0x0e,0x00,0x00,0xff,0x10,0x48,
0x8d,0x84,0x24,0x48,0x15,0x00,0x00,0x49,0x8d,0x4f,0x34,0x48,0x8b,0x15,0xf6,0x5d,
0x00,0x00,0x48,0x89,0x84,0x24,0xa0,0x0e,0x00,0x00,0x48,0x89,0x8c,0x24,0x48,0x0e,
0x00,0x00,0x48,0x89,0x94,0x24,0x40,0x0e,0x00,0x00,0x48,0x8b,0x84,0x24,0x40,0x0e,
0x00,0x00,0x48,0x8b,0x8c,0x24,0xa0,0x0e,0x00,0x00,0x48,0x8b,0x94,0x24,0x48,0x0e,
0x00,0x00,0xff,0x10,0x48,0x8d,0x84,0x24,0x58,0x15,0x00,0x00,0x48,0x8b,0x0d,0xad,
0x5d,0x00,0x00,0x48,0x89,0x84,0x24,0x30,0x0e,0x00,0x00,0x48,0x89,0x8c,0x24,0x10,
0x0e,0x00,0x00,0x48,0x8b,0x84,0x24,0x10,0x0e,0x00,0x00,0x48,0x8b,0x8c,0x24,0x30,
0x0e,0x00,0x00,0xff,0x10,0x48,0x8d,0x84,0x24,0x38,0x15,0x00,0x00,0x48,0x8d,0x8c,
0x24,0x48,0x15,0x00,0x00,0x48,0x8b,0x15,0x8c,0x5d,0x00,0x00,0x48,0x89,0x84,0x24,
0x28,0x0e,0x00,0x00,0x48,0x89,0x8c,0x24,0x20,0x0e,0x00,0x00,0x48,0x89,0x94,0x24,
0x50,0x0e,0x00,0x00,0x48,0x8b,0x84,0x24,0x50,0x0e,0x00,0x00,0x48,0x8b,0x8c,0x24,
0x30,0x0e,0x00,0x00,0x48,0x8b,0x94,0x24,0x28,0x0e,0x00,0x00,0x4c,0x8b,0x84,0x24,
0x20,0x0e,0x00,0x00,0xff,0x10,0x48,0x8d,0x84,0x24,0x68,0x15,0x00,0x00,0x48,0x8d,
0x0d,0x83,0x5c,0x00,0x00,0x48,0x8b,0x15,0x34,0x5d,0x00,0x00,0x48,0x89,0x84,0x24,
0x38,0x0e,0x00,0x00,0x48,0x89,0x8c,0x24,0x58,0x0e,0x00,0x00,0x48,0x89,0x94,0x24,
0x68,0x0e,0x00,0x00,0x48,0x8b,0x84,0x24,0x68,0x0e,0x00,0x00,0x48,0x8b,0x8c,0x24,
0x38,0x0e,0x00,0x00,0x48,0x8b,0x94,0x24,0x58,0x0e,0x00,0x00,0xff,0x10,0x48,0x8d,
0x84,0x24,0x78,0x15,0x00,0x00,0x48,0x8b,0x0d,0xe3,0x5c,0x00,0x00,0x48,0x89,0x84,
0x24,0x98,0x0e,0x00,0x00,0x48,0x89,0x8c,0x24,0x90,0x0e,0x00,0x00,0x48,0x8b,0x84,
0x24,0x90,0x0e,0x00,0x00,0x48,0x8b,0x8c,0x24,0x98,0x0e,0x00,0x00,0xff,0x10,0x48,
0x8d,0x84,0x24,0x58,0x15,0x00,0x00,0x48,0x8d,0x8c,0x24,0x68,0x15,0x00,0x00,0x48,
0x8b,0x15,0xc2,0x5c,0x00,0x00,0x48,0x89,0x84,0x24,0x80,0x0e,0x00,0x00,0x48,0x89,
0x8c,0x24,0x60,0x0e,0x00,0x00,0x48,0x89,0x94,0x24,0x78,0x0e,0x00,0x00,0x48,0x8b,
0x84,0x24,0x78,0x0e,0x00,0x00,0x48,0x8b,0x8c,0x24,0x98,0x0e,0x00,0x00,0x48,0x8b,
0x94,0x24,0x80,0x0e,0x00,0x00,0x4c,0x8b,0x84,0x24,0x60,0x0e,0x00,0x00,0xff,0x10,
0x48,0x8d,0x84,0x24,0x88,0x15,0x00,0x00,0x48,0x8b,0x0d,0x61,0x5c,0x00,0x00,0x48,
0x89,0x84,0x24,0x70,0x0e,0x00,0x00,0x48,0x89,0x8c,0x24,0xd8,0x0c,0x00,0x00,0x48,
0x8b,0x84,0x24,0xd8,0x0c,0x00,0x00,0x48,0x8b,0x8c,0x24,0x70,0x0e,0x00,0x00,0xff,
0x10,0x48,0x8d,0x84,0x24,0x88,0x15,0x00,0x00,0x49,0x8d,0x4f,0x30,0x48,0x8b,0x15,
0x34,0x5c,0x00,0x00,0x48,0x89,0x84,0x24,0xc8,0x0c,0x00,0x00,0x48,0x89,0x8c,0x24,
0xa8,0x0c,0x00,0x00,0x48,0x89,0x94,0x24,0xc0,0x0c,0x00,0x00,0x48,0x8b,0x84,0x24,
0xc0,0x0c,0x00,0x00,0x48,0x8b,0x8c,0x24,0xc8,0x0c,0x00,0x00,0x48,0x8b,0x94,0x24,
0xa8,0x0c,0x00,0x00,0xff,0x10,0x48,0x8d,0x84,0x24,0x88,0x14,0x00,0x00,0x48,0x8b,
0x0d,0xeb,0x5b,0x00,0x00,0x48,0x89,0x84,0x24,0x28,0x0b,0x00,0x00,0x48,0x89,0x8c,
0x24,0x20,0x0b,0x00,0x00,0x48,0x8b,0x84,0x24,0x20,0x0b,0x00,0x00,0x48,0x8b,0x8c,
0x24,0x28,0x0b,0x00,0x00,0xff,0x10,0x48,0x8d,0x84,0x24,0x78,0x15,0x00,0x00,0x48,
0x8d,0x8c,0x24,0x88,0x15,0x00,0x00,0x48,0x8b,0x15,0xca,0x5b,0x00,0x00,0x48,0x89,
0x84,0x24,0x10,0x0b,0x00,0x00,0x48,0x89,0x8c,0x24,0xf0,0x0a,0x00,0x00,0x48,0x89,
0x94,0x24,0x08,0x0b,0x00,0x00,0x48,0x8b,0x84,0x24,0x08,0x0b,0x00,0x00,0x48,0x8b,
0x8c,0x24,0x28,0x0b,0x00,0x00,0x48,0x8b,0x94,0x24,0x10,0x0b,0x00,0x00,0x4c,0x8b,
0x84,0x24,0xf0,0x0a,0x00,0x00,0xff,0x10,0x48,0x8d,0x84,0x24,0x88,0x15,0x00,0x00,
0x48,0x8b,0x0d,0x89,0x5b,0x00,0x00,0x48,0x89,0x84,0x24,0x00,0x0b,0x00,0x00,0x48,
0x89,0x8c,0x24,0x30,0x0b,0x00,0x00,0x48,0x8b,0x84,0x24,0x30,0x0b,0x00,0x00,0x48,
0x8b,0x8c,0x24,0x00,0x0b,0x00,0x00,0xff,0x10,0x48,0x8d,0x84,0x24,0x78,0x15,0x00,
0x00,0x48,0x8b,0x0d,0x58,0x5b,0x00,0x00,0x48,0x89,0x84,0x24,0x18,0x0b,0x00,0x00,
0x48,0x89,0x8c,0x24,0x38,0x0b,0x00,0x00,0x48,0x8b,0x84,0x24,0x38,0x0b,0x00,0x00,
0x48,0x8b,0x8c,0x24,0x18,0x0b,0x00,0x00,0xff,0x10,0x48,0x8d,0x84,0x24,0x68,0x15,
0x00,0x00,0x48,0x8b,0x0d,0x27,0x5b,0x00,0x00,0x48,0x89,0x84,0x24,0x48,0x0b,0x00,
0x00,0x48,0x89,0x8c,0x24,0x78,0x0b,0x00,0x00,0x48,0x8b,0x84,0x24,0x78,0x0b,0x00,
0x00,0x48,0x8b,0x8c,0x24,0x48,0x0b,0x00,0x00,0xff,0x10,0x48,0x8d,0x84,0x24,0x58,
0x15,0x00,0x00,0x48,0x8b,0x0d,0xf6,0x5a,0x00,0x00,0x48,0x89,0x84,0x24,0x70,0x0b,
0x00,0x00,0x48,0x89,0x8c,0x24,0x60,0x0b,0x00,0x00,0x48,0x8b,0x84,0x24,0x60,0x0b,
0x00,0x00,0x48,0x8b,0x8c,0x24,0x70,0x0b,0x00,0x00,0xff,0x10,0x48,0x8d,0x84,0x24,
0x48,0x15,0x00,0x00,0x48,0x8b,0x0d,0xc5,0x5a,0x00,0x00,0x48,0x89,0x84,0x24,0x40,
0x0b,0x00,0x00,0x48,0x89,0x8c,0x24,0x58,0x0b,0x00,0x00,0x48,0x8b,0x84,0x24,0x58,
0x0b,0x00,0x00,0x48,0x8b,0x8c,0x24,0x40,0x0b,0x00,0x00,0xff,0x10,0x48,0x8d,0x84,
0x24,0x38,0x15,0x00,0x00,0x48,0x8b,0x0d,0x94,0x5a,0x00,0x00,0x48,0x89,0x84,0x24,
0x50,0x0b,0x00,0x00,0x48,0x89,0x8c,0x24,0xf8,0x0a,0x00,0x00,0x48,0x8b,0x84,0x24,
0xf8,0x0a,0x00,0x00,0x48,0x8b,0x8c,0x24,0x50,0x0b,0x00,0x00,0xff,0x10,0x48,0x8d,
0x84,0x24,0x28,0x15,0x00,0x00,0x48,0x8b,0x0d,0x63,0x5a,0x00,0x00,0x48,0x89,0x84,
0x24,0xe8,0x0a,0x00,0x00,0x48,0x89,0x8c,0x24,0xc8,0x0a,0x00,0x00,0x48,0x8b,0x84,
0x24,0xc8,0x0a,0x00,0x00,0x48,0x8b,0x8c,0x24,0xe8,0x0a,0x00,0x00,0xff,0x10,0x48,
0x8d,0x84,0x24,0x18,0x15,0x00,0x00,0x48,0x8b,0x0d,0x32,0x5a,0x00,0x00,0x48,0x89,
0x84,0x24,0xe0,0x0a,0x00,0x00,0x48,0x89,0x8c,0x24,0x88,0x0a,0x00,0x00,0x48,0x8b,
0x84,0x24,0x88,0x0a,0x00,0x00,0x48,0x8b,0x8c,0x24,0xe0,0x0a,0x00,0x00,0xff,0x10,
0x48,0x8d,0x84,0x24,0x08,0x15,0x00,0x00,0x48,0x8b,0x0d,0x01,0x5a,0x00,0x00,0x48,
0x89,0x84,0x24,0x80,0x0a,0x00,0x00,0x48,0x89,0x8c,0x24,0x70,0x0a,0x00,0x00,0x48,
0x8b,0x84,0x24,0x70,0x0a,0x00,0x00,0x48,0x8b,0x8c,0x24,0x80,0x0a,0x00,0x00,0xff,
0x10,0x48,0x8d,0x84,0x24,0xf8,0x14,0x00,0x00,0x48,0x8b,0x0d,0xd0,0x59,0x00,0x00,
0x48,0x89,0x84,0x24,0x58,0x0a,0x00,0x00,0x48,0x89,0x8c,0x24,0x68,0x0a,0x00,0x00,
0x48,0x8b,0x84,0x24,0x68,0x0a,0x00,0x00,0x48,0x8b,0x8c,0x24,0x58,0x0a,0x00,0x00,
0xff,0x10,0x48,0x8d,0x84,0x24,0xe8,0x14,0x00,0x00,0x48,0x8b,0x0d,0x9f,0x59,0x00,
0x00,0x48,0x89,0x84,0x24,0x90,0x0a,0x00,0x00,0x48,0x89,0x8c,0x24,0x78,0x0a,0x00,
0x00,0x48,0x8b,0x84,0x24,0x78,0x0a,0x00,0x00,0x48,0x8b,0x8c,0x24,0x90,0x0a,0x00,
0x00,0xff,0x10,0x48,0x8d,0x84,0x24,0xd8,0x14,0x00,0x00,0x48,0x8b,0x0d,0x6e,0x59,
0x00,0x00,0x48,0x89,0x84,0x24,0x98,0x0a,0x00,0x00,0x48,0x89,0x8c,0x24,0xa8,0x0a,
0x00,0x00,0x48,0x8b,0x84,0x24,0xa8,0x0a,0x00,0x00,0x48,0x8b,0x8c,0x24,0x98,0x0a,
0x00,0x00,0xff,0x10,0x48,0x8d,0x84,0x24,0xc8,0x14,0x00,0x00,0x48,0x8b,0x0d,0x3d,
0x59,0x00,0x00,0x48,0x89,0x84,0x24,0xd8,0x0a,0x00,0x00,0x48,0x89,0x8c,0x24,0xd0,
0x0a,0x00,0x00,0x48,0x8b,0x84,0x24,0xd0,0x0a,0x00,0x00,0x48,0x8b,0x8c,0x24,0xd8,
0x0a,0x00,0x00,0xff,0x10,0x48,0x8d,0x84,0x24,0xb8,0x14,0x00,0x00,0x48,0x8b,0x0d,
0x0c,0x59,0x00,0x00,0x48,0x89,0x84,0x24,0xc0,0x0a,0x00,0x00,0x48,0x89,0x8c,0x24,
0xa0,0x0a,0x00,0x00,0x48,0x8b,0x84,0x24,0xa0,0x0a,0x00,0x00,0x48,0x8b,0x8c,0x24,
0xc0,0x0a,0x00,0x00,0xff,0x10,0x48,0x8d,0x84,0x24,0xa8,0x14,0x00,0x00,0x48,0x8b,
0x0d,0xdb,0x58,0x00,0x00,0x48,0x89,0x84,0x24,0xb8,0x0a,0x00,0x00,0x48,0x89,0x8c,
0x24,0xb0,0x0a,0x00,0x00,0x48,0x8b,0x84,0x24,0xb0,0x0a,0x00,0x00,0x48,0x8b,0x8c,
0x24,0xb8,0x0a,0x00,0x00,0xff,0x10,0x48,0x8d,0x84,0x24,0x98,0x14,0x00,0x00,0x48,
0x8b,0x0d,0xaa,0x58,0x00,0x00,0x48,0x89,0x84,0x24,0x80,0x0b,0x00,0x00,0x48,0x89,
0x8c,0x24,0x68,0x0b,0x00,0x00,0x48,0x8b,0x84,0x24,0x68,0x0b,0x00,0x00,0x48,0x8b,
0x8c,0x24,0x80,0x0b,0x00,0x00,0xff,0x10,0x48,0x8d,0x84,0x24,0xa0,0x14,0x00,0x00,
0x48,0x8d,0x0d,0xb3,0x57,0x00,0x00,0x48,0x8b,0x15,0x62,0x58,0x00,0x00,0x48,0x89,
0x84,0x24,0x88,0x0b,0x00,0x00,0x48,0x89,0x8c,0x24,0x98,0x0b,0x00,0x00,0x48,0x89,
0x94,0x24,0x68,0x0c,0x00,0x00,0x48,0x8b,0x84,0x24,0x68,0x0c,0x00,0x00,0x48,0x8b,
0x8c,0x24,0x88,0x0b,0x00,0x00,0x48,0x8b,0x94,0x24,0x98,0x0b,0x00,0x00,0xff,0x10,
0x48,0x8d,0x84,0x24,0xb0,0x14,0x00,0x00,0x48,0x8b,0x0d,0x11,0x58,0x00,0x00,0x48,
0x89,0x84,0x24,0x60,0x0c,0x00,0x00,0x48,0x89,0x8c,0x24,0x50,0x0c,0x00,0x00,0x48,
0x8b,0x84,0x24,0x50,0x0c,0x00,0x00,0x48,0x8b,0x8c,0x24,0x60,0x0c,0x00,0x00,0xff,
0x10,0x48,0x8d,0x84,0x24,0x88,0x14,0x00,0x00,0x48,0x8d,0x8c,0x24,0xa0,0x14,0x00,
0x00,0x48,0x8b,0x15,0xf0,0x57,0x00,0x00,0x48,0x89,0x84,0x24,0x30,0x0c,0x00,0x00,
0x48,0x89,0x8c,0x24,0x48,0x0c,0x00,0x00,0x48,0x89,0x94,0x24,0x40,0x0c,0x00,0x00,
0x48,0x8b,0x84,0x24,0x40,0x0c,0x00,0x00,0x48,0x8b,0x8c,0x24,0x60,0x0c,0x00,0x00,
0x48,0x8b,0x94,0x24,0x30,0x0c,0x00,0x00,0x4c,0x8b,0x84,0x24,0x48,0x0c,0x00,0x00,
0xff,0x10,0x48,0x8b,0x1d,0xbf,0x57,0x00,0x00,0x48,0x8b,0x05,0xc0,0x57,0x00,0x00,
0x48,0x8d,0x8c,0x24,0xc0,0x14,0x00,0x00,0x48,0x8d,0x13,0x48,0x8d,0x00,0x48,0x8b,
0x1d,0xb3,0x57,0x00,0x00,0x49,0x89,0xc0,0xff,0x13,0x48,0x8d,0x84,0x24,0x98,0x14,
0x00,0x00,0x48,0x8b,0x94,0x24,0x98,0x0d,0x00,0x00,0x48,0x8d,0x0a,0x48,0x8d,0x9c,
0x24,0xb0,0x14,0x00,0x00,0x49,0x8d,0x6f,0x40,0x49,0x8d,0x7f,0x38,0x4c,0x8d,0x84,
0x24,0xc0,0x14,0x00,0x00,0x4c,0x8b,0x0d,0x84,0x57,0x00,0x00,0x48,0x89,0x7c,0x24,
0x20,0x4c,0x89,0x44,0x24,0x28,0x48,0x89,0x8c,0x24,0x70,0x0c,0x00,0x00,0x48,0x89,
0xac,0x24,0x58,0x0c,0x00,0x00,0x4c,0x89,0x8c,0x24,0x78,0x0c,0x00,0x00,0x48,0x8b,
0xac,0x24,0x78,0x0c,0x00,0x00,0x48,0x89,0xc1,0x48,0x8b,0x94,0x24,0x70,0x0c,0x00,
0x00,0x49,0x89,0xd8,0x4c,0x8b,0x8c,0x24,0x58,0x0c,0x00,0x00,0xff,0x55,0x00,0x8a,
0x9c,0x24,0x98,0x14,0x00,0x00,0x48,0x8d,0x84,0x24,0xc0,0x14,0x00,0x00,0x48,0x8b,
0x0d,0x33,0x57,0x00,0x00,0x48,0x89,0x84,0x24,0x88,0x0c,0x00,0x00,0x48,0x89,0x8c,
0x24,0xb8,0x0c,0x00,0x00,0x48,0x8b,0x84,0x24,0xb8,0x0c,0x00,0x00,0x48,0x8b,0x8c,
0x24,0x88,0x0c,0x00,0x00,0xff,0x10,0x48,0x8d,0x84,0x24,0xb0,0x14,0x00,0x00,0x48,
0x8b,0x0d,0xda,0x56,0x00,0x00,0x48,0x89,0x84,0x24,0xb0,0x0c,0x00,0x00,0x48,0x89,
0x8c,0x24,0xa0,0x0c,0x00,0x00,0x48,0x8b,0x84,0x24,0xa0,0x0c,0x00,0x00,0x48,0x8b,
0x8c,0x24,0xb0,0x0c,0x00,0x00,0xff,0x10,0x48,0x8d,0x84,0x24,0xa0,0x14,0x00,0x00,
0x48,0x8b,0x0d,0xa9,0x56,0x00,0x00,0x48,0x89,0x84,0x24,0x80,0x0c,0x00,0x00,0x48,
0x89,0x8c,0x24,0x98,0x0c,0x00,0x00,0x48,0x8b,0x84,0x24,0x98,0x0c,0x00,0x00,0x48,
0x8b,0x8c,0x24,0x80,0x0c,0x00,0x00,0xff,0x10,0x80,0xfb,0x00,0x0f,0x84,0x78,0x00,
0x00,0x00,0x48,0x8b,0x94,0x24,0x98,0x0d,0x00,0x00,0x8a,0x82,0xc8,0x00,0x00,0x00,
0x3c,0x00,0x0f,0x84,0x5d,0x00,0x00,0x00,0x41,0x8b,0x47,0x10,0x48,0x8b,0x8c,0x24,
0x70,0x0d,0x00,0x00,0x89,0x41,0x14,0x41,0x8b,0x07,0x48,0x8b,0x8c,0x24,0x70,0x0d,
0x00,0x00,0x89,0x01,0x41,0x8b,0x47,0x20,0x48,0x8b,0x8c,0x24,0x70,0x0d,0x00,0x00,
0x89,0x41,0x0c,0x41,0x8b,0x47,0x14,0x48,0x8b,0x8c,0x24,0x70,0x0d,0x00,0x00,0x89,
0x41,0x04,0x41,0x8b,0x47,0x30,0x48,0x8b,0x8c,0x24,0x70,0x0d,0x00,0x00,0x89,0x41,
0x08,0x41,0x8b,0x47,0x34,0x48,0x8b,0x8c,0x24,0x70,0x0d,0x00,0x00,0x89,0x41,0x10,
0xe9,0x00,0x00,0x00,0x00,0xe9,0x00,0x00,0x00,0x00,0x48,0x8d,0x84,0x24,0x98,0x14,
0x00,0x00,0x48,0x8d,0x0d,0x42,0x55,0x00,0x00,0x48,0x8b,0x15,0xe0,0x55,0x00,0x00,
0x48,0x89,0x84,0x24,0x90,0x0c,0x00,0x00,0x48,0x89,0x8c,0x24,0x38,0x0c,0x00,0x00,
0x48,0x89,0x94,0x24,0x28,0x0c,0x00,0x00,0x48,0x8b,0x84,0x24,0x28,0x0c,0x00,0x00,
0x48,0x8b,0x8c,0x24,0x90,0x0c,0x00,0x00,0x48,0x8b,0x94,0x24,0x38,0x0c,0x00,0x00,
0xff,0x10,0x48,0x8d,0x84,0x24,0xa8,0x14,0x00,0x00,0x48,0x8b,0x0d,0x8f,0x55,0x00,
0x00,0x48,0x89,0x84,0x24,0x08,0x0c,0x00,0x00,0x48,0x89,0x8c,0x24,0x20,0x0c,0x00,
0x00,0x48,0x8b,0x84,0x24,0x20,0x0c,0x00,0x00,0x48,0x8b,0x8c,0x24,0x08,0x0c,0x00,
0x00,0xff,0x10,0x48,0x8d,0x84,0x24,0x88,0x14,0x00,0x00,0x48,0x8d,0x8c,0x24,0x98,
0x14,0x00,0x00,0x48,0x8b,0x15,0x6e,0x55,0x00,0x00,0x48,0x89,0x84,0x24,0xc8,0x0b,
0x00,0x00,0x48,0x89,0x8c,0x24,0xc0,0x0b,0x00,0x00,0x48,0x89,0x94,0x24,0xb0,0x0b,
0x00,0x00,0x48,0x8b,0x84,0x24,0xb0,0x0b,0x00,0x00,0x48,0x8b,0x8c,0x24,0x08,0x0c,
0x00,0x00,0x48,0x8b,0x94,0x24,0xc8,0x0b,0x00,0x00,0x4c,0x8b,0x84,0x24,0xc0,0x0b,
0x00,0x00,0xff,0x10,0x48,0x8d,0x84,0x24,0xb8,0x14,0x00,0x00,0x48,0x8d,0x0d,0x89,
0x54,0x00,0x00,0x48,0x8d,0x15,0x7e,0x54,0x00,0x00,0x48,0x8b,0x1d,0x37,0x55,0x00,
0x00,0x48,0x89,0x8c,0x24,0x90,0x0b,0x00,0x00,0x48,0x89,0x94,0x24,0xa8,0x0b,0x00,
0x00,0x48,0x89,0xc1,0x48,0x8b,0x94,0x24,0x90,0x0b,0x00,0x00,0x4c,0x8b,0x84,0x24,
0xa8,0x0b,0x00,0x00,0xff,0x13,0x48,0x8b,0x05,0xfb,0x54,0x00,0x00,0x48,0x8d,0x8c,
0x24,0xc0,0x14,0x00,0x00,0x48,0x8d,0x00,0x49,0x8d,0x57,0x50,0x48,0x8b,0x1d,0xf5,
0x54,0x00,0x00,0x48,0x89,0x94,0x24,0xa0,0x0b,0x00,0x00,0x48,0x89,0xc2,0x4c,0x8b,
0x84,0x24,0xa0,0x0b,0x00,0x00,0xff,0x13,0x48,0x8b,0x94,0x24,0x98,0x0d,0x00,0x00,
0x48,0x8d,0x02,0x48,0x8d,0x8c,0x24,0xa8,0x14,0x00,0x00,0x48,0x8d,0x9c,0x24,0xb8,
0x14,0x00,0x00,0x48,0x8d,0xac,0x24,0xc0,0x14,0x00,0x00,0x48,0x8b,0x3d,0xce,0x54,
0x00,0x00,0x48,0x89,0x8c,0x24,0xd0,0x0b,0x00,0x00,0x48,0x89,0xc1,0x48,0x8b,0x94,
0x24,0xd0,0x0b,0x00,0x00,0x49,0x89,0xd8,0x49,0x89,0xe9,0xff,0x17,0x48,0x8d,0x84,
0x24,0xc0,0x14,0x00,0x00,0x48,0x8b,0x0d,0x9c,0x54,0x00,0x00,0x48,0x89,0x84,0x24,
0xb8,0x0b,0x00,0x00,0x48,0x89,0x8c,0x24,0xd8,0x0b,0x00,0x00,0x48,0x8b,0x84,0x24,
0xd8,0x0b,0x00,0x00,0x48,0x8b,0x8c,0x24,0xb8,0x0b,0x00,0x00,0xff,0x10,0x48,0x8d,
0x84,0x24,0xb8,0x14,0x00,0x00,0x48,0x8b,0x0d,0x6b,0x54,0x00,0x00,0x48,0x89,0x84,
0x24,0xe8,0x0b,0x00,0x00,0x48,0x89,0x8c,0x24,0x18,0x0c,0x00,0x00,0x48,0x8b,0x84,
0x24,0x18,0x0c,0x00,0x00,0x48,0x8b,0x8c,0x24,0xe8,0x0b,0x00,0x00,0xff,0x10,0x48,
0x8d,0x84,0x24,0xa8,0x14,0x00,0x00,0x48,0x8b,0x0d,0x12,0x54,0x00,0x00,0x48,0x89,
0x84,0x24,0x10,0x0c,0x00,0x00,0x48,0x89,0x8c,0x24,0x00,0x0c,0x00,0x00,0x48,0x8b,
0x84,0x24,0x00,0x0c,0x00,0x00,0x48,0x8b,0x8c,0x24,0x10,0x0c,0x00,0x00,0xff,0x10,
0x48,0x8d,0x84,0x24,0x98,0x14,0x00,0x00,0x48,0x8b,0x0d,0xe1,0x53,0x00,0x00,0x48,
0x89,0x84,0x24,0xe0,0x0b,0x00,0x00,0x48,0x89,0x8c,0x24,0xf8,0x0b,0x00,0x00,0x48,
0x8b,0x84,0x24,0xf8,0x0b,0x00,0x00,0x48,0x8b,0x8c,0x24,0xe0,0x0b,0x00,0x00,0xff,
0x10,0x48,0x8d,0x84,0x24,0x98,0x14,0x00,0x00,0x48,0x8b,0x0d,0xe8,0x53,0x00,0x00,
0x48,0x89,0x84,0x24,0xf0,0x0b,0x00,0x00,0x48,0x89,0x8c,0x24,0x40,0x0f,0x00,0x00,
0x48,0x8b,0x84,0x24,0x40,0x0f,0x00,0x00,0x48,0x8b,0x8c,0x24,0xf0,0x0b,0x00,0x00,
0xff,0x10,0x48,0x8b,0x8c,0x24,0xb0,0x0d,0x00,0x00,0x48,0x8d,0x01,0x49,0x8d,0x17,
0x48,0x8d,0x9c,0x24,0x98,0x14,0x00,0x00,0x48,0x8b,0x2d,0xb1,0x53,0x00,0x00,0x48,
0x89,0xc1,0x49,0x89,0xd8,0xff,0x55,0x00,0x48,0x8d,0x84,0x24,0xc0,0x14,0x00,0x00,
0x48,0x8b,0x0d,0xa1,0x53,0x00,0x00,0x48,0x89,0x84,0x24,0x28,0x0f,0x00,0x00,0x48,
0x89,0x8c,0x24,0x48,0x0f,0x00,0x00,0x48,0x8b,0x84,0x24,0x48,0x0f,0x00,0x00,0x48,
0x8b,0x8c,0x24,0x28,0x0f,0x00,0x00,0xff,0x10,0x48,0x8b,0x8c,0x24,0xb0,0x0d,0x00,
0x00,0x48,0x8d,0x01,0x49,0x8d,0x17,0x48,0x8d,0x9c,0x24,0xc0,0x14,0x00,0x00,0x48,
0x8b,0x2d,0x6a,0x53,0x00,0x00,0x48,0x89,0xc1,0x49,0x89,0xd8,0xff,0x55,0x00,0x48,
0x8d,0x84,0x24,0xf8,0x14,0x00,0x00,0x48,0x8b,0x0d,0xe2,0x52,0x00,0x00,0x48,0x89,
0x84,0x24,0x58,0x0f,0x00,0x00,0x48,0x89,0x8c,0x24,0xa0,0x12,0x00,0x00,0x48,0x8b,
0x84,0x24,0xa0,0x12,0x00,0x00,0x48,0x8b,0x8c,0x24,0x58,0x0f,0x00,0x00,0xff,0x10,
0x48,0x8d,0x84,0x24,0xf8,0x14,0x00,0x00,0x48,0x8d,0x0e,0x48,0x8b,0x15,0xb6,0x52,
0x00,0x00,0x48,0x89,0x84,0x24,0x98,0x12,0x00,0x00,0x48,0x89,0x8c,0x24,0x88,0x12,
0x00,0x00,0x48,0x89,0x94,0x24,0x68,0x12,0x00,0x00,0x48,0x8b,0x84,0x24,0x68,0x12,
0x00,0x00,0x48,0x8b,0x8c,0x24,0x98,0x12,0x00,0x00,0x48,0x8b,0x94,0x24,0x88,0x12,
0x00,0x00,0xff,0x10,0x48,0x8d,0x84,0x24,0x08,0x15,0x00,0x00,0x48,0x8d,0x0d,0xc5,
0x51,0x00,0x00,0x48,0x8b,0x15,0x76,0x52,0x00,0x00,0x48,0x89,0x84,0x24,0x80,0x12,
0x00,0x00,0x48,0x89,0x8c,0x24,0x78,0x12,0x00,0x00,0x48,0x89,0x94,0x24,0xa8,0x12,
0x00,0x00,0x48,0x8b,0x84,0x24,0xa8,0x12,0x00,0x00,0x48,0x8b,0x8c,0x24,0x80,0x12,
0x00,0x00,0x48,0x8b,0x94,0x24,0x78,0x12,0x00,0x00,0xff,0x10,0x48,0x8d,0x84,0x24,
0x18,0x15,0x00,0x00,0x48,0x8b,0x0d,0x25,0x52,0x00,0x00,0x48,0x89,0x84,0x24,0x90,
0x12,0x00,0x00,0x48,0x89,0x8c,0x24,0xb0,0x12,0x00,0x00,0x48,0x8b,0x84,0x24,0xb0,
0x12,0x00,0x00,0x48,0x8b,0x8c,0x24,0x90,0x12,0x00,0x00,0xff,0x10,0x48,0x8d,0x84,
0x24,0xf8,0x14,0x00,0x00,0x48,0x8d,0x8c,0x24,0x08,0x15,0x00,0x00,0x48,0x8b,0x15,
0x04,0x52,0x00,0x00,0x48,0x89,0x84,0x24,0xc0,0x12,0x00,0x00,0x48,0x89,0x8c,0x24,
0xf0,0x12,0x00,0x00,0x48,0x89,0x94,0x24,0xe8,0x12,0x00,0x00,0x48,0x8b,0x84,0x24,
0xe8,0x12,0x00,0x00,0x48,0x8b,0x8c,0x24,0x90,0x12,0x00,0x00,0x48,0x8b,0x94,0x24,
0xc0,0x12,0x00,0x00,0x4c,0x8b,0x84,0x24,0xf0,0x12,0x00,0x00,0xff,0x10,0x48,0x8d,
0x84,0x24,0x28,0x15,0x00,0x00,0x48,0x8b,0x0d,0xa3,0x51,0x00,0x00,0x48,0x89,0x84,
0x24,0xd8,0x12,0x00,0x00,0x48,0x89,0x8c,0x24,0xb8,0x12,0x00,0x00,0x48,0x8b,0x84,
0x24,0xb8,0x12,0x00,0x00,0x48,0x8b,0x8c,0x24,0xd8,0x12,0x00,0x00,0xff,0x10,0x48,
0x8d,0x84,0x24,0x28,0x15,0x00,0x00,0x49,0x8d,0x4f,0x10,0x48,0x8b,0x15,0x76,0x51,
0x00,0x00,0x48,0x89,0x84,0x24,0xd0,0x12,0x00,0x00,0x48,0x89,0x8c,0x24,0xc8,0x12,
0x00,0x00,0x48,0x89,0x94,0x24,0x70,0x12,0x00,0x00,0x48,0x8b,0x84,0x24,0x70,0x12,
0x00,0x00,0x48,0x8b,0x8c,0x24,0xd0,0x12,0x00,0x00,0x48,0x8b,0x94,0x24,0xc8,0x12,
0x00,0x00,0xff,0x10,0x48,0x8d,0x84,0x24,0x38,0x15,0x00,0x00,0x48,0x8b,0x0d,0x2d,
0x51,0x00,0x00,0x48,0x89,0x84,0x24,0x60,0x12,0x00,0x00,0x48,0x89,0x8c,0x24,0x40,
0x12,0x00,0x00,0x48,0x8b,0x84,0x24,0x40,0x12,0x00,0x00,0x48,0x8b,0x8c,0x24,0x60,
0x12,0x00,0x00,0xff,0x10,0x48,0x8d,0x84,0x24,0x18,0x15,0x00,0x00,0x48,0x8d,0x8c,
0x24,0x28,0x15,0x00,0x00,0x48,0x8b,0x15,0x0c,0x51,0x00,0x00,0x48,0x89,0x84,0x24,
0x58,0x12,0x00,0x00,0x48,0x89,0x8c,0x24,0x00,0x12,0x00,0x00,0x48,0x89,0x94,0x24,
0xf8,0x11,0x00,0x00,0x48,0x8b,0x84,0x24,0xf8,0x11,0x00,0x00,0x48,0x8b,0x8c,0x24,
0x60,0x12,0x00,0x00,0x48,0x8b,0x94,0x24,0x58,0x12,0x00,0x00,0x4c,0x8b,0x84,0x24,
0x00,0x12,0x00,0x00,0xff,0x10,0x48,0x8d,0x84,0x24,0x48,0x15,0x00,0x00,0x48,0x8d,
0x0d,0x03,0x50,0x00,0x00,0x48,0x8b,0x15,0xb4,0x50,0x00,0x00,0x48,0x89,0x84,0x24,
0xe8,0x11,0x00,0x00,0x48,0x89,0x8c,0x24,0xc8,0x11,0x00,0x00,0x48,0x89,0x94,0x24,
0xe0,0x11,0x00,0x00,0x48,0x8b,0x84,0x24,0xe0,0x11,0x00,0x00,0x48,0x8b,0x8c,0x24,
0xe8,0x11,0x00,0x00,0x48,0x8b,0x94,0x24,0xc8,0x11,0x00,0x00,0xff,0x10,0x48,0x8d,
0x84,0x24,0x58,0x15,0x00,0x00,0x48,0x8b,0x0d,0x63,0x50,0x00,0x00,0x48,0x89,0x84,
0x24,0xd8,0x11,0x00,0x00,0x48,0x89,0x8c,0x24,0x08,0x12,0x00,0x00,0x48,0x8b,0x84,
0x24,0x08,0x12,0x00,0x00,0x48,0x8b,0x8c,0x24,0xd8,0x11,0x00,0x00,0xff,0x10,0x48,
0x8d,0x84,0x24,0x38,0x15,0x00,0x00,0x48,0x8d,0x8c,0x24,0x48,0x15,0x00,0x00,0x48,
0x8b,0x15,0x42,0x50,0x00,0x00,0x48,0x89,0x84,0x24,0xf0,0x11,0x00,0x00,0x48,0x89,
0x8c,0x24,0x10,0x12,0x00,0x00,0x48,0x89,0x94,0x24,0x20,0x12,0x00,0x00,0x48,0x8b,
0x84,0x24,0x20,0x12,0x00,0x00,0x48,0x8b,0x8c,0x24,0xd8,0x11,0x00,0x00,0x48,0x8b,
0x94,0x24,0xf0,0x11,0x00,0x00,0x4c,0x8b,0x84,0x24,0x10,0x12,0x00,0x00,0xff,0x10,
0x48,0x8d,0x84,0x24,0x68,0x15,0x00,0x00,0x48,0x8b,0x0d,0xe1,0x4f,0x00,0x00,0x48,
0x89,0x84,0x24,0x50,0x12,0x00,0x00,0x48,0x89,0x8c,0x24,0x48,0x12,0x00,0x00,0x48,
0x8b,0x84,0x24,0x48,0x12,0x00,0x00,0x48,0x8b,0x8c,0x24,0x50,0x12,0x00,0x00,0xff,
0x10,0x48,0x8d,0x84,0x24,0x68,0x15,0x00,0x00,0x49,0x8d,0x4f,0x20,0x48,0x8b,0x15,
0xb4,0x4f,0x00,0x00,0x48,0x89,0x84,0x24,0x38,0x12,0x00,0x00,0x48,0x89,0x8c,0x24,
0x18,0x12,0x00,0x00,0x48,0x89,0x94,0x24,0x30,0x12,0x00,0x00,0x48,0x8b,0x84,0x24,
0x30,0x12,0x00,0x00,0x48,0x8b,0x8c,0x24,0x38,0x12,0x00,0x00,0x48,0x8b,0x94,0x24,
0x18,0x12,0x00,0x00,0xff,0x10,0x48,0x8d,0x84,0x24,0x78,0x15,0x00,0x00,0x48,0x8b,
0x0d,0x6b,0x4f,0x00,0x00,0x48,0x89,0x84,0x24,0x28,0x12,0x00,0x00,0x48,0x89,0x8c,
0x24,0xf8,0x12,0x00,0x00,0x48,0x8b,0x84,0x24,0xf8,0x12,0x00,0x00,0x48,0x8b,0x8c,
0x24,0x28,0x12,0x00,0x00,0xff,0x10,0x48,0x8d,0x84,0x24,0x58,0x15,0x00,0x00,0x48,
0x8d,0x8c,0x24,0x68,0x15,0x00,0x00,0x48,0x8b,0x15,0x4a,0x4f,0x00,0x00,0x48,0x89,
0x84,0x24,0xe0,0x12,0x00,0x00,0x48,0x89,0x8c,0x24,0x00,0x13,0x00,0x00,0x48,0x89,
0x94,0x24,0x10,0x13,0x00,0x00,0x48,0x8b,0x84,0x24,0x10,0x13,0x00,0x00,0x48,0x8b,
0x8c,0x24,0x28,0x12,0x00,0x00,0x48,0x8b,0x94,0x24,0xe0,0x12,0x00,0x00,0x4c,0x8b,
0x84,0x24,0x00,0x13,0x00,0x00,0xff,0x10,0x48,0x8d,0x84,0x24,0x88,0x15,0x00,0x00,
0x48,0x8d,0x0d,0x41,0x4e,0x00,0x00,0x48,0x8b,0x15,0xf2,0x4e,0x00,0x00,0x48,0x89,
0x84,0x24,0xe0,0x13,0x00,0x00,0x48,0x89,0x8c,0x24,0xd8,0x13,0x00,0x00,0x48,0x89,
0x94,0x24,0xc8,0x13,0x00,0x00,0x48,0x8b,0x84,0x24,0xc8,0x13,0x00,0x00,0x48,0x8b,
0x8c,0x24,0xe0,0x13,0x00,0x00,0x48,0x8b,0x94,0x24,0xd8,0x13,0x00,0x00,0xff,0x10,
0x48,0x8d,0x84,0x24,0x98,0x15,0x00,0x00,0x48,0x8b,0x0d,0xa1,0x4e,0x00,0x00,0x48,
0x89,0x84,0x24,0xa8,0x13,0x00,0x00,0x48,0x89,0x8c,0x24,0xc0,0x13,0x00,0x00,0x48,
0x8b,0x84,0x24,0xc0,0x13,0x00,0x00,0x48,0x8b,0x8c,0x24,0xa8,0x13,0x00,0x00,0xff,
0x10,0x48,0x8d,0x84,0x24,0x78,0x15,0x00,0x00,0x48,0x8d,0x8c,0x24,0x88,0x15,0x00,
0x00,0x48,0x8b,0x15,0x80,0x4e,0x00,0x00,0x48,0x89,0x84,0x24,0xb8,0x13,0x00,0x00,
0x48,0x89,0x8c,0x24,0xe8,0x13,0x00,0x00,0x48,0x89,0x94,0x24,0xd0,0x13,0x00,0x00,
0x48,0x8b,0x84,0x24,0xd0,0x13,0x00,0x00,0x48,0x8b,0x8c,0x24,0xa8,0x13,0x00,0x00,
0x48,0x8b,0x94,0x24,0xb8,0x13,0x00,0x00,0x4c,0x8b,0x84,0x24,0xe8,0x13,0x00,0x00,
0xff,0x10,0x48,0x8d,0x84,0x24,0xa8,0x15,0x00,0x00,0x48,0x8b,0x0d,0x1f,0x4e,0x00,
0x00,0x48,0x89,0x84,0x24,0xf0,0x13,0x00,0x00,0x48,0x89,0x8c,0x24,0x00,0x14,0x00,
0x00,0x48,0x8b,0x84,0x24,0x00,0x14,0x00,0x00,0x48,0x8b,0x8c,0x24,0xf0,0x13,0x00,
0x00,0xff,0x10,0x48,0x8d,0x84,0x24,0xa8,0x15,0x00,0x00,0x49,0x8d,0x4f,0x34,0x48,
0x8b,0x15,0xf2,0x4d,0x00,0x00,0x48,0x89,0x84,0x24,0x00,0x16,0x00,0x00,0x48,0x89,
0x8c,0x24,0xf8,0x15,0x00,0x00,0x48,0x89,0x94,0x24,0x18,0x14,0x00,0x00,0x48,0x8b,
0x84,0x24,0x18,0x14,0x00,0x00,0x48,0x8b,0x8c,0x24,0x00,0x16,0x00,0x00,0x48,0x8b,
0x94,0x24,0xf8,0x15,0x00,0x00,0xff,0x10,0x48,0x8d,0x84,0x24,0xb8,0x15,0x00,0x00,
0x48,0x8b,0x0d,0xa9,0x4d,0x00,0x00,0x48,0x89,0x84,0x24,0xf8,0x13,0x00,0x00,0x48,
0x89,0x8c,0x24,0x10,0x14,0x00,0x00,0x48,0x8b,0x84,0x24,0x10,0x14,0x00,0x00,0x48,
0x8b,0x8c,0x24,0xf8,0x13,0x00,0x00,0xff,0x10,0x48,0x8d,0x84,0x24,0x98,0x15,0x00,
0x00,0x48,0x8d,0x8c,0x24,0xa8,0x15,0x00,0x00,0x48,0x8b,0x15,0x88,0x4d,0x00,0x00,
0x48,0x89,0x84,0x24,0x08,0x14,0x00,0x00,0x48,0x89,0x8c,0x24,0xb0,0x13,0x00,0x00,
0x48,0x89,0x94,0x24,0xa0,0x13,0x00,0x00,0x48,0x8b,0x84,0x24,0xa0,0x13,0x00,0x00,
0x48,0x8b,0x8c,0x24,0xf8,0x13,0x00,0x00,0x48,0x8b,0x94,0x24,0x08,0x14,0x00,0x00,
0x4c,0x8b,0x84,0x24,0xb0,0x13,0x00,0x00,0xff,0x10,0x48,0x8d,0x84,0x24,0xc8,0x15,
0x00,0x00,0x48,0x8d,0x0d,0x7f,0x4c,0x00,0x00,0x48,0x8b,0x15,0x30,0x4d,0x00,0x00,
0x48,0x89,0x84,0x24,0x80,0x13,0x00,0x00,0x48,0x89,0x8c,0x24,0x98,0x13,0x00,0x00,
0x48,0x89,0x94,0x24,0x40,0x13,0x00,0x00,0x48,0x8b,0x84,0x24,0x40,0x13,0x00,0x00,
0x48,0x8b,0x8c,0x24,0x80,0x13,0x00,0x00,0x48,0x8b,0x94,0x24,0x98,0x13,0x00,0x00,
0xff,0x10,0x48,0x8d,0x84,0x24,0xd8,0x15,0x00,0x00,0x48,0x8b,0x0d,0xdf,0x4c,0x00,
0x00,0x48,0x89,0x84,0x24,0x38,0x13,0x00,0x00,0x48,0x89,0x8c,0x24,0x28,0x13,0x00,
0x00,0x48,0x8b,0x84,0x24,0x28,0x13,0x00,0x00,0x48,0x8b,0x8c,0x24,0x38,0x13,0x00,
0x00,0xff,0x10,0x48,0x8d,0x84,0x24,0xb8,0x15,0x00,0x00,0x48,0x8d,0x8c,0x24,0xc8,
0x15,0x00,0x00,0x48,0x8b,0x15,0xbe,0x4c,0x00,0x00,0x48,0x89,0x84,0x24,0x08,0x13,
0x00,0x00,0x48,0x89,0x8c,0x24,0x20,0x13,0x00,0x00,0x48,0x89,0x94,0x24,0x18,0x13,
0x00,0x00,0x48,0x8b,0x84,0x24,0x18,0x13,0x00,0x00,0x48,0x8b,0x8c,0x24,0x38,0x13,
0x00,0x00,0x48,0x8b,0x94,0x24,0x08,0x13,0x00,0x00,0x4c,0x8b,0x84,0x24,0x20,0x13,
0x00,0x00,0xff,0x10,0x48,0x8d,0x84,0x24,0xe8,0x15,0x00,0x00,0x48,0x8b,0x0d,0x5d,
0x4c,0x00,0x00,0x48,0x89,0x84,0x24,0x48,0x13,0x00,0x00,0x48,0x89,0x8c,0x24,0x30,
0x13,0x00,0x00,0x48,0x8b,0x84,0x24,0x30,0x13,0x00,0x00,0x48,0x8b,0x8c,0x24,0x48,
0x13,0x00,0x00,0xff,0x10,0x48,0x8d,0x84,0x24,0xe8,0x15,0x00,0x00,0x49,0x8d,0x4f,
0x30,0x48,0x8b,0x15,0x30,0x4c,0x00,0x00,0x48,0x89,0x84,0x24,0x50,0x13,0x00,0x00,
0x48,0x89,0x8c,0x24,0x60,0x13,0x00,0x00,0x48,0x89,0x94,0x24,0x90,0x13,0x00,0x00,
0x48,0x8b,0x84,0x24,0x90,0x13,0x00,0x00,0x48,0x8b,0x8c,0x24,0x50,0x13,0x00,0x00,
0x48,0x8b,0x94,0x24,0x60,0x13,0x00,0x00,0xff,0x10,0x48,0x8d,0x84,0x24,0xe8,0x14,
0x00,0x00,0x48,0x8b,0x0d,0xe7,0x4b,0x00,0x00,0x48,0x89,0x84,0x24,0x88,0x13,0x00,
0x00,0x48,0x89,0x8c,0x24,0x78,0x13,0x00,0x00,0x48,0x8b,0x84,0x24,0x78,0x13,0x00,
0x00,0x48,0x8b,0x8c,0x24,0x88,0x13,0x00,0x00,0xff,0x10,0x48,0x8d,0x84,0x24,0xd8,
0x15,0x00,0x00,0x48,0x8d,0x8c,0x24,0xe8,0x15,0x00,0x00,0x48,0x8b,0x15,0xc6,0x4b,
0x00,0x00,0x48,0x89,0x84,0x24,0x58,0x13,0x00,0x00,0x48,0x89,0x8c,0x24,0x70,0x13,
0x00,0x00,0x48,0x89,0x94,0x24,0x68,0x13,0x00,0x00,0x48,0x8b,0x84,0x24,0x68,0x13,
0x00,0x00,0x48,0x8b,0x8c,0x24,0x88,0x13,0x00,0x00,0x48,0x8b,0x94,0x24,0x58,0x13,
0x00,0x00,0x4c,0x8b,0x84,0x24,0x70,0x13,0x00,0x00,0xff,0x10,0x48,0x8d,0x84,0x24,
0xe8,0x15,0x00,0x00,0x48,0x8b,0x0d,0x85,0x4b,0x00,0x00,0x48,0x89,0x84,0x24,0xd0,
0x11,0x00,0x00,0x48,0x89,0x8c,0x24,0xc0,0x11,0x00,0x00,0x48,0x8b,0x84,0x24,0xc0,
0x11,0x00,0x00,0x48,0x8b,0x8c,0x24,0xd0,0x11,0x00,0x00,0xff,0x10,0x48,0x8d,0x84,
0x24,0xd8,0x15,0x00,0x00,0x48,0x8b,0x0d,0x54,0x4b,0x00,0x00,0x48,0x89,0x84,0x24,
0xa0,0x11,0x00,0x00,0x48,0x89,0x8c,0x24,0xb8,0x11,0x00,0x00,0x48,0x8b,0x84,0x24,
0xb8,0x11,0x00,0x00,0x48,0x8b,0x8c,0x24,0xa0,0x11,0x00,0x00,0xff,0x10,0x48,0x8d,
0x84,0x24,0xc8,0x15,0x00,0x00,0x48,0x8b,0x0d,0x23,0x4b,0x00,0x00,0x48,0x89,0x84,
0x24,0x20,0x10,0x00,0x00,0x48,0x89,0x8c,0x24,0x18,0x10,0x00,0x00,0x48,0x8b,0x84,
0x24,0x18,0x10,0x00,0x00,0x48,0x8b,0x8c,0x24,0x20,0x10,0x00,0x00,0xff,0x10,0x48,
0x8d,0x84,0x24,0xb8,0x15,0x00,0x00,0x48,0x8b,0x0d,0xf2,0x4a,0x00,0x00,0x48,0x89,
0x84,0x24,0x08,0x10,0x00,0x00,0x48,0x89,0x8c,0x24,0xe8,0x0f,0x00,0x00,0x48,0x8b,
0x84,0x24,0xe8,0x0f,0x00,0x00,0x48,0x8b,0x8c,0x24,0x08,0x10,0x00,0x00,0xff,0x10,
0x48,0x8d,0x84,0x24,0xa8,0x15,0x00,0x00,0x48,0x8b,0x0d,0xc1,0x4a,0x00,0x00,0x48,
0x89,0x84,0x24,0x00,0x10,0x00,0x00,0x48,0x89,0x8c,0x24,0xf8,0x0f,0x00,0x00,0x48,
0x8b,0x84,0x24,0xf8,0x0f,0x00,0x00,0x48,0x8b,0x8c,0x24,0x00,0x10,0x00,0x00,0xff,
0x10,0x48,0x8d,0x84,0x24,0x98,0x15,0x00,0x00,0x48,0x8b,0x0d,0x90,0x4a,0x00,0x00,
0x48,0x89,0x84,0x24,0x28,0x10,0x00,0x00,0x48,0x89,0x8c,0x24,0x10,0x10,0x00,0x00,
0x48,0x8b,0x84,0x24,0x10,0x10,0x00,0x00,0x48,0x8b,0x8c,0x24,0x28,0x10,0x00,0x00,
0xff,0x10,0x48,0x8d,0x84,0x24,0x88,0x15,0x00,0x00,0x48,0x8b,0x0d,0x5f,0x4a,0x00,
0x00,0x48,0x89,0x84,0x24,0x30,0x10,0x00,0x00,0x48,0x89,0x8c,0x24,0x40,0x10,0x00,
0x00,0x48,0x8b,0x84,0x24,0x40,0x10,0x00,0x00,0x48,0x8b,0x8c,0x24,0x30,0x10,0x00,
0x00,0xff,0x10,0x48,0x8d,0x84,0x24,0x78,0x15,0x00,0x00,0x48,0x8b,0x0d,0x2e,0x4a,
0x00,0x00,0x48,0x89,0x84,0x24,0x70,0x10,0x00,0x00,0x48,0x89,0x8c,0x24,0x68,0x10,
0x00,0x00,0x48,0x8b,0x84,0x24,0x68,0x10,0x00,0x00,0x48,0x8b,0x8c,0x24,0x70,0x10,
0x00,0x00,0xff,0x10,0x48,0x8d,0x84,0x24,0x68,0x15,0x00,0x00,0x48,0x8b,0x0d,0xfd,
0x49,0x00,0x00,0x48,0x89,0x84,0x24,0x58,0x10,0x00,0x00,0x48,0x89,0x8c,0x24,0x38,
0x10,0x00,0x00,0x48,0x8b,0x84,0x24,0x38,0x10,0x00,0x00,0x48,0x8b,0x8c,0x24,0x58,
0x10,0x00,0x00,0xff,0x10,0x48,0x8d,0x84,0x24,0x58,0x15,0x00,0x00,0x48,0x8b,0x0d,
0xcc,0x49,0x00,0x00,0x48,0x89,0x84,0x24,0x50,0x10,0x00,0x00,0x48,0x89,0x8c,0x24,
0x48,0x10,0x00,0x00,0x48,0x8b,0x84,0x24,0x48,0x10,0x00,0x00,0x48,0x8b,0x8c,0x24,
0x50,0x10,0x00,0x00,0xff,0x10,0x48,0x8d,0x84,0x24,0x48,0x15,0x00,0x00,0x48,0x8b,
0x0d,0x9b,0x49,0x00,0x00,0x48,0x89,0x84,0x24,0xf0,0x0f,0x00,0x00,0x48,0x89,0x8c,
0x24,0xe0,0x0f,0x00,0x00,0x48,0x8b,0x84,0x24,0xe0,0x0f,0x00,0x00,0x48,0x8b,0x8c,
0x24,0xf0,0x0f,0x00,0x00,0xff,0x10,0x48,0x8d,0x84,0x24,0x38,0x15,0x00,0x00,0x48,
0x8b,0x0d,0x6a,0x49,0x00,0x00,0x48,0x89,0x84,0x24,0xc0,0x0f,0x00,0x00,0x48,0x89,
0x8c,0x24,0xd8,0x0f,0x00,0x00,0x48,0x8b,0x84,0x24,0xd8,0x0f,0x00,0x00,0x48,0x8b,
0x8c,0x24,0xc0,0x0f,0x00,0x00,0xff,0x10,0x48,0x8d,0x84,0x24,0x28,0x15,0x00,0x00,
0x48,0x8b,0x0d,0x39,0x49,0x00,0x00,0x48,0x89,0x84,0x24,0x80,0x0f,0x00,0x00,0x48,
0x89,0x8c,0x24,0x78,0x0f,0x00,0x00,0x48,0x8b,0x84,0x24,0x78,0x0f,0x00,0x00,0x48,
0x8b,0x8c,0x24,0x80,0x0f,0x00,0x00,0xff,0x10,0x48,0x8d,0x84,0x24,0x18,0x15,0x00,
0x00,0x48,0x8b,0x0d,0x08,0x49,0x00,0x00,0x48,0x89,0x84,0x24,0x68,0x0f,0x00,0x00,
0x48,0x89,0x8c,0x24,0x50,0x0f,0x00,0x00,0x48,0x8b,0x84,0x24,0x50,0x0f,0x00,0x00,
0x48,0x8b,0x8c,0x24,0x68,0x0f,0x00,0x00,0xff,0x10,0x48,0x8d,0x84,0x24,0x08,0x15,
0x00,0x00,0x48,0x8b,0x0d,0xd7,0x48,0x00,0x00,0x48,0x89,0x84,0x24,0x60,0x0f,0x00,
0x00,0x48,0x89,0x8c,0x24,0x88,0x0f,0x00,0x00,0x48,0x8b,0x84,0x24,0x88,0x0f,0x00,
0x00,0x48,0x8b,0x8c,0x24,0x60,0x0f,0x00,0x00,0xff,0x10,0x48,0x8d,0x84,0x24,0xf8,
0x14,0x00,0x00,0x48,0x8b,0x0d,0xa6,0x48,0x00,0x00,0x48,0x89,0x84,0x24,0x70,0x0f,
0x00,0x00,0x48,0x89,0x8c,0x24,0x90,0x0f,0x00,0x00,0x48,0x8b,0x84,0x24,0x90,0x0f,
0x00,0x00,0x48,0x8b,0x8c,0x24,0x70,0x0f,0x00,0x00,0xff,0x10,0x48,0x8d,0x84,0x24,
0xf8,0x14,0x00,0x00,0x4c,0x8b,0x84,0x24,0xb8,0x0d,0x00,0x00,0x49,0x8d,0x88,0x40,
0x44,0x00,0x00,0x48,0x8b,0x15,0xbe,0x48,0x00,0x00,0x48,0x89,0x84,0x24,0xa0,0x0f,
0x00,0x00,0x48,0x89,0x8c,0x24,0xd0,0x0f,0x00,0x00,0x48,0x89,0x94,0x24,0xc8,0x0f,
0x00,0x00,0x48,0x8b,0x84,0x24,0xc8,0x0f,0x00,0x00,0x48,0x8b,0x8c,0x24,0xa0,0x0f,
0x00,0x00,0x48,0x8b,0x94,0x24,0xd0,0x0f,0x00,0x00,0xff,0x10,0x48,0x8b,0xbc,0x24,
0xb8,0x0f,0x00,0x00,0x48,0x89,0xbc,0x24,0x00,0x15,0x00,0x00,0x48,0x8d,0x84,0x24,
0x00,0x15,0x00,0x00,0x48,0x8d,0x8c,0x24,0x08,0x15,0x00,0x00,0x48,0x89,0x8c,0x24,
0x98,0x0f,0x00,0x00,0x48,0x8d,0x8c,0x24,0x98,0x14,0x00,0x00,0x48,0x8b,0x15,0x5d,
0x48,0x00,0x00,0x48,0x89,0x84,0x24,0xb0,0x0f,0x00,0x00,0x48,0x89,0x8c,0x24,0xa8,
0x0f,0x00,0x00,0x48,0x89,0x94,0x24,0x78,0x10,0x00,0x00,0x48,0x8b,0x84,0x24,0x78,
0x10,0x00,0x00,0x48,0x8b,0x8c,0x24,0xb0,0x0f,0x00,0x00,0x48,0x8b,0x94,0x24,0xa8,
0x0f,0x00,0x00,0xff,0x10,0x48,0x8d,0x84,0x24,0x10,0x15,0x00,0x00,0x48,0x8b,0x0d,
0x24,0x48,0x00,0x00,0x48,0x89,0x84,0x24,0x60,0x10,0x00,0x00,0x48,0x89,0x8c,0x24,
0x80,0x10,0x00,0x00,0x48,0x8b,0x84,0x24,0x80,0x10,0x00,0x00,0x48,0x8b,0x8c,0x24,
0x60,0x10,0x00,0x00,0x48,0x8b,0x94,0x24,0xa8,0x0f,0x00,0x00,0xff,0x10,0x48,0x8b,
0x84,0x24,0x10,0x15,0x00,0x00,0x48,0x39,0x84,0x24,0x00,0x15,0x00,0x00,0x0f,0x84,
0xbd,0x3d,0x00,0x00,0x48,0x8b,0x05,0xe5,0x47,0x00,0x00,0x48,0x8b,0x8c,0x24,0x98,
0x0f,0x00,0x00,0x48,0x8b,0x94,0x24,0xa8,0x0f,0x00,0x00,0x4c,0x8b,0x84,0x24,0xb0,
0x0f,0x00,0x00,0xff,0x10,0x8a,0x05,0x8e,0x46,0x00,0x00,0x88,0x84,0x24,0x18,0x15,
0x00,0x00,0x48,0x8b,0x84,0x24,0x90,0x10,0x00,0x00,0x48,0x89,0x84,0x24,0x20,0x15,
0x00,0x00,0x4c,0x8d,0x94,0x24,0x20,0x15,0x00,0x00,0x48,0x8d,0x84,0x24,0x28,0x15,
0x00,0x00,0x48,0x89,0x84,0x24,0x60,0x11,0x00,0x00,0x48,0x8d,0x84,0x24,0xc0,0x14,
0x00,0x00,0x48,0x8b,0x0d,0x8f,0x47,0x00,0x00,0x48,0x89,0x84,0x24,0x58,0x11,0x00,
0x00,0x48,0x89,0x8c,0x24,0x48,0x11,0x00,0x00,0x48,0x8b,0x84,0x24,0x48,0x11,0x00,
0x00,0x4c,0x89,0xd1,0x48,0x8b,0x94,0x24,0x58,0x11,0x00,0x00,0x48,0x89,0x8c,0x24,
0x28,0x11,0x00,0x00,0xff,0x10,0x48,0x8d,0x84,0x24,0x30,0x15,0x00,0x00,0x48,0x8b,
0x0d,0x5b,0x47,0x00,0x00,0x48,0x89,0x84,0x24,0x40,0x11,0x00,0x00,0x48,0x89,0x8c,
0x24,0x38,0x11,0x00,0x00,0x48,0x8b,0x84,0x24,0x38,0x11,0x00,0x00,0x48,0x8b,0x8c,
0x24,0x40,0x11,0x00,0x00,0x48,0x8b,0x94,0x24,0x58,0x11,0x00,0x00,0xff,0x10,0x48,
0x8b,0x84,0x24,0x30,0x15,0x00,0x00,0x48,0x39,0x84,0x24,0x20,0x15,0x00,0x00,0x0f,
0x84,0x88,0x05,0x00,0x00,0x48,0x8b,0x05,0x1c,0x47,0x00,0x00,0x48,0x8b,0x8c,0x24,
0x60,0x11,0x00,0x00,0x48,0x8b,0x94,0x24,0x58,0x11,0x00,0x00,0x4c,0x8b,0x84,0x24,
0x28,0x11,0x00,0x00,0xff,0x10,0x48,0x8b,0x84,0x24,0x28,0x15,0x00,0x00,0x48,0x8b,
0x00,0x48,0x83,0x78,0x28,0x00,0x0f,0x95,0xc0,0x3c,0x00,0x0f,0x84,0x2e,0x00,0x00,
0x00,0x48,0x8b,0x84,0x24,0x28,0x15,0x00,0x00,0x48,0x8b,0x9c,0x24,0x08,0x15,0x00,
0x00,0x8b,0x40,0x08,0x3b,0x03,0x0f,0x94,0xc0,0x3c,0x00,0x0f,0x84,0x07,0x00,0x00,
0x00,0xb0,0x01,0xe9,0x0e,0x00,0x00,0x00,0xb0,0x00,0xe9,0x07,0x00,0x00,0x00,0xb0,
0x00,0xe9,0x00,0x00,0x00,0x00,0x3c,0x00,0x0f,0x84,0xee,0x04,0x00,0x00,0x48,0x8b,
0x84,0x24,0x28,0x15,0x00,0x00,0x48,0x8b,0x00,0x48,0x8b,0x40,0x28,0x48,0x8d,0x8c,
0x24,0x38,0x15,0x00,0x00,0x48,0x8b,0x94,0x24,0x98,0x0d,0x00,0x00,0x48,0x8d,0x1a,
0x48,0x8d,0x00,0x48,0x8b,0x2d,0x86,0x46,0x00,0x00,0x48,0x89,0xda,0x49,0x89,0xc0,
0xff,0x55,0x00,0x48,0x8b,0x9c,0x24,0x08,0x15,0x00,0x00,0x48,0x8b,0xac,0x24,0x28,
0x15,0x00,0x00,0x48,0x8d,0x84,0x24,0x40,0x15,0x00,0x00,0x48,0x8b,0x0d,0x66,0x46,
0x00,0x00,0x48,0x89,0x84,0x24,0x68,0x11,0x00,0x00,0x48,0x89,0x8c,0x24,0x50,0x11,
0x00,0x00,0x48,0x8b,0x84,0x24,0x50,0x11,0x00,0x00,0x48,0x8b,0x8c,0x24,0x68,0x11,
0x00,0x00,0xff,0x10,0x48,0x8d,0x84,0x24,0x40,0x15,0x00,0x00,0x48,0x8d,0x4b,0x0c,
0x48,0x8d,0x55,0x0c,0x48,0x8b,0x1d,0x35,0x46,0x00,0x00,0x48,0x89,0x8c,0x24,0x70,
0x11,0x00,0x00,0x48,0x89,0x94,0x24,0x80,0x11,0x00,0x00,0x48,0x89,0xc1,0x48,0x8b,
0x94,0x24,0x70,0x11,0x00,0x00,0x4c,0x8b,0x84,0x24,0x80,0x11,0x00,0x00,0xff,0x13,
0x48,0x8b,0x84,0x24,0x28,0x15,0x00,0x00,0x48,0x8b,0x00,0x48,0x8b,0x68,0x28,0x48,
0x8b,0x9c,0x24,0x28,0x15,0x00,0x00,0x48,0x8d,0x84,0x24,0x48,0x15,0x00,0x00,0x48,
0x8b,0x0d,0xe2,0x45,0x00,0x00,0x48,0x89,0x84,0x24,0xb0,0x11,0x00,0x00,0x48,0x89,
0x8c,0x24,0xa8,0x11,0x00,0x00,0x48,0x8b,0x84,0x24,0xa8,0x11,0x00,0x00,0x48,0x8b,
0x8c,0x24,0xb0,0x11,0x00,0x00,0xff,0x10,0x48,0x8d,0x84,0x24,0x48,0x15,0x00,0x00,
0x48,0x8d,0x8d,0x70,0x01,0x00,0x00,0x48,0x8d,0x53,0x14,0x48,0x8b,0x1d,0xb6,0x45,
0x00,0x00,0x48,0x89,0x8c,0x24,0x98,0x11,0x00,0x00,0x48,0x89,0x94,0x24,0x78,0x11,
0x00,0x00,0x48,0x89,0xc1,0x48,0x8b,0x94,0x24,0x98,0x11,0x00,0x00,0x4c,0x8b,0x84,
0x24,0x78,0x11,0x00,0x00,0xff,0x13,0x48,0x8b,0x84,0x24,0x08,0x15,0x00,0x00,0x8a,
0x40,0x14,0x3c,0x00,0x0f,0x84,0x7f,0x00,0x00,0x00,0x48,0x8b,0x84,0x24,0x08,0x15,
0x00,0x00,0x48,0x8d,0x8c,0x24,0x40,0x15,0x00,0x00,0x48,0x8d,0x40,0x0c,0x48,0x8b,
0x15,0x6b,0x45,0x00,0x00,0x48,0x89,0x84,0x24,0x90,0x11,0x00,0x00,0x48,0x89,0x94,
0x24,0x88,0x11,0x00,0x00,0x48,0x8b,0x84,0x24,0x88,0x11,0x00,0x00,0x48,0x8b,0x94,
0x24,0x90,0x11,0x00,0x00,0xff,0x10,0x48,0x8b,0x84,0x24,0x08,0x15,0x00,0x00,0x48,
0x8d,0x8c,0x24,0x48,0x15,0x00,0x00,0x48,0x8d,0x40,0x04,0x48,0x8b,0x15,0x2e,0x45,
0x00,0x00,0x48,0x89,0x84,0x24,0x30,0x11,0x00,0x00,0x48,0x89,0x94,0x24,0x20,0x11,
0x00,0x00,0x48,0x8b,0x84,0x24,0x20,0x11,0x00,0x00,0x48,0x8b,0x94,0x24,0x30,0x11,
0x00,0x00,0xff,0x10,0xe9,0x00,0x00,0x00,0x00,0x48,0x8b,0xac,0x24,0x28,0x15,0x00,
0x00,0x48,0x8b,0x84,0x24,0xa0,0x0d,0x00,0x00,0x80,0x38,0x00,0x0f,0x84,0x25,0x00,
0x00,0x00,0x48,0x8b,0x84,0x24,0xa8,0x0d,0x00,0x00,0x48,0x83,0x38,0x00,0x0f,0x94,
0xc0,0x3c,0x00,0x0f,0x84,0x07,0x00,0x00,0x00,0xb0,0x01,0xe9,0x0e,0x00,0x00,0x00,
0xb0,0x00,0xe9,0x07,0x00,0x00,0x00,0xb0,0x00,0xe9,0x00,0x00,0x00,0x00,0x3c,0x00,
0x0f,0x84,0xae,0x01,0x00,0x00,0x48,0x8d,0x84,0x24,0x5c,0x15,0x00,0x00,0x48,0x8b,
0x0d,0x93,0x44,0x00,0x00,0x48,0x89,0x84,0x24,0x00,0x11,0x00,0x00,0x48,0x89,0x8c,
0x24,0x18,0x11,0x00,0x00,0x48,0x8b,0x84,0x24,0x18,0x11,0x00,0x00,0x48,0x8b,0x8c,
0x24,0x00,0x11,0x00,0x00,0xff,0x10,0x48,0x8d,0x84,0x24,0x5c,0x15,0x00,0x00,0x48,
0x8d,0x8c,0x24,0x40,0x15,0x00,0x00,0x48,0x8d,0x94,0x24,0x48,0x15,0x00,0x00,0x48,
0x8b,0x1d,0x5a,0x44,0x00,0x00,0x48,0x89,0x8c,0x24,0xc0,0x10,0x00,0x00,0x48,0x89,
0x94,0x24,0xb8,0x10,0x00,0x00,0x48,0x89,0xc1,0x48,0x8b,0x94,0x24,0xc0,0x10,0x00,
0x00,0x4c,0x8b,0x84,0x24,0xb8,0x10,0x00,0x00,0xff,0x13,0x48,0x8d,0x84,0x24,0x64,
0x15,0x00,0x00,0x48,0x8d,0x0d,0xe6,0x42,0x00,0x00,0x48,0x8d,0x15,0xdf,0x42,0x00,
0x00,0x48,0x8b,0x1d,0x90,0x43,0x00,0x00,0x48,0x89,0x8c,0x24,0xa8,0x10,0x00,0x00,
0x48,0x89,0x94,0x24,0x88,0x10,0x00,0x00,0x48,0x89,0xc1,0x48,0x8b,0x94,0x24,0xa8,
0x10,0x00,0x00,0x4c,0x8b,0x84,0x24,0x88,0x10,0x00,0x00,0xff,0x13,0x48,0x8d,0x84,
0x24,0x54,0x15,0x00,0x00,0x48,0x8b,0x0d,0xdc,0x43,0x00,0x00,0x48,0x89,0x84,0x24,
0xa0,0x10,0x00,0x00,0x48,0x89,0x8c,0x24,0x98,0x10,0x00,0x00,0x48,0x8b,0x84,0x24,
0x98,0x10,0x00,0x00,0x48,0x8b,0x8c,0x24,0xa0,0x10,0x00,0x00,0xff,0x10,0x48,0x8d,
0x84,0x24,0x54,0x15,0x00,0x00,0x48,0x8d,0x8c,0x24,0x5c,0x15,0x00,0x00,0x48,0x8d,
0x94,0x24,0x64,0x15,0x00,0x00,0x48,0x8b,0x1d,0xbb,0x43,0x00,0x00,0x48,0x89,0x8c,
0x24,0xc8,0x10,0x00,0x00,0x48,0x89,0x94,0x24,0xb0,0x10,0x00,0x00,0x48,0x89,0xc1,
0x48,0x8b,0x94,0x24,0xc8,0x10,0x00,0x00,0x4c,0x8b,0x84,0x24,0xb0,0x10,0x00,0x00,
0xff,0x13,0x48,0x8d,0x84,0x24,0x50,0x15,0x00,0x00,0x4c,0x8b,0x84,0x24,0xb8,0x0d,
0x00,0x00,0x49,0x8d,0x88,0x40,0x44,0x00,0x00,0x49,0x8d,0x90,0x40,0x44,0x00,0x00,
0x48,0x8d,0x9c,0x24,0x40,0x15,0x00,0x00,0x48,0x8d,0xb4,0x24,0x54,0x15,0x00,0x00,
0x48,0x8b,0x3d,0x69,0x43,0x00,0x00,0x48,0x89,0x74,0x24,0x20,0x48,0x89,0x8c,0x24,
0xd0,0x10,0x00,0x00,0x48,0x89,0x94,0x24,0xe0,0x10,0x00,0x00,0x48,0x89,0xc1,0x48,
0x8b,0x94,0x24,0xd0,0x10,0x00,0x00,0x4c,0x8b,0x84,0x24,0xe0,0x10,0x00,0x00,0x49,
0x89,0xd9,0xff,0x17,0x80,0xbc,0x24,0x50,0x15,0x00,0x00,0x00,0x0f,0x84,0x09,0x00,
0x00,0x00,0xc6,0x45,0x18,0x01,0xe9,0x12,0x00,0x00,0x00,0xc6,0x45,0x18,0x00,0xe9,
0x09,0x00,0x00,0x00,0xc6,0x45,0x18,0x00,0xe9,0x93,0x00,0x00,0x00,0x48,0x8d,0x84,
0x24,0x64,0x15,0x00,0x00,0x48,0x8b,0x0d,0x6c,0x42,0x00,0x00,0x48,0x89,0x84,0x24,
0x10,0x11,0x00,0x00,0x48,0x89,0x8c,0x24,0x08,0x11,0x00,0x00,0x48,0x8b,0x84,0x24,
0x08,0x11,0x00,0x00,0x48,0x8b,0x8c,0x24,0x10,0x11,0x00,0x00,0xff,0x10,0x48,0x8d,
0x84,0x24,0x5c,0x15,0x00,0x00,0x48,0x8b,0x0d,0x3b,0x42,0x00,0x00,0x48,0x89,0x84,
0x24,0xf8,0x10,0x00,0x00,0x48,0x89,0x8c,0x24,0xd8,0x10,0x00,0x00,0x48,0x8b,0x84,
0x24,0xd8,0x10,0x00,0x00,0x48,0x8b,0x8c,0x24,0xf8,0x10,0x00,0x00,0xff,0x10,0x48,
0x8d,0x84,0x24,0x54,0x15,0x00,0x00,0x48,0x8b,0x0d,0x0a,0x42,0x00,0x00,0x48,0x89,
0x84,0x24,0xf0,0x10,0x00,0x00,0x48,0x89,0x8c,0x24,0xe8,0x10,0x00,0x00,0x48,0x8b,
0x84,0x24,0xe8,0x10,0x00,0x00,0x48,0x8b,0x8c,0x24,0xf0,0x10,0x00,0x00,0xff,0x10,
0x48,0x8b,0x84,0x24,0x28,0x15,0x00,0x00,0x8a,0x40,0x18,0x3c,0x00,0x0f,0x84,0x12,
0x00,0x00,0x00,0x8a,0x05,0x07,0x41,0x00,0x00,0x88,0x84,0x24,0x18,0x15,0x00,0x00,
0xe9,0x00,0x00,0x00,0x00,0x48,0x8d,0x84,0x24,0x48,0x15,0x00,0x00,0x48,0x8b,0x0d,
0xb4,0x41,0x00,0x00,0x48,0x89,0x84,0x24,0x60,0x0a,0x00,0x00,0x48,0x89,0x8c,0x24,
0x50,0x0a,0x00,0x00,0x48,0x8b,0x84,0x24,0x50,0x0a,0x00,0x00,0x48,0x8b,0x8c,0x24,
0x60,0x0a,0x00,0x00,0xff,0x10,0x48,0x8d,0x84,0x24,0x40,0x15,0x00,0x00,0x48,0x8b,
0x0d,0x83,0x41,0x00,0x00,0x48,0x89,0x84,0x24,0x30,0x0a,0x00,0x00,0x48,0x89,0x8c,
0x24,0x48,0x0a,0x00,0x00,0x48,0x8b,0x84,0x24,0x48,0x0a,0x00,0x00,0x48,0x8b,0x8c,
0x24,0x30,0x0a,0x00,0x00,0xff,0x10,0xe9,0x00,0x00,0x00,0x00,0x48,0x8b,0x05,0xf5,
0x41,0x00,0x00,0x48,0x8b,0x8c,0x24,0x28,0x11,0x00,0x00,0x48,0x8b,0x94,0x24,0x58,
0x11,0x00,0x00,0x49,0x89,0xc8,0xff,0x10,0xe9,0x29,0xfa,0xff,0xff,0x48,0x8b,0x84,
0x24,0xa8,0x0d,0x00,0x00,0x48,0x83,0x38,0x00,0x0f,0x94,0xc0,0x3c,0x00,0x0f,0x84,
0x12,0x00,0x00,0x00,0x8a,0x05,0x56,0x40,0x00,0x00,0x88,0x84,0x24,0x28,0x15,0x00,
0x00,0xe9,0xf7,0x00,0x00,0x00,0x48,0x8b,0x9c,0x24,0x08,0x15,0x00,0x00,0x48,0x8b,
0x84,0x24,0xa8,0x0d,0x00,0x00,0x48,0x8b,0x08,0x48,0x8b,0x41,0x28,0x48,0x8d,0x8c,
0x24,0x29,0x15,0x00,0x00,0x48,0x89,0x8c,0x24,0xd0,0x07,0x00,0x00,0x48,0x8b,0x8c,
0x24,0xb0,0x0d,0x00,0x00,0x48,0x8d,0x11,0x48,0x8d,0x1b,0x48,0x8d,0x00,0x4c,0x8b,
0x84,0x24,0xb8,0x0d,0x00,0x00,0x49,0x8d,0xa8,0x78,0x44,0x00,0x00,0x48,0x8b,0x35,
0x74,0x41,0x00,0x00,0x48,0x89,0x6c,0x24,0x20,0x48,0x8b,0x8c,0x24,0xd0,0x07,0x00,
0x00,0x49,0x89,0xd8,0x49,0x89,0xc1,0xff,0x16,0x80,0xbc,0x24,0x29,0x15,0x00,0x00,
0x00,0x0f,0x84,0x2c,0x00,0x00,0x00,0x4c,0x8b,0x84,0x24,0xb8,0x0d,0x00,0x00,0x41,
0x8b,0x80,0x68,0x44,0x00,0x00,0x41,0x3b,0x47,0x10,0x0f,0x95,0xc0,0x3c,0x00,0x0f,
0x84,0x07,0x00,0x00,0x00,0xb0,0x01,0xe9,0x16,0x00,0x00,0x00,0xb0,0x00,0xe9,0x0f,
0x00,0x00,0x00,0xb0,0x00,0x4c,0x8b,0x84,0x24,0xb8,0x0d,0x00,0x00,0xe9,0x00,0x00,
0x00,0x00,0x3c,0x00,0x0f,0x84,0x36,0x00,0x00,0x00,0x48,0x8b,0x84,0x24,0xa8,0x0d,
0x00,0x00,0x8b,0x48,0x1c,0x3b,0x0d,0x89,0x3f,0x00,0x00,0x0f,0x94,0xc0,0x3c,0x00,
0x0f,0x84,0x0d,0x00,0x00,0x00,0xc6,0x84,0x24,0x28,0x15,0x00,0x00,0x01,0xe9,0x1a,
0x00,0x00,0x00,0xc6,0x84,0x24,0x28,0x15,0x00,0x00,0x00,0xe9,0x0d,0x00,0x00,0x00,
0xc6,0x84,0x24,0x28,0x15,0x00,0x00,0x00,0xe9,0x00,0x00,0x00,0x00,0x48,0x8b,0x84,
0x24,0xa0,0x0d,0x00,0x00,0x80,0x38,0x00,0x0f,0x84,0x26,0x00,0x00,0x00,0x8a,0x84,
0x24,0x18,0x15,0x00,0x00,0x3a,0x05,0x0e,0x3f,0x00,0x00,0x0f,0x94,0xc0,0x3c,0x00,
0x0f,0x84,0x07,0x00,0x00,0x00,0xb0,0x01,0xe9,0x0e,0x00,0x00,0x00,0xb0,0x00,0xe9,
0x07,0x00,0x00,0x00,0xb0,0x00,0xe9,0x00,0x00,0x00,0x00,0x3c,0x00,0x0f,0x84,0x55,
0x01,0x00,0x00,0x48,0x8b,0xb4,0x24,0x08,0x15,0x00,0x00,0x48,0x8b,0xac,0x24,0x08,
0x15,0x00,0x00,0x48,0x8b,0x84,0x24,0x08,0x15,0x00,0x00,0x8b,0x58,0x04,0x2b,0x1d,
0xec,0x3e,0x00,0x00,0x48,0x8b,0x84,0x24,0x08,0x15,0x00,0x00,0x8b,0x40,0x08,0x2b,
0x05,0xdb,0x3e,0x00,0x00,0x48,0x8d,0x8c,0x24,0x34,0x15,0x00,0x00,0x89,0x9c,0x24,
0x3c,0x15,0x00,0x00,0x48,0x8d,0x94,0x24,0x3c,0x15,0x00,0x00,0x89,0x84,0x24,0x40,
0x15,0x00,0x00,0x48,0x8d,0x84,0x24,0x40,0x15,0x00,0x00,0x48,0x8b,0x1d,0x66,0x3f,
0x00,0x00,0x49,0x89,0xc0,0xff,0x13,0x48,0x8d,0x84,0x24,0x2c,0x15,0x00,0x00,0x48,
0x8b,0x0d,0xd2,0x3f,0x00,0x00,0x48,0x89,0x84,0x24,0xb8,0x03,0x00,0x00,0x48,0x89,
0x8c,0x24,0xb0,0x03,0x00,0x00,0x48,0x8b,0x84,0x24,0xb0,0x03,0x00,0x00,0x48,0x8b,
0x8c,0x24,0xb8,0x03,0x00,0x00,0xff,0x10,0x48,0x8d,0x84,0x24,0x2c,0x15,0x00,0x00,
0x48,0x8d,0x4d,0x0c,0x48,0x8d,0x94,0x24,0x34,0x15,0x00,0x00,0x48,0x8b,0x1d,0x9d,
0x3f,0x00,0x00,0x48,0x89,0x8c,0x24,0xa0,0x03,0x00,0x00,0x48,0x89,0x94,0x24,0x80,
0x03,0x00,0x00,0x48,0x89,0xc1,0x48,0x8b,0x94,0x24,0xa0,0x03,0x00,0x00,0x4c,0x8b,
0x84,0x24,0x80,0x03,0x00,0x00,0xff,0x13,0x48,0x8d,0x84,0x24,0x2a,0x15,0x00,0x00,
0x48,0x8d,0x8c,0x24,0xf8,0x14,0x00,0x00,0x48,0x8d,0x94,0x24,0xf8,0x14,0x00,0x00,
0x48,0x8d,0x5e,0x0c,0x48,0x8d,0xac,0x24,0x2c,0x15,0x00,0x00,0x48,0x8b,0x35,0x6d,
0x3f,0x00,0x00,0x48,0x89,0x6c,0x24,0x20,0x48,0x89,0x8c,0x24,0x98,0x03,0x00,0x00,
0x48,0x89,0x94,0x24,0x90,0x03,0x00,0x00,0x48,0x89,0xc1,0x48,0x8b,0x94,0x24,0x98,
0x03,0x00,0x00,0x4c,0x8b,0x84,0x24,0x90,0x03,0x00,0x00,0x49,0x89,0xd9,0xff,0x16,
0x80,0xbc,0x24,0x2a,0x15,0x00,0x00,0x00,0x0f,0x84,0x0d,0x00,0x00,0x00,0xc6,0x84,
0x24,0x29,0x15,0x00,0x00,0x01,0xe9,0x1a,0x00,0x00,0x00,0xc6,0x84,0x24,0x29,0x15,
0x00,0x00,0x00,0xe9,0x0d,0x00,0x00,0x00,0xc6,0x84,0x24,0x29,0x15,0x00,0x00,0x00,
0xe9,0x62,0x00,0x00,0x00,0x48,0x8d,0x84,0x24,0x34,0x15,0x00,0x00,0x48,0x8b,0x0d,
0x64,0x3e,0x00,0x00,0x48,0x89,0x84,0x24,0xc0,0x03,0x00,0x00,0x48,0x89,0x8c,0x24,
0xa8,0x03,0x00,0x00,0x48,0x8b,0x84,0x24,0xa8,0x03,0x00,0x00,0x48,0x8b,0x8c,0x24,
0xc0,0x03,0x00,0x00,0xff,0x10,0x48,0x8d,0x84,0x24,0x2c,0x15,0x00,0x00,0x48,0x8b,
0x0d,0x33,0x3e,0x00,0x00,0x48,0x89,0x84,0x24,0xc8,0x03,0x00,0x00,0x48,0x89,0x8c,
0x24,0xd8,0x03,0x00,0x00,0x48,0x8b,0x84,0x24,0xd8,0x03,0x00,0x00,0x48,0x8b,0x8c,
0x24,0xc8,0x03,0x00,0x00,0xff,0x10,0x48,0x8b,0x84,0x24,0x08,0x15,0x00,0x00,0x80,
0x78,0x2c,0x00,0x0f,0x84,0x40,0x00,0x00,0x00,0x48,0x8b,0x05,0xb0,0x3e,0x00,0x00,
0x48,0x8d,0x8c,0x24,0x2a,0x15,0x00,0x00,0x48,0x8d,0x00,0x48,0x8b,0x15,0xa6,0x3e,
0x00,0x00,0x48,0x89,0x84,0x24,0x08,0x04,0x00,0x00,0x48,0x89,0x94,0x24,0x00,0x04,
0x00,0x00,0x48,0x8b,0x84,0x24,0x00,0x04,0x00,0x00,0x48,0x8b,0x94,0x24,0x08,0x04,
0x00,0x00,0xff,0x10,0xe9,0x3b,0x00,0x00,0x00,0x48,0x8b,0x05,0x80,0x3e,0x00,0x00,
0x48,0x8d,0x8c,0x24,0x2a,0x15,0x00,0x00,0x48,0x8d,0x00,0x48,0x8b,0x15,0x66,0x3e,
0x00,0x00,0x48,0x89,0x84,0x24,0xb0,0x07,0x00,0x00,0x48,0x89,0x94,0x24,0xc8,0x07,
0x00,0x00,0x48,0x8b,0x84,0x24,0xc8,0x07,0x00,0x00,0x48,0x8b,0x94,0x24,0xb0,0x07,
0x00,0x00,0xff,0x10,0x48,0x8b,0x84,0x24,0x08,0x15,0x00,0x00,0x80,0x78,0x2c,0x00,
0x0f,0x84,0x40,0x00,0x00,0x00,0x48,0x8b,0x05,0x33,0x3e,0x00,0x00,0x48,0x8d,0x8c,
0x24,0x2e,0x15,0x00,0x00,0x48,0x8d,0x00,0x48,0x8b,0x15,0x19,0x3e,0x00,0x00,0x48,
0x89,0x84,0x24,0xf0,0x03,0x00,0x00,0x48,0x89,0x94,0x24,0xd0,0x03,0x00,0x00,0x48,
0x8b,0x84,0x24,0xd0,0x03,0x00,0x00,0x48,0x8b,0x94,0x24,0xf0,0x03,0x00,0x00,0xff,
0x10,0xe9,0x3b,0x00,0x00,0x00,0x48,0x8b,0x05,0xe3,0x3d,0x00,0x00,0x48,0x8d,0x8c,
0x24,0x2e,0x15,0x00,0x00,0x48,0x8d,0x00,0x48,0x8b,0x15,0xd9,0x3d,0x00,0x00,0x48,
0x89,0x84,0x24,0x30,0x06,0x00,0x00,0x48,0x89,0x94,0x24,0x28,0x06,0x00,0x00,0x48,
0x8b,0x84,0x24,0x28,0x06,0x00,0x00,0x48,0x8b,0x94,0x24,0x30,0x06,0x00,0x00,0xff,
0x10,0x48,0x8d,0x84,0x24,0x38,0x15,0x00,0x00,0x48,0x8d,0x0d,0x28,0x3c,0x00,0x00,
0x48,0x8b,0x15,0xa9,0x3c,0x00,0x00,0x48,0x89,0x84,0x24,0xe8,0x03,0x00,0x00,0x48,
0x89,0x8c,0x24,0xe0,0x03,0x00,0x00,0x48,0x89,0x94,0x24,0x88,0x03,0x00,0x00,0x48,
0x8b,0x84,0x24,0x88,0x03,0x00,0x00,0x48,0x8b,0x8c,0x24,0xe8,0x03,0x00,0x00,0x48,
0x8b,0x94,0x24,0xe0,0x03,0x00,0x00,0xff,0x10,0x48,0x8d,0x84,0x24,0x48,0x15,0x00,
0x00,0x48,0x8b,0x0d,0x58,0x3c,0x00,0x00,0x48,0x89,0x84,0x24,0x78,0x03,0x00,0x00,
0x48,0x89,0x8c,0x24,0x58,0x03,0x00,0x00,0x48,0x8b,0x84,0x24,0x58,0x03,0x00,0x00,
0x48,0x8b,0x8c,0x24,0x78,0x03,0x00,0x00,0xff,0x10,0x48,0x8d,0x84,0x24,0xe8,0x14,
0x00,0x00,0x48,0x8d,0x8c,0x24,0x38,0x15,0x00,0x00,0x48,0x8b,0x15,0x37,0x3c,0x00,
0x00,0x48,0x89,0x84,0x24,0x70,0x03,0x00,0x00,0x48,0x89,0x8c,0x24,0x18,0x03,0x00,
0x00,0x48,0x89,0x94,0x24,0x10,0x03,0x00,0x00,0x48,0x8b,0x84,0x24,0x10,0x03,0x00,
0x00,0x48,0x8b,0x8c,0x24,0x78,0x03,0x00,0x00,0x48,0x8b,0x94,0x24,0x70,0x03,0x00,
0x00,0x4c,0x8b,0x84,0x24,0x18,0x03,0x00,0x00,0xff,0x10,0x48,0x8d,0x84,0x24,0x58,
0x15,0x00,0x00,0x48,0x8b,0x0d,0xd6,0x3b,0x00,0x00,0x48,0x89,0x84,0x24,0x00,0x03,
0x00,0x00,0x48,0x89,0x8c,0x24,0xe8,0x02,0x00,0x00,0x48,0x8b,0x84,0x24,0xe8,0x02,
0x00,0x00,0x48,0x8b,0x8c,0x24,0x00,0x03,0x00,0x00,0xff,0x10,0x48,0x8b,0x84,0x24,
0x08,0x15,0x00,0x00,0x48,0x8d,0x8c,0x24,0x58,0x15,0x00,0x00,0x48,0x8d,0x00,0x48,
0x8b,0x15,0xa2,0x3b,0x00,0x00,0x48,0x89,0x84,0x24,0xf8,0x02,0x00,0x00,0x48,0x89,
0x94,0x24,0x20,0x03,0x00,0x00,0x48,0x8b,0x84,0x24,0x20,0x03,0x00,0x00,0x48,0x8b,
0x94,0x24,0xf8,0x02,0x00,0x00,0xff,0x10,0x48,0x8d,0x84,0x24,0x68,0x15,0x00,0x00,
0x48,0x8b,0x0d,0x69,0x3b,0x00,0x00,0x48,0x89,0x84,0x24,0x08,0x03,0x00,0x00,0x48,
0x89,0x8c,0x24,0x28,0x03,0x00,0x00,0x48,0x8b,0x84,0x24,0x28,0x03,0x00,0x00,0x48,
0x8b,0x8c,0x24,0x08,0x03,0x00,0x00,0xff,0x10,0x48,0x8d,0x84,0x24,0x48,0x15,0x00,
0x00,0x48,0x8d,0x8c,0x24,0x58,0x15,0x00,0x00,0x48,0x8b,0x15,0x48,0x3b,0x00,0x00,
0x48,0x89,0x84,0x24,0x38,0x03,0x00,0x00,0x48,0x89,0x8c,0x24,0x68,0x03,0x00,0x00,
0x48,0x89,0x94,0x24,0x60,0x03,0x00,0x00,0x48,0x8b,0x84,0x24,0x60,0x03,0x00,0x00,
0x48,0x8b,0x8c,0x24,0x08,0x03,0x00,0x00,0x48,0x8b,0x94,0x24,0x38,0x03,0x00,0x00,
0x4c,0x8b,0x84,0x24,0x68,0x03,0x00,0x00,0xff,0x10,0x48,0x8b,0xb4,0x24,0x08,0x15,
0x00,0x00,0x48,0x8b,0x9c,0x24,0x08,0x15,0x00,0x00,0x48,0x8b,0xac,0x24,0x08,0x15,
0x00,0x00,0x48,0x8b,0x84,0x24,0xa8,0x0d,0x00,0x00,0x48,0x83,0x38,0x00,0x0f,0x95,
0xc0,0x48,0x8d,0x8c,0x24,0x32,0x15,0x00,0x00,0x48,0x8b,0x94,0x24,0x98,0x0d,0x00,
0x00,0x48,0x8d,0x3a,0x4c,0x8d,0x84,0x24,0x68,0x15,0x00,0x00,0x48,0x8d,0x76,0x0c,
0x4c,0x8d,0x5b,0x04,0x4c,0x8d,0x65,0x14,0x4c,0x8d,0x94,0x24,0x29,0x15,0x00,0x00,
0x88,0x84,0x24,0x78,0x15,0x00,0x00,0x48,0x8d,0x84,0x24,0x78,0x15,0x00,0x00,0x48,
0x8d,0x9c,0x24,0x28,0x15,0x00,0x00,0x48,0x8d,0xac,0x24,0x2a,0x15,0x00,0x00,0x4c,
0x8d,0x8c,0x24,0x2e,0x15,0x00,0x00,0x4c,0x8b,0x2d,0x8a,0x3b,0x00,0x00,0x4c,0x89,
0x5c,0x24,0x20,0x4c,0x89,0x64,0x24,0x28,0x4c,0x89,0x54,0x24,0x30,0x48,0x89,0x44,
0x24,0x38,0x48,0x89,0x5c,0x24,0x40,0x48,0x89,0x6c,0x24,0x48,0x4c,0x89,0x4c,0x24,
0x50,0x48,0x89,0xfa,0x49,0x89,0xf1,0x41,0xff,0x55,0x00,0x8a,0x9c,0x24,0x32,0x15,
0x00,0x00,0x48,0x8d,0x84,0x24,0x68,0x15,0x00,0x00,0x48,0x8b,0x0d,0x4f,0x3a,0x00,
0x00,0x48,0x89,0x84,0x24,0x50,0x03,0x00,0x00,0x48,0x89,0x8c,0x24,0x30,0x03,0x00,
0x00,0x48,0x8b,0x84,0x24,0x30,0x03,0x00,0x00,0x48,0x8b,0x8c,0x24,0x50,0x03,0x00,
0x00,0xff,0x10,0x48,0x8d,0x84,0x24,0x58,0x15,0x00,0x00,0x48,0x8b,0x0d,0x1e,0x3a,
0x00,0x00,0x48,0x89,0x84,0x24,0x48,0x03,0x00,0x00,0x48,0x89,0x8c,0x24,0x40,0x03,
0x00,0x00,0x48,0x8b,0x84,0x24,0x40,0x03,0x00,0x00,0x48,0x8b,0x8c,0x24,0x48,0x03,
0x00,0x00,0xff,0x10,0x48,0x8d,0x84,0x24,0x48,0x15,0x00,0x00,0x48,0x8b,0x0d,0xed,
0x39,0x00,0x00,0x48,0x89,0x84,0x24,0x10,0x04,0x00,0x00,0x48,0x89,0x8c,0x24,0xf8,
0x03,0x00,0x00,0x48,0x8b,0x84,0x24,0xf8,0x03,0x00,0x00,0x48,0x8b,0x8c,0x24,0x10,
0x04,0x00,0x00,0xff,0x10,0x48,0x8d,0x84,0x24,0x38,0x15,0x00,0x00,0x48,0x8b,0x0d,
0xbc,0x39,0x00,0x00,0x48,0x89,0x84,0x24,0x18,0x04,0x00,0x00,0x48,0x89,0x8c,0x24,
0x28,0x04,0x00,0x00,0x48,0x8b,0x84,0x24,0x28,0x04,0x00,0x00,0x48,0x8b,0x8c,0x24,
0x18,0x04,0x00,0x00,0xff,0x10,0x80,0xfb,0x00,0x0f,0x84,0x6f,0x13,0x00,0x00,0x48,
0x8d,0x84,0x24,0x34,0x15,0x00,0x00,0x48,0x8b,0x0d,0x1a,0x3a,0x00,0x00,0x48,0x89,
0x84,0x24,0xf8,0x04,0x00,0x00,0x48,0x89,0x8c,0x24,0xf0,0x04,0x00,0x00,0x48,0x8b,
0x84,0x24,0xf0,0x04,0x00,0x00,0x48,0x8b,0x8c,0x24,0xf8,0x04,0x00,0x00,0xff,0x10,
0x48,0x8d,0x84,0x24,0x3c,0x15,0x00,0x00,0x48,0x8b,0x0d,0xe9,0x39,0x00,0x00,0x48,
0x89,0x84,0x24,0xe0,0x04,0x00,0x00,0x48,0x89,0x8c,0x24,0xc0,0x04,0x00,0x00,0x48,
0x8b,0x84,0x24,0xc0,0x04,0x00,0x00,0x48,0x8b,0x8c,0x24,0xe0,0x04,0x00,0x00,0xff,
0x10,0x48,0x8d,0x84,0x24,0x44,0x15,0x00,0x00,0x48,0x8b,0x0d,0xb8,0x39,0x00,0x00,
0x48,0x89,0x84,0x24,0xd8,0x04,0x00,0x00,0x48,0x89,0x8c,0x24,0xd0,0x04,0x00,0x00,
0x48,0x8b,0x84,0x24,0xd0,0x04,0x00,0x00,0x48,0x8b,0x8c,0x24,0xd8,0x04,0x00,0x00,
0xff,0x10,0x48,0x8b,0x84,0x24,0xa8,0x0d,0x00,0x00,0x48,0x83,0x38,0x00,0x0f,0x95,
0xc0,0x3c,0x00,0x0f,0x84,0xe1,0x0b,0x00,0x00,0x48,0x8b,0x94,0x24,0x98,0x0d,0x00,
0x00,0x8a,0x82,0xc8,0x00,0x00,0x00,0x3c,0x00,0x0f,0x84,0x06,0x07,0x00,0x00,0x48,
0x8b,0x84,0x24,0xa8,0x0d,0x00,0x00,0x48,0x8b,0x08,0x48,0x8b,0x59,0x28,0x48,0x8d,
0x84,0x24,0x4c,0x15,0x00,0x00,0x48,0x8b,0x0d,0x4b,0x39,0x00,0x00,0x48,0x89,0x84,
0x24,0x00,0x05,0x00,0x00,0x48,0x89,0x8c,0x24,0xe8,0x04,0x00,0x00,0x48,0x8b,0x84,
0x24,0xe8,0x04,0x00,0x00,0x48,0x8b,0x8c,0x24,0x00,0x05,0x00,0x00,0xff,0x10,0x48,
0x8d,0x84,0x24,0x4c,0x15,0x00,0x00,0x48,0x8d,0x8b,0x70,0x01,0x00,0x00,0x4c,0x8b,
0x84,0x24,0xb8,0x0d,0x00,0x00,0x49,0x8d,0x90,0x78,0x44,0x00,0x00,0x48,0x8b,0x1d,
0x14,0x39,0x00,0x00,0x48,0x89,0x8c,0x24,0x08,0x05,0x00,0x00,0x48,0x89,0x94,0x24,
0x18,0x05,0x00,0x00,0x48,0x89,0xc1,0x48,0x8b,0x94,0x24,0x08,0x05,0x00,0x00,0x4c,
0x8b,0x84,0x24,0x18,0x05,0x00,0x00,0xff,0x13,0xf2,0x0f,0x2a,0x84,0x24,0x4c,0x15,
0x00,0x00,0xf2,0x0f,0x2a,0x8c,0x24,0x50,0x15,0x00,0x00,0x48,0x8d,0x84,0x24,0x68,
0x15,0x00,0x00,0xf2,0x0f,0x11,0x84,0x24,0x78,0x15,0x00,0x00,0x48,0x8d,0x8c,0x24,
0x78,0x15,0x00,0x00,0xf2,0x0f,0x11,0x8c,0x24,0x80,0x15,0x00,0x00,0x48,0x8d,0x94,
0x24,0x80,0x15,0x00,0x00,0x48,0x8b,0x1d,0x04,0x39,0x00,0x00,0x48,0x89,0x8c,0x24,
0x48,0x05,0x00,0x00,0x48,0x89,0x94,0x24,0x40,0x05,0x00,0x00,0x48,0x89,0xc1,0x48,
0x8b,0x94,0x24,0x48,0x05,0x00,0x00,0x4c,0x8b,0x84,0x24,0x40,0x05,0x00,0x00,0xff,
0x13,0x48,0x8b,0x1d,0xe0,0x38,0x00,0x00,0x48,0x8d,0x84,0x24,0x58,0x15,0x00,0x00,
0x48,0x8b,0x0d,0xd9,0x38,0x00,0x00,0x48,0x89,0x84,0x24,0x30,0x05,0x00,0x00,0x48,
0x89,0x8c,0x24,0x10,0x05,0x00,0x00,0x48,0x8b,0x84,0x24,0x10,0x05,0x00,0x00,0x48,
0x8b,0x8c,0x24,0x30,0x05,0x00,0x00,0xff,0x10,0x48,0x8d,0x84,0x24,0x58,0x15,0x00,
0x00,0x48,0x8d,0x8c,0x24,0x68,0x15,0x00,0x00,0x48,0x8d,0x13,0x48,0x8b,0x1d,0xa5,
0x38,0x00,0x00,0x48,0x89,0x8c,0x24,0x28,0x05,0x00,0x00,0x48,0x89,0x94,0x24,0x20,
0x05,0x00,0x00,0x48,0x89,0xc1,0x48,0x8b,0x94,0x24,0x28,0x05,0x00,0x00,0x4c,0x8b,
0x84,0x24,0x20,0x05,0x00,0x00,0xff,0x13,0x48,0x8d,0x84,0x24,0x68,0x15,0x00,0x00,
0x48,0x8b,0x0d,0x79,0x38,0x00,0x00,0x48,0x89,0x84,0x24,0xc8,0x04,0x00,0x00,0x48,
0x89,0x8c,0x24,0xb8,0x04,0x00,0x00,0x48,0x8b,0x84,0x24,0xb8,0x04,0x00,0x00,0x48,
0x8b,0x8c,0x24,0xc8,0x04,0x00,0x00,0xff,0x10,0x48,0x8d,0x84,0x24,0x78,0x15,0x00,
0x00,0x48,0x8d,0x0d,0x97,0x36,0x00,0x00,0x48,0x8b,0x15,0x11,0x37,0x00,0x00,0x48,
0x89,0x84,0x24,0x98,0x04,0x00,0x00,0x48,0x89,0x8c,0x24,0xb0,0x04,0x00,0x00,0x48,
0x89,0x94,0x24,0x58,0x04,0x00,0x00,0x48,0x8b,0x84,0x24,0x58,0x04,0x00,0x00,0x48,
0x8b,0x8c,0x24,0x98,0x04,0x00,0x00,0x48,0x8b,0x94,0x24,0xb0,0x04,0x00,0x00,0xff,
0x10,0x48,0x8d,0x84,0x24,0x68,0x15,0x00,0x00,0x48,0x8b,0x0d,0xf0,0x37,0x00,0x00,
0x48,0x89,0x84,0x24,0x50,0x04,0x00,0x00,0x48,0x89,0x8c,0x24,0x40,0x04,0x00,0x00,
0x48,0x8b,0x84,0x24,0x40,0x04,0x00,0x00,0x48,0x8b,0x8c,0x24,0x50,0x04,0x00,0x00,
0xff,0x10,0x48,0x8d,0x84,0x24,0x68,0x15,0x00,0x00,0x48,0x8b,0x94,0x24,0x98,0x0d,
0x00,0x00,0x48,0x8d,0x0a,0x48,0x8d,0x9c,0x24,0x78,0x15,0x00,0x00,0x48,0x8b,0x2d,
0xc4,0x37,0x00,0x00,0x48,0x89,0x8c,0x24,0x20,0x04,0x00,0x00,0x48,0x89,0xc1,0x48,
0x8b,0x94,0x24,0x20,0x04,0x00,0x00,0x49,0x89,0xd8,0xff,0x55,0x00,0x48,0x8d,0x84,
0x24,0x78,0x15,0x00,0x00,0x48,0x8b,0x0d,0x74,0x36,0x00,0x00,0x48,0x89,0x84,0x24,
0x38,0x04,0x00,0x00,0x48,0x89,0x8c,0x24,0x30,0x04,0x00,0x00,0x48,0x8b,0x84,0x24,
0x30,0x04,0x00,0x00,0x48,0x8b,0x8c,0x24,0x38,0x04,0x00,0x00,0xff,0x10,0x48,0x8d,
0x84,0x24,0x78,0x15,0x00,0x00,0x48,0x8b,0x0d,0x53,0x37,0x00,0x00,0x48,0x89,0x84,
0x24,0x60,0x04,0x00,0x00,0x48,0x89,0x8c,0x24,0x48,0x04,0x00,0x00,0x48,0x8b,0x84,
0x24,0x48,0x04,0x00,0x00,0x48,0x8b,0x8c,0x24,0x60,0x04,0x00,0x00,0xff,0x10,0x48,
0x8d,0x84,0x24,0x78,0x15,0x00,0x00,0x48,0x8b,0x94,0x24,0x98,0x0d,0x00,0x00,0x48,
0x8d,0x0a,0x48,0x8d,0x9a,0xb8,0x00,0x00,0x00,0x48,0x8d,0xac,0x24,0x68,0x15,0x00,
0x00,0x48,0x8b,0x35,0x28,0x37,0x00,0x00,0x48,0x89,0x8c,0x24,0x68,0x04,0x00,0x00,
0x48,0x89,0xc1,0x48,0x8b,0x94,0x24,0x68,0x04,0x00,0x00,0x49,0x89,0xd8,0x49,0x89,
0xe9,0xff,0x16,0xf2,0x0f,0x2d,0x84,0x24,0x78,0x15,0x00,0x00,0xf2,0x0f,0x2d,0x9c,
0x24,0x80,0x15,0x00,0x00,0x48,0x8d,0x8c,0x24,0x90,0x15,0x00,0x00,0x89,0x84,0x24,
0x98,0x15,0x00,0x00,0x48,0x8d,0x84,0x24,0x98,0x15,0x00,0x00,0x89,0x9c,0x24,0x9c,
0x15,0x00,0x00,0x48,0x8d,0x94,0x24,0x9c,0x15,0x00,0x00,0x48,0x8b,0x1d,0xb6,0x35,
0x00,0x00,0x48,0x89,0x94,0x24,0x78,0x04,0x00,0x00,0x48,0x89,0xc2,0x4c,0x8b,0x84,
0x24,0x78,0x04,0x00,0x00,0xff,0x13,0x48,0x8b,0x94,0x24,0x98,0x0d,0x00,0x00,0x48,
0x8b,0x9a,0xd8,0x00,0x00,0x00,0x48,0x8d,0x84,0x24,0x88,0x15,0x00,0x00,0x48,0x8b,
0x0d,0x03,0x36,0x00,0x00,0x48,0x89,0x84,0x24,0xa8,0x04,0x00,0x00,0x48,0x89,0x8c,
0x24,0xa0,0x04,0x00,0x00,0x48,0x8b,0x84,0x24,0xa0,0x04,0x00,0x00,0x48,0x8b,0x8c,
0x24,0xa8,0x04,0x00,0x00,0xff,0x10,0x48,0x8d,0x84,0x24,0x88,0x15,0x00,0x00,0x48,
0x8d,0x8c,0x24,0x90,0x15,0x00,0x00,0x48,0x8d,0x53,0x24,0x48,0x8b,0x1d,0xe6,0x35,
0x00,0x00,0x48,0x89,0x8c,0x24,0x90,0x04,0x00,0x00,0x48,0x89,0x94,0x24,0x70,0x04,
0x00,0x00,0x48,0x89,0xc1,0x48,0x8b,0x94,0x24,0x90,0x04,0x00,0x00,0x4c,0x8b,0x84,
0x24,0x70,0x04,0x00,0x00,0xff,0x13,0x48,0x8b,0x84,0x24,0x08,0x15,0x00,0x00,0x48,
0x8d,0x8c,0x24,0x34,0x15,0x00,0x00,0x48,0x8d,0x94,0x24,0x88,0x15,0x00,0x00,0x48,
0x8d,0x40,0x0c,0x48,0x8b,0x1d,0x86,0x35,0x00,0x00,0x49,0x89,0xc0,0xff,0x13,0x48,
0x8d,0x84,0x24,0x90,0x15,0x00,0x00,0x48,0x8b,0x0d,0xfa,0x34,0x00,0x00,0x48,0x89,
0x84,0x24,0x88,0x04,0x00,0x00,0x48,0x89,0x8c,0x24,0x80,0x04,0x00,0x00,0x48,0x8b,
0x84,0x24,0x80,0x04,0x00,0x00,0x48,0x8b,0x8c,0x24,0x88,0x04,0x00,0x00,0xff,0x10,
0x48,0x8d,0x84,0x24,0x88,0x15,0x00,0x00,0x48,0x8b,0x0d,0xc9,0x34,0x00,0x00,0x48,
0x89,0x84,0x24,0xf0,0x02,0x00,0x00,0x48,0x89,0x8c,0x24,0xe0,0x02,0x00,0x00,0x48,
0x8b,0x84,0x24,0xe0,0x02,0x00,0x00,0x48,0x8b,0x8c,0x24,0xf0,0x02,0x00,0x00,0xff,
0x10,0x48,0x8b,0x05,0x80,0x35,0x00,0x00,0xf2,0x0f,0x10,0x84,0x24,0x58,0x15,0x00,
0x00,0xf2,0x0f,0x5e,0x00,0xf2,0x0f,0x59,0x05,0xe3,0x33,0x00,0x00,0x48,0x8d,0x84,
0x24,0x90,0x15,0x00,0x00,0xf2,0x0f,0x11,0x84,0x24,0x98,0x15,0x00,0x00,0x48,0x8d,
0x8c,0x24,0x98,0x15,0x00,0x00,0x48,0x8b,0x15,0x7b,0x35,0x00,0x00,0x48,0x89,0x84,
0x24,0xc0,0x02,0x00,0x00,0x48,0x89,0x8c,0x24,0xd8,0x02,0x00,0x00,0x48,0x89,0x94,
0x24,0x40,0x01,0x00,0x00,0x48,0x8b,0x84,0x24,0x40,0x01,0x00,0x00,0x48,0x8b,0x8c,
0x24,0xc0,0x02,0x00,0x00,0x48,0x8b,0x94,0x24,0xd8,0x02,0x00,0x00,0xff,0x10,0xf2,
0x0f,0x2d,0x84,0x24,0x90,0x15,0x00,0x00,0x89,0xc3,0x2b,0x1d,0x60,0x33,0x00,0x00,
0x48,0x8b,0x05,0x01,0x35,0x00,0x00,0xf2,0x0f,0x10,0x84,0x24,0x60,0x15,0x00,0x00,
0xf2,0x0f,0x5e,0x00,0xf2,0x0f,0x59,0x05,0x64,0x33,0x00,0x00,0x48,0x8d,0x84,0x24,
0xa0,0x15,0x00,0x00,0xf2,0x0f,0x11,0x84,0x24,0xa8,0x15,0x00,0x00,0x48,0x8d,0x8c,
0x24,0xa8,0x15,0x00,0x00,0x48,0x8b,0x15,0xfc,0x34,0x00,0x00,0x48,0x89,0x84,0x24,
0x38,0x01,0x00,0x00,0x48,0x89,0x8c,0x24,0x28,0x01,0x00,0x00,0x48,0x89,0x94,0x24,
0x08,0x01,0x00,0x00,0x48,0x8b,0x84,0x24,0x08,0x01,0x00,0x00,0x48,0x8b,0x8c,0x24,
0x38,0x01,0x00,0x00,0x48,0x8b,0x94,0x24,0x28,0x01,0x00,0x00,0xff,0x10,0xf2,0x0f,
0x2d,0x84,0x24,0xa0,0x15,0x00,0x00,0x2b,0x05,0xe3,0x32,0x00,0x00,0x48,0x8d,0x8c,
0x24,0x88,0x15,0x00,0x00,0x89,0x9c,0x24,0xb0,0x15,0x00,0x00,0x48,0x8d,0x94,0x24,
0xb0,0x15,0x00,0x00,0x89,0x84,0x24,0xb4,0x15,0x00,0x00,0x48,0x8d,0x84,0x24,0xb4,
0x15,0x00,0x00,0x48,0x8b,0x1d,0x6e,0x33,0x00,0x00,0x49,0x89,0xc0,0xff,0x13,0x48,
0x8d,0x84,0x24,0x44,0x15,0x00,0x00,0x48,0x8d,0x8c,0x24,0x88,0x15,0x00,0x00,0x48,
0x8d,0x15,0x9e,0x32,0x00,0x00,0x48,0x8b,0x1d,0x73,0x34,0x00,0x00,0x48,0x89,0x8c,
0x24,0x20,0x01,0x00,0x00,0x48,0x89,0x94,0x24,0x18,0x01,0x00,0x00,0x48,0x89,0xc1,
0x48,0x8b,0x94,0x24,0x20,0x01,0x00,0x00,0x4c,0x8b,0x84,0x24,0x18,0x01,0x00,0x00,
0xff,0x13,0x48,0x8d,0x84,0x24,0x88,0x15,0x00,0x00,0x48,0x8b,0x0d,0x27,0x33,0x00,
0x00,0x48,0x89,0x84,0x24,0x48,0x01,0x00,0x00,0x48,0x89,0x8c,0x24,0x30,0x01,0x00,
0x00,0x48,0x8b,0x84,0x24,0x30,0x01,0x00,0x00,0x48,0x8b,0x8c,0x24,0x48,0x01,0x00,
0x00,0xff,0x10,0x48,0x8d,0x84,0x24,0x3c,0x15,0x00,0x00,0x48,0x8d,0x8c,0x24,0x4c,
0x15,0x00,0x00,0x48,0x8b,0x15,0x76,0x33,0x00,0x00,0x48,0x89,0x84,0x24,0x50,0x01,
0x00,0x00,0x48,0x89,0x8c,0x24,0x60,0x01,0x00,0x00,0x48,0x89,0x94,0x24,0x90,0x01,
0x00,0x00,0x48,0x8b,0x84,0x24,0x90,0x01,0x00,0x00,0x48,0x8b,0x8c,0x24,0x50,0x01,
0x00,0x00,0x48,0x8b,0x94,0x24,0x60,0x01,0x00,0x00,0xff,0x10,0x48,0x8d,0x84,0x24,
0x78,0x15,0x00,0x00,0x48,0x8b,0x0d,0xa5,0x33,0x00,0x00,0x48,0x89,0x84,0x24,0x88,
0x01,0x00,0x00,0x48,0x89,0x8c,0x24,0x78,0x01,0x00,0x00,0x48,0x8b,0x84,0x24,0x78,
0x01,0x00,0x00,0x48,0x8b,0x8c,0x24,0x88,0x01,0x00,0x00,0xff,0x10,0x48,0x8d,0x84,
0x24,0x68,0x15,0x00,0x00,0x48,0x8b,0x0d,0x74,0x33,0x00,0x00,0x48,0x89,0x84,0x24,
0x58,0x01,0x00,0x00,0x48,0x89,0x8c,0x24,0x70,0x01,0x00,0x00,0x48,0x8b,0x84,0x24,
0x70,0x01,0x00,0x00,0x48,0x8b,0x8c,0x24,0x58,0x01,0x00,0x00,0xff,0x10,0x48,0x8d,
0x84,0x24,0x58,0x15,0x00,0x00,0x48,0x8b,0x0d,0x43,0x33,0x00,0x00,0x48,0x89,0x84,
0x24,0x68,0x01,0x00,0x00,0x48,0x89,0x8c,0x24,0x10,0x01,0x00,0x00,0x48,0x8b,0x84,
0x24,0x10,0x01,0x00,0x00,0x48,0x8b,0x8c,0x24,0x68,0x01,0x00,0x00,0xff,0x10,0x48,
0x8d,0x84,0x24,0x4c,0x15,0x00,0x00,0x48,0x8b,0x0d,0x1a,0x32,0x00,0x00,0x48,0x89,
0x84,0x24,0x00,0x01,0x00,0x00,0x48,0x89,0x8c,0x24,0xe0,0x00,0x00,0x00,0x48,0x8b,
0x84,0x24,0xe0,0x00,0x00,0x00,0x48,0x8b,0x8c,0x24,0x00,0x01,0x00,0x00,0xff,0x10,
0xe9,0xcc,0x00,0x00,0x00,0x48,0x8d,0x84,0x24,0x34,0x15,0x00,0x00,0x4c,0x8b,0x84,
0x24,0xb8,0x0d,0x00,0x00,0x49,0x8d,0x88,0x40,0x44,0x00,0x00,0x48,0x8b,0x1d,0x5d,
0x32,0x00,0x00,0x48,0x89,0x8c,0x24,0x18,0x06,0x00,0x00,0x48,0x89,0xc1,0x48,0x8b,
0x94,0x24,0x18,0x06,0x00,0x00,0xff,0x13,0x48,0x8d,0x84,0x24,0x44,0x15,0x00,0x00,
0x4c,0x8b,0x84,0x24,0xb8,0x0d,0x00,0x00,0x49,0x8d,0x88,0x70,0x44,0x00,0x00,0x48,
0x8b,0x15,0x2a,0x32,0x00,0x00,0x48,0x89,0x84,0x24,0xf8,0x05,0x00,0x00,0x48,0x89,
0x8c,0x24,0x10,0x06,0x00,0x00,0x48,0x89,0x94,0x24,0x08,0x06,0x00,0x00,0x48,0x8b,
0x84,0x24,0x08,0x06,0x00,0x00,0x48,0x8b,0x8c,0x24,0xf8,0x05,0x00,0x00,0x48,0x8b,
0x94,0x24,0x10,0x06,0x00,0x00,0xff,0x10,0x48,0x8b,0x84,0x24,0xa8,0x0d,0x00,0x00,
0x48,0x8b,0x08,0x48,0x8b,0x41,0x28,0x48,0x8d,0x8c,0x24,0x3c,0x15,0x00,0x00,0x48,
0x8d,0x80,0x70,0x01,0x00,0x00,0x4c,0x8b,0x84,0x24,0xb8,0x0d,0x00,0x00,0x49,0x8d,
0x90,0x78,0x44,0x00,0x00,0x48,0x8b,0x1d,0xbc,0x31,0x00,0x00,0x48,0x89,0x94,0x24,
0x38,0x06,0x00,0x00,0x48,0x89,0xc2,0x4c,0x8b,0x84,0x24,0x38,0x06,0x00,0x00,0xff,
0x13,0x48,0xc7,0x84,0x24,0x50,0x15,0x00,0x00,0x00,0x00,0x00,0x00,0x48,0x8d,0x84,
0x24,0x58,0x15,0x00,0x00,0x48,0x8b,0x8c,0x24,0xb0,0x0d,0x00,0x00,0x48,0x8d,0x11,
0x49,0x8d,0x1f,0x48,0x8d,0xac,0x24,0x98,0x14,0x00,0x00,0x4c,0x8d,0xa4,0x24,0xc0,
0x14,0x00,0x00,0x4c,0x8d,0x9c,0x24,0x34,0x15,0x00,0x00,0x4c,0x8d,0x94,0x24,0x3c,
0x15,0x00,0x00,0x48,0x8d,0xbc,0x24,0x44,0x15,0x00,0x00,0x48,0x89,0x84,0x24,0xf8,
0x00,0x00,0x00,0x48,0x8b,0x84,0x24,0xa8,0x0d,0x00,0x00,0x48,0x8d,0x30,0x4c,0x8b,
0x84,0x24,0xb8,0x0d,0x00,0x00,0x49,0x8d,0x80,0x78,0x44,0x00,0x00,0x4c,0x8d,0x8c,
0x24,0x50,0x15,0x00,0x00,0x4c,0x8b,0x2d,0xcc,0x31,0x00,0x00,0x4c,0x89,0x64,0x24,
0x20,0x4c,0x89,0x5c,0x24,0x28,0x4c,0x89,0x54,0x24,0x30,0x48,0x89,0x7c,0x24,0x38,
0x48,0x89,0x74,0x24,0x40,0x48,0x89,0x44,0x24,0x48,0x4c,0x89,0x4c,0x24,0x50,0x48,
0x8b,0x8c,0x24,0xf8,0x00,0x00,0x00,0x49,0x89,0xd8,0x49,0x89,0xe9,0x41,0xff,0x55,
0x00,0x48,0x8b,0x94,0x24,0x98,0x0d,0x00,0x00,0x80,0xba,0xc8,0x00,0x00,0x00,0x00,
0x0f,0x84,0x1c,0x00,0x00,0x00,0x80,0xbc,0x24,0x28,0x15,0x00,0x00,0x00,0x0f,0x84,
0x07,0x00,0x00,0x00,0xb0,0x01,0xe9,0x0e,0x00,0x00,0x00,0xb0,0x00,0xe9,0x07,0x00,
0x00,0x00,0xb0,0x00,0xe9,0x00,0x00,0x00,0x00,0x3c,0x00,0x0f,0x84,0x1c,0x00,0x00,
0x00,0x80,0xbc,0x24,0x58,0x15,0x00,0x00,0x00,0x0f,0x84,0x07,0x00,0x00,0x00,0xb0,
0x01,0xe9,0x0e,0x00,0x00,0x00,0xb0,0x00,0xe9,0x07,0x00,0x00,0x00,0xb0,0x00,0xe9,
0x00,0x00,0x00,0x00,0x3c,0x00,0x0f,0x84,0x88,0x00,0x00,0x00,0x48,0x83,0xbc,0x24,
0x50,0x15,0x00,0x00,0x00,0x0f,0x95,0xc0,0x3c,0x00,0x0f,0x84,0x36,0x00,0x00,0x00,
0x48,0x8b,0x05,0x19,0x31,0x00,0x00,0x48,0x89,0x84,0x24,0xa0,0x00,0x00,0x00,0x48,
0x8b,0x84,0x24,0x88,0x0d,0x00,0x00,0x48,0x8d,0x08,0x48,0x8b,0x84,0x24,0xa0,0x00,
0x00,0x00,0x48,0x8d,0x00,0x48,0x8b,0x1d,0xfc,0x30,0x00,0x00,0x48,0x89,0xc2,0xff,
0x13,0xe9,0x31,0x00,0x00,0x00,0x48,0x8b,0x05,0xf3,0x30,0x00,0x00,0x48,0x89,0x84,
0x24,0x20,0x06,0x00,0x00,0x48,0x8b,0x84,0x24,0x88,0x0d,0x00,0x00,0x48,0x8d,0x08,
0x48,0x8b,0x84,0x24,0x20,0x06,0x00,0x00,0x48,0x8d,0x00,0x48,0x8b,0x1d,0xc6,0x30,
0x00,0x00,0x48,0x89,0xc2,0xff,0x13,0x48,0x8b,0x94,0x24,0x98,0x0d,0x00,0x00,0xe9,
0x00,0x00,0x00,0x00,0x48,0x8b,0x84,0x24,0xa8,0x0d,0x00,0x00,0x48,0x83,0x38,0x00,
0x0f,0x95,0xc0,0x3c,0x00,0x0f,0x84,0x1c,0x00,0x00,0x00,0x80,0xbc,0x24,0x28,0x15,
0x00,0x00,0x00,0x0f,0x84,0x07,0x00,0x00,0x00,0xb0,0x01,0xe9,0x0e,0x00,0x00,0x00,
0xb0,0x00,0xe9,0x07,0x00,0x00,0x00,0xb0,0x00,0xe9,0x00,0x00,0x00,0x00,0x3c,0x00,
0x0f,0x84,0x1c,0x00,0x00,0x00,0x80,0xbc,0x24,0x58,0x15,0x00,0x00,0x00,0x0f,0x84,
0x07,0x00,0x00,0x00,0xb0,0x01,0xe9,0x0e,0x00,0x00,0x00,0xb0,0x00,0xe9,0x07,0x00,
0x00,0x00,0xb0,0x00,0xe9,0x00,0x00,0x00,0x00,0x3c,0x00,0x0f,0x84,0xe4,0x01,0x00,
0x00,0x48,0x83,0xbc,0x24,0x50,0x15,0x00,0x00,0x00,0x0f,0x95,0xc0,0x3c,0x00,0x0f,
0x84,0xe1,0x00,0x00,0x00,0x48,0x8d,0x84,0x24,0x60,0x15,0x00,0x00,0x48,0x89,0x84,
0x24,0x98,0x00,0x00,0x00,0x48,0x8b,0x84,0x24,0x80,0x0d,0x00,0x00,0x48,0x8d,0x08,
0x48,0x8b,0x05,0x21,0x30,0x00,0x00,0x48,0x89,0x8c,0x24,0x88,0x00,0x00,0x00,0x48,
0x8b,0x8c,0x24,0x98,0x00,0x00,0x00,0x48,0x8b,0x94,0x24,0x88,0x00,0x00,0x00,0xff,
0x10,0x48,0x8b,0x9c,0x24,0x60,0x15,0x00,0x00,0x48,0x8b,0x94,0x24,0x98,0x0d,0x00,
0x00,0x80,0xba,0xc8,0x00,0x00,0x00,0x00,0x0f,0x84,0x12,0x00,0x00,0x00,0x8b,0x05,
0x08,0x2e,0x00,0x00,0x89,0x84,0x24,0x68,0x15,0x00,0x00,0xe9,0x0d,0x00,0x00,0x00,
0x8b,0x05,0xfa,0x2d,0x00,0x00,0x89,0x84,0x24,0x68,0x15,0x00,0x00,0x48,0x8d,0x03,
0x48,0x8b,0x0d,0xc9,0x2f,0x00,0x00,0x48,0x89,0x44,0x24,0x70,0x48,0x89,0x8c,0x24,
0x80,0x00,0x00,0x00,0x48,0x8b,0x84,0x24,0x80,0x00,0x00,0x00,0x48,0x8b,0x4c,0x24,
0x70,0xff,0x10,0x48,0x8d,0x03,0x48,0x8d,0x0d,0xbb,0x2d,0x00,0x00,0x48,0x8d,0x94,
0x24,0x68,0x15,0x00,0x00,0x48,0x8b,0x1d,0x9c,0x2f,0x00,0x00,0x48,0x89,0x8c,0x24,
0xa8,0x00,0x00,0x00,0x48,0x89,0x94,0x24,0x90,0x00,0x00,0x00,0x48,0x89,0xc1,0x48,
0x8b,0x94,0x24,0xa8,0x00,0x00,0x00,0x4c,0x8b,0x84,0x24,0x90,0x00,0x00,0x00,0xff,
0x13,0xe9,0xe2,0x00,0x00,0x00,0x48,0x8d,0x84,0x24,0x60,0x15,0x00,0x00,0x48,0x89,
0x84,0x24,0x40,0x06,0x00,0x00,0x48,0x8b,0x84,0x24,0x80,0x0d,0x00,0x00,0x48,0x8d,
0x08,0x48,0x8b,0x05,0x40,0x2f,0x00,0x00,0x48,0x89,0x8c,0x24,0x50,0x06,0x00,0x00,
0x48,0x8b,0x8c,0x24,0x40,0x06,0x00,0x00,0x48,0x8b,0x94,0x24,0x50,0x06,0x00,0x00,
0xff,0x10,0x48,0x8b,0x9c,0x24,0x60,0x15,0x00,0x00,0x48,0x8b,0x94,0x24,0x98,0x0d,
0x00,0x00,0x80,0xba,0xc8,0x00,0x00,0x00,0x00,0x0f,0x84,0x12,0x00,0x00,0x00,0x8b,
0x05,0x27,0x2d,0x00,0x00,0x89,0x84,0x24,0x68,0x15,0x00,0x00,0xe9,0x0d,0x00,0x00,
0x00,0x8b,0x05,0x19,0x2d,0x00,0x00,0x89,0x84,0x24,0x68,0x15,0x00,0x00,0x48,0x8d,
0x03,0x48,0x8b,0x0d,0xe8,0x2e,0x00,0x00,0x48,0x89,0x84,0x24,0x80,0x06,0x00,0x00,
0x48,0x89,0x8c,0x24,0x78,0x06,0x00,0x00,0x48,0x8b,0x84,0x24,0x78,0x06,0x00,0x00,
0x48,0x8b,0x8c,0x24,0x80,0x06,0x00,0x00,0xff,0x10,0x48,0x8d,0x03,0x48,0x8d,0x0d,
0xe0,0x2c,0x00,0x00,0x48,0x8d,0x94,0x24,0x68,0x15,0x00,0x00,0x48,0x8b,0x1d,0xb5,
0x2e,0x00,0x00,0x48,0x89,0x8c,0x24,0x68,0x06,0x00,0x00,0x48,0x89,0x94,0x24,0x48,
0x06,0x00,0x00,0x48,0x89,0xc1,0x48,0x8b,0x94,0x24,0x68,0x06,0x00,0x00,0x4c,0x8b,
0x84,0x24,0x48,0x06,0x00,0x00,0xff,0x13,0x48,0x8b,0x94,0x24,0x98,0x0d,0x00,0x00,
0xe9,0x00,0x00,0x00,0x00,0xe9,0x00,0x00,0x00,0x00,0x48,0x8b,0x94,0x24,0x98,0x0d,
0x00,0x00,0x8a,0x82,0xc8,0x00,0x00,0x00,0x3a,0x05,0x2b,0x2c,0x00,0x00,0x0f,0x94,
0xc0,0x3c,0x00,0x0f,0x84,0xba,0x00,0x00,0x00,0x48,0x8d,0x84,0x24,0x50,0x15,0x00,
0x00,0x48,0x89,0x84,0x24,0xb0,0x00,0x00,0x00,0x48,0x8b,0x84,0x24,0x80,0x0d,0x00,
0x00,0x48,0x8d,0x08,0x48,0x8b,0x05,0x2d,0x2e,0x00,0x00,0x48,0x89,0x8c,0x24,0xc0,
0x00,0x00,0x00,0x48,0x8b,0x8c,0x24,0xb0,0x00,0x00,0x00,0x48,0x8b,0x94,0x24,0xc0,
0x00,0x00,0x00,0xff,0x10,0x48,0x8b,0x9c,0x24,0x50,0x15,0x00,0x00,0x48,0x8d,0x03,
0x48,0x8b,0x0d,0x09,0x2e,0x00,0x00,0x48,0x89,0x84,0x24,0xf0,0x00,0x00,0x00,0x48,
0x89,0x8c,0x24,0xe8,0x00,0x00,0x00,0x48,0x8b,0x84,0x24,0xe8,0x00,0x00,0x00,0x48,
0x8b,0x8c,0x24,0xf0,0x00,0x00,0x00,0xff,0x10,0x48,0x8d,0x03,0x48,0x8d,0x0d,0x05,
0x2c,0x00,0x00,0x48,0x8d,0x15,0x02,0x2c,0x00,0x00,0x48,0x8b,0x1d,0xd7,0x2d,0x00,
0x00,0x48,0x89,0x8c,0x24,0xd8,0x00,0x00,0x00,0x48,0x89,0x94,0x24,0xb8,0x00,0x00,
0x00,0x48,0x89,0xc1,0x48,0x8b,0x94,0x24,0xd8,0x00,0x00,0x00,0x4c,0x8b,0x84,0x24,
0xb8,0x00,0x00,0x00,0xff,0x13,0x48,0x8b,0x94,0x24,0x98,0x0d,0x00,0x00,0xe9,0x00,
0x00,0x00,0x00,0x48,0x8d,0x84,0x24,0x4c,0x15,0x00,0x00,0x48,0x8d,0x0a,0x48,0x8b,
0x1d,0x9b,0x2d,0x00,0x00,0x48,0x89,0x8c,0x24,0xd0,0x00,0x00,0x00,0x48,0x89,0xc1,
0x48,0x8b,0x94,0x24,0xd0,0x00,0x00,0x00,0xff,0x13,0x8a,0x84,0x24,0x4c,0x15,0x00,
0x00,0x3c,0x00,0x0f,0x84,0x5c,0x00,0x00,0x00,0x48,0x8b,0x84,0x24,0x08,0x15,0x00,
0x00,0x48,0x8b,0x8c,0x24,0xb0,0x0d,0x00,0x00,0x48,0x8d,0x11,0x49,0x8d,0x1f,0x48,
0x8d,0x00,0x48,0x8d,0xac,0x24,0x98,0x14,0x00,0x00,0x4c,0x8b,0x84,0x24,0xb8,0x0d,
0x00,0x00,0x49,0x8d,0xb0,0x40,0x44,0x00,0x00,0x48,0x8b,0x3d,0x48,0x2d,0x00,0x00,
0x48,0x89,0x74,0x24,0x20,0x48,0x89,0x94,0x24,0xc8,0x00,0x00,0x00,0x48,0x8b,0x8c,
0x24,0xc8,0x00,0x00,0x00,0x48,0x89,0xda,0x49,0x89,0xc0,0x49,0x89,0xe9,0xff,0x17,
0xe9,0x00,0x00,0x00,0x00,0x48,0x8d,0x84,0x24,0x4c,0x15,0x00,0x00,0x48,0x8b,0x94,
0x24,0x98,0x0d,0x00,0x00,0x48,0x8d,0x0a,0x48,0x8b,0x1d,0x11,0x2d,0x00,0x00,0x48,
0x89,0x8c,0x24,0x98,0x01,0x00,0x00,0x48,0x89,0xc1,0x48,0x8b,0x94,0x24,0x98,0x01,
0x00,0x00,0xff,0x13,0x8a,0x84,0x24,0x4c,0x15,0x00,0x00,0x3c,0x00,0x0f,0x84,0x5c,
0x00,0x00,0x00,0x48,0x8b,0x84,0x24,0x08,0x15,0x00,0x00,0x48,0x8b,0x8c,0x24,0xb0,
0x0d,0x00,0x00,0x48,0x8d,0x11,0x49,0x8d,0x1f,0x48,0x8d,0x00,0x48,0x8d,0xac,0x24,
0x98,0x14,0x00,0x00,0x4c,0x8b,0x84,0x24,0xb8,0x0d,0x00,0x00,0x49,0x8d,0xb0,0x40,
0x44,0x00,0x00,0x48,0x8b,0x3d,0xbe,0x2c,0x00,0x00,0x48,0x89,0x74,0x24,0x20,0x48,
0x89,0x94,0x24,0x80,0x01,0x00,0x00,0x48,0x8b,0x8c,0x24,0x80,0x01,0x00,0x00,0x48,
0x89,0xda,0x49,0x89,0xc0,0x49,0x89,0xe9,0xff,0x17,0xe9,0x00,0x00,0x00,0x00,0x48,
0x8d,0x84,0x24,0x4c,0x15,0x00,0x00,0x48,0x8b,0x94,0x24,0x98,0x0d,0x00,0x00,0x48,
0x8d,0x0a,0x48,0x8b,0x1d,0x87,0x2c,0x00,0x00,0x48,0x89,0x8c,0x24,0xa0,0x01,0x00,
0x00,0x48,0x89,0xc1,0x48,0x8b,0x94,0x24,0xa0,0x01,0x00,0x00,0xff,0x13,0x8a,0x84,
0x24,0x4c,0x15,0x00,0x00,0x3c,0x00,0x0f,0x84,0x5c,0x00,0x00,0x00,0x48,0x8b,0x84,
0x24,0x08,0x15,0x00,0x00,0x48,0x8b,0x8c,0x24,0xb0,0x0d,0x00,0x00,0x48,0x8d,0x11,
0x49,0x8d,0x1f,0x48,0x8d,0x00,0x48,0x8d,0xac,0x24,0x98,0x14,0x00,0x00,0x4c,0x8b,
0x84,0x24,0xb8,0x0d,0x00,0x00,0x49,0x8d,0xb0,0x40,0x44,0x00,0x00,0x48,0x8b,0x3d,
0x34,0x2c,0x00,0x00,0x48,0x89,0x74,0x24,0x20,0x48,0x89,0x94,0x24,0xb0,0x01,0x00,
0x00,0x48,0x8b,0x8c,0x24,0xb0,0x01,0x00,0x00,0x48,0x89,0xda,0x49,0x89,0xc0,0x49,
0x89,0xe9,0xff,0x17,0xe9,0x00,0x00,0x00,0x00,0x48,0x8d,0x84,0x24,0x4c,0x15,0x00,
0x00,0x48,0x8b,0x94,0x24,0x98,0x0d,0x00,0x00,0x48,0x8d,0x0a,0x48,0x8b,0x1d,0xfd,
0x2b,0x00,0x00,0x48,0x89,0x8c,0x24,0x80,0x02,0x00,0x00,0x48,0x89,0xc1,0x48,0x8b,
0x94,0x24,0x80,0x02,0x00,0x00,0xff,0x13,0x8a,0x84,0x24,0x4c,0x15,0x00,0x00,0x3c,
0x00,0x0f,0x84,0x5c,0x00,0x00,0x00,0x48,0x8b,0x84,0x24,0x08,0x15,0x00,0x00,0x48,
0x8b,0x8c,0x24,0xb0,0x0d,0x00,0x00,0x48,0x8d,0x11,0x49,0x8d,0x1f,0x48,0x8d,0x00,
0x48,0x8d,0xac,0x24,0x98,0x14,0x00,0x00,0x4c,0x8b,0x84,0x24,0xb8,0x0d,0x00,0x00,
0x49,0x8d,0xb0,0x40,0x44,0x00,0x00,0x48,0x8b,0x3d,0xaa,0x2b,0x00,0x00,0x48,0x89,
0x74,0x24,0x20,0x48,0x89,0x94,0x24,0x78,0x02,0x00,0x00,0x48,0x8b,0x8c,0x24,0x78,
0x02,0x00,0x00,0x48,0x89,0xda,0x49,0x89,0xc0,0x49,0x89,0xe9,0xff,0x17,0xe9,0x00,
0x00,0x00,0x00,0x48,0x8d,0x84,0x24,0x4c,0x15,0x00,0x00,0x48,0x8b,0x94,0x24,0x98,
0x0d,0x00,0x00,0x48,0x8d,0x0a,0x48,0x8b,0x1d,0x73,0x2b,0x00,0x00,0x48,0x89,0x8c,
0x24,0x68,0x02,0x00,0x00,0x48,0x89,0xc1,0x48,0x8b,0x94,0x24,0x68,0x02,0x00,0x00,
0xff,0x13,0x8a,0x84,0x24,0x4c,0x15,0x00,0x00,0x3c,0x00,0x0f,0x84,0x3e,0x00,0x00,
0x00,0x48,0x8b,0x94,0x24,0x98,0x0d,0x00,0x00,0x8a,0x82,0xc8,0x00,0x00,0x00,0x3a,
0x05,0xb4,0x28,0x00,0x00,0x0f,0x94,0xc0,0x3c,0x00,0x0f,0x84,0x1a,0x00,0x00,0x00,
0x8a,0x05,0xa3,0x28,0x00,0x00,0x4c,0x8b,0x84,0x24,0xb8,0x0d,0x00,0x00,0x41,0x88,
0x80,0x14,0x44,0x00,0x00,0xe9,0x00,0x00,0x00,0x00,0xe9,0x00,0x00,0x00,0x00,0x48,
0x8d,0x84,0x24,0x4c,0x15,0x00,0x00,0x48,0x8b,0x94,0x24,0x98,0x0d,0x00,0x00,0x48,
0x8d,0x0a,0x48,0x8b,0x1d,0xff,0x2a,0x00,0x00,0x48,0x89,0x8c,0x24,0x48,0x02,0x00,
0x00,0x48,0x89,0xc1,0x48,0x8b,0x94,0x24,0x48,0x02,0x00,0x00,0xff,0x13,0x8a,0x84,
0x24,0x4c,0x15,0x00,0x00,0x3c,0x00,0x0f,0x84,0x12,0x01,0x00,0x00,0x48,0x8b,0x94,
0x24,0x98,0x0d,0x00,0x00,0x8a,0x82,0xc8,0x00,0x00,0x00,0x3a,0x05,0x38,0x28,0x00,
0x00,0x0f,0x94,0xc0,0x3c,0x00,0x0f,0x84,0xee,0x00,0x00,0x00,0x4c,0x8b,0x8c,0x24,
0xc8,0x0d,0x00,0x00,0x49,0x8b,0x41,0x08,0x48,0x8b,0x9c,0x24,0x08,0x15,0x00,0x00,
0x48,0x8b,0x8c,0x24,0xb0,0x0d,0x00,0x00,0x48,0x8d,0x29,0x4c,0x8b,0x84,0x24,0xb8,
0x0d,0x00,0x00,0x49,0x8d,0x30,0x49,0x8d,0xb8,0xd0,0x43,0x00,0x00,0x48,0x8d,0x00,
0x48,0x89,0x84,0x24,0x60,0x02,0x00,0x00,0x48,0x8b,0x44,0x24,0x78,0x4c,0x8d,0x30,
0x4d,0x8d,0x2f,0x48,0x8d,0x03,0x48,0x8d,0x9c,0x24,0x98,0x14,0x00,0x00,0x4c,0x8d,
0x94,0x24,0xc0,0x14,0x00,0x00,0x4c,0x8d,0x9c,0x24,0x34,0x15,0x00,0x00,0x4c,0x8d,
0xa4,0x24,0x3c,0x15,0x00,0x00,0x4c,0x8d,0x8c,0x24,0x44,0x15,0x00,0x00,0x48,0x89,
0x84,0x24,0x58,0x02,0x00,0x00,0x48,0x8b,0x84,0x24,0xa8,0x0d,0x00,0x00,0x48,0x8d,
0x08,0x48,0x8b,0x05,0x38,0x2a,0x00,0x00,0x4c,0x89,0x74,0x24,0x20,0x4c,0x89,0x6c,
0x24,0x28,0x48,0x89,0xac,0x24,0x88,0x02,0x00,0x00,0x48,0x8b,0xac,0x24,0x58,0x02,
0x00,0x00,0x48,0x89,0x6c,0x24,0x30,0x48,0x89,0x5c,0x24,0x38,0x4c,0x89,0x54,0x24,
0x40,0x4c,0x89,0x5c,0x24,0x48,0x4c,0x89,0x64,0x24,0x50,0x4c,0x89,0x4c,0x24,0x58,
0x48,0x89,0x4c,0x24,0x60,0x48,0x8b,0x8c,0x24,0x88,0x02,0x00,0x00,0x48,0x89,0xf2,
0x49,0x89,0xf8,0x4c,0x8b,0x8c,0x24,0x60,0x02,0x00,0x00,0xff,0x10,0x48,0x8b,0x94,
0x24,0x98,0x0d,0x00,0x00,0xe9,0x00,0x00,0x00,0x00,0xe9,0x00,0x00,0x00,0x00,0x48,
0x8d,0x84,0x24,0x4c,0x15,0x00,0x00,0x48,0x8b,0x94,0x24,0x98,0x0d,0x00,0x00,0x48,
0x8d,0x0a,0x48,0x8b,0x1d,0xbf,0x29,0x00,0x00,0x48,0x89,0x8c,0x24,0x70,0x02,0x00,
0x00,0x48,0x89,0xc1,0x48,0x8b,0x94,0x24,0x70,0x02,0x00,0x00,0xff,0x13,0x8a,0x84,
0x24,0x4c,0x15,0x00,0x00,0x3c,0x00,0x0f,0x84,0x09,0x01,0x00,0x00,0x48,0x8b,0x94,
0x24,0x98,0x0d,0x00,0x00,0x8a,0x82,0xc8,0x00,0x00,0x00,0x3c,0x00,0x0f,0x84,0xee,
0x00,0x00,0x00,0x4c,0x8b,0x8c,0x24,0xc8,0x0d,0x00,0x00,0x49,0x8b,0x41,0x08,0x48,
0x8b,0x9c,0x24,0x08,0x15,0x00,0x00,0x48,0x8b,0x8c,0x24,0xb0,0x0d,0x00,0x00,0x48,
0x8d,0x29,0x4c,0x8b,0x84,0x24,0xb8,0x0d,0x00,0x00,0x49,0x8d,0x30,0x49,0x8d,0xb8,
0xd0,0x43,0x00,0x00,0x48,0x8d,0x00,0x48,0x89,0x84,0x24,0x90,0x02,0x00,0x00,0x48,
0x8b,0x44,0x24,0x78,0x4c,0x8d,0x30,0x4d,0x8d,0x27,0x4c,0x8d,0x13,0x4c,0x8d,0x9c,
0x24,0x98,0x14,0x00,0x00,0x4c,0x8d,0xac,0x24,0xc0,0x14,0x00,0x00,0x48,0x8d,0x84,
0x24,0x34,0x15,0x00,0x00,0x48,0x8d,0x9c,0x24,0x3c,0x15,0x00,0x00,0x4c,0x8d,0x8c,
0x24,0x44,0x15,0x00,0x00,0x48,0x89,0x84,0x24,0xa0,0x02,0x00,0x00,0x48,0x8b,0x84,
0x24,0xa8,0x0d,0x00,0x00,0x48,0x8d,0x08,0x48,0x8b,0x05,0xf1,0x28,0x00,0x00,0x4c,
0x89,0x74,0x24,0x20,0x4c,0x89,0x64,0x24,0x28,0x4c,0x89,0x54,0x24,0x30,0x4c,0x89,
0x5c,0x24,0x38,0x4c,0x89,0x6c,0x24,0x40,0x48,0x89,0xb4,0x24,0xd0,0x02,0x00,0x00,
0x48,0x8b,0xb4,0x24,0xa0,0x02,0x00,0x00,0x48,0x89,0x74,0x24,0x48,0x48,0x89,0x5c,
0x24,0x50,0x4c,0x89,0x4c,0x24,0x58,0x48,0x89,0x4c,0x24,0x60,0x48,0x89,0xe9,0x48,
0x8b,0x94,0x24,0xd0,0x02,0x00,0x00,0x49,0x89,0xf8,0x4c,0x8b,0x8c,0x24,0x90,0x02,
0x00,0x00,0xff,0x10,0x48,0x8b,0x94,0x24,0x98,0x0d,0x00,0x00,0xe9,0x00,0x00,0x00,
0x00,0xe9,0x00,0x00,0x00,0x00,0x48,0x8d,0x84,0x24,0x44,0x15,0x00,0x00,0x48,0x8b,
0x0d,0xd3,0x26,0x00,0x00,0x48,0x89,0x84,0x24,0xc8,0x02,0x00,0x00,0x48,0x89,0x8c,
0x24,0xb8,0x02,0x00,0x00,0x48,0x8b,0x84,0x24,0xb8,0x02,0x00,0x00,0x48,0x8b,0x8c,
0x24,0xc8,0x02,0x00,0x00,0xff,0x10,0x48,0x8d,0x84,0x24,0x3c,0x15,0x00,0x00,0x48,
0x8b,0x0d,0xa2,0x26,0x00,0x00,0x48,0x89,0x84,0x24,0x98,0x02,0x00,0x00,0x48,0x89,
0x8c,0x24,0xb0,0x02,0x00,0x00,0x48,0x8b,0x84,0x24,0xb0,0x02,0x00,0x00,0x48,0x8b,
0x8c,0x24,0x98,0x02,0x00,0x00,0xff,0x10,0x48,0x8d,0x84,0x24,0x34,0x15,0x00,0x00,
0x48,0x8b,0x0d,0x71,0x26,0x00,0x00,0x48,0x89,0x84,0x24,0xa8,0x02,0x00,0x00,0x48,
0x89,0x8c,0x24,0x50,0x02,0x00,0x00,0x48,0x8b,0x84,0x24,0x50,0x02,0x00,0x00,0x48,
0x8b,0x8c,0x24,0xa8,0x02,0x00,0x00,0xff,0x10,0xe9,0x00,0x00,0x00,0x00,0x48,0x8b,
0x84,0x24,0x40,0x02,0x00,0x00,0x48,0x89,0x84,0x24,0x38,0x15,0x00,0x00,0x4c,0x8d,
0xa4,0x24,0x38,0x15,0x00,0x00,0x48,0x8d,0x84,0x24,0x40,0x15,0x00,0x00,0x48,0x89,
0x84,0x24,0x20,0x02,0x00,0x00,0x48,0x8d,0x84,0x24,0xc0,0x14,0x00,0x00,0x48,0x8b,
0x0d,0x63,0x26,0x00,0x00,0x48,0x89,0x84,0x24,0x38,0x02,0x00,0x00,0x48,0x89,0x8c,
0x24,0xe0,0x01,0x00,0x00,0x48,0x8b,0x84,0x24,0xe0,0x01,0x00,0x00,0x4c,0x89,0xe1,
0x48,0x8b,0x94,0x24,0x38,0x02,0x00,0x00,0x48,0x89,0x8c,0x24,0xd8,0x01,0x00,0x00,
0xff,0x10,0x48,0x8d,0x84,0x24,0x48,0x15,0x00,0x00,0x48,0x8b,0x0d,0x2f,0x26,0x00,
0x00,0x48,0x89,0x84,0x24,0xc8,0x01,0x00,0x00,0x48,0x89,0x8c,0x24,0xa8,0x01,0x00,
0x00,0x48,0x8b,0x84,0x24,0xa8,0x01,0x00,0x00,0x48,0x8b,0x8c,0x24,0xc8,0x01,0x00,
0x00,0x48,0x8b,0x94,0x24,0x38,0x02,0x00,0x00,0xff,0x10,0x48,0x8b,0x84,0x24,0x48,
0x15,0x00,0x00,0x48,0x39,0x84,0x24,0x38,0x15,0x00,0x00,0x0f,0x84,0xf9,0x1a,0x00,
0x00,0x48,0x8b,0x05,0xf0,0x25,0x00,0x00,0x48,0x8b,0x8c,0x24,0x20,0x02,0x00,0x00,
0x48,0x8b,0x94,0x24,0x38,0x02,0x00,0x00,0x4c,0x8b,0x84,0x24,0xd8,0x01,0x00,0x00,
0xff,0x10,0x48,0x8b,0x84,0x24,0x40,0x15,0x00,0x00,0x48,0x8b,0x00,0x48,0x83,0x78,
0x28,0x00,0x0f,0x95,0xc0,0x3c,0x00,0x0f,0x84,0x2e,0x00,0x00,0x00,0x48,0x8b,0x84,
0x24,0x40,0x15,0x00,0x00,0x48,0x8b,0x9c,0x24,0x08,0x15,0x00,0x00,0x8b,0x40,0x08,
0x3b,0x03,0x0f,0x94,0xc0,0x3c,0x00,0x0f,0x84,0x07,0x00,0x00,0x00,0xb0,0x01,0xe9,
0x0e,0x00,0x00,0x00,0xb0,0x00,0xe9,0x07,0x00,0x00,0x00,0xb0,0x00,0xe9,0x00,0x00,
0x00,0x00,0x3c,0x00,0x0f,0x84,0x5f,0x1a,0x00,0x00,0x48,0x8b,0x84,0x24,0x40,0x15,
0x00,0x00,0x48,0x8b,0x00,0x48,0x8b,0x40,0x28,0x48,0x8d,0x8c,0x24,0x50,0x15,0x00,
0x00,0x48,0x8b,0x94,0x24,0x98,0x0d,0x00,0x00,0x48,0x8d,0x1a,0x48,0x8d,0x00,0x48,
0x8b,0x2d,0x5a,0x25,0x00,0x00,0x48,0x89,0xda,0x49,0x89,0xc0,0xff,0x55,0x00,0x48,
0x8b,0xac,0x24,0x08,0x15,0x00,0x00,0x48,0x8b,0x9c,0x24,0x40,0x15,0x00,0x00,0x48,
0x8d,0x84,0x24,0x58,0x15,0x00,0x00,0x48,0x8b,0x0d,0x3a,0x25,0x00,0x00,0x48,0x89,
0x84,0x24,0xc0,0x01,0x00,0x00,0x48,0x89,0x8c,0x24,0xb8,0x01,0x00,0x00,0x48,0x8b,
0x84,0x24,0xb8,0x01,0x00,0x00,0x48,0x8b,0x8c,0x24,0xc0,0x01,0x00,0x00,0xff,0x10,
0x48,0x8d,0x84,0x24,0x58,0x15,0x00,0x00,0x48,0x8d,0x4d,0x0c,0x48,0x8d,0x53,0x0c,
0x48,0x8b,0x1d,0x09,0x25,0x00,0x00,0x48,0x89,0x8c,0x24,0xe8,0x01,0x00,0x00,0x48,
0x89,0x94,0x24,0xd0,0x01,0x00,0x00,0x48,0x89,0xc1,0x48,0x8b,0x94,0x24,0xe8,0x01,
0x00,0x00,0x4c,0x8b,0x84,0x24,0xd0,0x01,0x00,0x00,0xff,0x13,0x48,0x8b,0x84,0x24,
0x40,0x15,0x00,0x00,0x48,0x8b,0x00,0x48,0x8b,0x68,0x28,0x48,0x8b,0x9c,0x24,0x40,
0x15,0x00,0x00,0x48,0x8d,0x84,0x24,0x60,0x15,0x00,0x00,0x48,0x8b,0x0d,0xb6,0x24,
0x00,0x00,0x48,0x89,0x84,0x24,0xf0,0x01,0x00,0x00,0x48,0x89,0x8c,0x24,0x00,0x02,
0x00,0x00,0x48,0x8b,0x84,0x24,0x00,0x02,0x00,0x00,0x48,0x8b,0x8c,0x24,0xf0,0x01,
0x00,0x00,0xff,0x10,0x48,0x8d,0x84,0x24,0x60,0x15,0x00,0x00,0x48,0x8d,0x8d,0x70,
0x01,0x00,0x00,0x48,0x8d,0x53,0x14,0x48,0x8b,0x1d,0x8a,0x24,0x00,0x00,0x48,0x89,
0x8c,0x24,0x30,0x02,0x00,0x00,0x48,0x89,0x94,0x24,0x28,0x02,0x00,0x00,0x48,0x89,
0xc1,0x48,0x8b,0x94,0x24,0x30,0x02,0x00,0x00,0x4c,0x8b,0x84,0x24,0x28,0x02,0x00,
0x00,0xff,0x13,0x48,0x8b,0x84,0x24,0x08,0x15,0x00,0x00,0x8a,0x40,0x14,0x3c,0x00,
0x0f,0x84,0x7f,0x00,0x00,0x00,0x48,0x8b,0x84,0x24,0x08,0x15,0x00,0x00,0x48,0x8d,
0x8c,0x24,0x58,0x15,0x00,0x00,0x48,0x8d,0x40,0x0c,0x48,0x8b,0x15,0x3f,0x24,0x00,
0x00,0x48,0x89,0x84,0x24,0x18,0x02,0x00,0x00,0x48,0x89,0x94,0x24,0xf8,0x01,0x00,
0x00,0x48,0x8b,0x84,0x24,0xf8,0x01,0x00,0x00,0x48,0x8b,0x94,0x24,0x18,0x02,0x00,
0x00,0xff,0x10,0x48,0x8b,0x84,0x24,0x08,0x15,0x00,0x00,0x48,0x8d,0x8c,0x24,0x60,
0x15,0x00,0x00,0x48,0x8d,0x40,0x04,0x48,0x8b,0x15,0x02,0x24,0x00,0x00,0x48,0x89,
0x84,0x24,0x10,0x02,0x00,0x00,0x48,0x89,0x94,0x24,0x08,0x02,0x00,0x00,0x48,0x8b,
0x84,0x24,0x08,0x02,0x00,0x00,0x48,0x8b,0x94,0x24,0x10,0x02,0x00,0x00,0xff,0x10,
0xe9,0x00,0x00,0x00,0x00,0x48,0x8b,0x84,0x24,0x40,0x15,0x00,0x00,0x48,0x8b,0x18,
0x48,0x8b,0xac,0x24,0x40,0x15,0x00,0x00,0x48,0x8d,0x84,0x24,0x68,0x15,0x00,0x00,
0x48,0x8b,0x0d,0xe9,0x24,0x00,0x00,0x48,0x89,0x84,0x24,0x50,0x05,0x00,0x00,0x48,
0x89,0x8c,0x24,0x38,0x05,0x00,0x00,0x48,0x8b,0x84,0x24,0x38,0x05,0x00,0x00,0x48,
0x8b,0x8c,0x24,0x50,0x05,0x00,0x00,0xff,0x10,0x48,0x8d,0x84,0x24,0x68,0x15,0x00,
0x00,0x48,0x8d,0x0b,0x48,0x8b,0x94,0x24,0x98,0x0d,0x00,0x00,0x48,0x8d,0xb2,0x40,
0x08,0x00,0x00,0x48,0x8d,0xbc,0x24,0x60,0x15,0x00,0x00,0x48,0x8d,0x6d,0x14,0x4c,
0x8b,0x84,0x24,0xb8,0x0d,0x00,0x00,0x4d,0x8d,0x88,0x50,0x0f,0x00,0x00,0x4c,0x8d,
0x15,0x03,0x22,0x00,0x00,0x48,0x8b,0x1b,0x48,0x8b,0x9b,0x80,0x00,0x00,0x00,0x4c,
0x8b,0x1d,0x82,0x24,0x00,0x00,0x4c,0x01,0xdb,0x48,0x8b,0x1b,0x48,0x8b,0x1b,0x48,
0x89,0x6c,0x24,0x20,0x4c,0x89,0x4c,0x24,0x28,0x4c,0x89,0x54,0x24,0x30,0x48,0x89,
0x8c,0x24,0x58,0x05,0x00,0x00,0x48,0x89,0xc1,0x48,0x8b,0x94,0x24,0x58,0x05,0x00,
0x00,0x49,0x89,0xf0,0x49,0x89,0xf9,0xff,0xd3,0x48,0x8b,0x84,0x24,0x40,0x15,0x00,
0x00,0x48,0x8b,0x00,0x48,0x8d,0x8c,0x24,0xa8,0x15,0x00,0x00,0x48,0x8d,0x50,0x08,
0x48,0x8b,0x40,0x08,0x48,0x8b,0x98,0x80,0x00,0x00,0x00,0x48,0x8b,0x05,0x2e,0x24,
0x00,0x00,0x48,0x01,0xc3,0x48,0x8b,0x03,0x48,0x8b,0x00,0xff,0xd0,0x48,0x8b,0x84,
0x24,0xa8,0x15,0x00,0x00,0x8b,0x00,0x48,0x8b,0x8c,0x24,0x90,0x0d,0x00,0x00,0x3b,
0x01,0x0f,0x94,0x84,0x24,0xa0,0x15,0x00,0x00,0x48,0x8b,0x84,0x24,0xa8,0x0d,0x00,
0x00,0x48,0x83,0x38,0x00,0x0f,0x95,0xc0,0x3c,0x00,0x0f,0x84,0x66,0x00,0x00,0x00,
0x48,0x8b,0x84,0x24,0x40,0x15,0x00,0x00,0x48,0x8b,0x00,0x48,0x8d,0x8c,0x24,0xa8,
0x15,0x00,0x00,0x48,0x8d,0x50,0x08,0x48,0x8b,0x40,0x08,0x48,0x8b,0x98,0x80,0x00,
0x00,0x00,0x48,0x8b,0x05,0xc7,0x23,0x00,0x00,0x48,0x01,0xc3,0x48,0x8b,0x03,0x48,
0x8b,0x00,0xff,0xd0,0x48,0x8b,0x9c,0x24,0xa8,0x15,0x00,0x00,0x4c,0x8b,0x84,0x24,
0xb8,0x0d,0x00,0x00,0x41,0x8b,0x80,0x68,0x44,0x00,0x00,0x3b,0x03,0x0f,0x94,0xc0,
0x3c,0x00,0x0f,0x84,0x07,0x00,0x00,0x00,0xb0,0x01,0xe9,0x16,0x00,0x00,0x00,0xb0,
0x00,0xe9,0x0f,0x00,0x00,0x00,0xb0,0x00,0x4c,0x8b,0x84,0x24,0xb8,0x0d,0x00,0x00,
0xe9,0x00,0x00,0x00,0x00,0x3c,0x00,0x0f,0x84,0x36,0x00,0x00,0x00,0x48,0x8b,0x84,
0x24,0xa8,0x0d,0x00,0x00,0x8b,0x48,0x1c,0x3b,0x0d,0xd6,0x20,0x00,0x00,0x0f,0x94,
0xc0,0x3c,0x00,0x0f,0x84,0x0d,0x00,0x00,0x00,0xc6,0x84,0x24,0xa1,0x15,0x00,0x00,
0x01,0xe9,0x1a,0x00,0x00,0x00,0xc6,0x84,0x24,0xa1,0x15,0x00,0x00,0x00,0xe9,0x0d,
0x00,0x00,0x00,0xc6,0x84,0x24,0xa1,0x15,0x00,0x00,0x00,0xe9,0x00,0x00,0x00,0x00,
0x48,0x8d,0x84,0x24,0xa8,0x15,0x00,0x00,0x48,0x8b,0x0d,0x11,0x21,0x00,0x00,0x48,
0x89,0x84,0x24,0x68,0x05,0x00,0x00,0x48,0x89,0x8c,0x24,0xb0,0x08,0x00,0x00,0x48,
0x8b,0x84,0x24,0xb0,0x08,0x00,0x00,0x48,0x8b,0x8c,0x24,0x68,0x05,0x00,0x00,0xff,
0x10,0x48,0x8b,0x84,0x24,0x40,0x15,0x00,0x00,0x48,0x8b,0x00,0x48,0x8d,0x8c,0x24,
0xb8,0x15,0x00,0x00,0x48,0x8d,0x50,0x08,0x48,0x8b,0x40,0x08,0x48,0x8b,0x98,0x80,
0x00,0x00,0x00,0x48,0x8b,0x05,0xd6,0x22,0x00,0x00,0x48,0x01,0xc3,0x48,0x8b,0x03,
0x48,0x8b,0x00,0xff,0xd0,0x48,0x8b,0x84,0x24,0xb8,0x15,0x00,0x00,0x48,0x8d,0x8c,
0x24,0xa8,0x15,0x00,0x00,0x48,0x8d,0x00,0x48,0x8b,0x15,0xa9,0x20,0x00,0x00,0x48,
0x89,0x84,0x24,0xa8,0x08,0x00,0x00,0x48,0x89,0x94,0x24,0x98,0x08,0x00,0x00,0x48,
0x8b,0x84,0x24,0x98,0x08,0x00,0x00,0x48,0x8b,0x94,0x24,0xa8,0x08,0x00,0x00,0xff,
0x10,0x48,0x8b,0x84,0x24,0x40,0x15,0x00,0x00,0x48,0x8b,0xbc,0x24,0x40,0x15,0x00,
0x00,0x48,0x8d,0x8c,0x24,0xa2,0x15,0x00,0x00,0x48,0x8b,0x94,0x24,0x98,0x0d,0x00,
0x00,0x48,0x8d,0x1a,0x48,0x8d,0xac,0x24,0xa8,0x15,0x00,0x00,0x48,0x8d,0x40,0x0c,
0x48,0x8d,0xb4,0x24,0x60,0x15,0x00,0x00,0x4c,0x8d,0x84,0x24,0x50,0x15,0x00,0x00,
0x4c,0x8d,0x8c,0x24,0x68,0x15,0x00,0x00,0x4c,0x8d,0x57,0x18,0x48,0x8d,0xbc,0x24,
0xa1,0x15,0x00,0x00,0x4c,0x8d,0x9c,0x24,0xa0,0x15,0x00,0x00,0x4c,0x8b,0x25,0x35,
0x22,0x00,0x00,0x48,0x89,0x74,0x24,0x20,0x4c,0x89,0x44,0x24,0x28,0x4c,0x89,0x4c,
0x24,0x30,0x4c,0x89,0x54,0x24,0x38,0x48,0x89,0x7c,0x24,0x40,0x4c,0x89,0x5c,0x24,
0x48,0x48,0x89,0xda,0x49,0x89,0xe8,0x49,0x89,0xc1,0x41,0xff,0x14,0x24,0x8a,0x9c,
0x24,0xa2,0x15,0x00,0x00,0x48,0x8d,0x84,0x24,0xa8,0x15,0x00,0x00,0x48,0x8b,0x0d,
0xfc,0x1f,0x00,0x00,0x48,0x89,0x84,0x24,0x78,0x08,0x00,0x00,0x48,0x89,0x8c,0x24,
0x90,0x08,0x00,0x00,0x48,0x8b,0x84,0x24,0x90,0x08,0x00,0x00,0x48,0x8b,0x8c,0x24,
0x78,0x08,0x00,0x00,0xff,0x10,0x80,0xfb,0x00,0x0f,0x84,0xa2,0x14,0x00,0x00,0x48,
0x8b,0x84,0x24,0x40,0x15,0x00,0x00,0x48,0x8b,0x00,0x48,0x8d,0x8c,0x24,0xa8,0x15,
0x00,0x00,0x48,0x8d,0x50,0x08,0x48,0x8b,0x40,0x08,0x48,0x8b,0x98,0x80,0x00,0x00,
0x00,0x48,0x8b,0x05,0x98,0x21,0x00,0x00,0x48,0x01,0xc3,0x48,0x8b,0x03,0x48,0x8b,
0x00,0xff,0xd0,0x48,0x8b,0x84,0x24,0xa8,0x15,0x00,0x00,0x8b,0x00,0x48,0x8b,0x8c,
0x24,0x70,0x0d,0x00,0x00,0x89,0x41,0x14,0x41,0x8b,0x07,0x48,0x8b,0x8c,0x24,0x70,
0x0d,0x00,0x00,0x89,0x01,0x41,0x8b,0x47,0x20,0x48,0x8b,0x8c,0x24,0x70,0x0d,0x00,
0x00,0x89,0x41,0x0c,0x41,0x8b,0x47,0x14,0x48,0x8b,0x8c,0x24,0x70,0x0d,0x00,0x00,
0x89,0x41,0x04,0x41,0x8b,0x47,0x30,0x48,0x8b,0x8c,0x24,0x70,0x0d,0x00,0x00,0x89,
0x41,0x08,0x41,0x8b,0x47,0x34,0x48,0x8b,0x8c,0x24,0x70,0x0d,0x00,0x00,0x89,0x41,
0x10,0x4c,0x8b,0x8c,0x24,0xc8,0x0d,0x00,0x00,0x49,0x8b,0x59,0x08,0x41,0x8b,0x47,
0x20,0x3b,0x43,0x08,0x0f,0x95,0xc0,0x3c,0x00,0x0f,0x84,0x64,0x00,0x00,0x00,0x49,
0x8b,0x59,0x10,0x48,0x8b,0x84,0x24,0x40,0x15,0x00,0x00,0x48,0x8b,0x00,0x48,0x8d,
0x8c,0x24,0xa3,0x15,0x00,0x00,0x48,0x8d,0x13,0x48,0x8d,0x00,0x48,0x8b,0x1b,0x48,
0x8b,0x9b,0x80,0x00,0x00,0x00,0x48,0x8b,0x2d,0xf3,0x20,0x00,0x00,0x48,0x01,0xeb,
0x48,0x8b,0x1b,0x48,0x8b,0x1b,0x49,0x89,0xc0,0xff,0xd3,0x80,0xbc,0x24,0xa3,0x15,
0x00,0x00,0x00,0x0f,0x84,0x0d,0x00,0x00,0x00,0xc6,0x84,0x24,0xa2,0x15,0x00,0x00,
0x01,0xe9,0x1a,0x00,0x00,0x00,0xc6,0x84,0x24,0xa2,0x15,0x00,0x00,0x00,0xe9,0x0d,
0x00,0x00,0x00,0xc6,0x84,0x24,0xa2,0x15,0x00,0x00,0x00,0xe9,0x00,0x00,0x00,0x00,
0x4c,0x8b,0x8c,0x24,0xc8,0x0d,0x00,0x00,0x49,0x8b,0x59,0x08,0x41,0x8b,0x47,0x20,
0x3b,0x43,0x08,0x0f,0x94,0xc0,0x3c,0x00,0x0f,0x84,0x6d,0x00,0x00,0x00,0x48,0x8b,
0x84,0x24,0x40,0x15,0x00,0x00,0x48,0x8b,0x00,0x48,0x8d,0x8c,0x24,0xa4,0x15,0x00,
0x00,0x48,0x89,0x8c,0x24,0x88,0x08,0x00,0x00,0x48,0x8b,0x8c,0x24,0xb0,0x0d,0x00,
0x00,0x48,0x8d,0x11,0x48,0x8d,0x00,0x49,0x8d,0x59,0x70,0x48,0x8b,0x2d,0x66,0x20,
0x00,0x00,0x48,0x8b,0x8c,0x24,0x88,0x08,0x00,0x00,0x49,0x89,0xc0,0x49,0x89,0xd9,
0xff,0x55,0x00,0x80,0xbc,0x24,0xa4,0x15,0x00,0x00,0x00,0x0f,0x84,0x0d,0x00,0x00,
0x00,0xc6,0x84,0x24,0xa3,0x15,0x00,0x00,0x01,0xe9,0x1a,0x00,0x00,0x00,0xc6,0x84,
0x24,0xa3,0x15,0x00,0x00,0x00,0xe9,0x0d,0x00,0x00,0x00,0xc6,0x84,0x24,0xa3,0x15,
0x00,0x00,0x00,0xe9,0x00,0x00,0x00,0x00,0x48,0x8b,0x94,0x24,0x98,0x0d,0x00,0x00,
0x80,0xba,0xc8,0x00,0x00,0x00,0x00,0x0f,0x84,0x2e,0x00,0x00,0x00,0x4c,0x8b,0x84,
0x24,0xb8,0x0d,0x00,0x00,0x41,0x8b,0x80,0x68,0x44,0x00,0x00,0x3b,0x05,0x46,0x1d,
0x00,0x00,0x0f,0x95,0xc0,0x3c,0x00,0x0f,0x84,0x07,0x00,0x00,0x00,0xb0,0x01,0xe9,
0x16,0x00,0x00,0x00,0xb0,0x00,0xe9,0x0f,0x00,0x00,0x00,0xb0,0x00,0x4c,0x8b,0x84,
0x24,0xb8,0x0d,0x00,0x00,0xe9,0x00,0x00,0x00,0x00,0x3c,0x00,0x0f,0x84,0x2a,0x00,
0x00,0x00,0x48,0x8b,0x84,0x24,0xa8,0x0d,0x00,0x00,0x8b,0x48,0x1c,0x3b,0x0d,0x11,
0x1d,0x00,0x00,0x0f,0x94,0xc0,0x3c,0x00,0x0f,0x84,0x07,0x00,0x00,0x00,0xb0,0x01,
0xe9,0x0e,0x00,0x00,0x00,0xb0,0x00,0xe9,0x07,0x00,0x00,0x00,0xb0,0x00,0xe9,0x00,
0x00,0x00,0x00,0x3c,0x00,0x0f,0x84,0xcd,0x00,0x00,0x00,0x48,0x8b,0x84,0x24,0x40,
0x15,0x00,0x00,0x48,0x8b,0x18,0x48,0x8b,0x84,0x24,0xa8,0x0d,0x00,0x00,0x48,0x8b,
0x08,0x48,0x8d,0x84,0x24,0xa4,0x15,0x00,0x00,0x48,0x8d,0x2b,0x48,0x8d,0x09,0x48,
0x8b,0x1b,0x48,0x8b,0x9b,0x80,0x00,0x00,0x00,0x48,0x8b,0x35,0x60,0x1f,0x00,0x00,
0x48,0x01,0xf3,0x48,0x8b,0x1b,0x48,0x8b,0x1b,0x48,0x89,0x8c,0x24,0xb8,0x08,0x00,
0x00,0x48,0x89,0xc1,0x48,0x89,0xea,0x4c,0x8b,0x84,0x24,0xb8,0x08,0x00,0x00,0xff,
0xd3,0x8a,0x84,0x24,0xa4,0x15,0x00,0x00,0x3c,0x00,0x0f,0x84,0x53,0x00,0x00,0x00,
0x48,0x8b,0x05,0x69,0x1e,0x00,0x00,0x48,0x89,0x84,0x24,0xa0,0x08,0x00,0x00,0x48,
0x8b,0x84,0x24,0x88,0x0d,0x00,0x00,0x48,0x8d,0x08,0x48,0x8b,0x84,0x24,0xa0,0x08,
0x00,0x00,0x48,0x8d,0x00,0x48,0x8b,0x15,0x4c,0x1e,0x00,0x00,0x48,0x89,0x84,0x24,
0xc0,0x08,0x00,0x00,0x48,0x89,0x94,0x24,0xd0,0x08,0x00,0x00,0x48,0x8b,0x84,0x24,
0xd0,0x08,0x00,0x00,0x48,0x8b,0x94,0x24,0xc0,0x08,0x00,0x00,0xff,0x10,0xe9,0x00,
0x00,0x00,0x00,0x48,0x8b,0x94,0x24,0x98,0x0d,0x00,0x00,0x4c,0x8b,0x84,0x24,0xb8,
0x0d,0x00,0x00,0xe9,0x00,0x00,0x00,0x00,0x48,0x8b,0x84,0x24,0xa8,0x0d,0x00,0x00,
0x48,0x83,0x38,0x00,0x0f,0x94,0xc0,0x3c,0x00,0x0f,0x84,0x1a,0x04,0x00,0x00,0x4c,
0x8b,0x8c,0x24,0xc8,0x0d,0x00,0x00,0x49,0x8b,0x59,0x08,0x41,0x8b,0x47,0x20,0x3b,
0x43,0x08,0x0f,0x94,0xc0,0x3c,0x00,0x0f,0x84,0x73,0x01,0x00,0x00,0x48,0x8d,0x84,
0x24,0xa8,0x15,0x00,0x00,0x48,0x89,0x84,0x24,0x00,0x09,0x00,0x00,0x48,0x8b,0x84,
0x24,0x80,0x0d,0x00,0x00,0x48,0x8d,0x08,0x48,0x8b,0x05,0xc9,0x1d,0x00,0x00,0x48,
0x89,0x8c,0x24,0xf8,0x08,0x00,0x00,0x48,0x8b,0x8c,0x24,0x00,0x09,0x00,0x00,0x48,
0x8b,0x94,0x24,0xf8,0x08,0x00,0x00,0xff,0x10,0x48,0x8b,0x9c,0x24,0xa8,0x15,0x00,
0x00,0x48,0x8d,0x03,0x48,0x8b,0x0d,0xa5,0x1d,0x00,0x00,0x48,0x89,0x84,0x24,0xe8,
0x08,0x00,0x00,0x48,0x89,0x8c,0x24,0xc8,0x08,0x00,0x00,0x48,0x8b,0x84,0x24,0xc8,
0x08,0x00,0x00,0x48,0x8b,0x8c,0x24,0xe8,0x08,0x00,0x00,0xff,0x10,0x48,0x8d,0x03,
0x48,0x8d,0x0d,0xa9,0x1b,0x00,0x00,0x48,0x8d,0x15,0xa6,0x1b,0x00,0x00,0x48,0x8b,
0x1d,0x73,0x1d,0x00,0x00,0x48,0x89,0x8c,0x24,0xe0,0x08,0x00,0x00,0x48,0x89,0x94,
0x24,0xd8,0x08,0x00,0x00,0x48,0x89,0xc1,0x48,0x8b,0x94,0x24,0xe0,0x08,0x00,0x00,
0x4c,0x8b,0x84,0x24,0xd8,0x08,0x00,0x00,0xff,0x13,0x8a,0x84,0x24,0xa3,0x15,0x00,
0x00,0x3c,0x00,0x0f,0x84,0xb2,0x00,0x00,0x00,0x48,0x8d,0x84,0x24,0xa8,0x15,0x00,
0x00,0x48,0x89,0x84,0x24,0x80,0x08,0x00,0x00,0x48,0x8b,0x84,0x24,0x80,0x0d,0x00,
0x00,0x48,0x8d,0x08,0x48,0x8b,0x05,0x0d,0x1d,0x00,0x00,0x48,0x89,0x8c,0x24,0x70,
0x08,0x00,0x00,0x48,0x8b,0x8c,0x24,0x80,0x08,0x00,0x00,0x48,0x8b,0x94,0x24,0x70,
0x08,0x00,0x00,0xff,0x10,0x48,0x8b,0x9c,0x24,0xa8,0x15,0x00,0x00,0x48,0x8d,0x03,
0x48,0x8b,0x0d,0xe9,0x1c,0x00,0x00,0x48,0x89,0x84,0x24,0x50,0x08,0x00,0x00,0x48,
0x89,0x8c,0x24,0x68,0x08,0x00,0x00,0x48,0x8b,0x84,0x24,0x68,0x08,0x00,0x00,0x48,
0x8b,0x8c,0x24,0x50,0x08,0x00,0x00,0xff,0x10,0x48,0x8d,0x03,0x48,0x8d,0x0d,0xf5,
0x1a,0x00,0x00,0x48,0x8d,0x15,0xf2,0x1a,0x00,0x00,0x48,0x8b,0x1d,0xb7,0x1c,0x00,
0x00,0x48,0x89,0x8c,0x24,0x10,0x08,0x00,0x00,0x48,0x89,0x94,0x24,0x08,0x08,0x00,
0x00,0x48,0x89,0xc1,0x48,0x8b,0x94,0x24,0x10,0x08,0x00,0x00,0x4c,0x8b,0x84,0x24,
0x08,0x08,0x00,0x00,0xff,0x13,0xe9,0x00,0x00,0x00,0x00,0xe9,0xc1,0x00,0x00,0x00,
0x8a,0x84,0x24,0xa2,0x15,0x00,0x00,0x3c,0x00,0x0f,0x84,0xb2,0x00,0x00,0x00,0x48,
0x8d,0x84,0x24,0xa8,0x15,0x00,0x00,0x48,0x89,0x84,0x24,0x60,0x06,0x00,0x00,0x48,
0x8b,0x84,0x24,0x80,0x0d,0x00,0x00,0x48,0x8d,0x08,0x48,0x8b,0x05,0x47,0x1c,0x00,
0x00,0x48,0x89,0x8c,0x24,0x58,0x06,0x00,0x00,0x48,0x8b,0x8c,0x24,0x60,0x06,0x00,
0x00,0x48,0x8b,0x94,0x24,0x58,0x06,0x00,0x00,0xff,0x10,0x48,0x8b,0x9c,0x24,0xa8,
0x15,0x00,0x00,0x48,0x8d,0x03,0x48,0x8b,0x0d,0x23,0x1c,0x00,0x00,0x48,0x89,0x84,
0x24,0x00,0x06,0x00,0x00,0x48,0x89,0x8c,0x24,0xf0,0x05,0x00,0x00,0x48,0x8b,0x84,
0x24,0xf0,0x05,0x00,0x00,0x48,0x8b,0x8c,0x24,0x00,0x06,0x00,0x00,0xff,0x10,0x48,
0x8d,0x03,0x48,0x8d,0x0d,0x2f,0x1a,0x00,0x00,0x48,0x8d,0x15,0x2c,0x1a,0x00,0x00,
0x48,0x8b,0x1d,0xf1,0x1b,0x00,0x00,0x48,0x89,0x8c,0x24,0xd0,0x05,0x00,0x00,0x48,
0x89,0x94,0x24,0xe8,0x05,0x00,0x00,0x48,0x89,0xc1,0x48,0x8b,0x94,0x24,0xd0,0x05,
0x00,0x00,0x4c,0x8b,0x84,0x24,0xe8,0x05,0x00,0x00,0xff,0x13,0xe9,0x00,0x00,0x00,
0x00,0x48,0x8d,0x84,0x24,0xa8,0x15,0x00,0x00,0x48,0x89,0x84,0x24,0xf8,0x07,0x00,
0x00,0x48,0x8b,0x84,0x24,0x80,0x0d,0x00,0x00,0x48,0x8d,0x08,0x48,0x8b,0x05,0x95,
0x1b,0x00,0x00,0x48,0x89,0x8c,0x24,0xd8,0x07,0x00,0x00,0x48,0x8b,0x8c,0x24,0xf8,
0x07,0x00,0x00,0x48,0x8b,0x94,0x24,0xd8,0x07,0x00,0x00,0xff,0x10,0x48,0x8b,0x9c,
0x24,0xa8,0x15,0x00,0x00,0x48,0x8b,0x94,0x24,0x98,0x0d,0x00,0x00,0x80,0xba,0xc8,
0x00,0x00,0x00,0x00,0x0f,0x84,0x12,0x00,0x00,0x00,0x8b,0x05,0x7c,0x19,0x00,0x00,
0x89,0x84,0x24,0xb0,0x15,0x00,0x00,0xe9,0x0d,0x00,0x00,0x00,0x8b,0x05,0x6e,0x19,
0x00,0x00,0x89,0x84,0x24,0xb0,0x15,0x00,0x00,0x48,0x8d,0x03,0x48,0x8b,0x0d,0x3d,
0x1b,0x00,0x00,0x48,0x89,0x84,0x24,0xf0,0x07,0x00,0x00,0x48,0x89,0x8c,0x24,0xe8,
0x07,0x00,0x00,0x48,0x8b,0x84,0x24,0xe8,0x07,0x00,0x00,0x48,0x8b,0x8c,0x24,0xf0,
0x07,0x00,0x00,0xff,0x10,0x48,0x8d,0x03,0x48,0x8d,0x0d,0x51,0x19,0x00,0x00,0x48,
0x8d,0x94,0x24,0xb0,0x15,0x00,0x00,0x48,0x8b,0x1d,0x0a,0x1b,0x00,0x00,0x48,0x89,
0x8c,0x24,0x18,0x08,0x00,0x00,0x48,0x89,0x94,0x24,0x00,0x08,0x00,0x00,0x48,0x89,
0xc1,0x48,0x8b,0x94,0x24,0x18,0x08,0x00,0x00,0x4c,0x8b,0x84,0x24,0x00,0x08,0x00,
0x00,0xff,0x13,0x48,0x8b,0x94,0x24,0x98,0x0d,0x00,0x00,0x8a,0x82,0xc8,0x00,0x00,
0x00,0x3a,0x05,0x92,0x18,0x00,0x00,0x0f,0x94,0xc0,0x3c,0x00,0x0f,0x84,0xba,0x00,
0x00,0x00,0x48,0x8d,0x84,0x24,0xa8,0x15,0x00,0x00,0x48,0x89,0x84,0x24,0x20,0x08,
0x00,0x00,0x48,0x8b,0x84,0x24,0x80,0x0d,0x00,0x00,0x48,0x8d,0x08,0x48,0x8b,0x05,
0x94,0x1a,0x00,0x00,0x48,0x89,0x8c,0x24,0x30,0x08,0x00,0x00,0x48,0x8b,0x8c,0x24,
0x20,0x08,0x00,0x00,0x48,0x8b,0x94,0x24,0x30,0x08,0x00,0x00,0xff,0x10,0x48,0x8b,
0x9c,0x24,0xa8,0x15,0x00,0x00,0x48,0x8d,0x03,0x48,0x8b,0x0d,0x70,0x1a,0x00,0x00,
0x48,0x89,0x84,0x24,0x60,0x08,0x00,0x00,0x48,0x89,0x8c,0x24,0x58,0x08,0x00,0x00,
0x48,0x8b,0x84,0x24,0x58,0x08,0x00,0x00,0x48,0x8b,0x8c,0x24,0x60,0x08,0x00,0x00,
0xff,0x10,0x48,0x8d,0x03,0x48,0x8d,0x0d,0x6c,0x18,0x00,0x00,0x48,0x8d,0x15,0x69,
0x18,0x00,0x00,0x48,0x8b,0x1d,0x3e,0x1a,0x00,0x00,0x48,0x89,0x8c,0x24,0x48,0x08,
0x00,0x00,0x48,0x89,0x94,0x24,0x28,0x08,0x00,0x00,0x48,0x89,0xc1,0x48,0x8b,0x94,
0x24,0x48,0x08,0x00,0x00,0x4c,0x8b,0x84,0x24,0x28,0x08,0x00,0x00,0xff,0x13,0x48,
0x8b,0x94,0x24,0x98,0x0d,0x00,0x00,0xe9,0x00,0x00,0x00,0x00,0x4c,0x8b,0x84,0x24,
0xb8,0x0d,0x00,0x00,0xe9,0x00,0x00,0x00,0x00,0x48,0x8d,0x84,0x24,0xa4,0x15,0x00,
0x00,0x48,0x8d,0x0a,0x48,0x8b,0x1d,0xf5,0x19,0x00,0x00,0x48,0x89,0x8c,0x24,0x40,
0x08,0x00,0x00,0x48,0x89,0xc1,0x48,0x8b,0x94,0x24,0x40,0x08,0x00,0x00,0xff,0x13,
0x8a,0x84,0x24,0xa4,0x15,0x00,0x00,0x3c,0x00,0x0f,0x84,0x6d,0x00,0x00,0x00,0x8b,
0x84,0x24,0x58,0x15,0x00,0x00,0x2b,0x05,0xa4,0x17,0x00,0x00,0x48,0x8b,0x8c,0x24,
0xb0,0x0d,0x00,0x00,0x48,0x8d,0x11,0x49,0x8d,0x1f,0x48,0x8d,0xac,0x24,0x98,0x14,
0x00,0x00,0x89,0x84,0x24,0xa4,0x15,0x00,0x00,0x48,0x8d,0x84,0x24,0xa4,0x15,0x00,
0x00,0x4c,0x8b,0x84,0x24,0xb8,0x0d,0x00,0x00,0x49,0x8d,0xb0,0x40,0x44,0x00,0x00,
0x48,0x8b,0x3d,0x21,0x1a,0x00,0x00,0x48,0x89,0x74,0x24,0x20,0x48,0x89,0x94,0x24,
0x38,0x08,0x00,0x00,0x48,0x8b,0x8c,0x24,0x38,0x08,0x00,0x00,0x48,0x89,0xda,0x49,
0x89,0xe8,0x49,0x89,0xc1,0xff,0x17,0xe9,0x00,0x00,0x00,0x00,0x48,0x8d,0x84,0x24,
0xa8,0x15,0x00,0x00,0x48,0x8b,0x94,0x24,0x98,0x0d,0x00,0x00,0x48,0x8d,0x0a,0x48,
0x8b,0x1d,0x5a,0x19,0x00,0x00,0x48,0x89,0x8c,0x24,0x08,0x09,0x00,0x00,0x48,0x89,
0xc1,0x48,0x8b,0x94,0x24,0x08,0x09,0x00,0x00,0xff,0x13,0x8a,0x84,0x24,0xa8,0x15,
0x00,0x00,0x3c,0x00,0x0f,0x84,0x6e,0x00,0x00,0x00,0x8b,0x84,0x24,0x58,0x15,0x00,
0x00,0x03,0x84,0x24,0x60,0x15,0x00,0x00,0x48,0x8b,0x8c,0x24,0xb0,0x0d,0x00,0x00,
0x48,0x8d,0x11,0x49,0x8d,0x1f,0x48,0x8d,0xac,0x24,0x98,0x14,0x00,0x00,0x89,0x84,
0x24,0xa8,0x15,0x00,0x00,0x48,0x8d,0x84,0x24,0xa8,0x15,0x00,0x00,0x4c,0x8b,0x84,
0x24,0xb8,0x0d,0x00,0x00,0x49,0x8d,0xb0,0x40,0x44,0x00,0x00,0x48,0x8b,0x3d,0x7d,
0x19,0x00,0x00,0x48,0x89,0x74,0x24,0x20,0x48,0x89,0x94,0x24,0xf0,0x08,0x00,0x00,
0x48,0x8b,0x8c,0x24,0xf0,0x08,0x00,0x00,0x48,0x89,0xda,0x49,0x89,0xe8,0x49,0x89,
0xc1,0xff,0x17,0xe9,0x00,0x00,0x00,0x00,0x48,0x8d,0x84,0x24,0xac,0x15,0x00,0x00,
0x48,0x8b,0x94,0x24,0x98,0x0d,0x00,0x00,0x48,0x8d,0x0a,0x48,0x8b,0x1d,0xbe,0x18,
0x00,0x00,0x48,0x89,0x8c,0x24,0x10,0x09,0x00,0x00,0x48,0x89,0xc1,0x48,0x8b,0x94,
0x24,0x10,0x09,0x00,0x00,0xff,0x13,0x8a,0x84,0x24,0xac,0x15,0x00,0x00,0x3c,0x00,
0x0f,0x84,0x6e,0x00,0x00,0x00,0x8b,0x84,0x24,0x5c,0x15,0x00,0x00,0x03,0x84,0x24,
0x64,0x15,0x00,0x00,0x48,0x8b,0x8c,0x24,0xb0,0x0d,0x00,0x00,0x48,0x8d,0x11,0x49,
0x8d,0x1f,0x48,0x8d,0xac,0x24,0x98,0x14,0x00,0x00,0x89,0x84,0x24,0xac,0x15,0x00,
0x00,0x48,0x8d,0x84,0x24,0xac,0x15,0x00,0x00,0x4c,0x8b,0x84,0x24,0xb8,0x0d,0x00,
0x00,0x49,0x8d,0xb0,0x40,0x44,0x00,0x00,0x48,0x8b,0x3d,0xd9,0x18,0x00,0x00,0x48,
0x89,0x74,0x24,0x20,0x48,0x89,0x94,0x24,0x20,0x09,0x00,0x00,0x48,0x8b,0x8c,0x24,
0x20,0x09,0x00,0x00,0x48,0x89,0xda,0x49,0x89,0xe8,0x49,0x89,0xc1,0xff,0x17,0xe9,
0x00,0x00,0x00,0x00,0x48,0x8d,0x84,0x24,0xb0,0x15,0x00,0x00,0x48,0x8b,0x94,0x24,
0x98,0x0d,0x00,0x00,0x48,0x8d,0x0a,0x48,0x8b,0x1d,0x22,0x18,0x00,0x00,0x48,0x89,
0x8c,0x24,0xf0,0x09,0x00,0x00,0x48,0x89,0xc1,0x48,0x8b,0x94,0x24,0xf0,0x09,0x00,
0x00,0xff,0x13,0x8a,0x84,0x24,0xb0,0x15,0x00,0x00,0x3c,0x00,0x0f,0x84,0x6d,0x00,
0x00,0x00,0x8b,0x84,0x24,0x5c,0x15,0x00,0x00,0x2b,0x05,0xa1,0x15,0x00,0x00,0x48,
0x8b,0x8c,0x24,0xb0,0x0d,0x00,0x00,0x48,0x8d,0x11,0x49,0x8d,0x1f,0x48,0x8d,0xac,
0x24,0x98,0x14,0x00,0x00,0x89,0x84,0x24,0xb0,0x15,0x00,0x00,0x48,0x8d,0x84,0x24,
0xb0,0x15,0x00,0x00,0x4c,0x8b,0x84,0x24,0xb8,0x0d,0x00,0x00,0x49,0x8d,0xb0,0x40,
0x44,0x00,0x00,0x48,0x8b,0x3d,0x36,0x18,0x00,0x00,0x48,0x89,0x74,0x24,0x20,0x48,
0x89,0x94,0x24,0xe8,0x09,0x00,0x00,0x48,0x8b,0x8c,0x24,0xe8,0x09,0x00,0x00,0x48,
0x89,0xda,0x49,0x89,0xe8,0x49,0x89,0xc1,0xff,0x17,0xe9,0x00,0x00,0x00,0x00,0x48,
0x8d,0x84,0x24,0xb4,0x15,0x00,0x00,0x48,0x8b,0x94,0x24,0x98,0x0d,0x00,0x00,0x48,
0x8d,0x0a,0x48,0x8b,0x1d,0x87,0x17,0x00,0x00,0x48,0x89,0x8c,0x24,0xd8,0x09,0x00,
0x00,0x48,0x89,0xc1,0x48,0x8b,0x94,0x24,0xd8,0x09,0x00,0x00,0xff,0x13,0x8a,0x84,
0x24,0xb4,0x15,0x00,0x00,0x3c,0x00,0x0f,0x84,0x72,0x00,0x00,0x00,0x48,0x8b,0x94,
0x24,0x98,0x0d,0x00,0x00,0x8a,0x82,0xc8,0x00,0x00,0x00,0x3a,0x05,0xc8,0x14,0x00,
0x00,0x0f,0x94,0xc0,0x3c,0x00,0x0f,0x84,0x25,0x00,0x00,0x00,0x48,0x8b,0x84,0x24,
0xa8,0x0d,0x00,0x00,0x48,0x83,0x38,0x00,0x0f,0x94,0xc0,0x3c,0x00,0x0f,0x84,0x07,
0x00,0x00,0x00,0xb0,0x01,0xe9,0x0e,0x00,0x00,0x00,0xb0,0x00,0xe9,0x07,0x00,0x00,
0x00,0xb0,0x00,0xe9,0x00,0x00,0x00,0x00,0x3c,0x00,0x0f,0x84,0x1a,0x00,0x00,0x00,
0x8a,0x05,0x83,0x14,0x00,0x00,0x4c,0x8b,0x84,0x24,0xb8,0x0d,0x00,0x00,0x41,0x88,
0x80,0x14,0x44,0x00,0x00,0xe9,0x00,0x00,0x00,0x00,0xe9,0x00,0x00,0x00,0x00,0x48,
0x8d,0x84,0x24,0xb4,0x15,0x00,0x00,0x48,0x8b,0x94,0x24,0x98,0x0d,0x00,0x00,0x48,
0x8d,0x0a,0x48,0x8b,0x1d,0x4f,0x17,0x00,0x00,0x48,0x89,0x8c,0x24,0xb8,0x09,0x00,
0x00,0x48,0x89,0xc1,0x48,0x8b,0x94,0x24,0xb8,0x09,0x00,0x00,0xff,0x13,0x8a,0x84,
0x24,0xb4,0x15,0x00,0x00,0x3c,0x00,0x0f,0x84,0x55,0x01,0x00,0x00,0x48,0x8b,0x84,
0x24,0xa8,0x0d,0x00,0x00,0x48,0x83,0x38,0x00,0x0f,0x94,0xc0,0x3c,0x00,0x0f,0x84,
0x39,0x01,0x00,0x00,0x4c,0x8b,0x8c,0x24,0xc8,0x0d,0x00,0x00,0x49,0x8b,0x59,0x08,
0x41,0x8b,0x47,0x20,0x3b,0x43,0x08,0x0f,0x94,0xc0,0x3c,0x00,0x0f,0x84,0x16,0x01,
0x00,0x00,0x49,0x8b,0x71,0x08,0x48,0x8b,0x84,0x24,0x40,0x15,0x00,0x00,0x48,0x8b,
0x00,0x48,0x8d,0x8c,0x24,0xb8,0x15,0x00,0x00,0x48,0x8d,0x50,0x08,0x48,0x8b,0x40,
0x08,0x48,0x8b,0x98,0x80,0x00,0x00,0x00,0x48,0x8b,0x05,0x81,0x16,0x00,0x00,0x48,
0x01,0xc3,0x48,0x8b,0x03,0x48,0x8b,0x00,0xff,0xd0,0x48,0x8b,0x9c,0x24,0xb8,0x15,
0x00,0x00,0x48,0x8d,0x84,0x24,0xc0,0x15,0x00,0x00,0x48,0x8b,0x0d,0xaf,0x16,0x00,
0x00,0x48,0x89,0x84,0x24,0xd0,0x09,0x00,0x00,0x48,0x89,0x8c,0x24,0xc8,0x09,0x00,
0x00,0x48,0x8b,0x84,0x24,0xc8,0x09,0x00,0x00,0x48,0x8b,0x8c,0x24,0xd0,0x09,0x00,
0x00,0xff,0x10,0x48,0x8d,0x06,0x4c,0x8b,0x84,0x24,0xb8,0x0d,0x00,0x00,0x49,0x8d,
0x08,0x48,0x8d,0x13,0x48,0x8d,0x1d,0x95,0x13,0x00,0x00,0x48,0x8d,0xac,0x24,0xc0,
0x15,0x00,0x00,0x48,0x8b,0x36,0x48,0x8b,0xb6,0x80,0x00,0x00,0x00,0x48,0x8b,0x3d,
0x64,0x16,0x00,0x00,0x48,0x01,0xfe,0x48,0x8b,0x36,0x48,0x8b,0x36,0x48,0x89,0x6c,
0x24,0x20,0x48,0x89,0x8c,0x24,0xf8,0x09,0x00,0x00,0x48,0x89,0x94,0x24,0xe0,0x09,
0x00,0x00,0x48,0x89,0xc1,0x48,0x8b,0x94,0x24,0xf8,0x09,0x00,0x00,0x4c,0x8b,0x84,
0x24,0xe0,0x09,0x00,0x00,0x49,0x89,0xd9,0xff,0xd6,0x48,0x8d,0x84,0x24,0xc0,0x15,
0x00,0x00,0x48,0x8b,0x0d,0x27,0x16,0x00,0x00,0x48,0x89,0x84,0x24,0x00,0x0a,0x00,
0x00,0x48,0x89,0x8c,0x24,0x10,0x0a,0x00,0x00,0x48,0x8b,0x84,0x24,0x10,0x0a,0x00,
0x00,0x48,0x8b,0x8c,0x24,0x00,0x0a,0x00,0x00,0xff,0x10,0x4c,0x8b,0x8c,0x24,0xc8,
0x0d,0x00,0x00,0xe9,0x00,0x00,0x00,0x00,0xe9,0x00,0x00,0x00,0x00,0xe9,0x00,0x00,
0x00,0x00,0x48,0x8d,0x84,0x24,0xb4,0x15,0x00,0x00,0x48,0x8b,0x94,0x24,0x98,0x0d,
0x00,0x00,0x48,0x8d,0x0a,0x48,0x8b,0x1d,0x4c,0x15,0x00,0x00,0x48,0x89,0x8c,0x24,
0x40,0x0a,0x00,0x00,0x48,0x89,0xc1,0x48,0x8b,0x94,0x24,0x40,0x0a,0x00,0x00,0xff,
0x13,0x8a,0x84,0x24,0xb4,0x15,0x00,0x00,0x3c,0x00,0x0f,0x84,0x7f,0x03,0x00,0x00,
0x48,0x8b,0x84,0x24,0xa8,0x0d,0x00,0x00,0x48,0x83,0x38,0x00,0x0f,0x94,0xc0,0x3c,
0x00,0x0f,0x84,0x96,0x02,0x00,0x00,0x48,0x8b,0x84,0x24,0x40,0x15,0x00,0x00,0x48,
0x8b,0x00,0x48,0x8d,0x8c,0x24,0xb8,0x15,0x00,0x00,0x48,0x8d,0x50,0x08,0x48,0x8b,
0x40,0x08,0x48,0x8b,0x98,0x80,0x00,0x00,0x00,0x48,0x8b,0x05,0x10,0x15,0x00,0x00,
0x48,0x01,0xc3,0x48,0x8b,0x03,0x48,0x8b,0x00,0xff,0xd0,0x48,0x8b,0x84,0x24,0xb8,
0x15,0x00,0x00,0x8b,0x00,0x4c,0x8b,0x84,0x24,0xb8,0x0d,0x00,0x00,0x41,0x89,0x80,
0x68,0x44,0x00,0x00,0x41,0x8b,0x07,0x41,0x89,0x80,0x54,0x44,0x00,0x00,0x41,0x8b,
0x47,0x14,0x41,0x89,0x80,0x58,0x44,0x00,0x00,0x41,0x8b,0x47,0x30,0x41,0x89,0x80,
0x5c,0x44,0x00,0x00,0x41,0x8b,0x47,0x20,0x41,0x89,0x80,0x60,0x44,0x00,0x00,0x41,
0x8b,0x47,0x34,0x41,0x89,0x80,0x64,0x44,0x00,0x00,0x48,0x8b,0x84,0x24,0x08,0x15,
0x00,0x00,0x8a,0x40,0x14,0x3c,0x00,0x0f,0x84,0xa5,0x00,0x00,0x00,0x48,0x8b,0x84,
0x24,0x40,0x15,0x00,0x00,0x48,0x8b,0x00,0x48,0x8b,0x40,0x28,0x8b,0x80,0x74,0x01,
0x00,0x00,0xf7,0xd8,0x89,0xc3,0x03,0x1d,0xf4,0x11,0x00,0x00,0x49,0x8d,0x80,0x70,
0x44,0x00,0x00,0x48,0x8b,0x0d,0xae,0x12,0x00,0x00,0x48,0x89,0x84,0x24,0x38,0x0a,
0x00,0x00,0x48,0x89,0x8c,0x24,0x28,0x0a,0x00,0x00,0x48,0x8b,0x84,0x24,0x28,0x0a,
0x00,0x00,0x48,0x8b,0x8c,0x24,0x38,0x0a,0x00,0x00,0xff,0x10,0x4c,0x8b,0x84,0x24,
0xb8,0x0d,0x00,0x00,0x49,0x8d,0x80,0x70,0x44,0x00,0x00,0x48,0x8d,0x0d,0xa6,0x11,
0x00,0x00,0x89,0x9c,0x24,0xb4,0x15,0x00,0x00,0x48,0x8d,0x94,0x24,0xb4,0x15,0x00,
0x00,0x48,0x8b,0x1d,0x50,0x12,0x00,0x00,0x48,0x89,0x8c,0x24,0x08,0x0a,0x00,0x00,
0x48,0x89,0x94,0x24,0x20,0x0a,0x00,0x00,0x48,0x89,0xc1,0x48,0x8b,0x94,0x24,0x08,
0x0a,0x00,0x00,0x4c,0x8b,0x84,0x24,0x20,0x0a,0x00,0x00,0xff,0x13,0xe9,0xf8,0x00,
0x00,0x00,0x48,0x8b,0x9c,0x24,0x08,0x15,0x00,0x00,0x48,0x8b,0xac,0x24,0x40,0x15,
0x00,0x00,0x48,0x8d,0x84,0x24,0xb8,0x15,0x00,0x00,0x48,0x8b,0x0d,0x87,0x12,0x00,
0x00,0x48,0x89,0x84,0x24,0x90,0x05,0x00,0x00,0x48,0x89,0x8c,0x24,0x88,0x05,0x00,
0x00,0x48,0x8b,0x84,0x24,0x88,0x05,0x00,0x00,0x48,0x8b,0x8c,0x24,0x90,0x05,0x00,
0x00,0xff,0x10,0x48,0x8d,0x84,0x24,0xb8,0x15,0x00,0x00,0x48,0x8d,0x4b,0x0c,0x48,
0x8d,0x55,0x0c,0x48,0x8b,0x1d,0x56,0x12,0x00,0x00,0x48,0x89,0x8c,0x24,0x78,0x05,
0x00,0x00,0x48,0x89,0x94,0x24,0x60,0x05,0x00,0x00,0x48,0x89,0xc1,0x48,0x8b,0x94,
0x24,0x78,0x05,0x00,0x00,0x4c,0x8b,0x84,0x24,0x60,0x05,0x00,0x00,0xff,0x13,0x4c,
0x8b,0x84,0x24,0xb8,0x0d,0x00,0x00,0x49,0x8d,0x80,0x70,0x44,0x00,0x00,0x48,0x8d,
0x8c,0x24,0xb8,0x15,0x00,0x00,0x49,0x8d,0x90,0x40,0x44,0x00,0x00,0x48,0x8b,0x1d,
0x24,0x12,0x00,0x00,0x48,0x89,0x8c,0x24,0x70,0x05,0x00,0x00,0x48,0x89,0x94,0x24,
0x98,0x05,0x00,0x00,0x48,0x89,0xc1,0x48,0x8b,0x94,0x24,0x70,0x05,0x00,0x00,0x4c,
0x8b,0x84,0x24,0x98,0x05,0x00,0x00,0xff,0x13,0x48,0x8d,0x84,0x24,0xb8,0x15,0x00,
0x00,0x48,0x8b,0x0d,0x60,0x11,0x00,0x00,0x48,0x89,0x84,0x24,0x80,0x05,0x00,0x00,
0x48,0x89,0x8c,0x24,0xa0,0x05,0x00,0x00,0x48,0x8b,0x84,0x24,0xa0,0x05,0x00,0x00,
0x48,0x8b,0x8c,0x24,0x80,0x05,0x00,0x00,0xff,0x10,0x48,0x8b,0x84,0x24,0x40,0x15,
0x00,0x00,0x8b,0x40,0x14,0x4c,0x8b,0x84,0x24,0xb8,0x0d,0x00,0x00,0x41,0x89,0x80,
0x78,0x44,0x00,0x00,0x48,0x8b,0x05,0x4d,0x13,0x00,0x00,0x48,0x8d,0x00,0x48,0x8d,
0x0d,0x9f,0x10,0x00,0x00,0x48,0x8d,0x15,0x3c,0x10,0x00,0x00,0x48,0x8b,0x1d,0x3d,
0x13,0x00,0x00,0x48,0x89,0x8c,0x24,0x18,0x0a,0x00,0x00,0x48,0x89,0x94,0x24,0xc0,
0x09,0x00,0x00,0x48,0x89,0xc1,0x48,0x8b,0x94,0x24,0x18,0x0a,0x00,0x00,0x4c,0x8b,
0x84,0x24,0xc0,0x09,0x00,0x00,0xff,0x13,0xe9,0x00,0x00,0x00,0x00,0x48,0x8b,0x94,
0x24,0x98,0x0d,0x00,0x00,0x8a,0x82,0xc8,0x00,0x00,0x00,0x3a,0x05,0xd8,0x0f,0x00,
0x00,0x0f,0x94,0xc0,0x3c,0x00,0x0f,0x84,0xae,0x00,0x00,0x00,0x4c,0x8b,0x8c,0x24,
0xc8,0x0d,0x00,0x00,0x49,0x8b,0x41,0x08,0x48,0x8b,0xac,0x24,0x40,0x15,0x00,0x00,
0x48,0x8b,0x8c,0x24,0xb0,0x0d,0x00,0x00,0x48,0x8d,0x19,0x4c,0x8b,0x84,0x24,0xb8,
0x0d,0x00,0x00,0x49,0x8d,0x30,0x49,0x8d,0xb8,0xd0,0x43,0x00,0x00,0x48,0x8d,0x00,
0x48,0x89,0x84,0x24,0xb0,0x09,0x00,0x00,0x48,0x8b,0x44,0x24,0x78,0x4c,0x8d,0x10,
0x49,0x8d,0x07,0x48,0x89,0x84,0x24,0x90,0x09,0x00,0x00,0x48,0x8b,0x84,0x24,0xa8,
0x0d,0x00,0x00,0x4c,0x8d,0x18,0x48,0x8d,0x6d,0x00,0x48,0x8b,0x05,0x97,0x12,0x00,
0x00,0x4c,0x89,0x54,0x24,0x20,0x48,0x89,0xbc,0x24,0xa8,0x09,0x00,0x00,0x48,0x8b,
0xbc,0x24,0x90,0x09,0x00,0x00,0x48,0x89,0x7c,0x24,0x28,0x4c,0x89,0x5c,0x24,0x30,
0x48,0x89,0x6c,0x24,0x38,0x48,0x89,0xd9,0x48,0x89,0xf2,0x4c,0x8b,0x84,0x24,0xa8,
0x09,0x00,0x00,0x4c,0x8b,0x8c,0x24,0xb0,0x09,0x00,0x00,0xff,0x10,0x48,0x8b,0x94,
0x24,0x98,0x0d,0x00,0x00,0xe9,0x00,0x00,0x00,0x00,0xe9,0x00,0x00,0x00,0x00,0x48,
0x8d,0x84,0x24,0xb8,0x15,0x00,0x00,0x48,0x8b,0x94,0x24,0x98,0x0d,0x00,0x00,0x48,
0x8d,0x0a,0x48,0x8b,0x1d,0x9f,0x11,0x00,0x00,0x48,0x89,0x8c,0x24,0x50,0x09,0x00,
0x00,0x48,0x89,0xc1,0x48,0x8b,0x94,0x24,0x50,0x09,0x00,0x00,0xff,0x13,0x8a,0x84,
0x24,0xb8,0x15,0x00,0x00,0x3c,0x00,0x0f,0x84,0xc8,0x00,0x00,0x00,0x48,0x8b,0x94,
0x24,0x98,0x0d,0x00,0x00,0x8a,0x82,0xc8,0x00,0x00,0x00,0x3c,0x00,0x0f,0x84,0xad,
0x00,0x00,0x00,0x4c,0x8b,0x8c,0x24,0xc8,0x0d,0x00,0x00,0x49,0x8b,0x41,0x08,0x48,
0x8b,0xb4,0x24,0x40,0x15,0x00,0x00,0x48,0x8b,0x8c,0x24,0xb0,0x0d,0x00,0x00,0x48,
0x8d,0x19,0x4c,0x8b,0x84,0x24,0xb8,0x0d,0x00,0x00,0x49,0x8d,0x28,0x49,0x8d,0xb8,
0xd0,0x43,0x00,0x00,0x48,0x8d,0x00,0x48,0x89,0x84,0x24,0x48,0x09,0x00,0x00,0x48,
0x8b,0x44,0x24,0x78,0x4c,0x8d,0x10,0x49,0x8d,0x07,0x48,0x89,0x84,0x24,0x38,0x09,
0x00,0x00,0x48,0x8b,0x84,0x24,0xa8,0x0d,0x00,0x00,0x4c,0x8d,0x18,0x48,0x8d,0x06,
0x48,0x8b,0x35,0x91,0x11,0x00,0x00,0x4c,0x89,0x54,0x24,0x20,0x48,0x89,0xac,0x24,
0x18,0x09,0x00,0x00,0x48,0x8b,0xac,0x24,0x38,0x09,0x00,0x00,0x48,0x89,0x6c,0x24,
0x28,0x4c,0x89,0x5c,0x24,0x30,0x48,0x89,0x44,0x24,0x38,0x48,0x89,0xd9,0x48,0x8b,
0x94,0x24,0x18,0x09,0x00,0x00,0x49,0x89,0xf8,0x4c,0x8b,0x8c,0x24,0x48,0x09,0x00,
0x00,0xff,0x16,0x48,0x8b,0x94,0x24,0x98,0x0d,0x00,0x00,0xe9,0x00,0x00,0x00,0x00,
0xe9,0x00,0x00,0x00,0x00,0x48,0x8b,0x94,0x24,0x98,0x0d,0x00,0x00,0x8a,0x82,0x21,
0x08,0x00,0x00,0x3c,0x00,0x0f,0x84,0x91,0x03,0x00,0x00,0x48,0x8b,0x84,0x24,0xa8,
0x0d,0x00,0x00,0x48,0x83,0x38,0x00,0x0f,0x94,0xc0,0x3c,0x00,0x0f,0x84,0x75,0x03,
0x00,0x00,0x8a,0x84,0x24,0xa2,0x15,0x00,0x00,0x3c,0x00,0x0f,0x84,0xb1,0x01,0x00,
0x00,0x48,0x8d,0x84,0x24,0xb8,0x15,0x00,0x00,0x48,0x8b,0x0d,0x00,0x11,0x00,0x00,
0x48,0x89,0x84,0x24,0x30,0x09,0x00,0x00,0x48,0x89,0x8c,0x24,0x28,0x09,0x00,0x00,
0x48,0x8b,0x84,0x24,0x28,0x09,0x00,0x00,0x48,0x8b,0x8c,0x24,0x30,0x09,0x00,0x00,
0xff,0x10,0x48,0x8b,0x84,0x24,0x40,0x15,0x00,0x00,0x48,0x8b,0x00,0x48,0x8d,0x8c,
0x24,0xd0,0x15,0x00,0x00,0x48,0x8d,0x50,0x08,0x48,0x8b,0x40,0x08,0x48,0x8b,0x98,
0x80,0x00,0x00,0x00,0x48,0x8b,0x05,0x35,0x10,0x00,0x00,0x48,0x01,0xc3,0x48,0x8b,
0x03,0x48,0x8b,0x00,0xff,0xd0,0x48,0x8b,0x84,0x24,0xd0,0x15,0x00,0x00,0x8b,0x00,
0x89,0x84,0x24,0xcc,0x15,0x00,0x00,0x41,0x8b,0x47,0x14,0x3b,0x05,0x77,0x0d,0x00,
0x00,0x0f,0x95,0xc0,0x3c,0x00,0x0f,0x84,0x1d,0x00,0x00,0x00,0x8b,0x05,0x6e,0x0d,
0x00,0x00,0x89,0x84,0x24,0xb8,0x15,0x00,0x00,0x41,0x8b,0x47,0x14,0x89,0x84,0x24,
0xbc,0x15,0x00,0x00,0xe9,0x6f,0x00,0x00,0x00,0x41,0x8b,0x47,0x30,0x3b,0x05,0x45,
0x0d,0x00,0x00,0x0f,0x95,0xc0,0x3c,0x00,0x0f,0x84,0x28,0x00,0x00,0x00,0x8b,0x05,
0x94,0x0d,0x00,0x00,0x89,0x84,0x24,0xb8,0x15,0x00,0x00,0x41,0x8b,0x47,0x30,0x89,
0x84,0x24,0xc0,0x15,0x00,0x00,0x41,0x8b,0x47,0x34,0x89,0x84,0x24,0xc8,0x15,0x00,
0x00,0xe9,0x32,0x00,0x00,0x00,0x41,0x8b,0x47,0x20,0x3b,0x05,0x08,0x0d,0x00,0x00,
0x0f,0x95,0xc0,0x3c,0x00,0x0f,0x84,0x1d,0x00,0x00,0x00,0x8b,0x05,0x5b,0x0d,0x00,
0x00,0x89,0x84,0x24,0xb8,0x15,0x00,0x00,0x41,0x8b,0x47,0x20,0x89,0x84,0x24,0xc4,
0x15,0x00,0x00,0xe9,0x00,0x00,0x00,0x00,0x4c,0x8b,0x84,0x24,0xb8,0x0d,0x00,0x00,
0x49,0x8d,0x80,0x90,0x00,0x00,0x00,0x48,0x8d,0x8c,0x24,0xb8,0x15,0x00,0x00,0x48,
0x8b,0x15,0xe2,0x0f,0x00,0x00,0x48,0x89,0x84,0x24,0x58,0x09,0x00,0x00,0x48,0x89,
0x8c,0x24,0x40,0x09,0x00,0x00,0x48,0x89,0x94,0x24,0x60,0x09,0x00,0x00,0x48,0x8b,
0x84,0x24,0x60,0x09,0x00,0x00,0x48,0x8b,0x8c,0x24,0x58,0x09,0x00,0x00,0x48,0x8b,
0x94,0x24,0x40,0x09,0x00,0x00,0xff,0x10,0x8a,0x05,0x6b,0x0c,0x00,0x00,0x48,0x8b,
0x94,0x24,0x98,0x0d,0x00,0x00,0x88,0x82,0x21,0x08,0x00,0x00,0x48,0x8d,0x84,0x24,
0xb8,0x15,0x00,0x00,0x48,0x8b,0x0d,0x95,0x0f,0x00,0x00,0x48,0x89,0x84,0x24,0x70,
0x09,0x00,0x00,0x48,0x89,0x8c,0x24,0xa0,0x09,0x00,0x00,0x48,0x8b,0x84,0x24,0xa0,
0x09,0x00,0x00,0x48,0x8b,0x8c,0x24,0x70,0x09,0x00,0x00,0xff,0x10,0xe9,0xa8,0x01,
0x00,0x00,0x8a,0x84,0x24,0xa3,0x15,0x00,0x00,0x3c,0x00,0x0f,0x84,0x99,0x01,0x00,
0x00,0x48,0x8d,0x84,0x24,0xb8,0x15,0x00,0x00,0x48,0x8b,0x0d,0x40,0x0f,0x00,0x00,
0x48,0x89,0x84,0x24,0xb0,0x05,0x00,0x00,0x48,0x89,0x8c,0x24,0xe0,0x05,0x00,0x00,
0x48,0x8b,0x84,0x24,0xe0,0x05,0x00,0x00,0x48,0x8b,0x8c,0x24,0xb0,0x05,0x00,0x00,
0xff,0x10,0x48,0x8b,0x84,0x24,0x40,0x15,0x00,0x00,0x48,0x8b,0x00,0x48,0x8d,0x8c,
0x24,0xd0,0x15,0x00,0x00,0x48,0x8d,0x50,0x08,0x48,0x8b,0x40,0x08,0x48,0x8b,0x98,
0x80,0x00,0x00,0x00,0x48,0x8b,0x05,0x75,0x0e,0x00,0x00,0x48,0x01,0xc3,0x48,0x8b,
0x03,0x48,0x8b,0x00,0xff,0xd0,0x48,0x8b,0x84,0x24,0xd0,0x15,0x00,0x00,0x8b,0x00,
0x89,0x84,0x24,0xcc,0x15,0x00,0x00,0x41,0x8b,0x47,0x14,0x3b,0x05,0xb7,0x0b,0x00,
0x00,0x0f,0x95,0xc0,0x3c,0x00,0x0f,0x84,0x1d,0x00,0x00,0x00,0x8b,0x05,0xae,0x0b,
0x00,0x00,0x89,0x84,0x24,0xb8,0x15,0x00,0x00,0x41,0x8b,0x47,0x14,0x89,0x84,0x24,
0xbc,0x15,0x00,0x00,0xe9,0x6c,0x00,0x00,0x00,0x41,0x8b,0x47,0x30,0x3b,0x05,0x85,
0x0b,0x00,0x00,0x0f,0x95,0xc0,0x3c,0x00,0x0f,0x84,0x28,0x00,0x00,0x00,0x8b,0x05,
0xd4,0x0b,0x00,0x00,0x89,0x84,0x24,0xb8,0x15,0x00,0x00,0x41,0x8b,0x47,0x30,0x89,
0x84,0x24,0xc0,0x15,0x00,0x00,0x41,0x8b,0x47,0x34,0x89,0x84,0x24,0xc8,0x15,0x00,
0x00,0xe9,0x2f,0x00,0x00,0x00,0x41,0x8b,0x47,0x20,0x3b,0x05,0x48,0x0b,0x00,0x00,
0x0f,0x95,0xc0,0x3c,0x00,0x0f,0x84,0x1a,0x00,0x00,0x00,0x41,0x8b,0x07,0x89,0x84,
0x24,0xb8,0x15,0x00,0x00,0x41,0x8b,0x47,0x20,0x89,0x84,0x24,0xc4,0x15,0x00,0x00,
0xe9,0x00,0x00,0x00,0x00,0x48,0x8b,0x8c,0x24,0xb0,0x0d,0x00,0x00,0x48,0x8d,0x01,
0x48,0x8b,0x94,0x24,0x98,0x0d,0x00,0x00,0x48,0x8d,0x1a,0x4c,0x8b,0x84,0x24,0xb8,
0x0d,0x00,0x00,0x49,0x8d,0x28,0x4c,0x8b,0x8c,0x24,0xc8,0x0d,0x00,0x00,0x49,0x8d,
0x31,0x48,0x8d,0xbc,0x24,0xb8,0x15,0x00,0x00,0x4c,0x8b,0x15,0x18,0x0e,0x00,0x00,
0x48,0x89,0x7c,0x24,0x20,0x48,0x89,0xc1,0x48,0x89,0xda,0x49,0x89,0xe8,0x49,0x89,
0xf1,0x41,0xff,0x12,0x48,0x8d,0x84,0x24,0xb8,0x15,0x00,0x00,0x48,0x8b,0x0d,0xed,
0x0d,0x00,0x00,0x48,0x89,0x84,0x24,0xd8,0x05,0x00,0x00,0x48,0x89,0x8c,0x24,0xc8,
0x05,0x00,0x00,0x48,0x8b,0x84,0x24,0xc8,0x05,0x00,0x00,0x48,0x8b,0x8c,0x24,0xd8,
0x05,0x00,0x00,0xff,0x10,0xe9,0x00,0x00,0x00,0x00,0x48,0x8b,0x94,0x24,0x98,0x0d,
0x00,0x00,0xe9,0x00,0x00,0x00,0x00,0xe9,0x00,0x00,0x00,0x00,0xe9,0x00,0x00,0x00,
0x00,0x48,0x8d,0x84,0x24,0x68,0x15,0x00,0x00,0x48,0x8b,0x0d,0xb0,0x0d,0x00,0x00,
0x48,0x89,0x84,0x24,0x98,0x09,0x00,0x00,0x48,0x89,0x8c,0x24,0x88,0x09,0x00,0x00,
0x48,0x8b,0x84,0x24,0x88,0x09,0x00,0x00,0x48,0x8b,0x8c,0x24,0x98,0x09,0x00,0x00,
0xff,0x10,0x48,0x8d,0x84,0x24,0x60,0x15,0x00,0x00,0x48,0x8b,0x0d,0x17,0x0b,0x00,
0x00,0x48,0x89,0x84,0x24,0x68,0x09,0x00,0x00,0x48,0x89,0x8c,0x24,0x80,0x09,0x00,
0x00,0x48,0x8b,0x84,0x24,0x80,0x09,0x00,0x00,0x48,0x8b,0x8c,0x24,0x68,0x09,0x00,
0x00,0xff,0x10,0x48,0x8d,0x84,0x24,0x58,0x15,0x00,0x00,0x48,0x8b,0x0d,0xe6,0x0a,
0x00,0x00,0x48,0x89,0x84,0x24,0x78,0x09,0x00,0x00,0x48,0x89,0x8c,0x24,0xe0,0x07,
0x00,0x00,0x48,0x8b,0x84,0x24,0xe0,0x07,0x00,0x00,0x48,0x8b,0x8c,0x24,0x78,0x09,
0x00,0x00,0xff,0x10,0xe9,0x00,0x00,0x00,0x00,0x48,0x8b,0x05,0x58,0x0b,0x00,0x00,
0x48,0x8b,0x8c,0x24,0xd8,0x01,0x00,0x00,0x48,0x8b,0x94,0x24,0x38,0x02,0x00,0x00,
0x49,0x89,0xc8,0xff,0x10,0xe9,0xb8,0xe4,0xff,0xff,0x48,0x8b,0x94,0x24,0x98,0x0d,
0x00,0x00,0x48,0x8d,0x02,0x48,0x8b,0x0d,0xfc,0x0c,0x00,0x00,0x48,0x89,0x84,0x24,
0xa8,0x05,0x00,0x00,0x48,0x89,0x8c,0x24,0xc0,0x05,0x00,0x00,0x48,0x8b,0x84,0x24,
0xc0,0x05,0x00,0x00,0x48,0x8b,0x8c,0x24,0xa8,0x05,0x00,0x00,0xff,0x10,0x48,0x8d,
0x84,0x24,0x2e,0x15,0x00,0x00,0x48,0x8b,0x0d,0xd3,0x0c,0x00,0x00,0x48,0x89,0x84,
0x24,0xb8,0x05,0x00,0x00,0x48,0x89,0x8c,0x24,0x88,0x06,0x00,0x00,0x48,0x8b,0x84,
0x24,0x88,0x06,0x00,0x00,0x48,0x8b,0x8c,0x24,0xb8,0x05,0x00,0x00,0xff,0x10,0x48,
0x8d,0x84,0x24,0x2a,0x15,0x00,0x00,0x48,0x8b,0x0d,0xa2,0x0c,0x00,0x00,0x48,0x89,
0x84,0x24,0x70,0x06,0x00,0x00,0x48,0x89,0x8c,0x24,0x90,0x06,0x00,0x00,0x48,0x8b,
0x84,0x24,0x90,0x06,0x00,0x00,0x48,0x8b,0x8c,0x24,0x70,0x06,0x00,0x00,0xff,0x10,
0x48,0x8b,0x05,0x81,0x0c,0x00,0x00,0x48,0x8b,0x8c,0x24,0xb0,0x0f,0x00,0x00,0x48,
0x8b,0x94,0x24,0xa8,0x0f,0x00,0x00,0x49,0x89,0xc8,0xff,0x10,0xe9,0xf4,0xc1,0xff,
0xff,0x48,0x8b,0x84,0x24,0xa0,0x0d,0x00,0x00,0x8a,0x00,0x3c,0x00,0x0f,0x84,0x68,
0x08,0x00,0x00,0x48,0x8d,0x84,0x24,0x08,0x15,0x00,0x00,0x48,0x8b,0x8c,0x24,0xb0,
0x0d,0x00,0x00,0x48,0x8d,0x11,0x48,0x8d,0x9c,0x24,0x98,0x14,0x00,0x00,0x4c,0x8b,
0x84,0x24,0xb8,0x0d,0x00,0x00,0x4d,0x8d,0x88,0x40,0x44,0x00,0x00,0x48,0x8b,0x2d,
0x34,0x0c,0x00,0x00,0x48,0x89,0xc1,0x49,0x89,0xd8,0xff,0x55,0x00,0x48,0x8d,0x84,
0x24,0x10,0x15,0x00,0x00,0x4c,0x8b,0x84,0x24,0xb8,0x0d,0x00,0x00,0x49,0x8d,0x88,
0x40,0x44,0x00,0x00,0x48,0x8b,0x15,0xad,0x09,0x00,0x00,0x48,0x89,0x84,0x24,0xa0,
0x06,0x00,0x00,0x48,0x89,0x8c,0x24,0x70,0x07,0x00,0x00,0x48,0x89,0x94,0x24,0x68,
0x07,0x00,0x00,0x48,0x8b,0x84,0x24,0x68,0x07,0x00,0x00,0x48,0x8b,0x8c,0x24,0xa0,
0x06,0x00,0x00,0x48,0x8b,0x94,0x24,0x70,0x07,0x00,0x00,0xff,0x10,0x48,0x8d,0x84,
0x24,0x18,0x15,0x00,0x00,0x48,0x8d,0x0d,0x74,0x08,0x00,0x00,0x48,0x8d,0x15,0x6d,
0x08,0x00,0x00,0x48,0x8b,0x1d,0x1e,0x09,0x00,0x00,0x48,0x89,0x8c,0x24,0x58,0x07,
0x00,0x00,0x48,0x89,0x94,0x24,0x38,0x07,0x00,0x00,0x48,0x89,0xc1,0x48,0x8b,0x94,
0x24,0x58,0x07,0x00,0x00,0x4c,0x8b,0x84,0x24,0x38,0x07,0x00,0x00,0xff,0x13,0x8a,
0x05,0x14,0x08,0x00,0x00,0x88,0x84,0x24,0x20,0x15,0x00,0x00,0x48,0x83,0xbc,0x24,
0x08,0x15,0x00,0x00,0x00,0x0f,0x95,0xc0,0x3c,0x00,0x0f,0x84,0x20,0x00,0x00,0x00,
0x48,0x8b,0x84,0x24,0x08,0x15,0x00,0x00,0x80,0x78,0x14,0x00,0x0f,0x84,0x07,0x00,
0x00,0x00,0xb0,0x01,0xe9,0x0e,0x00,0x00,0x00,0xb0,0x00,0xe9,0x07,0x00,0x00,0x00,
0xb0,0x00,0xe9,0x00,0x00,0x00,0x00,0x3c,0x00,0x0f,0x84,0x7f,0x00,0x00,0x00,0x48,
0x8b,0x84,0x24,0x08,0x15,0x00,0x00,0x48,0x8d,0x8c,0x24,0x10,0x15,0x00,0x00,0x48,
0x8d,0x40,0x0c,0x48,0x8b,0x15,0x26,0x09,0x00,0x00,0x48,0x89,0x84,0x24,0x50,0x07,
0x00,0x00,0x48,0x89,0x94,0x24,0x48,0x07,0x00,0x00,0x48,0x8b,0x84,0x24,0x48,0x07,
0x00,0x00,0x48,0x8b,0x94,0x24,0x50,0x07,0x00,0x00,0xff,0x10,0x48,0x8b,0x84,0x24,
0x08,0x15,0x00,0x00,0x48,0x8d,0x8c,0x24,0x18,0x15,0x00,0x00,0x48,0x8d,0x40,0x04,
0x48,0x8b,0x15,0xe9,0x08,0x00,0x00,0x48,0x89,0x84,0x24,0x78,0x07,0x00,0x00,0x48,
0x89,0x94,0x24,0x60,0x07,0x00,0x00,0x48,0x8b,0x84,0x24,0x60,0x07,0x00,0x00,0x48,
0x8b,0x94,0x24,0x78,0x07,0x00,0x00,0xff,0x10,0xe9,0xc1,0x01,0x00,0x00,0x48,0x8b,
0x84,0x24,0xa8,0x0d,0x00,0x00,0x48,0x83,0x38,0x00,0x0f,0x95,0xc0,0x3c,0x00,0x0f,
0x84,0x29,0x00,0x00,0x00,0x48,0x8b,0x84,0x24,0xa8,0x0d,0x00,0x00,0x48,0x8b,0x08,
0x48,0x83,0x79,0x28,0x00,0x0f,0x95,0xc0,0x3c,0x00,0x0f,0x84,0x07,0x00,0x00,0x00,
0xb0,0x01,0xe9,0x0e,0x00,0x00,0x00,0xb0,0x00,0xe9,0x07,0x00,0x00,0x00,0xb0,0x00,
0xe9,0x00,0x00,0x00,0x00,0x3c,0x00,0x0f,0x84,0x72,0x01,0x00,0x00,0x48,0x8d,0x84,
0x24,0x10,0x15,0x00,0x00,0x48,0x8d,0x8c,0x24,0x10,0x15,0x00,0x00,0x4c,0x8b,0x84,
0x24,0xb8,0x0d,0x00,0x00,0x49,0x8d,0x90,0x70,0x44,0x00,0x00,0x48,0x8b,0x1d,0x3d,
0x08,0x00,0x00,0x48,0x89,0x8c,0x24,0xb0,0x06,0x00,0x00,0x48,0x89,0x94,0x24,0xa8,
0x06,0x00,0x00,0x48,0x89,0xc1,0x48,0x8b,0x94,0x24,0xb0,0x06,0x00,0x00,0x4c,0x8b,
0x84,0x24,0xa8,0x06,0x00,0x00,0xff,0x13,0x48,0x8b,0x84,0x24,0xa8,0x0d,0x00,0x00,
0x48,0x8b,0x08,0x48,0x8b,0x41,0x28,0x48,0x8d,0x8c,0x24,0x18,0x15,0x00,0x00,0x48,
0x8d,0x80,0x70,0x01,0x00,0x00,0x4c,0x8b,0x84,0x24,0xb8,0x0d,0x00,0x00,0x49,0x8d,
0x90,0x78,0x44,0x00,0x00,0x48,0x8b,0x1d,0xec,0x07,0x00,0x00,0x48,0x89,0x94,0x24,
0xd8,0x06,0x00,0x00,0x48,0x89,0xc2,0x4c,0x8b,0x84,0x24,0xd8,0x06,0x00,0x00,0xff,
0x13,0x48,0x8d,0x84,0x24,0x24,0x15,0x00,0x00,0x48,0x8d,0x0d,0x80,0x06,0x00,0x00,
0x48,0x8d,0x15,0x79,0x06,0x00,0x00,0x48,0x8b,0x1d,0x2a,0x07,0x00,0x00,0x48,0x89,
0x8c,0x24,0xc0,0x06,0x00,0x00,0x48,0x89,0x94,0x24,0xe0,0x06,0x00,0x00,0x48,0x89,
0xc1,0x48,0x8b,0x94,0x24,0xc0,0x06,0x00,0x00,0x4c,0x8b,0x84,0x24,0xe0,0x06,0x00,
0x00,0xff,0x13,0x48,0x8d,0x84,0x24,0x21,0x15,0x00,0x00,0x48,0x8d,0x8c,0x24,0x18,
0x15,0x00,0x00,0x48,0x8d,0x94,0x24,0x24,0x15,0x00,0x00,0x48,0x8b,0x1d,0x8e,0x09,
0x00,0x00,0x48,0x89,0x8c,0x24,0xf0,0x06,0x00,0x00,0x48,0x89,0x94,0x24,0x20,0x07,
0x00,0x00,0x48,0x89,0xc1,0x48,0x8b,0x94,0x24,0xf0,0x06,0x00,0x00,0x4c,0x8b,0x84,
0x24,0x20,0x07,0x00,0x00,0xff,0x13,0x8a,0x9c,0x24,0x21,0x15,0x00,0x00,0x48,0x8d,
0x84,0x24,0x24,0x15,0x00,0x00,0x48,0x8b,0x0d,0xbb,0x06,0x00,0x00,0x48,0x89,0x84,
0x24,0x18,0x07,0x00,0x00,0x48,0x89,0x8c,0x24,0x08,0x07,0x00,0x00,0x48,0x8b,0x84,
0x24,0x08,0x07,0x00,0x00,0x48,0x8b,0x8c,0x24,0x18,0x07,0x00,0x00,0xff,0x10,0x80,
0xfb,0x00,0x0f,0x84,0x12,0x00,0x00,0x00,0x8a,0x05,0xc2,0x05,0x00,0x00,0x88,0x84,
0x24,0x20,0x15,0x00,0x00,0xe9,0x00,0x00,0x00,0x00,0xe9,0x00,0x00,0x00,0x00,0x48,
0x8b,0x84,0x24,0xa8,0x0d,0x00,0x00,0x48,0x83,0x38,0x00,0x0f,0x95,0xc0,0x3c,0x00,
0x0f,0x84,0x29,0x00,0x00,0x00,0x48,0x8b,0x84,0x24,0xa8,0x0d,0x00,0x00,0x48,0x8b,
0x08,0x48,0x83,0x79,0x28,0x00,0x0f,0x95,0xc0,0x3c,0x00,0x0f,0x84,0x07,0x00,0x00,
0x00,0xb0,0x01,0xe9,0x0e,0x00,0x00,0x00,0xb0,0x00,0xe9,0x07,0x00,0x00,0x00,0xb0,
0x00,0xe9,0x00,0x00,0x00,0x00,0x3c,0x00,0x0f,0x84,0x6e,0x03,0x00,0x00,0x48,0xc7,
0x84,0x24,0x28,0x15,0x00,0x00,0x00,0x00,0x00,0x00,0x48,0x8d,0x84,0x24,0x30,0x15,
0x00,0x00,0x48,0x8b,0x8c,0x24,0xb0,0x0d,0x00,0x00,0x48,0x8d,0x11,0x49,0x8d,0x1f,
0x48,0x8d,0xac,0x24,0x98,0x14,0x00,0x00,0x4c,0x8d,0x9c,0x24,0xc0,0x14,0x00,0x00,
0x4c,0x8b,0x84,0x24,0xb8,0x0d,0x00,0x00,0x49,0x8d,0xb0,0x40,0x44,0x00,0x00,0x48,
0x8d,0xbc,0x24,0x18,0x15,0x00,0x00,0x4d,0x8d,0x88,0x70,0x44,0x00,0x00,0x48,0x89,
0x84,0x24,0x80,0x07,0x00,0x00,0x48,0x8b,0x84,0x24,0xa8,0x0d,0x00,0x00,0x4c,0x8d,
0x10,0x49,0x8d,0x80,0x78,0x44,0x00,0x00,0x4c,0x8d,0xa4,0x24,0x28,0x15,0x00,0x00,
0x4c,0x8b,0x2d,0xd1,0x06,0x00,0x00,0x4c,0x89,0x5c,0x24,0x20,0x48,0x89,0x74,0x24,
0x28,0x48,0x89,0x7c,0x24,0x30,0x4c,0x89,0x4c,0x24,0x38,0x4c,0x89,0x54,0x24,0x40,
0x48,0x89,0x44,0x24,0x48,0x4c,0x89,0x64,0x24,0x50,0x48,0x8b,0x8c,0x24,0x80,0x07,
0x00,0x00,0x49,0x89,0xd8,0x49,0x89,0xe9,0x41,0xff,0x55,0x00,0x48,0x83,0xbc,0x24,
0x28,0x15,0x00,0x00,0x00,0x0f,0x95,0xc3,0x48,0x8d,0x84,0x24,0x31,0x15,0x00,0x00,
0x48,0x8b,0x0d,0x01,0x08,0x00,0x00,0x48,0x89,0x84,0x24,0x90,0x07,0x00,0x00,0x48,
0x89,0x8c,0x24,0xc0,0x07,0x00,0x00,0x48,0x8b,0x84,0x24,0xc0,0x07,0x00,0x00,0x48,
0x8b,0x8c,0x24,0x90,0x07,0x00,0x00,0xff,0x10,0x48,0x8d,0x84,0x24,0x31,0x15,0x00,
0x00,0x48,0x8b,0x8c,0x24,0xb0,0x0d,0x00,0x00,0x48,0x8d,0x09,0x48,0x89,0x84,0x24,
0xb8,0x07,0x00,0x00,0x48,0x8b,0x84,0x24,0xa8,0x0d,0x00,0x00,0x48,0x8d,0x00,0x4c,
0x8d,0x8c,0x24,0x30,0x15,0x00,0x00,0x88,0x9c,0x24,0x35,0x15,0x00,0x00,0x48,0x8d,
0x94,0x24,0x35,0x15,0x00,0x00,0x48,0x8b,0x1d,0xa3,0x07,0x00,0x00,0x48,0x89,0x54,
0x24,0x20,0x48,0x89,0x8c,0x24,0xa8,0x07,0x00,0x00,0x48,0x8b,0x8c,0x24,0xb8,0x07,
0x00,0x00,0x48,0x8b,0x94,0x24,0xa8,0x07,0x00,0x00,0x49,0x89,0xc0,0xff,0x13,0x8b,
0x05,0x6b,0x04,0x00,0x00,0x88,0x84,0x24,0x34,0x15,0x00,0x00,0x48,0x8d,0x8c,0x24,
0x38,0x15,0x00,0x00,0x48,0x8d,0x05,0x59,0x04,0x00,0x00,0x48,0x8b,0x15,0x7e,0x04,
0x00,0x00,0x48,0x89,0x84,0x24,0x88,0x07,0x00,0x00,0x48,0x89,0x94,0x24,0xa0,0x07,
0x00,0x00,0x48,0x8b,0x84,0x24,0xa0,0x07,0x00,0x00,0x48,0x8b,0x94,0x24,0x88,0x07,
0x00,0x00,0xff,0x10,0x48,0x8d,0x84,0x24,0x36,0x15,0x00,0x00,0x48,0x8b,0x94,0x24,
0x98,0x0d,0x00,0x00,0x48,0x8d,0x0a,0x48,0x8d,0x9c,0x24,0x38,0x15,0x00,0x00,0x4c,
0x8d,0x8c,0x24,0x10,0x15,0x00,0x00,0x48,0x8d,0xac,0x24,0x18,0x15,0x00,0x00,0x48,
0x8d,0x35,0x92,0x03,0x00,0x00,0x48,0x8d,0xbc,0x24,0x31,0x15,0x00,0x00,0x4c,0x8b,
0x05,0x03,0x07,0x00,0x00,0x48,0x89,0x6c,0x24,0x20,0x48,0x89,0x74,0x24,0x28,0x48,
0x89,0x7c,0x24,0x30,0x48,0x89,0x8c,0x24,0x98,0x07,0x00,0x00,0x48,0x89,0x9c,0x24,
0x40,0x07,0x00,0x00,0x4c,0x89,0x84,0x24,0x30,0x07,0x00,0x00,0x48,0x8b,0x9c,0x24,
0x30,0x07,0x00,0x00,0x48,0x89,0xc1,0x48,0x8b,0x94,0x24,0x98,0x07,0x00,0x00,0x4c,
0x8b,0x84,0x24,0x40,0x07,0x00,0x00,0xff,0x13,0x48,0x8d,0x8c,0x24,0x38,0x15,0x00,
0x00,0x48,0x8b,0x05,0xd8,0x03,0x00,0x00,0xff,0x10,0x8a,0x84,0x24,0x20,0x15,0x00,
0x00,0x3c,0x00,0x0f,0x84,0x1d,0x01,0x00,0x00,0x48,0x8d,0x8c,0x24,0x38,0x15,0x00,
0x00,0x48,0x8d,0x05,0x81,0x03,0x00,0x00,0x48,0x8b,0x15,0xa1,0x03,0x00,0x00,0x48,
0x89,0x84,0x24,0x10,0x07,0x00,0x00,0x48,0x89,0x94,0x24,0x28,0x07,0x00,0x00,0x48,
0x8b,0x84,0x24,0x28,0x07,0x00,0x00,0x48,0x8b,0x94,0x24,0x10,0x07,0x00,0x00,0xff,
0x10,0x48,0x8d,0x8c,0x24,0x48,0x15,0x00,0x00,0x48,0x8d,0x05,0xe0,0x02,0x00,0x00,
0x48,0x8d,0x15,0xd9,0x02,0x00,0x00,0x48,0x8b,0x1d,0x8a,0x03,0x00,0x00,0x48,0x89,
0x94,0x24,0xd0,0x06,0x00,0x00,0x48,0x89,0xc2,0x4c,0x8b,0x84,0x24,0xd0,0x06,0x00,
0x00,0xff,0x13,0x48,0x8d,0x84,0x24,0x36,0x15,0x00,0x00,0x48,0x8b,0x94,0x24,0x98,
0x0d,0x00,0x00,0x48,0x8d,0x0a,0x48,0x8d,0x9c,0x24,0x38,0x15,0x00,0x00,0x4c,0x8b,
0x84,0x24,0xb8,0x0d,0x00,0x00,0x4d,0x8d,0x88,0x40,0x44,0x00,0x00,0x48,0x8d,0xac,
0x24,0x48,0x15,0x00,0x00,0x48,0x8d,0x35,0xf4,0x02,0x00,0x00,0x48,0x8d,0xbc,0x24,
0x31,0x15,0x00,0x00,0x4c,0x8b,0x05,0xed,0x05,0x00,0x00,0x48,0x89,0x6c,0x24,0x20,
0x48,0x89,0x74,0x24,0x28,0x48,0x89,0x7c,0x24,0x30,0x48,0x89,0x84,0x24,0xc8,0x06,
0x00,0x00,0x48,0x89,0x8c,0x24,0xb8,0x06,0x00,0x00,0x4c,0x89,0x84,0x24,0x98,0x06,
0x00,0x00,0x48,0x8b,0x84,0x24,0x98,0x06,0x00,0x00,0x48,0x8b,0x8c,0x24,0xc8,0x06,
0x00,0x00,0x48,0x8b,0x94,0x24,0xb8,0x06,0x00,0x00,0x49,0x89,0xd8,0xff,0x10,0x48,
0x8d,0x8c,0x24,0x48,0x15,0x00,0x00,0x48,0x8b,0x05,0xea,0x02,0x00,0x00,0xff,0x10,
0x48,0x8d,0x8c,0x24,0x38,0x15,0x00,0x00,0x48,0x8b,0x05,0xb1,0x02,0x00,0x00,0xff,
0x10,0xe9,0x00,0x00,0x00,0x00,0x48,0x8d,0x8c,0x24,0x31,0x15,0x00,0x00,0x48,0x8b,
0x05,0x3b,0x05,0x00,0x00,0xff,0x10,0xe9,0x28,0x01,0x00,0x00,0x48,0x8d,0x84,0x24,
0x21,0x15,0x00,0x00,0x48,0x8b,0x8c,0x24,0xb0,0x0d,0x00,0x00,0x48,0x8d,0x09,0x49,
0x8d,0x17,0x4c,0x8d,0x8c,0x24,0x98,0x14,0x00,0x00,0x48,0x8d,0x9c,0x24,0xc0,0x14,
0x00,0x00,0x4c,0x8b,0x84,0x24,0xb8,0x0d,0x00,0x00,0x49,0x8d,0xa8,0x40,0x44,0x00,
0x00,0x48,0x8b,0x35,0x38,0x05,0x00,0x00,0x48,0x89,0x5c,0x24,0x20,0x48,0x89,0x6c,
0x24,0x28,0x48,0x89,0x8c,0x24,0xe8,0x06,0x00,0x00,0x48,0x89,0x94,0x24,0x00,0x07,
0x00,0x00,0x48,0x89,0xc1,0x48,0x8b,0x94,0x24,0xe8,0x06,0x00,0x00,0x4c,0x8b,0x84,
0x24,0x00,0x07,0x00,0x00,0xff,0x16,0x8a,0x84,0x24,0x21,0x15,0x00,0x00,0x3a,0x05,
0x55,0x01,0x00,0x00,0x0f,0x94,0xc0,0x3c,0x00,0x0f,0x84,0xa5,0x00,0x00,0x00,0x48,
0x8d,0x8c,0x24,0x28,0x15,0x00,0x00,0x48,0x8d,0x05,0xda,0x01,0x00,0x00,0x48,0x8b,
0x15,0xeb,0x01,0x00,0x00,0x48,0x89,0x84,0x24,0xf8,0x06,0x00,0x00,0x48,0x89,0x94,
0x24,0x08,0x16,0x00,0x00,0x48,0x8b,0x84,0x24,0x08,0x16,0x00,0x00,0x48,0x8b,0x94,
0x24,0xf8,0x06,0x00,0x00,0xff,0x10,0x48,0x8b,0x05,0xba,0x04,0x00,0x00,0x48,0x8d,
0x8c,0x24,0x21,0x15,0x00,0x00,0x48,0x8b,0x94,0x24,0x98,0x0d,0x00,0x00,0x48,0x8d,
0x1a,0x4c,0x8d,0x84,0x24,0x28,0x15,0x00,0x00,0x4c,0x8d,0x8c,0x24,0x10,0x15,0x00,
0x00,0x48,0x8d,0xac,0x24,0x18,0x15,0x00,0x00,0x48,0x8d,0x35,0xf8,0x00,0x00,0x00,
0x48,0x8d,0x00,0x48,0x8b,0x3d,0x6e,0x04,0x00,0x00,0x48,0x89,0x6c,0x24,0x20,0x48,
0x89,0x74,0x24,0x28,0x48,0x89,0x44,0x24,0x30,0x48,0x89,0xda,0xff,0x17,0x48,0x8d,
0x8c,0x24,0x28,0x15,0x00,0x00,0x48,0x8b,0x05,0x73,0x01,0x00,0x00,0xff,0x10,0xe9,
0x00,0x00,0x00,0x00,0x48,0x8d,0x8c,0x24,0x18,0x15,0x00,0x00,0x48,0x8b,0x05,0x85,
0x01,0x00,0x00,0xff,0x10,0x48,0x8d,0x8c,0x24,0x10,0x15,0x00,0x00,0x48,0x8b,0x05,
0x74,0x01,0x00,0x00,0xff,0x10,0xe9,0x00,0x00,0x00,0x00,0x48,0x8d,0x8c,0x24,0xf8,
0x14,0x00,0x00,0x48,0x8b,0x05,0x5e,0x01,0x00,0x00,0xff,0x10,0x48,0x8d,0x8c,0x24,
0xe8,0x14,0x00,0x00,0x48,0x8b,0x05,0x25,0x01,0x00,0x00,0xff,0x10,0x48,0x8d,0x8c,
0x24,0xc0,0x14,0x00,0x00,0x48,0x8b,0x05,0x04,0x04,0x00,0x00,0xff,0x10,0x48,0x8d,
0x8c,0x24,0x98,0x14,0x00,0x00,0x48,0x8b,0x05,0xfb,0x03,0x00,0x00,0xff,0x10,0x48,
0x8b,0x94,0x24,0x98,0x0d,0x00,0x00,0x48,0x8d,0x0a,0x48,0x8b,0x05,0x87,0x03,0x00,
0x00,0xff,0x10,0x48,0x8d,0x8c,0x24,0x88,0x14,0x00,0x00,0x48,0x8b,0x05,0xde,0x00,
0x00,0x00,0xff,0x10,0x48,0x81,0xc4,0x18,0x16,0x00,0x00,0x41,0x5f,0x41,0x5e,0x41,
0x5d,0x41,0x5c,0x5f,0x5e,0x5d,0x5b,0xc3,0x5f,0x00,0x5f,0x63,0x6f,0x6e,0x74,0x61,
0x69,0x6e,0x65,0x72,0x5f,0x74,0x69,0x74,0x6c,0x65,0x00,0x5f,0x67,0x72,0x69,0x64,
0x5f,0x61,0x6c,0x69,0x67,0x6e,0x65,0x72,0x00,0x00,0x00,0x00,0x00,0x00,0x00,0x00,
0x01,0x00,0x00,0x00,0xff,0xff,0xff,0xff,0x5f,0x67,0x72,0x69,0x64,0x5f,0x00,0x75,
0x69,0x5f,0x61,0x6c,0x69,0x67,0x6e,0x65,0x72,0x00,0x00,0x00,0x00,0x00,0x00,0x00,
0x00,0x00,0x00,0x00,0x00,0x00,0xe0,0x3f,0x23,0x03,0x00,0x00,0x30,0x00,0x00,0x00,
0x21,0x00,0x00,0x00,0x20,0x03,0x00,0x00,0x1f,0x03,0x00,0x00,0x22,0x00,0x00,0x00,
0xc9,0x02,0x00,0x00,0x28,0x00,0x00,0x00,0x1d,0x03,0x00,0x00,0x27,0x00,0x00,0x00,
0x21,0x03,0x00,0x00,0x06,0x01,0x00,0x00,0x04,0x00,0x00,0x00,0x02,0x00,0x00,0x00,
0x40,0x00,0x00,0x00,0x64,0x72,0x61,0x67,0x00,0x64,0x72,0x61,0x67,0x32,0x00,0x00,
0x00,0x00,0x00,0x00,0x00,0x00,0xf0,0x3f,0x63,0x75,0x72,0x73,0x6f,0x72,0x00,0x00,
};
static const unsigned char ST_TITLE[]={0x53,0x55,0x56,0x48,0x81,0xec,0x90,0x00,0x00,0x00,0x48,0x8b,0x9c,0x24,0xd0,0x00,0x00,0x00,0x48,0x8b,0xac,0x24,0xd8,0x00,0x00,0x00,0x48,0x89,0x4c,0x24,0x20,0x48,0x89,0x54,0x24,0x28,0x4c,0x89,0x44,0x24,0x30,0x4c,0x89,0x4c,0x24,0x38,0x48,0x89,0x5c,0x24,0x40,0x48,0x89,0x6c,0x24,0x48,0x48,0xc7,0x44,0x24,0x50,0x00,0x00,0x00,0x00,0x48,0xc7,0x44,0x24,0x58,0x00,0x00,0x00,0x00,0x48,0x8d,0x44,0x24,0x50,0x48,0x8d,0x12,0x4d,0x8d,0x00,0x48,0x8b,0x35,0xac,0x00,0x00,0x00,0x48,0x89,0x4c,0x24,0x60,0x48,0x89,0xc1,0x4c,0x89,0x4c,0x24,0x68,0xff,0x16,0x48,0x8b,0x54,0x24,0x58,0x48,0x8b,0x03,0x48,0x89,0x42,0x48,0x48,0x8b,0x44,0x24,0x58,0x48,0x8d,0x40,0x50,0x4c,0x8b,0x4c,0x24,0x68,0x49,0x8d,0x11,0x48,0x8b,0x0d,0x81,0x00,0x00,0x00,0x48,0x89,0x44,0x24,0x70,0x48,0x89,0x4c,0x24,0x78,0x48,0x8b,0x44,0x24,0x78,0x48,0x8b,0x4c,0x24,0x70,0xff,0x10,0x48,0x8b,0x44,0x24,0x58,0x48,0x8d,0x40,0x1c,0x48,0x8d,0x55,0x00,0x48,0x8b,0x0d,0x5f,0x00,0x00,0x00,0x48,0x89,0x84,0x24,0x80,0x00,0x00,0x00,0x48,0x89,0x8c,0x24,0x88,0x00,0x00,0x00,0x48,0x8b,0x84,0x24,0x88,0x00,0x00,0x00,0x48,0x8b,0x8c,0x24,0x80,0x00,0x00,0x00,0xff,0x10,0x48,0x8b,0x44,0x24,0x58,0x8a,0x40,0x40,0x48,0x8b,0x4c,0x24,0x60,0x88,0x01,0x48,0x8d,0x4c,0x24,0x50,0x48,0x8b,0x05,0x2a,0x00,0x00,0x00,0xff,0x10,0xe9,0x00,0x00,0x00,0x00,0x48,0x81,0xc4,0x90,0x00,0x00,0x00,0x5e,0x5d,0x5b,0xc3};
static const unsigned char ST_COMPONENT_CTOR[]={
0x53,0x48,0x83,0xec,0x70,0x48,0x89,0x4c,0x24,0x40,0x48,0x8d,0x01,0x48,0x8d,0x15,
0xcc,0x0a,0x00,0x00,0x48,0x8b,0x1d,0x75,0x0b,0x00,0x00,0x48,0x89,0x4c,0x24,0x28,
0x48,0x89,0xc1,0xff,0x13,0x48,0x8b,0x4c,0x24,0x28,0x48,0x8d,0x41,0x10,0x48,0x8d,
0x15,0xb6,0x0a,0x00,0x00,0x48,0x8b,0x1d,0x54,0x0b,0x00,0x00,0x48,0x89,0xc1,0xff,
0x13,0x48,0x8b,0x4c,0x24,0x28,0x48,0x8d,0x41,0x20,0x48,0x8d,0x15,0x99,0x0a,0x00,
0x00,0x48,0x8b,0x1d,0x38,0x0b,0x00,0x00,0x48,0x89,0xc1,0xff,0x13,0x48,0x8b,0x4c,
0x24,0x28,0x48,0x8d,0x41,0x30,0x48,0x8d,0x15,0x7d,0x0a,0x00,0x00,0x48,0x8b,0x1d,
0x1c,0x0b,0x00,0x00,0x48,0x89,0xc1,0xff,0x13,0x48,0x8b,0x4c,0x24,0x28,0x48,0x8d,
0x41,0x40,0x48,0x8b,0x15,0x0f,0x0b,0x00,0x00,0x48,0x89,0xc1,0xff,0x12,0x48,0x8b,
0x4c,0x24,0x28,0x48,0x8d,0x41,0x68,0x48,0x8b,0x15,0x02,0x0b,0x00,0x00,0x48,0x89,
0xc1,0xff,0x12,0x48,0x8b,0x4c,0x24,0x28,0x48,0x8d,0x81,0x90,0x00,0x00,0x00,0x48,
0x8b,0x15,0xf2,0x0a,0x00,0x00,0x48,0x89,0xc1,0xff,0x12,0x48,0x8b,0x4c,0x24,0x28,
0x48,0x8d,0x81,0xb8,0x00,0x00,0x00,0x48,0x8b,0x15,0xe2,0x0a,0x00,0x00,0x48,0x89,
0xc1,0xff,0x12,0x48,0x8b,0x4c,0x24,0x28,0x48,0x8d,0x81,0xe0,0x00,0x00,0x00,0x48,
0x8b,0x15,0xd2,0x0a,0x00,0x00,0x48,0x89,0xc1,0xff,0x12,0x48,0x8b,0x4c,0x24,0x28,
0x48,0x8d,0x81,0x28,0x01,0x00,0x00,0x48,0x8b,0x15,0xc2,0x0a,0x00,0x00,0x48,0x89,
0xc1,0xff,0x12,0x8b,0x05,0xef,0x09,0x00,0x00,0x48,0x8b,0x4c,0x24,0x28,0x89,0x81,
0x50,0x01,0x00,0x00,0x8b,0x05,0xde,0x09,0x00,0x00,0x89,0x81,0x54,0x01,0x00,0x00,
0x8b,0x05,0xd2,0x09,0x00,0x00,0x89,0x81,0x58,0x01,0x00,0x00,0x48,0x8d,0x81,0x5c,
0x01,0x00,0x00,0x48,0x8d,0x15,0xc2,0x09,0x00,0x00,0x4c,0x8d,0x05,0xbb,0x09,0x00,
0x00,0x4c,0x8d,0x0d,0xb4,0x09,0x00,0x00,0x48,0x8b,0x1d,0x79,0x0a,0x00,0x00,0x48,
0x89,0xc1,0xff,0x13,0x48,0x8b,0x4c,0x24,0x28,0x48,0x8d,0x81,0x68,0x01,0x00,0x00,
0x48,0x8d,0x15,0x91,0x09,0x00,0x00,0x4c,0x8d,0x05,0x8a,0x09,0x00,0x00,0x4c,0x8d,
0x0d,0x83,0x09,0x00,0x00,0x48,0x8b,0x1d,0x4c,0x0a,0x00,0x00,0x48,0x89,0xc1,0xff,
0x13,0x48,0x8b,0x4c,0x24,0x28,0x48,0x8d,0x81,0x74,0x01,0x00,0x00,0x48,0x8d,0x15,
0x6c,0x09,0x00,0x00,0x4c,0x8d,0x05,0x65,0x09,0x00,0x00,0x4c,0x8d,0x0d,0x5e,0x09,
0x00,0x00,0x48,0x8b,0x1d,0x1f,0x0a,0x00,0x00,0x48,0x89,0xc1,0xff,0x13,0x48,0x8b,
0x4c,0x24,0x28,0x48,0x8d,0x81,0x80,0x01,0x00,0x00,0x48,0x8b,0x15,0x0f,0x0a,0x00,
0x00,0x48,0x89,0xc1,0xff,0x12,0x48,0x8b,0x4c,0x24,0x28,0x48,0x8d,0x81,0x98,0x01,
0x00,0x00,0x48,0x8b,0x15,0xff,0x09,0x00,0x00,0x48,0x89,0xc1,0xff,0x12,0x48,0x8b,
0x4c,0x24,0x28,0x48,0x8d,0x81,0xa4,0x01,0x00,0x00,0x48,0x8b,0x15,0xe7,0x09,0x00,
0x00,0x48,0x89,0xc1,0xff,0x12,0x8a,0x05,0xee,0x08,0x00,0x00,0x48,0x8b,0x4c,0x24,
0x28,0x88,0x81,0xb0,0x01,0x00,0x00,0x8a,0x05,0xdd,0x08,0x00,0x00,0x88,0x81,0xb1,
0x01,0x00,0x00,0x8a,0x05,0xd1,0x08,0x00,0x00,0x88,0x81,0xb2,0x01,0x00,0x00,0x8a,
0x05,0xc5,0x08,0x00,0x00,0x88,0x81,0xb3,0x01,0x00,0x00,0x48,0x8d,0x81,0xb8,0x01,
0x00,0x00,0x48,0x8d,0x15,0xb1,0x08,0x00,0x00,0x48,0x8b,0x1d,0x50,0x09,0x00,0x00,
0x48,0x89,0xc1,0xff,0x13,0x8b,0x05,0xad,0x08,0x00,0x00,0x48,0x8b,0x4c,0x24,0x28,
0x89,0x81,0xc8,0x01,0x00,0x00,0x48,0x8d,0x81,0xd0,0x01,0x00,0x00,0x48,0x8d,0x15,
0x86,0x08,0x00,0x00,0x48,0x8b,0x1d,0x25,0x09,0x00,0x00,0x48,0x89,0xc1,0xff,0x13,
0x48,0x8b,0x4c,0x24,0x28,0x48,0x8d,0x81,0xe0,0x01,0x00,0x00,0x48,0x8d,0x15,0x67,
0x08,0x00,0x00,0x48,0x8b,0x1d,0x06,0x09,0x00,0x00,0x48,0x89,0xc1,0xff,0x13,0x48,
0x8b,0x4c,0x24,0x28,0x48,0x8d,0x81,0xf0,0x01,0x00,0x00,0x48,0x8b,0x15,0x3e,0x09,
0x00,0x00,0x48,0x89,0xc1,0xff,0x12,0x48,0x8b,0x4c,0x24,0x28,0x48,0x8d,0x81,0x18,
0x02,0x00,0x00,0x48,0x8b,0x15,0x2e,0x09,0x00,0x00,0x48,0x89,0xc1,0xff,0x12,0x8b,
0x05,0x3f,0x08,0x00,0x00,0x48,0x8b,0x4c,0x24,0x28,0x89,0x81,0x40,0x02,0x00,0x00,
0x8b,0x05,0x26,0x08,0x00,0x00,0x89,0x81,0x44,0x02,0x00,0x00,0xf2,0x0f,0x10,0x05,
0x24,0x08,0x00,0x00,0xf2,0x0f,0x11,0x81,0x48,0x02,0x00,0x00,0x48,0x8d,0x81,0x50,
0x02,0x00,0x00,0x48,0x8d,0x15,0xf0,0x07,0x00,0x00,0x48,0x8b,0x1d,0x8f,0x08,0x00,
0x00,0x48,0x89,0xc1,0xff,0x13,0x48,0x8b,0x4c,0x24,0x28,0x48,0x8d,0x81,0x60,0x02,
0x00,0x00,0x48,0x8b,0x15,0xd7,0x08,0x00,0x00,0x48,0x89,0xc1,0xff,0x12,0x48,0x8b,
0x4c,0x24,0x28,0x48,0x8d,0x81,0x68,0x02,0x00,0x00,0x48,0x8b,0x15,0xc7,0x08,0x00,
0x00,0x48,0x89,0xc1,0xff,0x12,0x8b,0x05,0xbc,0x07,0x00,0x00,0x48,0x8b,0x4c,0x24,
0x28,0x89,0x81,0x90,0x02,0x00,0x00,0x48,0x8d,0x81,0x94,0x02,0x00,0x00,0x48,0x8b,
0x15,0x83,0x08,0x00,0x00,0x48,0x89,0xc1,0xff,0x12,0x48,0x8b,0x4c,0x24,0x28,0x48,
0x8d,0x81,0xa0,0x02,0x00,0x00,0x48,0x8b,0x15,0x6b,0x08,0x00,0x00,0x48,0x89,0xc1,
0xff,0x12,0x48,0x8b,0x4c,0x24,0x28,0x48,0xc7,0x81,0xb0,0x02,0x00,0x00,0x00,0x00,
0x00,0x00,0x48,0x8d,0x81,0xb8,0x02,0x00,0x00,0x48,0x8b,0x15,0x70,0x08,0x00,0x00,
0x48,0x89,0xc1,0xff,0x12,0x8b,0x05,0x61,0x07,0x00,0x00,0x48,0x8b,0x4c,0x24,0x28,
0x89,0x81,0xd8,0x02,0x00,0x00,0xf2,0x0f,0x10,0x05,0x62,0x07,0x00,0x00,0xf2,0x0f,
0x11,0x81,0xe0,0x02,0x00,0x00,0x8b,0x05,0x3c,0x07,0x00,0x00,0x89,0x81,0xe8,0x02,
0x00,0x00,0x8b,0x05,0x30,0x07,0x00,0x00,0x89,0x81,0xec,0x02,0x00,0x00,0x48,0x8d,
0x81,0xf0,0x02,0x00,0x00,0x48,0x8b,0x15,0xfc,0x07,0x00,0x00,0x48,0x89,0xc1,0xff,
0x12,0x48,0x8b,0x4c,0x24,0x28,0x4c,0x8d,0x89,0x00,0x03,0x00,0x00,0x48,0x8d,0x15,
0x08,0x07,0x00,0x00,0x48,0x8b,0x05,0x0d,0x08,0x00,0x00,0x4c,0x89,0xc9,0x48,0x89,
0x4c,0x24,0x58,0x48,0x89,0x54,0x24,0x50,0xff,0x10,0x48,0x8b,0x05,0xff,0x07,0x00,
0x00,0x48,0x8b,0x4c,0x24,0x58,0x48,0x8b,0x54,0x24,0x50,0xff,0x10,0x48,0x8d,0x44,
0x24,0x48,0x4c,0x8d,0x05,0xcf,0x06,0x00,0x00,0x48,0x8b,0x0d,0xe8,0x07,0x00,0x00,
0x48,0x89,0x44,0x24,0x38,0x48,0x89,0x4c,0x24,0x20,0x48,0x8b,0x44,0x24,0x20,0x48,
0x8b,0x4c,0x24,0x38,0x48,0x8b,0x54,0x24,0x58,0xff,0x10,0x48,0x8b,0x44,0x24,0x48,
0x48,0x8d,0x00,0x48,0x8b,0x0d,0xc6,0x07,0x00,0x00,0x48,0x89,0x44,0x24,0x30,0x48,
0x89,0x4c,0x24,0x60,0x48,0x8b,0x44,0x24,0x60,0x48,0x8b,0x4c,0x24,0x30,0xff,0x10,
0xf2,0x0f,0x10,0x05,0xa0,0x06,0x00,0x00,0x48,0x8b,0x4c,0x24,0x28,0xf2,0x0f,0x11,
0x81,0x28,0x03,0x00,0x00,0xf2,0x0f,0x10,0x05,0x93,0x06,0x00,0x00,0xf2,0x0f,0x11,
0x81,0x30,0x03,0x00,0x00,0x48,0x8d,0x81,0x38,0x03,0x00,0x00,0x48,0x8b,0x15,0x2d,
0x07,0x00,0x00,0x48,0x89,0xc1,0xff,0x12,0xf2,0x0f,0x10,0x05,0x78,0x06,0x00,0x00,
0x48,0x8b,0x4c,0x24,0x28,0xf2,0x0f,0x11,0x81,0x50,0x03,0x00,0x00,0xf2,0x0f,0x10,
0x05,0x6b,0x06,0x00,0x00,0xf2,0x0f,0x11,0x81,0x58,0x03,0x00,0x00,0x48,0x8d,0x81,
0x60,0x03,0x00,0x00,0x48,0x8d,0x15,0x35,0x06,0x00,0x00,0x4c,0x8d,0x05,0x2e,0x06,
0x00,0x00,0x4c,0x8d,0x0d,0x3f,0x06,0x00,0x00,0x48,0x8b,0x1d,0x38,0x07,0x00,0x00,
0x48,0x89,0xc1,0xff,0x13,0x48,0x8b,0x4c,0x24,0x28,0x48,0x8d,0x81,0x78,0x03,0x00,
0x00,0x48,0x8d,0x15,0x20,0x06,0x00,0x00,0x4c,0x8d,0x05,0x01,0x06,0x00,0x00,0x4c,
0x8d,0x0d,0xfa,0x05,0x00,0x00,0x48,0x8b,0x1d,0x0b,0x07,0x00,0x00,0x48,0x89,0xc1,
0xff,0x13,0x48,0x8b,0x4c,0x24,0x28,0x48,0x8d,0x81,0x90,0x03,0x00,0x00,0x48,0x8d,
0x15,0xdb,0x05,0x00,0x00,0x4c,0x8d,0x05,0xec,0x05,0x00,0x00,0x4c,0x8d,0x0d,0xcd,
0x05,0x00,0x00,0x48,0x8b,0x1d,0xde,0x06,0x00,0x00,0x48,0x89,0xc1,0xff,0x13,0x48,
0x8b,0x05,0xda,0x06,0x00,0x00,0xf2,0x0f,0x10,0x00,0xf2,0x0f,0x59,0x05,0xd6,0x05,
0x00,0x00,0x48,0x8b,0x4c,0x24,0x28,0xf2,0x0f,0x11,0x81,0xa8,0x03,0x00,0x00,0xf2,
0x0f,0x10,0x05,0xc9,0x05,0x00,0x00,0xf2,0x0f,0x11,0x81,0xb0,0x03,0x00,0x00,0x48,
0x8d,0x81,0xb8,0x03,0x00,0x00,0x48,0x8b,0x15,0xab,0x06,0x00,0x00,0x48,0x89,0xc1,
0xff,0x12,0x48,0x8b,0x4c,0x24,0x28,0x48,0x8d,0x81,0x08,0x04,0x00,0x00,0x48,0x8d,
0x15,0x45,0x05,0x00,0x00,0x48,0x8b,0x1d,0xe4,0x05,0x00,0x00,0x48,0x89,0xc1,0xff,
0x13,0x8b,0x05,0x91,0x05,0x00,0x00,0x48,0x8b,0x4c,0x24,0x28,0x89,0x81,0x18,0x04,
0x00,0x00,0x8b,0x05,0x34,0x05,0x00,0x00,0x89,0x81,0x1c,0x04,0x00,0x00,0xf2,0x0f,
0x10,0x05,0x7a,0x05,0x00,0x00,0xf2,0x0f,0x11,0x81,0x20,0x04,0x00,0x00,0xf2,0x0f,
0x10,0x05,0x52,0x05,0x00,0x00,0xf2,0x0f,0x11,0x81,0x28,0x04,0x00,0x00,0x48,0xc7,
0x81,0x30,0x04,0x00,0x00,0x00,0x00,0x00,0x00,0x48,0x8d,0x81,0x38,0x04,0x00,0x00,
0x48,0x8b,0x15,0xc9,0x05,0x00,0x00,0x48,0x89,0xc1,0xff,0x12,0x48,0x8b,0x4c,0x24,
0x28,0x48,0x8d,0x81,0x50,0x04,0x00,0x00,0x48,0x8b,0x15,0xb1,0x05,0x00,0x00,0x48,
0x89,0xc1,0xff,0x12,0x48,0x8b,0x4c,0x24,0x28,0x48,0x8d,0x81,0x68,0x04,0x00,0x00,
0x48,0x8b,0x15,0x99,0x05,0x00,0x00,0x48,0x89,0xc1,0xff,0x12,0x48,0x8b,0x4c,0x24,
0x28,0x48,0x8d,0x81,0x80,0x04,0x00,0x00,0x48,0x8b,0x15,0x81,0x05,0x00,0x00,0x48,
0x89,0xc1,0xff,0x12,0xf2,0x0f,0x10,0x05,0xb4,0x04,0x00,0x00,0x48,0x8b,0x4c,0x24,
0x28,0xf2,0x0f,0x11,0x81,0x98,0x04,0x00,0x00,0xf2,0x0f,0x10,0x05,0x9f,0x04,0x00,
0x00,0xf2,0x0f,0x11,0x81,0xa0,0x04,0x00,0x00,0x48,0x8d,0x81,0xa8,0x04,0x00,0x00,
0x48,0x8d,0x15,0xa1,0x04,0x00,0x00,0x4c,0x8d,0x05,0x82,0x04,0x00,0x00,0x4c,0x8d,
0x0d,0x7b,0x04,0x00,0x00,0x48,0x8b,0x1d,0x8c,0x05,0x00,0x00,0x48,0x89,0xc1,0xff,
0x13,0x48,0x8b,0x4c,0x24,0x28,0x48,0x8d,0x81,0xc0,0x04,0x00,0x00,0x48,0x8b,0x15,
0x1c,0x05,0x00,0x00,0x48,0x89,0xc1,0xff,0x12,0x48,0x8b,0x4c,0x24,0x28,0x48,0x8d,
0x81,0xd8,0x04,0x00,0x00,0x48,0x8b,0x15,0x04,0x05,0x00,0x00,0x48,0x89,0xc1,0xff,
0x12,0x48,0x8b,0x4c,0x24,0x28,0x48,0x8d,0x81,0xf0,0x04,0x00,0x00,0x48,0x8b,0x15,
0xec,0x04,0x00,0x00,0x48,0x89,0xc1,0xff,0x12,0x48,0x8b,0x4c,0x24,0x28,0x48,0x8d,
0x81,0x08,0x05,0x00,0x00,0x48,0x8b,0x15,0xd4,0x04,0x00,0x00,0x48,0x89,0xc1,0xff,
0x12,0x48,0x8b,0x4c,0x24,0x28,0x48,0x8d,0x81,0x20,0x05,0x00,0x00,0x48,0x8d,0x15,
0xd6,0x03,0x00,0x00,0x48,0x8b,0x1d,0x75,0x04,0x00,0x00,0x48,0x89,0xc1,0xff,0x13,
0x8b,0x05,0x22,0x04,0x00,0x00,0x48,0x8b,0x4c,0x24,0x28,0x89,0x81,0x30,0x05,0x00,
0x00,0x48,0xc7,0x81,0x38,0x05,0x00,0x00,0x00,0x00,0x00,0x00,0x48,0x8d,0x81,0x40,
0x05,0x00,0x00,0x48,0x8d,0x15,0xa0,0x03,0x00,0x00,0x48,0x8b,0x1d,0x3f,0x04,0x00,
0x00,0x48,0x89,0xc1,0xff,0x13,0x8b,0x05,0xec,0x03,0x00,0x00,0x48,0x8b,0x4c,0x24,
0x28,0x89,0x81,0x50,0x05,0x00,0x00,0x48,0xc7,0x81,0x58,0x05,0x00,0x00,0x00,0x00,
0x00,0x00,0x48,0x8d,0x81,0x60,0x05,0x00,0x00,0x48,0x8d,0x15,0x6a,0x03,0x00,0x00,
0x48,0x8b,0x1d,0x09,0x04,0x00,0x00,0x48,0x89,0xc1,0xff,0x13,0x8b,0x05,0xb6,0x03,
0x00,0x00,0x48,0x8b,0x4c,0x24,0x28,0x89,0x81,0x70,0x05,0x00,0x00,0x48,0xc7,0x81,
0x78,0x05,0x00,0x00,0x00,0x00,0x00,0x00,0x48,0x8d,0x81,0x80,0x05,0x00,0x00,0x48,
0x8d,0x15,0x72,0x03,0x00,0x00,0x4c,0x8d,0x05,0x53,0x03,0x00,0x00,0x4c,0x8d,0x0d,
0x4c,0x03,0x00,0x00,0x48,0x8b,0x1d,0x5d,0x04,0x00,0x00,0x48,0x89,0xc1,0xff,0x13,
0xf2,0x0f,0x10,0x05,0x40,0x03,0x00,0x00,0x48,0x8b,0x4c,0x24,0x28,0xf2,0x0f,0x11,
0x81,0x98,0x05,0x00,0x00,0xf2,0x0f,0x10,0x05,0x33,0x03,0x00,0x00,0xf2,0x0f,0x11,
0x81,0xa0,0x05,0x00,0x00,0x48,0x8d,0x81,0xa8,0x05,0x00,0x00,0x48,0x8d,0x15,0xe7,
0x02,0x00,0x00,0x48,0x8b,0x1d,0x86,0x03,0x00,0x00,0x48,0x89,0xc1,0xff,0x13,0x48,
0x8b,0x4c,0x24,0x28,0x48,0xc7,0x81,0xb8,0x05,0x00,0x00,0x00,0x00,0x00,0x00,0x48,
0x8d,0x81,0xc0,0x05,0x00,0x00,0x48,0x8d,0x15,0xbd,0x02,0x00,0x00,0x48,0x8b,0x1d,
0x5c,0x03,0x00,0x00,0x48,0x89,0xc1,0xff,0x13,0x48,0x8b,0x4c,0x24,0x28,0x48,0xc7,
0x81,0xd0,0x05,0x00,0x00,0x00,0x00,0x00,0x00,0x48,0x8d,0x81,0xd8,0x05,0x00,0x00,
0x48,0x8b,0x15,0xe9,0x03,0x00,0x00,0x48,0x89,0xc1,0xff,0x12,0x48,0x8b,0x4c,0x24,
0x28,0x48,0x8d,0x81,0xf8,0x05,0x00,0x00,0x48,0x8d,0x15,0x7b,0x02,0x00,0x00,0x48,
0x8b,0x1d,0x1a,0x03,0x00,0x00,0x48,0x89,0xc1,0xff,0x13,0x8a,0x05,0x69,0x02,0x00,
0x00,0x48,0x8b,0x4c,0x24,0x28,0x88,0x81,0x08,0x06,0x00,0x00,0x48,0xc7,0x81,0x10,
0x06,0x00,0x00,0x00,0x00,0x00,0x00,0x48,0x8d,0x81,0x18,0x06,0x00,0x00,0x48,0x8d,
0x15,0x45,0x02,0x00,0x00,0x48,0x8b,0x1d,0xe4,0x02,0x00,0x00,0x48,0x89,0xc1,0xff,
0x13,0x8a,0x05,0x33,0x02,0x00,0x00,0x48,0x8b,0x4c,0x24,0x28,0x88,0x81,0x28,0x06,
0x00,0x00,0x48,0xc7,0x81,0x30,0x06,0x00,0x00,0x00,0x00,0x00,0x00,0x48,0x8d,0x81,
0x38,0x06,0x00,0x00,0x48,0x8d,0x15,0x0f,0x02,0x00,0x00,0x48,0x8b,0x1d,0xae,0x02,
0x00,0x00,0x48,0x89,0xc1,0xff,0x13,0x8a,0x05,0xfd,0x01,0x00,0x00,0x48,0x8b,0x4c,
0x24,0x28,0x88,0x81,0x48,0x06,0x00,0x00,0x48,0xc7,0x81,0x50,0x06,0x00,0x00,0x00,
0x00,0x00,0x00,0x48,0x8d,0x81,0x58,0x06,0x00,0x00,0x48,0x8d,0x15,0xd9,0x01,0x00,
0x00,0x48,0x8b,0x1d,0x78,0x02,0x00,0x00,0x48,0x89,0xc1,0xff,0x13,0x8a,0x05,0xc7,
0x01,0x00,0x00,0x48,0x8b,0x4c,0x24,0x28,0x88,0x81,0x68,0x06,0x00,0x00,0x48,0xc7,
0x81,0x70,0x06,0x00,0x00,0x00,0x00,0x00,0x00,0x48,0x8d,0x81,0x78,0x06,0x00,0x00,
0x48,0x8d,0x15,0xb1,0x01,0x00,0x00,0x4c,0x8d,0x05,0x0a,0x02,0x00,0x00,0x4c,0x8d,
0x0d,0xa3,0x01,0x00,0x00,0x48,0x8b,0x1d,0x6c,0x02,0x00,0x00,0x48,0x89,0xc1,0xff,
0x13,0xf2,0x0f,0x10,0x05,0xf7,0x01,0x00,0x00,0x48,0x8b,0x4c,0x24,0x28,0xf2,0x0f,
0x11,0x81,0x88,0x06,0x00,0x00,0xf2,0x0f,0x10,0x05,0xea,0x01,0x00,0x00,0xf2,0x0f,
0x11,0x81,0x90,0x06,0x00,0x00,0xf2,0x0f,0x10,0x05,0xd2,0x01,0x00,0x00,0xf2,0x0f,
0x11,0x81,0x98,0x06,0x00,0x00,0xf2,0x0f,0x10,0x05,0xca,0x01,0x00,0x00,0xf2,0x0f,
0x11,0x81,0xa0,0x06,0x00,0x00,0x48,0x8d,0x81,0xa8,0x06,0x00,0x00,0x48,0x8d,0x15,
0x36,0x01,0x00,0x00,0x48,0x8b,0x1d,0xd5,0x01,0x00,0x00,0x48,0x89,0xc1,0xff,0x13,
0x8a,0x05,0x24,0x01,0x00,0x00,0x48,0x8b,0x4c,0x24,0x28,0x88,0x81,0xb8,0x06,0x00,
0x00,0x8b,0x05,0x71,0x01,0x00,0x00,0x89,0x81,0xbc,0x06,0x00,0x00,0xf2,0x0f,0x10,
0x05,0x2b,0x01,0x00,0x00,0xf2,0x0f,0x11,0x81,0xc0,0x06,0x00,0x00,0x48,0xc7,0x81,
0xc8,0x06,0x00,0x00,0x00,0x00,0x00,0x00,0xf2,0x0f,0x10,0x05,0x70,0x01,0x00,0x00,
0xf2,0x0f,0x11,0x81,0xd0,0x06,0x00,0x00,0xf2,0x0f,0x10,0x05,0x68,0x01,0x00,0x00,
0xf2,0x0f,0x11,0x81,0xd8,0x06,0x00,0x00,0xf2,0x0f,0x10,0x05,0x60,0x01,0x00,0x00,
0xf2,0x0f,0x11,0x81,0xe0,0x06,0x00,0x00,0xf2,0x0f,0x10,0x05,0x58,0x01,0x00,0x00,
0xf2,0x0f,0x11,0x81,0xe8,0x06,0x00,0x00,0xf2,0x0f,0x10,0x05,0x40,0x01,0x00,0x00,
0xf2,0x0f,0x11,0x81,0xf0,0x06,0x00,0x00,0xf2,0x0f,0x10,0x05,0x38,0x01,0x00,0x00,
0xf2,0x0f,0x11,0x81,0xf8,0x06,0x00,0x00,0x48,0x8d,0x81,0x00,0x07,0x00,0x00,0x48,
0x8b,0x15,0x6a,0x01,0x00,0x00,0x48,0x89,0xc1,0xff,0x12,0x48,0x8b,0x4c,0x24,0x28,
0x48,0x8d,0x81,0x18,0x07,0x00,0x00,0x48,0x8b,0x15,0x52,0x01,0x00,0x00,0x48,0x89,
0xc1,0xff,0x12,0x48,0x8b,0x4c,0x24,0x28,0x48,0x8d,0x81,0x30,0x07,0x00,0x00,0x48,
0x8b,0x15,0x3a,0x01,0x00,0x00,0x48,0x89,0xc1,0xff,0x12,0xf2,0x0f,0x10,0x05,0x6d,
0x00,0x00,0x00,0x48,0x8b,0x4c,0x24,0x28,0xf2,0x0f,0x11,0x81,0x48,0x07,0x00,0x00,
0x48,0x8d,0x81,0x50,0x07,0x00,0x00,0x48,0x8b,0x15,0x8a,0x01,0x00,0x00,0x48,0x89,
0xc1,0xff,0x12,0x8a,0x05,0x21,0x00,0x00,0x00,0x48,0x8b,0x4c,0x24,0x28,0x88,0x81,
0x58,0x07,0x00,0x00,0x48,0x83,0xc4,0x70,0x5b,0xc3,0x00,0x00,0x00,0x00,0x00,0x00,
0x64,0x65,0x66,0x69,0x6e,0x69,0x74,0x69,0x6f,0x6e,0x00,0x44,0x65,0x66,0x69,0x6e,
0x69,0x74,0x69,0x6f,0x6e,0x00,0xe0,0x3f,0x00,0x00,0x00,0x00,0x01,0x00,0x00,0x00,
0x0a,0x00,0x00,0x00,0x63,0x00,0x00,0x00,0x00,0x00,0x00,0x00,0x00,0x00,0x79,0x40,
0x00,0x00,0x00,0x00,0x00,0x00,0x00,0x00,0x00,0x00,0x00,0x00,0x00,0x40,0x9f,0x40,
0x00,0x00,0x00,0x00,0x00,0x00,0x14,0x40,0x00,0x00,0x00,0x00,0x00,0x00,0xf0,0x3f,
0xb8,0x1e,0x85,0xeb,0x51,0xb8,0x9e,0x3f,0x00,0x00,0x00,0x00,0x00,0x00,0xe0,0x3f,
0x33,0x33,0x33,0x33,0x33,0x33,0xc3,0x3f,0x03,0x00,0x00,0x00,0x02,0x00,0x00,0x00,
0x00,0x00,0x00,0x00,0x00,0x00,0xe0,0xbf,0x05,0x00,0x00,0x00,0x02,0x00,0x00,0x00,
0x7b,0x14,0xae,0x47,0xe1,0x7a,0xb4,0x3f,0x00,0x00,0x00,0x00,0x00,0x00,0xf0,0xbf,
0x9a,0x99,0x99,0x99,0x99,0x99,0xd9,0xbf,0x9a,0x99,0x99,0x99,0x99,0x99,0xd9,0x3f,
0x00,0x00,0x00,0x00,0x00,0x40,0x8f,0x40,0x00,0x00,0x00,0x00,0x00,0x00,0x49,0x40,
};
static const unsigned char ST_DROP_ACTOR[]={0x48,0x81,0xec,0xb8,0x00,0x00,0x00,0x48,0x89,0x4c,0x24,0x20,0x48,0x89,0x54,0x24,0x28,0x4c,0x89,0x44,0x24,0x30,0x48,0x8d,0x44,0x24,0x38,0x48,0x8b,0x15,0xce,0x00,0x00,0x00,0x48,0x89,0x8c,0x24,0x98,0x00,0x00,0x00,0x48,0x89,0xc1,0xff,0x12,0x48,0x8d,0x84,0x24,0x80,0x00,0x00,0x00,0x48,0x8d,0x15,0xa2,0x00,0x00,0x00,0x4c,0x8d,0x05,0xa3,0x00,0x00,0x00,0x4c,0x8d,0x0d,0x94,0x00,0x00,0x00,0x48,0x8b,0x0d,0xa5,0x00,0x00,0x00,0x48,0x89,0x84,0x24,0xa0,0x00,0x00,0x00,0x48,0x89,0x8c,0x24,0xa8,0x00,0x00,0x00,0x48,0x8b,0x84,0x24,0xa8,0x00,0x00,0x00,0x48,0x8b,0x8c,0x24,0xa0,0x00,0x00,0x00,0xff,0x10,0x48,0x8b,0x8c,0x24,0x98,0x00,0x00,0x00,0x48,0x8d,0x01,0x48,0x8b,0x15,0x79,0x00,0x00,0x00,0x48,0x89,0xc1,0xff,0x12,0x48,0x8b,0x8c,0x24,0x98,0x00,0x00,0x00,0x48,0x8d,0x09,0x48,0x8d,0x54,0x24,0x38,0x4c,0x8d,0x84,0x24,0x80,0x00,0x00,0x00,0x48,0x8b,0x05,0x5d,0x00,0x00,0x00,0xff,0x10,0x48,0x8d,0x8c,0x24,0x80,0x00,0x00,0x00,0x48,0x8b,0x05,0x54,0x00,0x00,0x00,0xff,0x10,0x48,0x8d,0x4c,0x24,0x38,0x48,0x8b,0x05,0x4e,0x00,0x00,0x00,0xff,0x10,0xe9,0x00,0x00,0x00,0x00,0x48,0x81,0xc4,0xb8,0x00,0x00,0x00,0xc3,0x00,0x00,0x00,0x00,0x00,0x00,0x00,0x00,0x00,0x00,0x00,0x00,0x00,0x00,0x00,0x00,0x00,0x00,0x00,0x00,0x00,0xf0,0x3f};
static const unsigned char ST_DROP_CHARACTER[]={0x53,0x55,0x56,0x57,0x48,0x81,0xec,0x78,0x07,0x00,0x00,0x48,0x89,0x8c,0x24,0x98,0x02,0x00,0x00,0x48,0x89,0x94,0x24,0xa0,0x02,0x00,0x00,0x4c,0x89,0x84,0x24,0xa8,0x02,0x00,0x00,0x48,0x8d,0x84,0x24,0xb0,0x02,0x00,0x00,0x48,0x8d,0x9a,0xc0,0x09,0x00,0x00,0x48,0x8b,0x2d,0x5f,0x0c,0x00,0x00,0x48,0x89,0x4c,0x24,0x48,0x48,0x89,0x94,0x24,0xe0,0x01,0x00,0x00,0x48,0x89,0xc1,0x48,0x89,0xda,0x4c,0x89,0x84,0x24,0xe8,0x01,0x00,0x00,0xff,0x55,0x00,0x8b,0x84,0x24,0xb0,0x02,0x00,0x00,0x4c,0x8b,0x84,0x24,0xe8,0x01,0x00,0x00,0x41,0x3b,0x00,0x0f,0x94,0xc0,0x3c,0x00,0x0f,0x84,0xb9,0x04,0x00,0x00,0x48,0x8d,0x84,0x24,0xb8,0x02,0x00,0x00,0x48,0x8b,0x94,0x24,0xe0,0x01,0x00,0x00,0x48,0x8d,0x8a,0xc0,0x09,0x00,0x00,0x48,0x8b,0x1d,0x06,0x0c,0x00,0x00,0x48,0x89,0x8c,0x24,0xd0,0x01,0x00,0x00,0x48,0x89,0xc1,0x48,0x8b,0x94,0x24,0xd0,0x01,0x00,0x00,0xff,0x13,0x48,0x8d,0x84,0x24,0xb0,0x02,0x00,0x00,0x48,0x8b,0x94,0x24,0xe0,0x01,0x00,0x00,0x48,0x8d,0x8a,0xc8,0x05,0x00,0x00,0x4c,0x8d,0x84,0x24,0xb8,0x02,0x00,0x00,0x48,0x8b,0x9a,0xc8,0x05,0x00,0x00,0x48,0x8b,0x9b,0x80,0x00,0x00,0x00,0x48,0x8b,0x2d,0xc5,0x0b,0x00,0x00,0x48,0x01,0xeb,0x48,0x8b,0x1b,0x48,0x8b,0x1b,0x48,0x89,0x8c,0x24,0xf0,0x01,0x00,0x00,0x48,0x89,0xc1,0x48,0x8b,0x94,0x24,0xf0,0x01,0x00,0x00,0xff,0xd3,0x48,0x8d,0x84,0x24,0xb8,0x02,0x00,0x00,0x48,0x8b,0x0d,0xa0,0x0b,0x00,0x00,0x48,0x89,0x84,0x24,0x00,0x02,0x00,0x00,0x48,0x89,0x8c,0x24,0x08,0x02,0x00,0x00,0x48,0x8b,0x84,0x24,0x08,0x02,0x00,0x00,0x48,0x8b,0x8c,0x24,0x00,0x02,0x00,0x00,0xff,0x10,0x48,0x8d,0x84,0x24,0xb8,0x02,0x00,0x00,0x48,0x8b,0x94,0x24,0xe0,0x01,0x00,0x00,0x48,0x8d,0x0a,0x48,0x8b,0x1a,0x48,0x8b,0x9b,0x80,0x00,0x00,0x00,0x48,0x8b,0x2d,0x62,0x0b,0x00,0x00,0x48,0x01,0xeb,0x48,0x8b,0x1b,0x48,0x8b,0x1b,0x48,0x89,0x8c,0x24,0xd8,0x01,0x00,0x00,0x48,0x89,0xc1,0x48,0x8b,0x94,0x24,0xd8,0x01,0x00,0x00,0xff,0xd3,0x48,0x8d,0x84,0x24,0x18,0x03,0x00,0x00,0x48,0x8b,0x94,0x24,0xe0,0x01,0x00,0x00,0x48,0x8d,0x0a,0x48,0x8b,0x1a,0x48,0x8b,0x9b,0x80,0x00,0x00,0x00,0x48,0x8b,0x2d,0x28,0x0b,0x00,0x00,0x48,0x01,0xeb,0x48,0x8b,0x1b,0x48,0x8b,0x1b,0x48,0x89,0x8c,0x24,0xc8,0x01,0x00,0x00,0x48,0x89,0xc1,0x48,0x8b,0x94,0x24,0xc8,0x01,0x00,0x00,0xff,0xd3,0x8a,0x84,0x24,0x18,0x03,0x00,0x00,0x3c,0x00,0x0f,0x84,0x40,0x00,0x00,0x00,0x48,0x8d,0x84,0x24,0x00,0x03,0x00,0x00,0x48,0x8d,0x8c,0x24,0x00,0x03,0x00,0x00,0x48,0x8b,0x94,0x24,0xe0,0x01,0x00,0x00,0x4c,0x8d,0x82,0x90,0x02,0x00,0x00,0x48,0x8b,0x1d,0xdd,0x0a,0x00,0x00,0x48,0x89,0x8c,0x24,0xa8,0x01,0x00,0x00,0x48,0x89,0xc1,0x48,0x8b,0x94,0x24,0xa8,0x01,0x00,0x00,0xff,0x13,0xe9,0x00,0x00,0x00,0x00,0x48,0x83,0xbc,0x24,0xb0,0x02,0x00,0x00,0x00,0x0f,0x95,0xc0,0x3c,0x00,0x0f,0x84,0x86,0x00,0x00,0x00,0x48,0x8b,0x84,0x24,0xb0,0x02,0x00,0x00,0x48,0x8b,0x58,0x28,0x48,0x8d,0x84,0x24,0x18,0x03,0x00,0x00,0x48,0x8b,0x0d,0x7c,0x0a,0x00,0x00,0x48,0x89,0x84,0x24,0xc0,0x01,0x00,0x00,0x48,0x89,0x8c,0x24,0x90,0x01,0x00,0x00,0x48,0x8b,0x84,0x24,0x90,0x01,0x00,0x00,0x48,0x8b,0x8c,0x24,0xc0,0x01,0x00,0x00,0xff,0x10,0x48,0x8d,0x84,0x24,0x18,0x03,0x00,0x00,0x48,0x8d,0x0b,0x48,0x8b,0x15,0x68,0x0a,0x00,0x00,0x48,0x89,0x84,0x24,0x98,0x01,0x00,0x00,0x48,0x89,0x8c,0x24,0x80,0x01,0x00,0x00,0x48,0x89,0x94,0x24,0xa0,0x01,0x00,0x00,0x48,0x8b,0x84,0x24,0xa0,0x01,0x00,0x00,0x48,0x8b,0x8c,0x24,0x98,0x01,0x00,0x00,0x48,0x8b,0x94,0x24,0x80,0x01,0x00,0x00,0xff,0x10,0xe9,0x31,0x00,0x00,0x00,0x48,0x8d,0x84,0x24,0x18,0x03,0x00,0x00,0x48,0x8b,0x0d,0x02,0x0a,0x00,0x00,0x48,0x89,0x84,0x24,0x30,0x02,0x00,0x00,0x48,0x89,0x8c,0x24,0x38,0x02,0x00,0x00,0x48,0x8b,0x84,0x24,0x38,0x02,0x00,0x00,0x48,0x8b,0x8c,0x24,0x30,0x02,0x00,0x00,0xff,0x10,0x48,0x8d,0x84,0x24,0x38,0x04,0x00,0x00,0x48,0x8b,0x0d,0xd1,0x09,0x00,0x00,0x48,0x89,0x84,0x24,0xb0,0x01,0x00,0x00,0x48,0x89,0x8c,0x24,0xb8,0x01,0x00,0x00,0x48,0x8b,0x84,0x24,0xb8,0x01,0x00,0x00,0x48,0x8b,0x8c,0x24,0xb0,0x01,0x00,0x00,0xff,0x10,0x48,0x8d,0x84,0x24,0x38,0x04,0x00,0x00,0x48,0x8b,0x94,0x24,0xe0,0x01,0x00,0x00,0x48,0x8d,0x8a,0x88,0x01,0x00,0x00,0x48,0x8b,0x1d,0xb9,0x09,0x00,0x00,0x48,0x89,0x8c,0x24,0x10,0x02,0x00,0x00,0x48,0x89,0xc1,0x48,0x8b,0x94,0x24,0x10,0x02,0x00,0x00,0xff,0x13,0x48,0x8d,0x84,0x24,0xd8,0x03,0x00,0x00,0x48,0x8b,0x0d,0x6d,0x09,0x00,0x00,0x48,0x89,0x84,0x24,0xf8,0x01,0x00,0x00,0x48,0x89,0x8c,0x24,0x18,0x02,0x00,0x00,0x48,0x8b,0x84,0x24,0x18,0x02,0x00,0x00,0x48,0x8b,0x8c,0x24,0xf8,0x01,0x00,0x00,0xff,0x10,0x48,0x8d,0x84,0x24,0xd8,0x03,0x00,0x00,0x48,0x8d,0x8c,0x24,0x38,0x04,0x00,0x00,0x4c,0x8d,0x84,0x24,0xb8,0x02,0x00,0x00,0x48,0x8b,0x15,0x5c,0x09,0x00,0x00,0x48,0x89,0x84,0x24,0x28,0x02,0x00,0x00,0x48,0x89,0x8c,0x24,0x80,0x02,0x00,0x00,0x48,0x89,0x94,0x24,0x88,0x02,0x00,0x00,0x48,0x8b,0x84,0x24,0x88,0x02,0x00,0x00,0x48,0x8b,0x8c,0x24,0x28,0x02,0x00,0x00,0x48,0x8b,0x94,0x24,0x80,0x02,0x00,0x00,0xff,0x10,0x48,0x8d,0x84,0x24,0x78,0x03,0x00,0x00,0x48,0x8b,0x0d,0xeb,0x08,0x00,0x00,0x48,0x89,0x84,0x24,0x70,0x02,0x00,0x00,0x48,0x89,0x8c,0x24,0x90,0x02,0x00,0x00,0x48,0x8b,0x84,0x24,0x90,0x02,0x00,0x00,0x48,0x8b,0x8c,0x24,0x70,0x02,0x00,0x00,0xff,0x10,0x48,0x8d,0x84,0x24,0x78,0x03,0x00,0x00,0x48,0x8d,0x8c,0x24,0xd8,0x03,0x00,0x00,0x48,0x8b,0x94,0x24,0xe0,0x01,0x00,0x00,0x4c,0x8d,0x82,0xe8,0x13,0x00,0x00,0x48,0x8b,0x15,0xd3,0x08,0x00,0x00,0x48,0x89,0x84,0x24,0x50,0x07,0x00,0x00,0x48,0x89,0x8c,0x24,0x58,0x07,0x00,0x00,0x48,0x89,0x94,0x24,0x60,0x07,0x00,0x00,0x48,0x8b,0x84,0x24,0x60,0x07,0x00,0x00,0x48,0x8b,0x8c,0x24,0x50,0x07,0x00,0x00,0x48,0x8b,0x94,0x24,0x58,0x07,0x00,0x00,0xff,0x10,0x48,0x8d,0x84,0x24,0x98,0x04,0x00,0x00,0x48,0x8b,0x0d,0x62,0x08,0x00,0x00,0x48,0x89,0x84,0x24,0x78,0x02,0x00,0x00,0x48,0x89,0x8c,0x24,0x68,0x02,0x00,0x00,0x48,0x8b,0x84,0x24,0x68,0x02,0x00,0x00,0x48,0x8b,0x8c,0x24,0x78,0x02,0x00,0x00,0xff,0x10,0x48,0x8d,0x84,0x24,0x98,0x04,0x00,0x00,0x48,0x8d,0x94,0x24,0x18,0x03,0x00,0x00,0x48,0x8b,0x0d,0x51,0x08,0x00,0x00,0x48,0x89,0x84,0x24,0x48,0x02,0x00,0x00,0x48,0x89,0x8c,0x24,0x60,0x02,0x00,0x00,0x48,0x8b,0x84,0x24,0x60,0x02,0x00,0x00,0x48,0x8b,0x8c,0x24,0x48,0x02,0x00,0x00,0xff,0x10,0x48,0x8b,0x4c,0x24,0x48,0x48,0x8d,0x09,0x48,0x8d,0x94,0x24,0x78,0x03,0x00,0x00,0x4c,0x8d,0x84,0x24,0x98,0x04,0x00,0x00,0x48,0x8b,0x05,0x18,0x08,0x00,0x00,0xff,0x10,0x48,0x8d,0x8c,0x24,0x98,0x04,0x00,0x00,0x48,0x8b,0x05,0x0f,0x08,0x00,0x00,0xff,0x10,0x48,0x8d,0x8c,0x24,0x38,0x04,0x00,0x00,0x48,0x8b,0x05,0xfe,0x07,0x00,0x00,0xff,0x10,0x48,0x8d,0x8c,0x24,0xd8,0x03,0x00,0x00,0x48,0x8b,0x05,0xed,0x07,0x00,0x00,0xff,0x10,0x48,0x8d,0x8c,0x24,0x78,0x03,0x00,0x00,0x48,0x8b,0x05,0xdc,0x07,0x00,0x00,0xff,0x10,0x48,0x8d,0x8c,0x24,0x18,0x03,0x00,0x00,0x48,0x8b,0x05,0xcb,0x07,0x00,0x00,0xff,0x10,0x48,0x8d,0x8c,0x24,0xb8,0x02,0x00,0x00,0x48,0x8b,0x05,0xba,0x07,0x00,0x00,0xff,0x10,0xe9,0x53,0x07,0x00,0x00,0x48,0x8d,0x84,0x24,0xb0,0x02,0x00,0x00,0x48,0x8b,0x94,0x24,0xe0,0x01,0x00,0x00,0x48,0x8d,0x8a,0xc8,0x05,0x00,0x00,0x49,0x8d,0x18,0x48,0x8b,0xaa,0xc8,0x05,0x00,0x00,0x48,0x8b,0xad,0x80,0x00,0x00,0x00,0x48,0x8b,0x35,0x44,0x07,0x00,0x00,0x48,0x01,0xf5,0x48,0x8b,0x6d,0x00,0x48,0x8b,0x6d,0x00,0x48,0x89,0x8c,0x24,0x20,0x02,0x00,0x00,0x48,0x89,0xc1,0x48,0x8b,0x94,0x24,0x20,0x02,0x00,0x00,0x49,0x89,0xd8,0xff,0xd5,0x48,0x83,0xbc,0x24,0xb0,0x02,0x00,0x00,0x00,0x0f,0x95,0xc0,0x3c,0x00,0x0f,0x84,0xc1,0x06,0x00,0x00,0x48,0x8d,0x84,0x24,0xb8,0x02,0x00,0x00,0x48,0x8b,0x0d,0x46,0x07,0x00,0x00,0x48,0x89,0x84,0x24,0x40,0x02,0x00,0x00,0x48,0x89,0x8c,0x24,0x50,0x02,0x00,0x00,0x48,0x8b,0x84,0x24,0x50,0x02,0x00,0x00,0x48,0x8b,0x8c,0x24,0x40,0x02,0x00,0x00,0xff,0x10,0x48,0x8d,0x84,0x24,0xb8,0x02,0x00,0x00,0x48,0x8b,0x94,0x24,0xe0,0x01,0x00,0x00,0x48,0x8d,0x0a,0x4c,0x8d,0x82,0xc8,0x05,0x00,0x00,0x4c,0x8d,0x8c,0x24,0xb0,0x02,0x00,0x00,0x48,0x8b,0x1d,0x03,0x07,0x00,0x00,0x48,0x89,0x8c,0x24,0x58,0x02,0x00,0x00,0x48,0x89,0xc1,0x48,0x8b,0x94,0x24,0x58,0x02,0x00,0x00,0xff,0x13,0x48,0x8d,0x84,0x24,0x50,0x03,0x00,0x00,0x48,0x8b,0x0d,0x97,0x06,0x00,0x00,0x48,0x89,0x84,0x24,0x88,0x01,0x00,0x00,0x48,0x89,0x8c,0x24,0x78,0x01,0x00,0x00,0x48,0x8b,0x84,0x24,0x78,0x01,0x00,0x00,0x48,0x8b,0x8c,0x24,0x88,0x01,0x00,0x00,0xff,0x10,0x48,0x8d,0x84,0x24,0x50,0x03,0x00,0x00,0x48,0x8b,0x94,0x24,0xe0,0x01,0x00,0x00,0x48,0x8d,0x0a,0x48,0x8b,0x1a,0x48,0x8b,0x9b,0x80,0x00,0x00,0x00,0x48,0x8b,0x2d,0x59,0x06,0x00,0x00,0x48,0x01,0xeb,0x48,0x8b,0x1b,0x48,0x8b,0x1b,0x48,0x89,0x8c,0x24,0x58,0x01,0x00,0x00,0x48,0x89,0xc1,0x48,0x8b,0x94,0x24,0x58,0x01,0x00,0x00,0xff,0xd3,0x48,0x8d,0x84,0x24,0xb0,0x03,0x00,0x00,0x48,0x8b,0x94,0x24,0xe0,0x01,0x00,0x00,0x48,0x8d,0x0a,0x48,0x8b,0x1a,0x48,0x8b,0x9b,0x80,0x00,0x00,0x00,0x48,0x8b,0x2d,0x1f,0x06,0x00,0x00,0x48,0x01,0xeb,0x48,0x8b,0x1b,0x48,0x8b,0x1b,0x48,0x89,0x8c,0x24,0x70,0x01,0x00,0x00,0x48,0x89,0xc1,0x48,0x8b,0x94,0x24,0x70,0x01,0x00,0x00,0xff,0xd3,0x8a,0x84,0x24,0xb0,0x03,0x00,0x00,0x3c,0x00,0x0f,0x84,0x40,0x00,0x00,0x00,0x48,0x8d,0x84,0x24,0x98,0x03,0x00,0x00,0x48,0x8d,0x8c,0x24,0x98,0x03,0x00,0x00,0x48,0x8b,0x94,0x24,0xe0,0x01,0x00,0x00,0x4c,0x8d,0x82,0x90,0x02,0x00,0x00,0x48,0x8b,0x1d,0xd4,0x05,0x00,0x00,0x48,0x89,0x8c,0x24,0xa0,0x00,0x00,0x00,0x48,0x89,0xc1,0x48,0x8b,0x94,0x24,0xa0,0x00,0x00,0x00,0xff,0x13,0xe9,0x00,0x00,0x00,0x00,0x48,0x8d,0x84,0x24,0xb0,0x03,0x00,0x00,0x48,0x8b,0x0d,0xe3,0x05,0x00,0x00,0x48,0x89,0x84,0x24,0xa8,0x00,0x00,0x00,0x48,0x89,0x8c,0x24,0x90,0x00,0x00,0x00,0x48,0x8b,0x84,0x24,0x90,0x00,0x00,0x00,0x48,0x8b,0x8c,0x24,0xa8,0x00,0x00,0x00,0xff,0x10,0x48,0x8d,0x84,0x24,0xc8,0x03,0x00,0x00,0x48,0x8b,0x0d,0xba,0x05,0x00,0x00,0x48,0x89,0x84,0x24,0xb0,0x00,0x00,0x00,0x48,0x89,0x8c,0x24,0xc0,0x00,0x00,0x00,0x48,0x8b,0x84,0x24,0xc0,0x00,0x00,0x00,0x48,0x8b,0x8c,0x24,0xb0,0x00,0x00,0x00,0xff,0x10,0x48,0x8d,0x84,0x24,0xf0,0x03,0x00,0x00,0x48,0x8b,0x0d,0x31,0x05,0x00,0x00,0x48,0x89,0x84,0x24,0xc8,0x00,0x00,0x00,0x48,0x89,0x8c,0x24,0x98,0x00,0x00,0x00,0x48,0x8b,0x84,0x24,0x98,0x00,0x00,0x00,0x48,0x8b,0x8c,0x24,0xc8,0x00,0x00,0x00,0xff,0x10,0x48,0x8d,0x84,0x24,0x50,0x04,0x00,0x00,0x48,0x8b,0x0d,0x00,0x05,0x00,0x00,0x48,0x89,0x84,0x24,0x88,0x00,0x00,0x00,0x48,0x89,0x4c,0x24,0x68,0x48,0x8b,0x44,0x24,0x68,0x48,0x8b,0x8c,0x24,0x88,0x00,0x00,0x00,0xff,0x10,0x48,0x8d,0x84,0x24,0xb0,0x04,0x00,0x00,0x48,0x8b,0x0d,0xd5,0x04,0x00,0x00,0x48,0x89,0x84,0x24,0x80,0x00,0x00,0x00,0x48,0x89,0x4c,0x24,0x50,0x48,0x8b,0x44,0x24,0x50,0x48,0x8b,0x8c,0x24,0x80,0x00,0x00,0x00,0xff,0x10,0x48,0x8b,0x94,0x24,0xe0,0x01,0x00,0x00,0x48,0x8d,0x02,0x48,0x8d,0x0d,0x8f,0x04,0x00,0x00,0x4c,0x8d,0x84,0x24,0xc8,0x03,0x00,0x00,0x4c,0x8d,0x8c,0x24,0xb0,0x03,0x00,0x00,0x48,0x8d,0xac,0x24,0xf0,0x03,0x00,0x00,0x48,0x8d,0xbc,0x24,0x50,0x04,0x00,0x00,0x48,0x8d,0xb4,0x24,0xb0,0x04,0x00,0x00,0x48,0x8b,0x1a,0x48,0x8b,0x9b,0x80,0x00,0x00,0x00,0x4c,0x8b,0x15,0xce,0x04,0x00,0x00,0x4c,0x01,0xd3,0x48,0x8b,0x1b,0x48,0x8b,0x1b,0x48,0x89,0x6c,0x24,0x20,0x48,0x89,0x7c,0x24,0x28,0x48,0x89,0x74,0x24,0x30,0x48,0x89,0x4c,0x24,0x58,0x48,0x89,0xc1,0x48,0x8b,0x54,0x24,0x58,0xff,0xd3,0x48,0x8b,0x94,0x24,0xe0,0x01,0x00,0x00,0x48,0x8d,0x02,0x48,0x8d,0x8c,0x24,0x50,0x03,0x00,0x00,0x4c,0x8d,0x84,0x24,0xc8,0x03,0x00,0x00,0x48,0x8b,0x1a,0x48,0x8b,0x9b,0x80,0x00,0x00,0x00,0x48,0x8b,0x2d,0x83,0x04,0x00,0x00,0x48,0x01,0xeb,0x48,0x8b,0x1b,0x48,0x8b,0x1b,0x48,0x89,0x4c,0x24,0x40,0x48,0x89,0xc1,0x48,0x8b,0x54,0x24,0x40,0xff,0xd3,0x48,0x8d,0x84,0x24,0x10,0x05,0x00,0x00,0x48,0x8b,0x0d,0xf4,0x03,0x00,0x00,0x48,0x89,0x44,0x24,0x60,0x48,0x89,0x4c,0x24,0x70,0x48,0x8b,0x44,0x24,0x70,0x48,0x8b,0x4c,0x24,0x60,0xff,0x10,0x48,0x8d,0x84,0x24,0x10,0x05,0x00,0x00,0x48,0x8d,0x8c,0x24,0xb8,0x02,0x00,0x00,0x48,0x8b,0x94,0x24,0xe0,0x01,0x00,0x00,0x4c,0x8d,0x02,0x4c,0x8d,0x8c,0x24,0x50,0x03,0x00,0x00,0x48,0x8d,0x9c,0x24,0xc8,0x03,0x00,0x00,0x48,0x8b,0x2d,0x1c,0x04,0x00,0x00,0x48,0x89,0x5c,0x24,0x20,0x48,0x89,0x4c,0x24,0x78,0x48,0x89,0xc1,0x48,0x8b,0x54,0x24,0x78,0xff,0x55,0x00,0x48,0x8b,0x84,0x24,0xb0,0x02,0x00,0x00,0x48,0x8b,0x58,0x28,0x48,0x8d,0x84,0x24,0x70,0x05,0x00,0x00,0x48,0x8b,0x0d,0x7c,0x03,0x00,0x00,0x48,0x89,0x84,0x24,0xd0,0x00,0x00,0x00,0x48,0x89,0x8c,0x24,0xb8,0x00,0x00,0x00,0x48,0x8b,0x84,0x24,0xb8,0x00,0x00,0x00,0x48,0x8b,0x8c,0x24,0xd0,0x00,0x00,0x00,0xff,0x10,0x48,0x8d,0x84,0x24,0x70,0x05,0x00,0x00,0x48,0x8d,0x0b,0x48,0x8b,0x15,0x68,0x03,0x00,0x00,0x48,0x89,0x84,0x24,0xd8,0x00,0x00,0x00,0x48,0x89,0x8c,0x24,0xe8,0x00,0x00,0x00,0x48,0x89,0x94,0x24,0x40,0x01,0x00,0x00,0x48,0x8b,0x84,0x24,0x40,0x01,0x00,0x00,0x48,0x8b,0x8c,0x24,0xd8,0x00,0x00,0x00,0x48,0x8b,0x94,0x24,0xe8,0x00,0x00,0x00,0xff,0x10,0x48,0x8d,0x84,0x24,0x90,0x06,0x00,0x00,0x48,0x8b,0x0d,0x07,0x03,0x00,0x00,0x48,0x89,0x84,0x24,0x48,0x01,0x00,0x00,0x48,0x89,0x8c,0x24,0x30,0x01,0x00,0x00,0x48,0x8b,0x84,0x24,0x30,0x01,0x00,0x00,0x48,0x8b,0x8c,0x24,0x48,0x01,0x00,0x00,0xff,0x10,0x48,0x8d,0x84,0x24,0x90,0x06,0x00,0x00,0x48,0x8b,0x94,0x24,0xe0,0x01,0x00,0x00,0x48,0x8d,0x92,0x88,0x01,0x00,0x00,0x48,0x8b,0x0d,0xef,0x02,0x00,0x00,0x48,0x89,0x84,0x24,0x50,0x01,0x00,0x00,0x48,0x89,0x8c,0x24,0x60,0x01,0x00,0x00,0x48,0x8b,0x84,0x24,0x60,0x01,0x00,0x00,0x48,0x8b,0x8c,0x24,0x50,0x01,0x00,0x00,0xff,0x10,0x48,0x8d,0x84,0x24,0x30,0x06,0x00,0x00,0x48,0x8b,0x0d,0x96,0x02,0x00,0x00,0x48,0x89,0x84,0x24,0x68,0x01,0x00,0x00,0x48,0x89,0x8c,0x24,0x38,0x01,0x00,0x00,0x48,0x8b,0x84,0x24,0x38,0x01,0x00,0x00,0x48,0x8b,0x8c,0x24,0x68,0x01,0x00,0x00,0xff,0x10,0x48,0x8d,0x84,0x24,0x30,0x06,0x00,0x00,0x48,0x8d,0x94,0x24,0x90,0x06,0x00,0x00,0x4c,0x8d,0x84,0x24,0x50,0x03,0x00,0x00,0x48,0x8b,0x0d,0x85,0x02,0x00,0x00,0x48,0x89,0x84,0x24,0x28,0x01,0x00,0x00,0x48,0x89,0x8c,0x24,0x08,0x01,0x00,0x00,0x48,0x8b,0x84,0x24,0x08,0x01,0x00,0x00,0x48,0x8b,0x8c,0x24,0x28,0x01,0x00,0x00,0xff,0x10,0x48,0x8d,0x84,0x24,0xd0,0x05,0x00,0x00,0x48,0x8b,0x0d,0x24,0x02,0x00,0x00,0x48,0x89,0x84,0x24,0x20,0x01,0x00,0x00,0x48,0x89,0x8c,0x24,0xf0,0x00,0x00,0x00,0x48,0x8b,0x84,0x24,0xf0,0x00,0x00,0x00,0x48,0x8b,0x8c,0x24,0x20,0x01,0x00,0x00,0xff,0x10,0x48,0x8d,0x84,0x24,0xd0,0x05,0x00,0x00,0x48,0x8d,0x94,0x24,0x30,0x06,0x00,0x00,0x4c,0x8d,0x84,0x24,0x10,0x05,0x00,0x00,0x48,0x8b,0x0d,0x13,0x02,0x00,0x00,0x48,0x89,0x84,0x24,0xf8,0x00,0x00,0x00,0x48,0x89,0x8c,0x24,0xe0,0x00,0x00,0x00,0x48,0x8b,0x84,0x24,0xe0,0x00,0x00,0x00,0x48,0x8b,0x8c,0x24,0xf8,0x00,0x00,0x00,0xff,0x10,0x48,0x8d,0x84,0x24,0xf0,0x06,0x00,0x00,0x48,0x8b,0x0d,0xb2,0x01,0x00,0x00,0x48,0x89,0x84,0x24,0x00,0x01,0x00,0x00,0x48,0x89,0x8c,0x24,0x10,0x01,0x00,0x00,0x48,0x8b,0x84,0x24,0x10,0x01,0x00,0x00,0x48,0x8b,0x8c,0x24,0x00,0x01,0x00,0x00,0xff,0x10,0x48,0x8d,0x84,0x24,0xf0,0x06,0x00,0x00,0x48,0x8d,0x94,0x24,0x70,0x05,0x00,0x00,0x48,0x8b,0x0d,0xa1,0x01,0x00,0x00,0x48,0x89,0x84,0x24,0x18,0x01,0x00,0x00,0x48,0x89,0x8c,0x24,0x68,0x07,0x00,0x00,0x48,0x8b,0x84,0x24,0x68,0x07,0x00,0x00,0x48,0x8b,0x8c,0x24,0x18,0x01,0x00,0x00,0xff,0x10,0x48,0x8b,0x4c,0x24,0x48,0x48,0x8d,0x09,0x48,0x8d,0x94,0x24,0xd0,0x05,0x00,0x00,0x4c,0x8d,0x84,0x24,0xf0,0x06,0x00,0x00,0x48,0x8b,0x05,0x68,0x01,0x00,0x00,0xff,0x10,0x48,0x8d,0x8c,0x24,0xf0,0x06,0x00,0x00,0x48,0x8b,0x05,0x5f,0x01,0x00,0x00,0xff,0x10,0x48,0x8d,0x8c,0x24,0x90,0x06,0x00,0x00,0x48,0x8b,0x05,0x4e,0x01,0x00,0x00,0xff,0x10,0x48,0x8d,0x8c,0x24,0x30,0x06,0x00,0x00,0x48,0x8b,0x05,0x3d,0x01,0x00,0x00,0xff,0x10,0x48,0x8d,0x8c,0x24,0xd0,0x05,0x00,0x00,0x48,0x8b,0x05,0x2c,0x01,0x00,0x00,0xff,0x10,0x48,0x8d,0x8c,0x24,0x70,0x05,0x00,0x00,0x48,0x8b,0x05,0x1b,0x01,0x00,0x00,0xff,0x10,0x48,0x8d,0x8c,0x24,0x10,0x05,0x00,0x00,0x48,0x8b,0x05,0x0a,0x01,0x00,0x00,0xff,0x10,0x48,0x8d,0x8c,0x24,0xb0,0x04,0x00,0x00,0x48,0x8b,0x05,0xf9,0x00,0x00,0x00,0xff,0x10,0x48,0x8d,0x8c,0x24,0x50,0x04,0x00,0x00,0x48,0x8b,0x05,0xe8,0x00,0x00,0x00,0xff,0x10,0x48,0x8d,0x8c,0x24,0xf0,0x03,0x00,0x00,0x48,0x8b,0x05,0xd7,0x00,0x00,0x00,0xff,0x10,0x48,0x8d,0x8c,0x24,0xc8,0x03,0x00,0x00,0x48,0x8b,0x05,0x06,0x01,0x00,0x00,0xff,0x10,0x48,0x8d,0x8c,0x24,0xb0,0x03,0x00,0x00,0x48,0x8b,0x05,0xfd,0x00,0x00,0x00,0xff,0x10,0x48,0x8d,0x8c,0x24,0x50,0x03,0x00,0x00,0x48,0x8b,0x05,0xa4,0x00,0x00,0x00,0xff,0x10,0x48,0x8d,0x8c,0x24,0xb8,0x02,0x00,0x00,0x48,0x8b,0x05,0xe3,0x00,0x00,0x00,0xff,0x10,0xe9,0x2c,0x00,0x00,0x00,0x48,0x8b,0x4c,0x24,0x48,0x48,0x8d,0x09,0x48,0x8b,0x94,0x24,0xe0,0x01,0x00,0x00,0x48,0x8d,0x12,0x4c,0x8b,0x84,0x24,0xe8,0x01,0x00,0x00,0x4d,0x8d,0x00,0x48,0x8b,0x05,0xbf,0x00,0x00,0x00,0xff,0x10,0xe9,0x00,0x00,0x00,0x00,0x48,0x81,0xc4,0x78,0x07,0x00,0x00,0x5f,0x5e,0x5d,0x5b,0xc3,0x00,0x00,0x00,0x00,0x01,0x00,0x00,0x00,0x00,0x00,0x00,0x00};
static const unsigned char ST_GRIDS[]={0x53,0x48,0x81,0xec,0xa0,0x00,0x00,0x00,0x48,0x89,0x4c,0x24,0x40,0x48,0x89,0x54,0x24,0x48,0x4c,0x89,0x44,0x24,0x50,0x48,0x83,0x7a,0x08,0x00,0x0f,0x95,0xc0,0x3c,0x00,0x0f,0x84,0xe1,0x01,0x00,0x00,0x48,0x8b,0x42,0x08,0x48,0x8b,0x40,0x28,0x48,0x8b,0x5c,0x24,0x28,0x48,0x89,0x5c,0x24,0x58,0x4c,0x8d,0x4c,0x24,0x58,0x48,0x8d,0x4c,0x24,0x60,0x48,0x89,0x8c,0x24,0x88,0x00,0x00,0x00,0x48,0x8d,0x4c,0x24,0x68,0x48,0x89,0x8c,0x24,0x80,0x00,0x00,0x00,0x48,0x8d,0x80,0xa0,0x01,0x00,0x00,0x48,0x8b,0x0d,0x32,0x02,0x00,0x00,0x48,0x89,0x44,0x24,0x38,0x48,0x89,0x4c,0x24,0x20,0x48,0x8b,0x44,0x24,0x20,0x4c,0x89,0xc9,0x48,0x8b,0x54,0x24,0x38,0x48,0x89,0x4c,0x24,0x30,0x4c,0x89,0x84,0x24,0x90,0x00,0x00,0x00,0xff,0x10,0x48,0x8d,0x4c,0x24,0x70,0x48,0x8b,0x05,0x08,0x02,0x00,0x00,0x48,0x8b,0x54,0x24,0x38,0xff,0x10,0x48,0x8b,0x44,0x24,0x70,0x48,0x39,0x44,0x24,0x58,0x0f,0x84,0x54,0x01,0x00,0x00,0x48,0x8b,0x05,0xf2,0x01,0x00,0x00,0x48,0x8b,0x8c,0x24,0x88,0x00,0x00,0x00,0x48,0x8b,0x54,0x24,0x38,0x4c,0x8b,0x44,0x24,0x30,0xff,0x10,0x48,0x8b,0x05,0xdf,0x01,0x00,0x00,0x48,0x8b,0x8c,0x24,0x80,0x00,0x00,0x00,0x48,0x8b,0x54,0x24,0x38,0x4c,0x8b,0x44,0x24,0x30,0xff,0x10,0x48,0x8b,0x44,0x24,0x68,0x48,0x8b,0x40,0x08,0x8b,0x00,0x3b,0x05,0x9a,0x01,0x00,0x00,0x0f,0x9f,0xc0,0x3c,0x00,0x0f,0x84,0x2b,0x00,0x00,0x00,0x48,0x8b,0x44,0x24,0x68,0x48,0x8b,0x40,0x08,0x8b,0x40,0x04,0x3b,0x05,0x7d,0x01,0x00,0x00,0x0f,0x9f,0xc0,0x3c,0x00,0x0f,0x84,0x07,0x00,0x00,0x00,0xb0,0x01,0xe9,0x0e,0x00,0x00,0x00,0xb0,0x00,0xe9,0x07,0x00,0x00,0x00,0xb0,0x00,0xe9,0x00,0x00,0x00,0x00,0x3c,0x00,0x0f,0x84,0xad,0x00,0x00,0x00,0x48,0x8d,0x4c,0x24,0x78,0x4c,0x8b,0x84,0x24,0x90,0x00,0x00,0x00,0x49,0x8d,0x10,0x48,0x8b,0x05,0x66,0x01,0x00,0x00,0xff,0x10,0x48,0x8b,0x4c,0x24,0x78,0x8b,0x44,0x24,0x60,0x89,0x01,0x48,0x8b,0x4c,0x24,0x78,0x48,0x8b,0x44,0x24,0x68,0x48,0x8b,0x40,0x08,0x48,0x8d,0x49,0x04,0x48,0x8d,0x10,0x48,0x8b,0x05,0x45,0x01,0x00,0x00,0xff,0x10,0x48,0x8b,0x4c,0x24,0x78,0x48,0x8b,0x44,0x24,0x68,0x48,0x8b,0x40,0x08,0x48,0x8d,0x49,0x0c,0x48,0x8d,0x50,0x08,0x48,0x8b,0x05,0x26,0x01,0x00,0x00,0xff,0x10,0x48,0x8b,0x4c,0x24,0x78,0x48,0x8b,0x44,0x24,0x68,0x48,0x8b,0x40,0x08,0x8a,0x40,0x10,0x88,0x41,0x14,0x48,0x8b,0x4c,0x24,0x78,0x48,0x8b,0x44,0x24,0x68,0x48,0x8b,0x40,0x08,0x48,0x8d,0x49,0x18,0x48,0x8d,0x50,0x18,0x48,0x8b,0x05,0xfb,0x00,0x00,0x00,0xff,0x10,0x48,0x8b,0x4c,0x24,0x78,0x48,0x8b,0x44,0x24,0x68,0x48,0x8b,0x40,0x08,0x8a,0x40,0x28,0x88,0x41,0x2c,0xe9,0x00,0x00,0x00,0x00,0x48,0x8b,0x05,0xe1,0x00,0x00,0x00,0x48,0x8b,0x4c,0x24,0x30,0x48,0x8b,0x54,0x24,0x38,0x49,0x89,0xc8,0xff,0x10,0xe9,0x89,0xfe,0xff,0xff,0xe9,0x79,0x00,0x00,0x00,0x48,0x83,0x7a,0x28,0x00,0x0f,0x95,0xc0,0x3c,0x00,0x0f,0x84,0x2b,0x00,0x00,0x00,0x48,0x8b,0x42,0x28,0x48,0x8d,0x08,0x49,0x8d,0x10,0x48,0x8b,0x00,0x48,0x8b,0x80,0x80,0x00,0x00,0x00,0x48,0x8b,0x1d,0xa5,0x00,0x00,0x00,0x48,0x01,0xd8,0x48,0x8b,0x00,0x48,0x8b,0x00,0xff,0xd0,0xe9,0x3e,0x00,0x00,0x00,0x48,0x83,0x7a,0x18,0x00,0x0f,0x95,0xc0,0x3c,0x00,0x0f,0x84,0x2e,0x00,0x00,0x00,0x48,0x8b,0x42,0x18,0x48,0x8d,0x08,0x48,0x8d,0x12,0x4d,0x8d,0x00,0x48,0x8b,0x00,0x48,0x8b,0x80,0x80,0x00,0x00,0x00,0x48,0x8b,0x1d,0x6f,0x00,0x00,0x00,0x48,0x01,0xd8,0x48,0x8b,0x00,0x48,0x8b,0x00,0xff,0xd0,0xe9,0x00,0x00,0x00,0x00,0x48,0x81,0xc4,0xa0,0x00,0x00,0x00,0x5b,0xc3,0x00,0x00,0x00,0x00,0x00,0x00,0x00,0x00,0x00,0x00,0x00,0x00,0x00,0x00};
static const unsigned char ST_ITEMS[]={0x53,0x55,0x48,0x81,0xec,0xa8,0x00,0x00,0x00,0x48,0x89,0x4c,0x24,0x40,0x48,0x89,0x54,0x24,0x48,0x4c,0x89,0x44,0x24,0x50,0x48,0x83,0x7a,0x08,0x00,0x0f,0x95,0xc0,0x3c,0x00,0x0f,0x84,0x48,0x02,0x00,0x00,0x48,0x8b,0x42,0x08,0x48,0x8d,0x4c,0x24,0x58,0x48,0x8d,0x18,0x48,0x8b,0x00,0x48,0x8b,0x80,0x80,0x00,0x00,0x00,0x48,0x8b,0x2d,0xb3,0x02,0x00,0x00,0x48,0x01,0xe8,0x48,0x8b,0x00,0x48,0x8b,0x00,0x48,0x89,0x54,0x24,0x28,0x48,0x89,0xda,0x4c,0x89,0x84,0x24,0x90,0x00,0x00,0x00,0xff,0xd0,0x48,0x83,0x7c,0x24,0x58,0x00,0x0f,0x95,0xc0,0x3c,0x00,0x0f,0x84,0xfa,0x01,0x00,0x00,0x48,0x8b,0x54,0x24,0x28,0x48,0x8b,0x42,0x08,0x48,0x8d,0x4c,0x24,0x58,0x48,0x8d,0x10,0x48,0x8b,0x00,0x48,0x8b,0x80,0x80,0x00,0x00,0x00,0x48,0x8b,0x1d,0x65,0x02,0x00,0x00,0x48,0x01,0xd8,0x48,0x8b,0x00,0x48,0x8b,0x00,0xff,0xd0,0x48,0x8b,0x44,0x24,0x58,0x48,0x8b,0x9c,0x24,0x88,0x00,0x00,0x00,0x48,0x89,0x5c,0x24,0x60,0x4c,0x8d,0x4c,0x24,0x60,0x48,0x8d,0x4c,0x24,0x68,0x48,0x89,0x4c,0x24,0x38,0x48,0x8d,0x00,0x48,0x8b,0x0d,0x37,0x02,0x00,0x00,0x48,0x89,0x44,0x24,0x20,0x48,0x89,0x4c,0x24,0x30,0x48,0x8b,0x44,0x24,0x30,0x4c,0x89,0xc9,0x48,0x8b,0x54,0x24,0x20,0x48,0x89,0x8c,0x24,0x98,0x00,0x00,0x00,0xff,0x10,0x48,0x8d,0x4c,0x24,0x70,0x48,0x8b,0x05,0x12,0x02,0x00,0x00,0x48,0x8b,0x54,0x24,0x20,0xff,0x10,0x48,0x8b,0x44,0x24,0x70,0x48,0x39,0x44,0x24,0x60,0x0f,0x84,0x59,0x01,0x00,0x00,0x48,0x8b,0x05,0xfc,0x01,0x00,0x00,0x48,0x8b,0x4c,0x24,0x38,0x48,0x8b,0x54,0x24,0x20,0x4c,0x8b,0x84,0x24,0x98,0x00,0x00,0x00,0xff,0x10,0x48,0x8d,0x4c,0x24,0x78,0x4c,0x8b,0x84,0x24,0x90,0x00,0x00,0x00,0x49,0x8d,0x10,0x48,0x8b,0x05,0xd9,0x01,0x00,0x00,0xff,0x10,0x48,0x8b,0x4c,0x24,0x78,0x48,0x8b,0x44,0x24,0x68,0x48,0x8d,0x09,0x48,0x8d,0x50,0x38,0x48,0x8b,0x40,0x38,0x48,0x8b,0x80,0x80,0x00,0x00,0x00,0x48,0x8b,0x1d,0xbc,0x01,0x00,0x00,0x48,0x01,0xd8,0x48,0x8b,0x00,0x48,0x8b,0x00,0xff,0xd0,0x48,0x8b,0x5c,0x24,0x78,0x48,0x8b,0x44,0x24,0x68,0x48,0x8d,0x8c,0x24,0x80,0x00,0x00,0x00,0x48,0x8d,0x50,0x08,0x48,0x8b,0x40,0x08,0x48,0x8b,0x80,0x80,0x00,0x00,0x00,0x48,0x8b,0x2d,0x91,0x01,0x00,0x00,0x48,0x01,0xe8,0x48,0x8b,0x00,0x48,0x8b,0x00,0xff,0xd0,0x48,0x8b,0x84,0x24,0x80,0x00,0x00,0x00,0x8b,0x00,0x89,0x43,0x08,0x48,0x8b,0x5c,0x24,0x78,0x48,0x8b,0x44,0x24,0x68,0x48,0x8d,0x8c,0x24,0x80,0x00,0x00,0x00,0x48,0x8d,0x50,0x18,0x48,0x8b,0x40,0x18,0x48,0x8b,0x80,0x80,0x00,0x00,0x00,0x48,0x8b,0x2d,0x59,0x01,0x00,0x00,0x48,0x01,0xe8,0x48,0x8b,0x00,0x48,0x8b,0x00,0xff,0xd0,0x48,0x8b,0x84,0x24,0x80,0x00,0x00,0x00,0x48,0x8d,0x4b,0x0c,0x48,0x8d,0x10,0x48,0x8b,0x05,0x40,0x01,0x00,0x00,0xff,0x10,0x48,0x8b,0x5c,0x24,0x78,0x48,0x8b,0x44,0x24,0x68,0x48,0x8d,0x8c,0x24,0x80,0x00,0x00,0x00,0x48,0x8d,0x50,0x28,0x48,0x8b,0x40,0x28,0x48,0x8b,0x80,0x80,0x00,0x00,0x00,0x48,0x8b,0x2d,0x06,0x01,0x00,0x00,0x48,0x01,0xe8,0x48,0x8b,0x00,0x48,0x8b,0x00,0xff,0xd0,0x48,0x8b,0x84,0x24,0x80,0x00,0x00,0x00,0x8b,0x00,0x89,0x43,0x14,0x48,0x8b,0x4c,0x24,0x78,0x8a,0x05,0xab,0x00,0x00,0x00,0x88,0x41,0x18,0x48,0x8b,0x05,0xf1,0x00,0x00,0x00,0x48,0x8b,0x8c,0x24,0x98,0x00,0x00,0x00,0x48,0x8b,0x54,0x24,0x20,0x49,0x89,0xc8,0xff,0x10,0xe9,0x84,0xfe,0xff,0xff,0xe9,0x00,0x00,0x00,0x00,0xe9,0x76,0x00,0x00,0x00,0x48,0x83,0x7a,0x28,0x00,0x0f,0x95,0xc0,0x3c,0x00,0x0f,0x84,0x2b,0x00,0x00,0x00,0x48,0x8b,0x42,0x28,0x48,0x8d,0x08,0x49,0x8d,0x10,0x48,0x8b,0x00,0x48,0x8b,0x80,0x80,0x00,0x00,0x00,0x48,0x8b,0x1d,0xad,0x00,0x00,0x00,0x48,0x01,0xd8,0x48,0x8b,0x00,0x48,0x8b,0x00,0xff,0xd0,0xe9,0x3b,0x00,0x00,0x00,0x48,0x83,0x7a,0x18,0x00,0x0f,0x95,0xc0,0x3c,0x00,0x0f,0x84,0x2b,0x00,0x00,0x00,0x48,0x8b,0x42,0x18,0x48,0x8d,0x08,0x49,0x8d,0x10,0x48,0x8b,0x00,0x48,0x8b,0x80,0x80,0x00,0x00,0x00,0x48,0x8b,0x1d,0x7a,0x00,0x00,0x00,0x48,0x01,0xd8,0x48,0x8b,0x00,0x48,0x8b,0x00,0xff,0xd0,0xe9,0x00,0x00,0x00,0x00,0x48,0x81,0xc4,0xa8,0x00,0x00,0x00,0x5d,0x5b,0xc3,0x00,0x00,0x00,0x00,0x00,0x00,0x00,0x00};
static const unsigned char ST_COMPATIBLE[]={0x53,0x55,0x48,0x81,0xec,0x18,0x01,0x00,0x00,0x48,0x8b,0x9c,0x24,0x50,0x01,0x00,0x00,0x48,0x89,0x8c,0x24,0xa0,0x00,0x00,0x00,0x48,0x89,0x94,0x24,0xa8,0x00,0x00,0x00,0x4c,0x89,0x84,0x24,0xb0,0x00,0x00,0x00,0x4c,0x89,0x8c,0x24,0xb8,0x00,0x00,0x00,0x48,0x89,0x9c,0x24,0xc0,0x00,0x00,0x00,0x41,0x8a,0x81,0xc8,0x01,0x00,0x00,0x3a,0x05,0x5a,0x04,0x00,0x00,0x0f,0x94,0xc0,0x3c,0x00,0x0f,0x84,0x0d,0x00,0x00,0x00,0x8a,0x05,0x49,0x04,0x00,0x00,0x88,0x01,0xe9,0x32,0x04,0x00,0x00,0x8b,0x03,0x3b,0x05,0x3e,0x04,0x00,0x00,0x0f,0x95,0xc0,0x3c,0x00,0x0f,0x84,0x19,0x00,0x00,0x00,0x41,0x80,0x78,0x2c,0x00,0x0f,0x84,0x07,0x00,0x00,0x00,0xb0,0x01,0xe9,0x0e,0x00,0x00,0x00,0xb0,0x00,0xe9,0x07,0x00,0x00,0x00,0xb0,0x00,0xe9,0x00,0x00,0x00,0x00,0x3c,0x00,0x0f,0x84,0x0d,0x00,0x00,0x00,0x8a,0x05,0x01,0x04,0x00,0x00,0x88,0x01,0xe9,0xea,0x03,0x00,0x00,0x8a,0x05,0xf4,0x03,0x00,0x00,0x88,0x84,0x24,0xc8,0x00,0x00,0x00,0x41,0x8b,0x40,0x28,0x3b,0x05,0xe7,0x03,0x00,0x00,0x0f,0x95,0xc0,0x3c,0x00,0x0f,0x84,0x99,0x00,0x00,0x00,0x8b,0x05,0xda,0x03,0x00,0x00,0x48,0x8d,0x94,0x24,0xc9,0x00,0x00,0x00,0x49,0x8d,0x59,0x78,0x89,0x84,0x24,0xcc,0x00,0x00,0x00,0x48,0x8d,0x84,0x24,0xcc,0x00,0x00,0x00,0x48,0x8b,0x2d,0xc0,0x03,0x00,0x00,0x48,0x89,0x4c,0x24,0x28,0x48,0x89,0x94,0x24,0x88,0x00,0x00,0x00,0x4c,0x89,0x84,0x24,0x90,0x00,0x00,0x00,0x48,0x8b,0x8c,0x24,0x88,0x00,0x00,0x00,0x48,0x89,0xda,0x49,0x89,0xc0,0x4c,0x89,0x4c,0x24,0x78,0xff,0x55,0x00,0x8a,0x84,0x24,0xc9,0x00,0x00,0x00,0x3c,0x00,0x0f,0x84,0x25,0x00,0x00,0x00,0x4c,0x8b,0x84,0x24,0x90,0x00,0x00,0x00,0x41,0x8b,0x40,0x28,0x4c,0x8b,0x4c,0x24,0x78,0x41,0x3b,0x81,0x98,0x03,0x00,0x00,0x48,0x8b,0x4c,0x24,0x28,0x0f,0x94,0x01,0xe9,0x41,0x03,0x00,0x00,0x8a,0x05,0x4b,0x03,0x00,0x00,0x48,0x8b,0x4c,0x24,0x28,0x88,0x01,0xe9,0x2f,0x03,0x00,0x00,0x48,0x8d,0x84,0x24,0xd0,0x00,0x00,0x00,0x48,0x8d,0x15,0x30,0x03,0x00,0x00,0x48,0x8b,0x2d,0x41,0x03,0x00,0x00,0x48,0x89,0x4c,0x24,0x28,0x48,0x89,0xc1,0x4c,0x89,0x84,0x24,0x90,0x00,0x00,0x00,0x4c,0x89,0x4c,0x24,0x78,0xff,0x55,0x00,0x48,0x8d,0x84,0x24,0xe0,0x00,0x00,0x00,0x4c,0x8b,0x84,0x24,0x90,0x00,0x00,0x00,0x49,0x8d,0x50,0x18,0x48,0x8d,0x8c,0x24,0xd0,0x00,0x00,0x00,0x48,0x8b,0x2d,0x0e,0x03,0x00,0x00,0x48,0x89,0x8c,0x24,0x98,0x00,0x00,0x00,0x48,0x89,0xc1,0x4c,0x8b,0x84,0x24,0x98,0x00,0x00,0x00,0xff,0x55,0x00,0x8a,0x94,0x24,0xe0,0x00,0x00,0x00,0x48,0x8d,0x84,0x24,0xd0,0x00,0x00,0x00,0x48,0x8b,0x0d,0xea,0x02,0x00,0x00,0x48,0x89,0x84,0x24,0xf0,0x00,0x00,0x00,0x48,0x89,0x8c,0x24,0xf8,0x00,0x00,0x00,0x48,0x8b,0x84,0x24,0xf8,0x00,0x00,0x00,0x48,0x8b,0x8c,0x24,0xf0,0x00,0x00,0x00,0x88,0x94,0x24,0x00,0x01,0x00,0x00,0xff,0x10,0x80,0xbc,0x24,0x00,0x01,0x00,0x00,0x00,0x0f,0x84,0x12,0x00,0x00,0x00,0x8a,0x05,0x8d,0x02,0x00,0x00,0x88,0x84,0x24,0xc8,0x00,0x00,0x00,0xe9,0x16,0x01,0x00,0x00,0x48,0x8b,0xac,0x24,0x80,0x00,0x00,0x00,0x48,0x89,0xac,0x24,0xd0,0x00,0x00,0x00,0x4c,0x8d,0x94,0x24,0xd0,0x00,0x00,0x00,0x48,0x8d,0x84,0x24,0xd8,0x00,0x00,0x00,0x48,0x89,0x44,0x24,0x70,0x4c,0x8b,0x4c,0x24,0x78,0x49,0x8d,0x81,0x78,0x01,0x00,0x00,0x48,0x8b,0x0d,0x71,0x02,0x00,0x00,0x48,0x89,0x44,0x24,0x48,0x48,0x89,0x4c,0x24,0x68,0x48,0x8b,0x44,0x24,0x68,0x4c,0x89,0xd1,0x48,0x8b,0x54,0x24,0x48,0x48,0x89,0x4c,0x24,0x30,0xff,0x10,0x48,0x8d,0x84,0x24,0xe0,0x00,0x00,0x00,0x48,0x8b,0x0d,0x4c,0x02,0x00,0x00,0x48,0x89,0x44,0x24,0x38,0x48,0x89,0x4c,0x24,0x20,0x48,0x8b,0x44,0x24,0x20,0x48,0x8b,0x4c,0x24,0x38,0x48,0x8b,0x54,0x24,0x48,0xff,0x10,0x48,0x8b,0x84,0x24,0xe0,0x00,0x00,0x00,0x48,0x39,0x84,0x24,0xd0,0x00,0x00,0x00,0x0f,0x84,0x80,0x00,0x00,0x00,0x48,0x8b,0x05,0x1c,0x02,0x00,0x00,0x48,0x8b,0x4c,0x24,0x70,0x48,0x8b,0x54,0x24,0x48,0x4c,0x8b,0x44,0x24,0x30,0xff,0x10,0x48,0x8b,0x84,0x24,0xd8,0x00,0x00,0x00,0x48,0x8d,0x8c,0x24,0xe8,0x00,0x00,0x00,0x48,0x8d,0x10,0x4c,0x8b,0x84,0x24,0x90,0x00,0x00,0x00,0x49,0x8d,0x40,0x18,0x48,0x8b,0x2d,0xc5,0x01,0x00,0x00,0x49,0x89,0xc0,0xff,0x55,0x00,0x8a,0x84,0x24,0xe8,0x00,0x00,0x00,0x3c,0x00,0x0f,0x84,0x12,0x00,0x00,0x00,0x8a,0x05,0x92,0x01,0x00,0x00,0x88,0x84,0x24,0xc8,0x00,0x00,0x00,0xe9,0x00,0x00,0x00,0x00,0x48,0x8b,0x05,0xbf,0x01,0x00,0x00,0x48,0x8b,0x4c,0x24,0x30,0x48,0x8b,0x54,0x24,0x48,0x49,0x89,0xc8,0xff,0x10,0xe9,0x40,0xff,0xff,0xff,0x8a,0x05,0x5d,0x01,0x00,0x00,0x88,0x84,0x24,0xd8,0x00,0x00,0x00,0x4c,0x8b,0x84,0x24,0x90,0x00,0x00,0x00,0x41,0x8a,0x40,0x14,0x3c,0x00,0x0f,0x84,0x12,0x00,0x00,0x00,0x8a,0x05,0x44,0x01,0x00,0x00,0x88,0x84,0x24,0xd8,0x00,0x00,0x00,0xe9,0xd8,0x00,0x00,0x00,0x48,0x8d,0x84,0x24,0xdc,0x00,0x00,0x00,0x48,0x8b,0x0d,0x71,0x01,0x00,0x00,0x48,0x89,0x44,0x24,0x40,0x48,0x89,0x4c,0x24,0x50,0x48,0x8b,0x44,0x24,0x50,0x48,0x8b,0x4c,0x24,0x40,0xff,0x10,0x48,0x8d,0x84,0x24,0xdc,0x00,0x00,0x00,0x4c,0x8b,0x4c,0x24,0x78,0x49,0x8d,0x91,0x70,0x01,0x00,0x00,0x48,0x8d,0x0b,0x48,0x8b,0x1d,0x45,0x01,0x00,0x00,0x48,0x89,0x4c,0x24,0x58,0x48,0x89,0xc1,0x4c,0x8b,0x44,0x24,0x58,0xff,0x13,0x4c,0x8b,0x84,0x24,0x90,0x00,0x00,0x00,0x41,0x8b,0x40,0x04,0x3b,0x84,0x24,0xdc,0x00,0x00,0x00,0x0f,0x9d,0xc0,0x3c,0x00,0x0f,0x84,0x30,0x00,0x00,0x00,0x41,0x8b,0x40,0x08,0x3b,0x84,0x24,0xe0,0x00,0x00,0x00,0x0f,0x9d,0xc0,0x3c,0x00,0x0f,0x84,0x0d,0x00,0x00,0x00,0xc6,0x84,0x24,0xd8,0x00,0x00,0x00,0x01,0xe9,0x1a,0x00,0x00,0x00,0xc6,0x84,0x24,0xd8,0x00,0x00,0x00,0x00,0xe9,0x0d,0x00,0x00,0x00,0xc6,0x84,0x24,0xd8,0x00,0x00,0x00,0x00,0xe9,0x00,0x00,0x00,0x00,0x48,0x8d,0x84,0x24,0xdc,0x00,0x00,0x00,0x48,0x8b,0x0d,0xd4,0x00,0x00,0x00,0x48,0x89,0x44,0x24,0x60,0x48,0x89,0x8c,0x24,0x08,0x01,0x00,0x00,0x48,0x8b,0x84,0x24,0x08,0x01,0x00,0x00,0x48,0x8b,0x4c,0x24,0x60,0xff,0x10,0x80,0xbc,0x24,0xc8,0x00,0x00,0x00,0x00,0x0f,0x84,0x28,0x00,0x00,0x00,0x80,0xbc,0x24,0xd8,0x00,0x00,0x00,0x00,0x0f,0x84,0x0d,0x00,0x00,0x00,0x48,0x8b,0x4c,0x24,0x28,0xc6,0x01,0x01,0xe9,0x1a,0x00,0x00,0x00,0x48,0x8b,0x4c,0x24,0x28,0xc6,0x01,0x00,0xe9,0x0d,0x00,0x00,0x00,0x48,0x8b,0x4c,0x24,0x28,0xc6,0x01,0x00,0xe9,0x00,0x00,0x00,0x00,0xe9,0x00,0x00,0x00,0x00,0x48,0x81,0xc4,0x18,0x01,0x00,0x00,0x5d,0x5b,0xc3,0x00,0x00,0x00,0x00,0x00,0x00,0x00,0xff,0xff,0xff,0x00,0x00,0x00,0x00,0x01,0x00,0x00,0x00,0x00,0x00,0x00,0x00};
static const unsigned char ST_RELEASE_GRID[]={0x53,0x55,0x56,0x57,0x41,0x54,0x41,0x55,0x41,0x56,0x41,0x57,0x48,0x81,0xec,0xe8,0x02,0x00,0x00,0x48,0x8b,0xac,0x24,0x50,0x03,0x00,0x00,0x4c,0x8b,0xb4,0x24,0x58,0x03,0x00,0x00,0x4c,0x8b,0xbc,0x24,0x60,0x03,0x00,0x00,0x48,0x8b,0x84,0x24,0x68,0x03,0x00,0x00,0x48,0x8b,0x9c,0x24,0x70,0x03,0x00,0x00,0x48,0x8b,0xbc,0x24,0x78,0x03,0x00,0x00,0x48,0x8b,0xb4,0x24,0x80,0x03,0x00,0x00,0x4c,0x8b,0x94,0x24,0x88,0x03,0x00,0x00,0x4c,0x8b,0xac,0x24,0x90,0x03,0x00,0x00,0x48,0x89,0x8c,0x24,0x90,0x01,0x00,0x00,0x48,0x89,0x94,0x24,0x98,0x01,0x00,0x00,0x4c,0x89,0x84,0x24,0xa0,0x01,0x00,0x00,0x4c,0x89,0x8c,0x24,0xa8,0x01,0x00,0x00,0x48,0x89,0xac,0x24,0xb0,0x01,0x00,0x00,0x48,0x89,0x6c,0x24,0x68,0x4c,0x89,0xb4,0x24,0xb8,0x01,0x00,0x00,0x4c,0x89,0xbc,0x24,0xc0,0x01,0x00,0x00,0x48,0x89,0x84,0x24,0xc8,0x01,0x00,0x00,0x48,0x89,0x9c,0x24,0xd0,0x01,0x00,0x00,0x48,0x89,0xbc,0x24,0xd8,0x01,0x00,0x00,0x48,0x89,0xbc,0x24,0x50,0x01,0x00,0x00,0x48,0x89,0xb4,0x24,0xe0,0x01,0x00,0x00,0x4c,0x89,0x94,0x24,0xe8,0x01,0x00,0x00,0x4c,0x89,0x94,0x24,0x48,0x01,0x00,0x00,0x4c,0x89,0xac,0x24,0xf0,0x01,0x00,0x00,0x48,0xc7,0x84,0x24,0xf8,0x01,0x00,0x00,0x00,0x00,0x00,0x00,0x48,0x8d,0xac,0x24,0x00,0x02,0x00,0x00,0x48,0x8d,0x39,0x4d,0x8d,0x16,0x48,0x8d,0x00,0x4c,0x8d,0x1b,0x48,0x89,0x84,0x24,0x40,0x01,0x00,0x00,0x48,0x8b,0x84,0x24,0x50,0x01,0x00,0x00,0x48,0x8d,0x18,0x48,0x8d,0x06,0x48,0x89,0x84,0x24,0x30,0x01,0x00,0x00,0x48,0x8b,0x84,0x24,0x48,0x01,0x00,0x00,0x48,0x8d,0x30,0x49,0x8d,0x45,0x00,0x4d,0x8d,0xa0,0xa8,0x00,0x00,0x00,0x4c,0x89,0x84,0x24,0x10,0x01,0x00,0x00,0x4c,0x8d,0x84,0x24,0xf8,0x01,0x00,0x00,0x48,0x89,0x94,0x24,0x28,0x01,0x00,0x00,0x48,0x8b,0x15,0x7d,0x0a,0x00,0x00,0x4c,0x89,0x5c,0x24,0x20,0x48,0x89,0x5c,0x24,0x28,0x4c,0x89,0x94,0x24,0x20,0x01,0x00,0x00,0x4c,0x8b,0x94,0x24,0x30,0x01,0x00,0x00,0x4c,0x89,0x54,0x24,0x30,0x48,0x89,0x74,0x24,0x38,0x48,0x89,0x44,0x24,0x40,0x4c,0x89,0x64,0x24,0x48,0x4c,0x89,0x44,0x24,0x50,0x49,0x89,0xd4,0x48,0x89,0x8c,0x24,0x58,0x01,0x00,0x00,0x4c,0x89,0x8c,0x24,0x38,0x01,0x00,0x00,0x48,0x89,0xe9,0x48,0x89,0xfa,0x4c,0x8b,0x84,0x24,0x20,0x01,0x00,0x00,0x4c,0x8b,0x8c,0x24,0x40,0x01,0x00,0x00,0x41,0xff,0x14,0x24,0x49,0x83,0x7d,0x00,0x00,0x0f,0x95,0xc0,0x3c,0x00,0x0f,0x84,0x1c,0x00,0x00,0x00,0x80,0xbc,0x24,0x00,0x02,0x00,0x00,0x00,0x0f,0x84,0x07,0x00,0x00,0x00,0xb0,0x01,0xe9,0x0e,0x00,0x00,0x00,0xb0,0x00,0xe9,0x07,0x00,0x00,0x00,0xb0,0x00,0xe9,0x00,0x00,0x00,0x00,0x3c,0x00,0x0f,0x84,0xc0,0x09,0x00,0x00,0x48,0x83,0xbc,0x24,0xf8,0x01,0x00,0x00,0x00,0x0f,0x95,0xc0,0x3c,0x00,0x0f,0x84,0x54,0x03,0x00,0x00,0x48,0x8b,0x84,0x24,0xf8,0x01,0x00,0x00,0x48,0x8b,0x18,0x49,0x8b,0x45,0x00,0x48,0x8d,0x8c,0x24,0x01,0x02,0x00,0x00,0x48,0x8d,0x13,0x48,0x8d,0x00,0x48,0x8b,0x1b,0x48,0x8b,0x9b,0x80,0x00,0x00,0x00,0x48,0x8b,0x2d,0xa8,0x09,0x00,0x00,0x48,0x01,0xeb,0x48,0x8b,0x1b,0x48,0x8b,0x1b,0x49,0x89,0xc0,0xff,0xd3,0x8a,0x84,0x24,0x01,0x02,0x00,0x00,0x3c,0x00,0x0f,0x84,0x04,0x03,0x00,0x00,0x41,0x8b,0x45,0x10,0x3b,0x05,0x71,0x09,0x00,0x00,0x0f,0x95,0xc0,0x3c,0x00,0x0f,0x84,0x23,0x00,0x00,0x00,0x41,0x8b,0x45,0x18,0x3b,0x05,0x5c,0x09,0x00,0x00,0x0f,0x95,0xc0,0x3c,0x00,0x0f,0x84,0x07,0x00,0x00,0x00,0xb0,0x01,0xe9,0x0e,0x00,0x00,0x00,0xb0,0x00,0xe9,0x07,0x00,0x00,0x00,0xb0,0x00,0xe9,0x00,0x00,0x00,0x00,0x3c,0x00,0x0f,0x84,0x29,0x00,0x00,0x00,0x41,0x8b,0x46,0x20,0x4c,0x8b,0x8c,0x24,0x38,0x01,0x00,0x00,0x41,0x3b,0x41,0x08,0x0f,0x94,0xc0,0x3c,0x00,0x0f,0x84,0x07,0x00,0x00,0x00,0xb0,0x01,0xe9,0x0e,0x00,0x00,0x00,0xb0,0x00,0xe9,0x07,0x00,0x00,0x00,0xb0,0x00,0xe9,0x00,0x00,0x00,0x00,0x3c,0x00,0x0f,0x84,0x2f,0x00,0x00,0x00,0x48,0x8b,0x8c,0x24,0x58,0x01,0x00,0x00,0x48,0x8d,0x09,0x48,0x8b,0x94,0x24,0x28,0x01,0x00,0x00,0x48,0x8d,0x02,0x49,0x8d,0x5d,0x00,0x48,0x8b,0x2d,0xf3,0x08,0x00,0x00,0x48,0x89,0xc2,0x49,0x89,0xd8,0xff,0x55,0x00,0xe9,0x00,0x00,0x00,0x00,0x48,0x8d,0x8c,0x24,0x04,0x02,0x00,0x00,0x48,0x8b,0x05,0xde,0x08,0x00,0x00,0xff,0x10,0x41,0x8b,0x45,0x08,0x89,0x84,0x24,0x04,0x02,0x00,0x00,0x41,0x8b,0x45,0x0c,0x89,0x84,0x24,0x08,0x02,0x00,0x00,0x41,0x8b,0x45,0x10,0x89,0x84,0x24,0x0c,0x02,0x00,0x00,0x41,0x8b,0x45,0x14,0x89,0x84,0x24,0x10,0x02,0x00,0x00,0x41,0x8b,0x45,0x18,0x89,0x84,0x24,0x14,0x02,0x00,0x00,0x49,0x8b,0x45,0x00,0x48,0x8d,0x8c,0x24,0x20,0x02,0x00,0x00,0x48,0x8d,0x50,0x08,0x48,0x8b,0x40,0x08,0x48,0x8b,0x80,0x80,0x00,0x00,0x00,0x48,0x8b,0x1d,0x8b,0x08,0x00,0x00,0x48,0x01,0xd8,0x48,0x8b,0x00,0x48,0x8b,0x00,0xff,0xd0,0x48,0x8b,0x84,0x24,0x20,0x02,0x00,0x00,0x8b,0x00,0x89,0x84,0x24,0x18,0x02,0x00,0x00,0x48,0x8d,0x8c,0x24,0x1c,0x02,0x00,0x00,0x48,0x8b,0x05,0x58,0x08,0x00,0x00,0xff,0x10,0x48,0x8b,0x84,0x24,0xf8,0x01,0x00,0x00,0x48,0x8b,0x00,0x48,0x8d,0x8c,0x24,0x38,0x02,0x00,0x00,0x48,0x8d,0x50,0x08,0x48,0x8b,0x40,0x08,0x48,0x8b,0x80,0x80,0x00,0x00,0x00,0x48,0x8b,0x1d,0x35,0x08,0x00,0x00,0x48,0x01,0xd8,0x48,0x8b,0x00,0x48,0x8b,0x00,0xff,0xd0,0x48,0x8b,0x84,0x24,0x38,0x02,0x00,0x00,0x8b,0x00,0x89,0x84,0x24,0x30,0x02,0x00,0x00,0x41,0x8b,0x06,0x89,0x84,0x24,0x1c,0x02,0x00,0x00,0x41,0x8b,0x46,0x20,0x89,0x84,0x24,0x28,0x02,0x00,0x00,0x41,0x8b,0x46,0x14,0x89,0x84,0x24,0x20,0x02,0x00,0x00,0x41,0x8b,0x46,0x30,0x89,0x84,0x24,0x24,0x02,0x00,0x00,0x41,0x8b,0x46,0x34,0x89,0x84,0x24,0x2c,0x02,0x00,0x00,0x48,0x8b,0x94,0x24,0x28,0x01,0x00,0x00,0x48,0x8d,0x8a,0x90,0x00,0x00,0x00,0x48,0x8d,0x94,0x24,0x04,0x02,0x00,0x00,0x48,0x8d,0x84,0x24,0x1c,0x02,0x00,0x00,0x48,0x8b,0x1d,0xc5,0x07,0x00,0x00,0x49,0x89,0xc0,0xff,0x13,0x48,0x8b,0x84,0x24,0xf8,0x01,0x00,0x00,0x48,0x8b,0x00,0x48,0x8d,0x8c,0x24,0x34,0x02,0x00,0x00,0x48,0x8d,0x10,0x48,0x8b,0x00,0x48,0x8b,0x80,0x80,0x00,0x00,0x00,0x48,0x8b,0x1d,0xa1,0x07,0x00,0x00,0x48,0x01,0xd8,0x48,0x8b,0x00,0x48,0x8b,0x00,0xff,0xd0,0x48,0x8b,0x84,0x24,0xf8,0x01,0x00,0x00,0x48,0x8b,0x00,0x48,0x8d,0x8c,0x24,0x38,0x02,0x00,0x00,0x48,0x8d,0x10,0x48,0x8b,0x00,0x48,0x8b,0x80,0x80,0x00,0x00,0x00,0x48,0x8b,0x1d,0x77,0x07,0x00,0x00,0x48,0x01,0xd8,0x48,0x8b,0x00,0x48,0x8b,0x00,0xff,0xd0,0x49,0x8b,0x45,0x00,0x48,0x8d,0x8c,0x24,0x3c,0x02,0x00,0x00,0x48,0x8d,0x10,0x48,0x8b,0x00,0x48,0x8b,0x80,0x80,0x00,0x00,0x00,0x48,0x8b,0x1d,0x4c,0x07,0x00,0x00,0x48,0x01,0xd8,0x48,0x8b,0x00,0x48,0x8b,0x00,0xff,0xd0,0x8b,0x84,0x24,0x38,0x02,0x00,0x00,0x03,0x84,0x24,0x3c,0x02,0x00,0x00,0x39,0x84,0x24,0x34,0x02,0x00,0x00,0x0f,0x9d,0xc0,0x3c,0x00,0x0f,0x84,0x22,0x00,0x00,0x00,0x49,0xc7,0x45,0x00,0x00,0x00,0x00,0x00,0x4c,0x8b,0x84,0x24,0x10,0x01,0x00,0x00,0x49,0x8d,0x48,0x3c,0x48,0x8b,0x05,0x0e,0x07,0x00,0x00,0xff,0x10,0xe9,0x00,0x00,0x00,0x00,0x48,0x8b,0x05,0x08,0x07,0x00,0x00,0x48,0x8d,0x08,0x48,0x8d,0x15,0xb2,0x06,0x00,0x00,0x4c,0x8d,0x05,0xa7,0x06,0x00,0x00,0x48,0x8b,0x05,0xf8,0x06,0x00,0x00,0xff,0x10,0x48,0x8d,0x8c,0x24,0x1c,0x02,0x00,0x00,0x48,0x8b,0x05,0xef,0x06,0x00,0x00,0xff,0x10,0x48,0x8d,0x8c,0x24,0x04,0x02,0x00,0x00,0x48,0x8b,0x05,0xde,0x06,0x00,0x00,0xff,0x10,0xe9,0x00,0x00,0x00,0x00,0xe9,0x53,0x06,0x00,0x00,0x48,0x8d,0x84,0x24,0x0c,0x02,0x00,0x00,0x48,0x8b,0x0d,0xcb,0x06,0x00,0x00,0x48,0x89,0x84,0x24,0x60,0x01,0x00,0x00,0x48,0x89,0x8c,0x24,0x70,0x01,0x00,0x00,0x48,0x8b,0x84,0x24,0x70,0x01,0x00,0x00,0x48,0x8b,0x8c,0x24,0x60,0x01,0x00,0x00,0xff,0x10,0x48,0x8d,0x84,0x24,0x0c,0x02,0x00,0x00,0x48,0x89,0x84,0x24,0xd0,0x02,0x00,0x00,0x48,0x8b,0x84,0x24,0x50,0x01,0x00,0x00,0x48,0x8d,0x08,0x48,0x8b,0x84,0x24,0x48,0x01,0x00,0x00,0x48,0x8d,0x10,0x48,0x8b,0x05,0x84,0x06,0x00,0x00,0x48,0x89,0x8c,0x24,0xc8,0x02,0x00,0x00,0x48,0x89,0x94,0x24,0xc0,0x02,0x00,0x00,0x48,0x8b,0x8c,0x24,0xd0,0x02,0x00,0x00,0x48,0x8b,0x94,0x24,0xc8,0x02,0x00,0x00,0x4c,0x8b,0x84,0x24,0xc0,0x02,0x00,0x00,0xff,0x10,0x48,0x8d,0x84,0x24,0x04,0x02,0x00,0x00,0x48,0x8b,0x0d,0x43,0x06,0x00,0x00,0x48,0x89,0x84,0x24,0x88,0x01,0x00,0x00,0x48,0x89,0x8c,0x24,0x68,0x01,0x00,0x00,0x48,0x8b,0x84,0x24,0x68,0x01,0x00,0x00,0x48,0x8b,0x8c,0x24,0x88,0x01,0x00,0x00,0xff,0x10,0x48,0x8d,0x84,0x24,0x04,0x02,0x00,0x00,0x48,0x8d,0x8c,0x24,0x0c,0x02,0x00,0x00,0x49,0x8d,0x57,0x0c,0x48,0x8b,0x1d,0x16,0x06,0x00,0x00,0x48,0x89,0x8c,0x24,0x80,0x01,0x00,0x00,0x48,0x89,0x94,0x24,0x78,0x01,0x00,0x00,0x48,0x89,0xc1,0x48,0x8b,0x94,0x24,0x80,0x01,0x00,0x00,0x4c,0x8b,0x84,0x24,0x78,0x01,0x00,0x00,0xff,0x13,0x48,0x8d,0x84,0x24,0x01,0x02,0x00,0x00,0x48,0x8b,0x8c,0x24,0x58,0x01,0x00,0x00,0x48,0x8d,0x11,0x49,0x8d,0x5d,0x00,0x49,0x8d,0x2e,0x49,0x8d,0x37,0x48,0x8d,0xbc,0x24,0x04,0x02,0x00,0x00,0x4c,0x8b,0x05,0xcd,0x05,0x00,0x00,0x48,0x89,0x74,0x24,0x20,0x48,0x89,0x7c,0x24,0x28,0x48,0x89,0xac,0x24,0x18,0x01,0x00,0x00,0x4c,0x89,0x84,0x24,0x08,0x01,0x00,0x00,0x48,0x8b,0xac,0x24,0x08,0x01,0x00,0x00,0x48,0x89,0xc1,0x49,0x89,0xd8,0x4c,0x8b,0x8c,0x24,0x18,0x01,0x00,0x00,0xff,0x55,0x00,0x8a,0x84,0x24,0x01,0x02,0x00,0x00,0x3a,0x05,0x0d,0x05,0x00,0x00,0x0f,0x94,0xc3,0x48,0x8d,0x84,0x24,0x0c,0x02,0x00,0x00,0x48,0x8b,0x0d,0x83,0x05,0x00,0x00,0x48,0x89,0x84,0x24,0xe0,0x00,0x00,0x00,0x48,0x89,0x8c,0x24,0x00,0x01,0x00,0x00,0x48,0x8b,0x84,0x24,0x00,0x01,0x00,0x00,0x48,0x8b,0x8c,0x24,0xe0,0x00,0x00,0x00,0xff,0x10,0x48,0x8d,0x84,0x24,0x04,0x02,0x00,0x00,0x48,0x8b,0x0d,0x52,0x05,0x00,0x00,0x48,0x89,0x84,0x24,0xa0,0x00,0x00,0x00,0x48,0x89,0x8c,0x24,0x98,0x00,0x00,0x00,0x48,0x8b,0x84,0x24,0x98,0x00,0x00,0x00,0x48,0x8b,0x8c,0x24,0xa0,0x00,0x00,0x00,0xff,0x10,0x80,0xfb,0x00,0x0f,0x84,0x42,0x04,0x00,0x00,0x41,0x8b,0x45,0x10,0x3b,0x05,0x95,0x04,0x00,0x00,0x0f,0x95,0xc0,0x3c,0x00,0x0f,0x84,0x23,0x00,0x00,0x00,0x41,0x8b,0x45,0x18,0x3b,0x05,0x80,0x04,0x00,0x00,0x0f,0x95,0xc0,0x3c,0x00,0x0f,0x84,0x07,0x00,0x00,0x00,0xb0,0x01,0xe9,0x0e,0x00,0x00,0x00,0xb0,0x00,0xe9,0x07,0x00,0x00,0x00,0xb0,0x00,0xe9,0x00,0x00,0x00,0x00,0x3c,0x00,0x0f,0x84,0x29,0x00,0x00,0x00,0x41,0x8b,0x46,0x20,0x4c,0x8b,0x8c,0x24,0x38,0x01,0x00,0x00,0x41,0x3b,0x41,0x08,0x0f,0x94,0xc0,0x3c,0x00,0x0f,0x84,0x07,0x00,0x00,0x00,0xb0,0x01,0xe9,0x16,0x00,0x00,0x00,0xb0,0x00,0xe9,0x0f,0x00,0x00,0x00,0xb0,0x00,0x4c,0x8b,0x8c,0x24,0x38,0x01,0x00,0x00,0xe9,0x00,0x00,0x00,0x00,0x3c,0x00,0x0f,0x84,0x39,0x00,0x00,0x00,0x48,0x8b,0x8c,0x24,0x58,0x01,0x00,0x00,0x48,0x8d,0x01,0x48,0x8b,0x94,0x24,0x28,0x01,0x00,0x00,0x48,0x8d,0x1a,0x49,0x8d,0x6d,0x00,0x48,0x8b,0x35,0x0f,0x04,0x00,0x00,0x48,0x89,0xc1,0x48,0x89,0xda,0x49,0x89,0xe8,0xff,0x16,0x4c,0x8b,0x8c,0x24,0x38,0x01,0x00,0x00,0xe9,0x00,0x00,0x00,0x00,0x48,0x8d,0x84,0x24,0x04,0x02,0x00,0x00,0x48,0x8b,0x0d,0xf0,0x03,0x00,0x00,0x48,0x89,0x84,0x24,0x90,0x00,0x00,0x00,0x48,0x89,0x8c,0x24,0x80,0x00,0x00,0x00,0x48,0x8b,0x84,0x24,0x80,0x00,0x00,0x00,0x48,0x8b,0x8c,0x24,0x90,0x00,0x00,0x00,0xff,0x10,0x41,0x8b,0x45,0x08,0x89,0x84,0x24,0x04,0x02,0x00,0x00,0x41,0x8b,0x45,0x0c,0x89,0x84,0x24,0x08,0x02,0x00,0x00,0x41,0x8b,0x45,0x10,0x89,0x84,0x24,0x0c,0x02,0x00,0x00,0x41,0x8b,0x45,0x14,0x89,0x84,0x24,0x10,0x02,0x00,0x00,0x41,0x8b,0x45,0x18,0x89,0x84,0x24,0x14,0x02,0x00,0x00,0x49,0x8b,0x45,0x00,0x48,0x8d,0x8c,0x24,0x20,0x02,0x00,0x00,0x48,0x8d,0x50,0x08,0x48,0x8b,0x40,0x08,0x48,0x8b,0x98,0x80,0x00,0x00,0x00,0x48,0x8b,0x05,0x7d,0x03,0x00,0x00,0x48,0x01,0xc3,0x48,0x8b,0x03,0x48,0x8b,0x00,0xff,0xd0,0x48,0x8b,0x84,0x24,0x20,0x02,0x00,0x00,0x8b,0x00,0x89,0x84,0x24,0x18,0x02,0x00,0x00,0x48,0x8d,0x84,0x24,0x1c,0x02,0x00,0x00,0x48,0x8b,0x0d,0xba,0x03,0x00,0x00,0x48,0x89,0x44,0x24,0x60,0x48,0x89,0x4c,0x24,0x78,0x48,0x8b,0x44,0x24,0x78,0x48,0x8b,0x4c,0x24,0x60,0xff,0x10,0x41,0x8b,0x06,0x89,0x84,0x24,0x1c,0x02,0x00,0x00,0x41,0x8b,0x46,0x10,0x89,0x84,0x24,0x30,0x02,0x00,0x00,0x41,0x8b,0x46,0x14,0x89,0x84,0x24,0x20,0x02,0x00,0x00,0x41,0x8b,0x46,0x30,0x89,0x84,0x24,0x24,0x02,0x00,0x00,0x41,0x8b,0x46,0x20,0x89,0x84,0x24,0x28,0x02,0x00,0x00,0x41,0x8b,0x46,0x34,0x89,0x84,0x24,0x2c,0x02,0x00,0x00,0x41,0x8b,0x07,0x89,0x84,0x24,0x34,0x02,0x00,0x00,0x48,0x8d,0x84,0x24,0x48,0x02,0x00,0x00,0x48,0x8b,0x0d,0x22,0x03,0x00,0x00,0x48,0x89,0x44,0x24,0x70,0x48,0x89,0x8c,0x24,0xa8,0x00,0x00,0x00,0x48,0x8b,0x84,0x24,0xa8,0x00,0x00,0x00,0x48,0x8b,0x4c,0x24,0x70,0xff,0x10,0x48,0x8d,0x84,0x24,0x48,0x02,0x00,0x00,0x48,0x89,0x84,0x24,0x88,0x00,0x00,0x00,0x48,0x8b,0x84,0x24,0x50,0x01,0x00,0x00,0x48,0x8d,0x00,0x48,0x89,0x84,0x24,0xb0,0x00,0x00,0x00,0x48,0x8b,0x84,0x24,0x48,0x01,0x00,0x00,0x48,0x8d,0x00,0x48,0x8b,0x0d,0xd9,0x02,0x00,0x00,0x48,0x89,0x84,0x24,0xc0,0x00,0x00,0x00,0x48,0x89,0x8c,0x24,0xf8,0x00,0x00,0x00,0x48,0x8b,0x84,0x24,0xf8,0x00,0x00,0x00,0x48,0x8b,0x8c,0x24,0x88,0x00,0x00,0x00,0x48,0x8b,0x94,0x24,0xb0,0x00,0x00,0x00,0x4c,0x8b,0x84,0x24,0xc0,0x00,0x00,0x00,0xff,0x10,0x48,0x8d,0x84,0x24,0x38,0x02,0x00,0x00,0x48,0x8d,0x8c,0x24,0x48,0x02,0x00,0x00,0x49,0x8d,0x57,0x0c,0x48,0x8b,0x1d,0x94,0x02,0x00,0x00,0x48,0x89,0x8c,0x24,0xf0,0x00,0x00,0x00,0x48,0x89,0x94,0x24,0xe8,0x00,0x00,0x00,0x48,0x89,0xc1,0x48,0x8b,0x94,0x24,0xf0,0x00,0x00,0x00,0x4c,0x8b,0x84,0x24,0xe8,0x00,0x00,0x00,0xff,0x13,0x48,0x8d,0x84,0x24,0x48,0x02,0x00,0x00,0x48,0x8b,0x0d,0x70,0x02,0x00,0x00,0x48,0x89,0x84,0x24,0xd8,0x00,0x00,0x00,0x48,0x89,0x8c,0x24,0xb8,0x00,0x00,0x00,0x48,0x8b,0x84,0x24,0xb8,0x00,0x00,0x00,0x48,0x8b,0x8c,0x24,0xd8,0x00,0x00,0x00,0xff,0x10,0x4c,0x8b,0x84,0x24,0x10,0x01,0x00,0x00,0x41,0x8b,0x80,0xa8,0x00,0x00,0x00,0x89,0x84,0x24,0x40,0x02,0x00,0x00,0x41,0x8b,0x07,0x89,0x84,0x24,0x44,0x02,0x00,0x00,0x48,0x8b,0x8c,0x24,0x58,0x01,0x00,0x00,0x48,0x8d,0x09,0x48,0x8b,0x44,0x24,0x68,0x48,0x8d,0x00,0x48,0x8d,0x94,0x24,0x04,0x02,0x00,0x00,0x48,0x8d,0x9c,0x24,0x1c,0x02,0x00,0x00,0x48,0x8b,0x2d,0x14,0x02,0x00,0x00,0x48,0x89,0x94,0x24,0xd0,0x00,0x00,0x00,0x48,0x89,0xc2,0x4c,0x8b,0x84,0x24,0xd0,0x00,0x00,0x00,0x49,0x89,0xd9,0xff,0x55,0x00,0x48,0x8d,0x8c,0x24,0x48,0x02,0x00,0x00,0x48,0x8b,0x05,0xf4,0x01,0x00,0x00,0xff,0x10,0x48,0x8d,0x84,0x24,0x48,0x02,0x00,0x00,0x4c,0x8b,0x8c,0x24,0x38,0x01,0x00,0x00,0x49,0x8d,0x09,0x48,0x8d,0x94,0x24,0x18,0x02,0x00,0x00,0x49,0x8b,0x19,0x48,0x8b,0x9b,0x80,0x00,0x00,0x00,0x48,0x8b,0x2d,0xce,0x01,0x00,0x00,0x48,0x01,0xeb,0x48,0x8b,0x1b,0x48,0x8b,0x1b,0x48,0x89,0x8c,0x24,0xc8,0x00,0x00,0x00,0x48,0x89,0x94,0x24,0xd8,0x02,0x00,0x00,0x48,0x89,0xc1,0x48,0x8b,0x94,0x24,0xc8,0x00,0x00,0x00,0x4c,0x8b,0x84,0x24,0xd8,0x02,0x00,0x00,0xff,0xd3,0x48,0x8d,0x8c,0x24,0xa8,0x02,0x00,0x00,0x48,0x8b,0x05,0x99,0x01,0x00,0x00,0xff,0x10,0x48,0x8b,0x94,0x24,0x28,0x01,0x00,0x00,0x48,0x8d,0x8a,0x90,0x00,0x00,0x00,0x48,0x8d,0x94,0x24,0x04,0x02,0x00,0x00,0x48,0x8d,0x84,0x24,0x1c,0x02,0x00,0x00,0x4c,0x8d,0x8c,0x24,0x48,0x02,0x00,0x00,0x48,0x8d,0x9c,0x24,0xa8,0x02,0x00,0x00,0x48,0x8b,0x2d,0x69,0x01,0x00,0x00,0x48,0x89,0x5c,0x24,0x20,0x49,0x89,0xc0,0xff,0x55,0x00,0x48,0x8d,0x8c,0x24,0xa8,0x02,0x00,0x00,0x48,0x8b,0x05,0x57,0x01,0x00,0x00,0xff,0x10,0x48,0x8d,0x8c,0x24,0x48,0x02,0x00,0x00,0x48,0x8b,0x05,0x4e,0x01,0x00,0x00,0xff,0x10,0x48,0x8d,0x8c,0x24,0x1c,0x02,0x00,0x00,0x48,0x8b,0x05,0x45,0x01,0x00,0x00,0xff,0x10,0x48,0x8d,0x8c,0x24,0x04,0x02,0x00,0x00,0x48,0x8b,0x05,0xc4,0x00,0x00,0x00,0xff,0x10,0xe9,0x00,0x00,0x00,0x00,0x49,0xc7,0x45,0x00,0x00,0x00,0x00,0x00,0x4c,0x8b,0x84,0x24,0x10,0x01,0x00,0x00,0x49,0x8d,0x48,0x3c,0x48,0x8b,0x05,0x8a,0x00,0x00,0x00,0xff,0x10,0x48,0x8b,0x05,0x89,0x00,0x00,0x00,0x48,0x8d,0x08,0x48,0x8d,0x15,0x33,0x00,0x00,0x00,0x4c,0x8d,0x05,0x28,0x00,0x00,0x00,0x48,0x8b,0x05,0x79,0x00,0x00,0x00,0xff,0x10,0xe9,0x00,0x00,0x00,0x00,0x48,0x81,0xc4,0xe8,0x02,0x00,0x00,0x41,0x5f,0x41,0x5e,0x41,0x5d,0x41,0x5c,0x5f,0x5e,0x5d,0x5b,0xc3,0x00,0x00,0x00,0x00,0x00,0x00,0x00,0x00,0x00,0x00,0x06,0x01,0x00,0x00};
static const unsigned char ST_RELEASE_STACK[]={0x53,0x55,0x56,0x57,0x41,0x54,0x48,0x81,0xec,0xd0,0x00,0x00,0x00,0x48,0x8b,0x84,0x24,0x20,0x01,0x00,0x00,0x48,0x8b,0xb4,0x24,0x28,0x01,0x00,0x00,0x48,0x8b,0xac,0x24,0x30,0x01,0x00,0x00,0x48,0x8b,0xbc,0x24,0x38,0x01,0x00,0x00,0x48,0x89,0x4c,0x24,0x20,0x48,0x89,0x54,0x24,0x28,0x4c,0x89,0x44,0x24,0x30,0x4c,0x89,0x4c,0x24,0x38,0x48,0x89,0x44,0x24,0x40,0x48,0x89,0x74,0x24,0x48,0x48,0x89,0x6c,0x24,0x50,0x48,0x89,0x7c,0x24,0x58,0x48,0x83,0x7d,0x00,0x00,0x0f,0x95,0xc0,0x3c,0x00,0x0f,0x84,0x33,0x03,0x00,0x00,0x48,0x8b,0x1f,0x48,0x8b,0x45,0x00,0x4c,0x8d,0x54,0x24,0x60,0x4c,0x8d,0x1b,0x48,0x8d,0x00,0x48,0x8b,0x1b,0x48,0x8b,0x9b,0x80,0x00,0x00,0x00,0x4c,0x8b,0x25,0x28,0x03,0x00,0x00,0x4c,0x01,0xe3,0x48,0x8b,0x1b,0x48,0x8b,0x1b,0x48,0x89,0x8c,0x24,0xa0,0x00,0x00,0x00,0x48,0x89,0x94,0x24,0xa8,0x00,0x00,0x00,0x4c,0x89,0x84,0x24,0xb0,0x00,0x00,0x00,0x4c,0x89,0xd1,0x4c,0x89,0xda,0x49,0x89,0xc0,0x4c,0x89,0x8c,0x24,0xb8,0x00,0x00,0x00,0xff,0xd3,0x8a,0x44,0x24,0x60,0x3c,0x00,0x0f,0x84,0xcb,0x02,0x00,0x00,0x8b,0x45,0x10,0x3b,0x05,0xd7,0x02,0x00,0x00,0x0f,0x95,0xc0,0x3c,0x00,0x0f,0x84,0x22,0x00,0x00,0x00,0x8b,0x45,0x18,0x3b,0x05,0xc3,0x02,0x00,0x00,0x0f,0x95,0xc0,0x3c,0x00,0x0f,0x84,0x07,0x00,0x00,0x00,0xb0,0x01,0xe9,0x0e,0x00,0x00,0x00,0xb0,0x00,0xe9,0x07,0x00,0x00,0x00,0xb0,0x00,0xe9,0x00,0x00,0x00,0x00,0x3c,0x00,0x0f,0x84,0x28,0x00,0x00,0x00,0x8b,0x46,0x20,0x4c,0x8b,0x8c,0x24,0xb8,0x00,0x00,0x00,0x41,0x3b,0x41,0x08,0x0f,0x94,0xc0,0x3c,0x00,0x0f,0x84,0x07,0x00,0x00,0x00,0xb0,0x01,0xe9,0x0e,0x00,0x00,0x00,0xb0,0x00,0xe9,0x07,0x00,0x00,0x00,0xb0,0x00,0xe9,0x00,0x00,0x00,0x00,0x3c,0x00,0x0f,0x84,0x4b,0x00,0x00,0x00,0x48,0x8b,0x8c,0x24,0xa0,0x00,0x00,0x00,0x48,0x8d,0x09,0x48,0x8b,0x94,0x24,0xa8,0x00,0x00,0x00,0x48,0x8d,0x02,0x48,0x8d,0x5d,0x00,0x4c,0x8b,0x05,0x53,0x02,0x00,0x00,0x48,0x89,0x84,0x24,0xc0,0x00,0x00,0x00,0x4c,0x89,0x84,0x24,0xc8,0x00,0x00,0x00,0x48,0x8b,0x84,0x24,0xc8,0x00,0x00,0x00,0x48,0x8b,0x94,0x24,0xc0,0x00,0x00,0x00,0x49,0x89,0xd8,0xff,0x10,0xe9,0x00,0x00,0x00,0x00,0x48,0x8d,0x4c,0x24,0x60,0x48,0x8b,0x05,0x25,0x02,0x00,0x00,0xff,0x10,0x8b,0x45,0x08,0x89,0x44,0x24,0x60,0x8b,0x45,0x0c,0x89,0x44,0x24,0x64,0x8b,0x45,0x10,0x89,0x44,0x24,0x68,0x8b,0x45,0x14,0x89,0x44,0x24,0x6c,0x8b,0x45,0x18,0x89,0x44,0x24,0x70,0x48,0x8b,0x45,0x00,0x48,0x8d,0x4c,0x24,0x78,0x48,0x8d,0x50,0x08,0x48,0x8b,0x40,0x08,0x48,0x8b,0x80,0x80,0x00,0x00,0x00,0x48,0x8b,0x1d,0xe9,0x01,0x00,0x00,0x48,0x01,0xd8,0x48,0x8b,0x00,0x48,0x8b,0x00,0xff,0xd0,0x48,0x8b,0x44,0x24,0x78,0x8b,0x00,0x89,0x44,0x24,0x74,0x48,0x8d,0x4c,0x24,0x78,0x48,0x8b,0x05,0xbf,0x01,0x00,0x00,0xff,0x10,0x48,0x8b,0x07,0x48,0x8d,0x8c,0x24,0x90,0x00,0x00,0x00,0x48,0x8d,0x50,0x08,0x48,0x8b,0x40,0x08,0x48,0x8b,0x80,0x80,0x00,0x00,0x00,0x48,0x8b,0x1d,0xa4,0x01,0x00,0x00,0x48,0x01,0xd8,0x48,0x8b,0x00,0x48,0x8b,0x00,0xff,0xd0,0x48,0x8b,0x84,0x24,0x90,0x00,0x00,0x00,0x8b,0x00,0x89,0x84,0x24,0x8c,0x00,0x00,0x00,0x8b,0x06,0x89,0x44,0x24,0x78,0x8b,0x46,0x20,0x89,0x84,0x24,0x84,0x00,0x00,0x00,0x8b,0x46,0x14,0x89,0x44,0x24,0x7c,0x8b,0x46,0x30,0x89,0x84,0x24,0x80,0x00,0x00,0x00,0x8b,0x46,0x34,0x89,0x84,0x24,0x88,0x00,0x00,0x00,0x48,0x8b,0x94,0x24,0xa8,0x00,0x00,0x00,0x48,0x8d,0x8a,0x90,0x00,0x00,0x00,0x48,0x8d,0x54,0x24,0x60,0x48,0x8d,0x44,0x24,0x78,0x48,0x8b,0x1d,0x45,0x01,0x00,0x00,0x49,0x89,0xc0,0xff,0x13,0x48,0x8b,0x07,0x48,0x8d,0x8c,0x24,0x90,0x00,0x00,0x00,0x48,0x8d,0x10,0x48,0x8b,0x00,0x48,0x8b,0x80,0x80,0x00,0x00,0x00,0x48,0x8b,0x1d,0x29,0x01,0x00,0x00,0x48,0x01,0xd8,0x48,0x8b,0x00,0x48,0x8b,0x00,0xff,0xd0,0x48,0x8b,0x07,0x48,0x8d,0x8c,0x24,0x94,0x00,0x00,0x00,0x48,0x8d,0x10,0x48,0x8b,0x00,0x48,0x8b,0x80,0x80,0x00,0x00,0x00,0x48,0x8b,0x1d,0x07,0x01,0x00,0x00,0x48,0x01,0xd8,0x48,0x8b,0x00,0x48,0x8b,0x00,0xff,0xd0,0x48,0x8b,0x45,0x00,0x48,0x8d,0x8c,0x24,0x98,0x00,0x00,0x00,0x48,0x8d,0x10,0x48,0x8b,0x00,0x48,0x8b,0x80,0x80,0x00,0x00,0x00,0x48,0x8b,0x1d,0xdc,0x00,0x00,0x00,0x48,0x01,0xd8,0x48,0x8b,0x00,0x48,0x8b,0x00,0xff,0xd0,0x8b,0x84,0x24,0x94,0x00,0x00,0x00,0x03,0x84,0x24,0x98,0x00,0x00,0x00,0x39,0x84,0x24,0x90,0x00,0x00,0x00,0x0f,0x9d,0xc0,0x3c,0x00,0x0f,0x84,0x22,0x00,0x00,0x00,0x48,0xc7,0x45,0x00,0x00,0x00,0x00,0x00,0x4c,0x8b,0x84,0x24,0xb0,0x00,0x00,0x00,0x49,0x8d,0x48,0x3c,0x48,0x8b,0x05,0x9e,0x00,0x00,0x00,0xff,0x10,0xe9,0x00,0x00,0x00,0x00,0x48,0x8b,0x05,0x98,0x00,0x00,0x00,0x48,0x8d,0x08,0x48,0x8d,0x15,0x4a,0x00,0x00,0x00,0x4c,0x8d,0x05,0x3f,0x00,0x00,0x00,0x48,0x8b,0x05,0x88,0x00,0x00,0x00,0xff,0x10,0x48,0x8d,0x4c,0x24,0x78,0x48,0x8b,0x05,0x82,0x00,0x00,0x00,0xff,0x10,0x48,0x8d,0x4c,0x24,0x60,0x48,0x8b,0x05,0x74,0x00,0x00,0x00,0xff,0x10,0xe9,0x00,0x00,0x00,0x00,0xe9,0x00,0x00,0x00,0x00,0x48,0x81,0xc4,0xd0,0x00,0x00,0x00,0x41,0x5c,0x5f,0x5e,0x5d,0x5b,0xc3,0x00,0x00,0x00,0x00,0x00,0x00,0x06,0x01,0x00,0x00};
static const unsigned char ST_QUICK_IN[]={0x53,0x55,0x48,0x83,0xec,0x78,0x48,0x89,0x4c,0x24,0x20,0x48,0x89,0x54,0x24,0x28,0x48,0x8b,0x05,0xa9,0x00,0x00,0x00,0x4c,0x8b,0x00,0x48,0x8d,0x44,0x24,0x30,0x48,0x8b,0x1d,0xa2,0x00,0x00,0x00,0xbd,0x28,0x00,0x00,0x00,0x48,0x89,0x4c,0x24,0x40,0x48,0x89,0x54,0x24,0x48,0x48,0x89,0xc1,0x89,0xea,0xff,0x13,0x48,0x8b,0x44,0x24,0x38,0x48,0x8d,0x00,0x48,0x8b,0x54,0x24,0x48,0x48,0x8d,0x12,0x48,0x8b,0x0d,0x7d,0x00,0x00,0x00,0x48,0x89,0x44,0x24,0x50,0x48,0x89,0x4c,0x24,0x58,0x48,0x8b,0x44,0x24,0x58,0x48,0x8b,0x4c,0x24,0x50,0xff,0x10,0x48,0x8b,0x4c,0x24,0x40,0x48,0x8d,0x01,0x48,0x8d,0x54,0x24,0x30,0x48,0x8b,0x09,0x48,0x8b,0x89,0x80,0x00,0x00,0x00,0x48,0x8b,0x1d,0x51,0x00,0x00,0x00,0x48,0x01,0xd9,0x48,0x8b,0x09,0x48,0x8b,0x09,0x48,0x89,0x44,0x24,0x60,0x48,0x89,0x4c,0x24,0x68,0x48,0x8b,0x44,0x24,0x68,0x48,0x8b,0x4c,0x24,0x60,0xff,0xd0,0x48,0x8d,0x4c,0x24,0x30,0x48,0x8b,0x05,0x2e,0x00,0x00,0x00,0xff,0x10,0x48,0x83,0xc4,0x78,0x5d,0x5b,0xc3,0x00,0x00,0x00,0x00,0x00};
static const unsigned char ST_QUICK_OUT[]={0x53,0x55,0x56,0x48,0x81,0xec,0x80,0x00,0x00,0x00,0x48,0x89,0x4c,0x24,0x40,0x48,0x89,0x54,0x24,0x48,0x4c,0x89,0x44,0x24,0x50,0x48,0x8b,0x05,0xc0,0x00,0x00,0x00,0x48,0x8b,0x00,0x48,0x8d,0x5c,0x24,0x58,0x48,0x8b,0x2d,0xb9,0x00,0x00,0x00,0xbe,0x50,0x00,0x00,0x00,0x48,0x89,0x4c,0x24,0x28,0x48,0x89,0x54,0x24,0x70,0x4c,0x89,0x44,0x24,0x68,0x48,0x89,0xd9,0x89,0xf2,0x49,0x89,0xc0,0xff,0x55,0x00,0x48,0x8b,0x44,0x24,0x60,0x48,0x8d,0x00,0x48,0x8b,0x54,0x24,0x70,0x48,0x8d,0x12,0x4c,0x8b,0x44,0x24,0x68,0x4d,0x8d,0x00,0x48,0x8b,0x0d,0x83,0x00,0x00,0x00,0x48,0x89,0x44,0x24,0x38,0x48,0x89,0x4c,0x24,0x20,0x48,0x8b,0x44,0x24,0x20,0x48,0x8b,0x4c,0x24,0x38,0xff,0x10,0x48,0x8b,0x4c,0x24,0x28,0x48,0x8d,0x01,0x48,0x8d,0x54,0x24,0x58,0x48,0x8b,0x09,0x48,0x8b,0x89,0x80,0x00,0x00,0x00,0x48,0x8b,0x1d,0x57,0x00,0x00,0x00,0x48,0x01,0xd9,0x48,0x8b,0x09,0x48,0x8b,0x09,0x48,0x89,0x44,0x24,0x30,0x48,0x89,0x4c,0x24,0x78,0x48,0x8b,0x44,0x24,0x78,0x48,0x8b,0x4c,0x24,0x30,0xff,0xd0,0x48,0x8d,0x4c,0x24,0x58,0x48,0x8b,0x05,0x34,0x00,0x00,0x00,0xff,0x10,0x48,0x81,0xc4,0x80,0x00,0x00,0x00,0x5e,0x5d,0x5b,0xc3,0x00,0x00,0x00,0x00,0x00,0x00,0x00};
static const unsigned char ST_MOVE[]={0x53,0x55,0x56,0x57,0x48,0x81,0xec,0x98,0x00,0x00,0x00,0x48,0x8b,0x9c,0x24,0xe0,0x00,0x00,0x00,0x48,0x89,0x4c,0x24,0x30,0x48,0x89,0x54,0x24,0x38,0x4c,0x89,0x44,0x24,0x40,0x4c,0x89,0x4c,0x24,0x48,0x48,0x89,0x5c,0x24,0x50,0x48,0x8b,0x05,0xd5,0x00,0x00,0x00,0x48,0x8b,0x00,0x48,0x8d,0x6c,0x24,0x58,0x48,0x8b,0x35,0xce,0x00,0x00,0x00,0xbf,0xd0,0x00,0x00,0x00,0x48,0x89,0x4c,0x24,0x68,0x48,0x89,0x54,0x24,0x70,0x4c,0x89,0x44,0x24,0x78,0x48,0x89,0xe9,0x89,0xfa,0x49,0x89,0xc0,0x4c,0x89,0x8c,0x24,0x80,0x00,0x00,0x00,0xff,0x16,0x48,0x8b,0x44,0x24,0x60,0x48,0x8d,0x00,0x48,0x8b,0x54,0x24,0x70,0x48,0x8d,0x12,0x4c,0x8b,0x44,0x24,0x78,0x4d,0x8d,0x00,0x4c,0x8b,0x8c,0x24,0x80,0x00,0x00,0x00,0x4d,0x8d,0x09,0x48,0x8d,0x0b,0x48,0x8b,0x1d,0x83,0x00,0x00,0x00,0x48,0x89,0x4c,0x24,0x20,0x48,0x89,0xc1,0xff,0x13,0x48,0x8b,0x4c,0x24,0x68,0x48,0x8d,0x01,0x48,0x8d,0x54,0x24,0x58,0x48,0x8b,0x09,0x48,0x8b,0x89,0x80,0x00,0x00,0x00,0x48,0x8b,0x1d,0x63,0x00,0x00,0x00,0x48,0x01,0xd9,0x48,0x8b,0x09,0x48,0x8b,0x09,0x48,0x89,0x84,0x24,0x88,0x00,0x00,0x00,0x48,0x89,0x8c,0x24,0x90,0x00,0x00,0x00,0x48,0x8b,0x84,0x24,0x90,0x00,0x00,0x00,0x48,0x8b,0x8c,0x24,0x88,0x00,0x00,0x00,0xff,0xd0,0x48,0x8d,0x4c,0x24,0x58,0x48,0x8b,0x05,0x34,0x00,0x00,0x00,0xff,0x10,0x48,0x81,0xc4,0x98,0x00,0x00,0x00,0x5f,0x5e,0x5d,0x5b,0xc3,0x00,0x00,0x00,0x00,0x00,0x00};
static const unsigned char ST_STACK[]={0x53,0x55,0x56,0x48,0x81,0xec,0x80,0x00,0x00,0x00,0x48,0x89,0x4c,0x24,0x40,0x48,0x89,0x54,0x24,0x48,0x4c,0x89,0x44,0x24,0x50,0x48,0x8b,0x05,0xc0,0x00,0x00,0x00,0x48,0x8b,0x00,0x48,0x8d,0x5c,0x24,0x58,0x48,0x8b,0x2d,0xb9,0x00,0x00,0x00,0xbe,0x40,0x00,0x00,0x00,0x48,0x89,0x4c,0x24,0x28,0x48,0x89,0x54,0x24,0x70,0x4c,0x89,0x44,0x24,0x68,0x48,0x89,0xd9,0x89,0xf2,0x49,0x89,0xc0,0xff,0x55,0x00,0x48,0x8b,0x44,0x24,0x60,0x48,0x8d,0x00,0x48,0x8b,0x54,0x24,0x70,0x48,0x8d,0x12,0x4c,0x8b,0x44,0x24,0x68,0x4d,0x8d,0x00,0x48,0x8b,0x0d,0x83,0x00,0x00,0x00,0x48,0x89,0x44,0x24,0x38,0x48,0x89,0x4c,0x24,0x20,0x48,0x8b,0x44,0x24,0x20,0x48,0x8b,0x4c,0x24,0x38,0xff,0x10,0x48,0x8b,0x4c,0x24,0x28,0x48,0x8d,0x01,0x48,0x8d,0x54,0x24,0x58,0x48,0x8b,0x09,0x48,0x8b,0x89,0x80,0x00,0x00,0x00,0x48,0x8b,0x1d,0x57,0x00,0x00,0x00,0x48,0x01,0xd9,0x48,0x8b,0x09,0x48,0x8b,0x09,0x48,0x89,0x44,0x24,0x30,0x48,0x89,0x4c,0x24,0x78,0x48,0x8b,0x44,0x24,0x78,0x48,0x8b,0x4c,0x24,0x30,0xff,0xd0,0x48,0x8d,0x4c,0x24,0x58,0x48,0x8b,0x05,0x34,0x00,0x00,0x00,0xff,0x10,0x48,0x81,0xc4,0x80,0x00,0x00,0x00,0x5e,0x5d,0x5b,0xc3,0x00,0x00,0x00,0x00,0x00,0x00,0x00};
static const unsigned char ST_GRID_CTOR[]={0x48,0x83,0xec,0x08,0x48,0x89,0x0c,0x24,0x48,0xc7,0x01,0x00,0x00,0x00,0x00,0x8b,0x05,0x63,0x00,0x00,0x00,0x89,0x41,0x08,0x8b,0x05,0x5a,0x00,0x00,0x00,0x89,0x41,0x0c,0x8b,0x05,0x51,0x00,0x00,0x00,0x89,0x41,0x10,0x8b,0x05,0x48,0x00,0x00,0x00,0x89,0x41,0x14,0x48,0xc7,0x41,0x18,0x00,0x00,0x00,0x00,0x48,0xc7,0x41,0x20,0x00,0x00,0x00,0x00,0x48,0x8b,0x05,0x36,0x00,0x00,0x00,0x8b,0x40,0x0c,0x89,0x41,0x14,0x48,0x8b,0x05,0x29,0x00,0x00,0x00,0x48,0x8b,0x40,0x30,0x48,0x89,0x41,0x18,0x48,0x8b,0x05,0x1a,0x00,0x00,0x00,0x48,0x8b,0x40,0x48,0x48,0x89,0x41,0x20,0x48,0x83,0xc4,0x08,0xc3,0x00,0x00,0x00,0x00,0x00,0x00,0x00,0x00,0x00,0x00,0x00,0x00,0x00};
static const unsigned char ST_ITEM_CTOR[]={0x48,0x83,0xec,0x08,0x48,0x89,0x0c,0x24,0x48,0xc7,0x01,0x00,0x00,0x00,0x00,0x8b,0x05,0x63,0x00,0x00,0x00,0x89,0x41,0x08,0x8b,0x05,0x5a,0x00,0x00,0x00,0x89,0x41,0x0c,0x8b,0x05,0x51,0x00,0x00,0x00,0x89,0x41,0x10,0x8b,0x05,0x48,0x00,0x00,0x00,0x89,0x41,0x14,0x48,0xc7,0x41,0x18,0x00,0x00,0x00,0x00,0x48,0xc7,0x41,0x20,0x00,0x00,0x00,0x00,0x48,0x8b,0x05,0x36,0x00,0x00,0x00,0x8b,0x40,0x0c,0x89,0x41,0x14,0x48,0x8b,0x05,0x29,0x00,0x00,0x00,0x48,0x8b,0x40,0x30,0x48,0x89,0x41,0x18,0x48,0x8b,0x05,0x1a,0x00,0x00,0x00,0x48,0x8b,0x40,0x48,0x48,0x89,0x41,0x20,0x48,0x83,0xc4,0x08,0xc3,0x00,0x00,0x00,0x00,0x00,0x00,0x00,0x00,0x00,0x00,0x00,0x00,0x00};
static const unsigned char ST_QUANTITY_6474[]={0x53,0x55,0x48,0x83,0xec,0x58,0x48,0x89,0x4c,0x24,0x20,0x48,0x89,0x54,0x24,0x28,0x48,0x8d,0x44,0x24,0x30,0x48,0x8d,0x5a,0x38,0x48,0x8b,0x52,0x38,0x48,0x8b,0x92,0x80,0x00,0x00,0x00,0x48,0x8b,0x2d,0x45,0x00,0x00,0x00,0x48,0x01,0xea,0x48,0x8b,0x12,0x48,0x8b,0x12,0x48,0x89,0x44,0x24,0x38,0x48,0x89,0x4c,0x24,0x40,0x48,0x89,0x54,0x24,0x48,0x48,0x8b,0x44,0x24,0x48,0x48,0x8b,0x4c,0x24,0x38,0x48,0x89,0xda,0xff,0xd0,0x48,0x8b,0x44,0x24,0x30,0x8b,0x00,0x48,0x8b,0x4c,0x24,0x40,0x89,0x01,0xe9,0x00,0x00,0x00,0x00,0x48,0x83,0xc4,0x58,0x5d,0x5b,0xc3,0x00,0x00,0x00,0x00};
static const unsigned char ST_QUANTITY_6817[]={0x48,0x83,0xec,0x18,0x48,0x89,0x0c,0x24,0x48,0x89,0x54,0x24,0x08,0x8b,0x05,0x0d,0x00,0x00,0x00,0x89,0x01,0xe9,0x00,0x00,0x00,0x00,0x48,0x83,0xc4,0x18,0xc3,0x00,0x01,0x00,0x00,0x00};
static const unsigned char ST_QUANTITY_8394[]={0x53,0x55,0x48,0x83,0xec,0x58,0x48,0x89,0x4c,0x24,0x20,0x48,0x89,0x54,0x24,0x28,0x48,0x8d,0x44,0x24,0x30,0x48,0x8d,0x5a,0x48,0x48,0x8b,0x52,0x48,0x48,0x8b,0x92,0x80,0x00,0x00,0x00,0x48,0x8b,0x2d,0x45,0x00,0x00,0x00,0x48,0x01,0xea,0x48,0x8b,0x12,0x48,0x8b,0x12,0x48,0x89,0x44,0x24,0x38,0x48,0x89,0x4c,0x24,0x40,0x48,0x89,0x54,0x24,0x48,0x48,0x8b,0x44,0x24,0x48,0x48,0x8b,0x4c,0x24,0x38,0x48,0x89,0xda,0xff,0xd0,0x48,0x8b,0x44,0x24,0x30,0x8b,0x00,0x48,0x8b,0x4c,0x24,0x40,0x89,0x01,0xe9,0x00,0x00,0x00,0x00,0x48,0x83,0xc4,0x58,0x5d,0x5b,0xc3,0x00,0x00,0x00,0x00};
static const unsigned char ST_QUANTITY_8471[]={0x53,0x55,0x48,0x83,0xec,0x58,0x48,0x89,0x4c,0x24,0x20,0x48,0x89,0x54,0x24,0x28,0x48,0x8d,0x44,0x24,0x30,0x48,0x8d,0x5a,0x48,0x48,0x8b,0x52,0x48,0x48,0x8b,0x92,0x80,0x00,0x00,0x00,0x48,0x8b,0x2d,0x45,0x00,0x00,0x00,0x48,0x01,0xea,0x48,0x8b,0x12,0x48,0x8b,0x12,0x48,0x89,0x44,0x24,0x38,0x48,0x89,0x4c,0x24,0x40,0x48,0x89,0x54,0x24,0x48,0x48,0x8b,0x44,0x24,0x48,0x48,0x8b,0x4c,0x24,0x38,0x48,0x89,0xda,0xff,0xd0,0x48,0x8b,0x44,0x24,0x30,0x8b,0x00,0x48,0x8b,0x4c,0x24,0x40,0x89,0x01,0xe9,0x00,0x00,0x00,0x00,0x48,0x83,0xc4,0x58,0x5d,0x5b,0xc3,0x00,0x00,0x00,0x00};
static const unsigned char ST_QUANTITY_8520[]={0x53,0x55,0x48,0x83,0xec,0x58,0x48,0x89,0x4c,0x24,0x20,0x48,0x89,0x54,0x24,0x28,0x48,0x8d,0x44,0x24,0x30,0x48,0x8d,0x5a,0x38,0x48,0x8b,0x52,0x38,0x48,0x8b,0x92,0x80,0x00,0x00,0x00,0x48,0x8b,0x2d,0x45,0x00,0x00,0x00,0x48,0x01,0xea,0x48,0x8b,0x12,0x48,0x8b,0x12,0x48,0x89,0x44,0x24,0x38,0x48,0x89,0x4c,0x24,0x40,0x48,0x89,0x54,0x24,0x48,0x48,0x8b,0x44,0x24,0x48,0x48,0x8b,0x4c,0x24,0x38,0x48,0x89,0xda,0xff,0xd0,0x48,0x8b,0x44,0x24,0x30,0x8b,0x00,0x48,0x8b,0x4c,0x24,0x40,0x89,0x01,0xe9,0x00,0x00,0x00,0x00,0x48,0x83,0xc4,0x58,0x5d,0x5b,0xc3,0x00,0x00,0x00,0x00};
static const unsigned char ST_QUANTITY_8554[]={0x53,0x55,0x48,0x83,0xec,0x58,0x48,0x89,0x4c,0x24,0x20,0x48,0x89,0x54,0x24,0x28,0x48,0x8d,0x44,0x24,0x30,0x48,0x8d,0x5a,0x38,0x48,0x8b,0x52,0x38,0x48,0x8b,0x92,0x80,0x00,0x00,0x00,0x48,0x8b,0x2d,0x45,0x00,0x00,0x00,0x48,0x01,0xea,0x48,0x8b,0x12,0x48,0x8b,0x12,0x48,0x89,0x44,0x24,0x38,0x48,0x89,0x4c,0x24,0x40,0x48,0x89,0x54,0x24,0x48,0x48,0x8b,0x44,0x24,0x48,0x48,0x8b,0x4c,0x24,0x38,0x48,0x89,0xda,0xff,0xd0,0x48,0x8b,0x44,0x24,0x30,0x8b,0x00,0x48,0x8b,0x4c,0x24,0x40,0x89,0x01,0xe9,0x00,0x00,0x00,0x00,0x48,0x83,0xc4,0x58,0x5d,0x5b,0xc3,0x00,0x00,0x00,0x00};
static const unsigned char ST_QUANTITY_8592[]={0x53,0x55,0x48,0x83,0xec,0x58,0x48,0x89,0x4c,0x24,0x20,0x48,0x89,0x54,0x24,0x28,0x48,0x8d,0x44,0x24,0x30,0x48,0x8d,0x5a,0x38,0x48,0x8b,0x52,0x38,0x48,0x8b,0x92,0x80,0x00,0x00,0x00,0x48,0x8b,0x2d,0x45,0x00,0x00,0x00,0x48,0x01,0xea,0x48,0x8b,0x12,0x48,0x8b,0x12,0x48,0x89,0x44,0x24,0x38,0x48,0x89,0x4c,0x24,0x40,0x48,0x89,0x54,0x24,0x48,0x48,0x8b,0x44,0x24,0x48,0x48,0x8b,0x4c,0x24,0x38,0x48,0x89,0xda,0xff,0xd0,0x48,0x8b,0x44,0x24,0x30,0x8b,0x00,0x48,0x8b,0x4c,0x24,0x40,0x89,0x01,0xe9,0x00,0x00,0x00,0x00,0x48,0x83,0xc4,0x58,0x5d,0x5b,0xc3,0x00,0x00,0x00,0x00};
static bool st_verified_quantity(uintptr_t fn){return p34_body(fn,ST_QUANTITY_6474)||p34_body(fn,ST_QUANTITY_6817)||p34_body(fn,ST_QUANTITY_8394)||p34_body(fn,ST_QUANTITY_8471)||p34_body(fn,ST_QUANTITY_8520)||p34_body(fn,ST_QUANTITY_8554)||p34_body(fn,ST_QUANTITY_8592);}
static const unsigned char ST_CAPACITY_6473[]={0x48,0x83,0xec,0x18,0x48,0x89,0x0c,0x24,0x48,0x89,0x54,0x24,0x08,0x48,0x8b,0x42,0x28,0x8b,0x80,0x28,0x04,0x00,0x00,0x89,0x01,0xe9,0x00,0x00,0x00,0x00,0x48,0x83,0xc4,0x18,0xc3};
static const unsigned char ST_CAPACITY_6816[]={0x48,0x83,0xec,0x18,0x48,0x89,0x0c,0x24,0x48,0x89,0x54,0x24,0x08,0x8b,0x05,0x0d,0x00,0x00,0x00,0x89,0x01,0xe9,0x00,0x00,0x00,0x00,0x48,0x83,0xc4,0x18,0xc3,0x00,0x01,0x00,0x00,0x00};
static const unsigned char ST_CAPACITY_8393[]={0x48,0x83,0xec,0x18,0x48,0x89,0x0c,0x24,0x48,0x89,0x54,0x24,0x08,0x48,0x83,0x7a,0x58,0x00,0x0f,0x95,0xc0,0x3c,0x00,0x0f,0x84,0x11,0x00,0x00,0x00,0x48,0x8b,0x42,0x58,0x8b,0x80,0x40,0x02,0x00,0x00,0x89,0x01,0xe9,0x08,0x00,0x00,0x00,0x8b,0x05,0x0c,0x00,0x00,0x00,0x89,0x01,0xe9,0x00,0x00,0x00,0x00,0x48,0x83,0xc4,0x18,0xc3,0x01,0x00,0x00,0x00};
static const unsigned char ST_CAPACITY_8470[]={0x48,0x83,0xec,0x18,0x48,0x89,0x0c,0x24,0x48,0x89,0x54,0x24,0x08,0x48,0x83,0x7a,0x58,0x00,0x0f,0x95,0xc0,0x3c,0x00,0x0f,0x84,0x11,0x00,0x00,0x00,0x48,0x8b,0x42,0x58,0x8b,0x80,0x40,0x02,0x00,0x00,0x89,0x01,0xe9,0x08,0x00,0x00,0x00,0x8b,0x05,0x0c,0x00,0x00,0x00,0x89,0x01,0xe9,0x00,0x00,0x00,0x00,0x48,0x83,0xc4,0x18,0xc3,0x01,0x00,0x00,0x00};
static const unsigned char ST_CAPACITY_8519[]={0x48,0x83,0xec,0x18,0x48,0x89,0x0c,0x24,0x48,0x89,0x54,0x24,0x08,0x48,0x8b,0x05,0x14,0x00,0x00,0x00,0x8b,0x00,0x89,0x01,0xe9,0x00,0x00,0x00,0x00,0x48,0x83,0xc4,0x18,0xc3,0x00,0x00,0x00,0x00,0x00,0x00};
static const unsigned char ST_CAPACITY_8553[]={0x48,0x83,0xec,0x18,0x48,0x89,0x0c,0x24,0x48,0x89,0x54,0x24,0x08,0x48,0x8b,0x05,0x14,0x00,0x00,0x00,0x8b,0x00,0x89,0x01,0xe9,0x00,0x00,0x00,0x00,0x48,0x83,0xc4,0x18,0xc3,0x00,0x00,0x00,0x00,0x00,0x00};
static const unsigned char ST_CAPACITY_8591[]={0x48,0x83,0xec,0x18,0x48,0x89,0x0c,0x24,0x48,0x89,0x54,0x24,0x08,0x48,0x8b,0x05,0x14,0x00,0x00,0x00,0x8b,0x00,0x89,0x01,0xe9,0x00,0x00,0x00,0x00,0x48,0x83,0xc4,0x18,0xc3,0x00,0x00,0x00,0x00,0x00,0x00};
static bool st_verified_capacity(uintptr_t fn){return p34_body(fn,ST_CAPACITY_6473)||p34_body(fn,ST_CAPACITY_6816)||p34_body(fn,ST_CAPACITY_8393)||p34_body(fn,ST_CAPACITY_8470)||p34_body(fn,ST_CAPACITY_8519)||p34_body(fn,ST_CAPACITY_8553)||p34_body(fn,ST_CAPACITY_8591);}
static const unsigned char ST_MERGE_6472[]={0x53,0x55,0x56,0x48,0x81,0xec,0x80,0x00,0x00,0x00,0x48,0x89,0x4c,0x24,0x20,0x48,0x89,0x54,0x24,0x28,0x4c,0x89,0x44,0x24,0x30,0x49,0x8d,0x00,0x48,0x89,0x44,0x24,0x40,0x48,0x8b,0x44,0x24,0x40,0x48,0x8b,0x18,0x48,0x8b,0x05,0x50,0x01,0x00,0x00,0x8b,0x68,0x04,0x3b,0x6b,0x04,0x0f,0x84,0x25,0x00,0x00,0x00,0x48,0x8b,0x05,0x45,0x01,0x00,0x00,0x48,0x89,0x5c,0x24,0x48,0x83,0x7b,0x08,0xff,0x0f,0x84,0x1e,0x00,0x00,0x00,0x39,0x6b,0x08,0x0f,0x84,0x06,0x00,0x00,0x00,0x48,0x8b,0x5b,0x28,0xeb,0xe7,0x48,0x8b,0x44,0x24,0x40,0x48,0x89,0x44,0x24,0x38,0xe9,0x09,0x00,0x00,0x00,0x48,0xc7,0x44,0x24,0x38,0x00,0x00,0x00,0x00,0x48,0x83,0x7c,0x24,0x38,0x00,0x0f,0x95,0xc0,0x3c,0x00,0x0f,0x84,0xcf,0x00,0x00,0x00,0x48,0x8b,0x5c,0x24,0x38,0x48,0x8b,0x42,0x28,0x48,0x39,0x43,0x28,0x0f,0x94,0xc0,0x3c,0x00,0x0f,0x84,0xaa,0x00,0x00,0x00,0x48,0x8d,0x44,0x24,0x40,0x48,0x8d,0x1a,0x48,0x8b,0x2a,0x48,0x8b,0xad,0x80,0x00,0x00,0x00,0x48,0x8b,0x35,0xd5,0x00,0x00,0x00,0x48,0x01,0xf5,0x48,0x8b,0x6d,0x00,0x48,0x8b,0x6d,0x00,0x48,0x89,0x4c,0x24,0x50,0x48,0x89,0x54,0x24,0x58,0x48,0x89,0xc1,0x48,0x89,0xda,0xff,0xd5,0x48,0x8d,0x44,0x24,0x44,0x48,0x8b,0x54,0x24,0x58,0x48,0x8d,0x0a,0x48,0x8b,0x12,0x48,0x8b,0x92,0x80,0x00,0x00,0x00,0x48,0x8b,0x1d,0xa2,0x00,0x00,0x00,0x48,0x01,0xda,0x48,0x8b,0x12,0x48,0x8b,0x12,0x48,0x89,0x44,0x24,0x60,0x48,0x89,0x4c,0x24,0x68,0x48,0x89,0x54,0x24,0x70,0x48,0x8b,0x44,0x24,0x70,0x48,0x8b,0x4c,0x24,0x60,0x48,0x8b,0x54,0x24,0x68,0xff,0xd0,0x8b,0x44,0x24,0x40,0x3b,0x44,0x24,0x44,0x0f,0x9f,0xc0,0x3c,0x00,0x0f,0x84,0x0d,0x00,0x00,0x00,0x48,0x8b,0x4c,0x24,0x50,0xc6,0x01,0x01,0xe9,0x15,0x00,0x00,0x00,0x48,0x8b,0x4c,0x24,0x50,0xc6,0x01,0x00,0xe9,0x08,0x00,0x00,0x00,0xc6,0x01,0x00,0xe9,0x00,0x00,0x00,0x00,0xe9,0x0d,0x00,0x00,0x00,0x8a,0x05,0x19,0x00,0x00,0x00,0x88,0x01,0xe9,0x00,0x00,0x00,0x00,0x48,0x81,0xc4,0x80,0x00,0x00,0x00,0x5e,0x5d,0x5b,0xc3,0x00,0x00,0x00,0x00,0x00,0x00,0x00,0x00,0x00,0x00,0x00,0x00,0x00,0x00,0x00};
static const unsigned char ST_MERGE_6566[]={0x48,0x83,0xec,0x18,0x48,0x89,0x0c,0x24,0x48,0x89,0x54,0x24,0x08,0x4c,0x89,0x44,0x24,0x10,0x8a,0x05,0x10,0x00,0x00,0x00,0x88,0x01,0xe9,0x00,0x00,0x00,0x00,0x48,0x83,0xc4,0x18,0xc3,0x00,0x00,0x00,0x00,0x00};
static const unsigned char ST_MERGE_8383[]={0x53,0x55,0x56,0x48,0x81,0xec,0x80,0x00,0x00,0x00,0x48,0x89,0x4c,0x24,0x20,0x48,0x89,0x54,0x24,0x28,0x4c,0x89,0x44,0x24,0x30,0x49,0x8d,0x00,0x48,0x89,0x44,0x24,0x40,0x48,0x8b,0x44,0x24,0x40,0x48,0x8b,0x18,0x48,0x8b,0x05,0x88,0x01,0x00,0x00,0x8b,0x68,0x04,0x3b,0x6b,0x04,0x0f,0x84,0x25,0x00,0x00,0x00,0x48,0x8b,0x05,0x7d,0x01,0x00,0x00,0x48,0x89,0x5c,0x24,0x48,0x83,0x7b,0x08,0xff,0x0f,0x84,0x1e,0x00,0x00,0x00,0x39,0x6b,0x08,0x0f,0x84,0x06,0x00,0x00,0x00,0x48,0x8b,0x5b,0x28,0xeb,0xe7,0x48,0x8b,0x44,0x24,0x40,0x48,0x89,0x44,0x24,0x38,0xe9,0x09,0x00,0x00,0x00,0x48,0xc7,0x44,0x24,0x38,0x00,0x00,0x00,0x00,0x48,0x83,0x7c,0x24,0x38,0x00,0x0f,0x95,0xc0,0x3c,0x00,0x0f,0x84,0x07,0x01,0x00,0x00,0x48,0x8b,0x44,0x24,0x38,0x48,0x8b,0x40,0x58,0x48,0x8d,0x5c,0x24,0x40,0x48,0x8d,0x2a,0x4c,0x8d,0x00,0x48,0x8b,0x02,0x48,0x8b,0x80,0x80,0x00,0x00,0x00,0x48,0x8b,0x35,0x19,0x01,0x00,0x00,0x48,0x01,0xf0,0x48,0x8b,0x00,0x48,0x8b,0x00,0x48,0x89,0x4c,0x24,0x50,0x48,0x89,0x54,0x24,0x58,0x48,0x89,0xd9,0x48,0x89,0xea,0xff,0xd0,0x80,0x7c,0x24,0x40,0x00,0x0f,0x84,0xaa,0x00,0x00,0x00,0x48,0x8d,0x44,0x24,0x44,0x48,0x8b,0x54,0x24,0x58,0x48,0x8d,0x0a,0x48,0x8b,0x1a,0x48,0x8b,0x9b,0x80,0x00,0x00,0x00,0x48,0x8b,0x2d,0xdd,0x00,0x00,0x00,0x48,0x01,0xeb,0x48,0x8b,0x1b,0x48,0x8b,0x1b,0x48,0x89,0x4c,0x24,0x60,0x48,0x89,0xc1,0x48,0x8b,0x54,0x24,0x60,0xff,0xd3,0x48,0x8d,0x44,0x24,0x48,0x48,0x8b,0x54,0x24,0x58,0x48,0x8d,0x0a,0x48,0x8b,0x12,0x48,0x8b,0x92,0x80,0x00,0x00,0x00,0x48,0x8b,0x1d,0xaf,0x00,0x00,0x00,0x48,0x01,0xda,0x48,0x8b,0x12,0x48,0x8b,0x12,0x48,0x89,0x44,0x24,0x68,0x48,0x89,0x4c,0x24,0x70,0x48,0x89,0x54,0x24,0x78,0x48,0x8b,0x44,0x24,0x78,0x48,0x8b,0x4c,0x24,0x68,0x48,0x8b,0x54,0x24,0x70,0xff,0xd0,0x8b,0x44,0x24,0x44,0x3b,0x44,0x24,0x48,0x0f,0x9f,0xc0,0x3c,0x00,0x0f,0x84,0x0d,0x00,0x00,0x00,0x48,0x8b,0x4c,0x24,0x50,0xc6,0x01,0x01,0xe9,0x1a,0x00,0x00,0x00,0x48,0x8b,0x4c,0x24,0x50,0xc6,0x01,0x00,0xe9,0x0d,0x00,0x00,0x00,0x48,0x8b,0x4c,0x24,0x50,0xc6,0x01,0x00,0xe9,0x00,0x00,0x00,0x00,0xe9,0x0d,0x00,0x00,0x00,0x8a,0x05,0x19,0x00,0x00,0x00,0x88,0x01,0xe9,0x00,0x00,0x00,0x00,0x48,0x81,0xc4,0x80,0x00,0x00,0x00,0x5e,0x5d,0x5b,0xc3,0x00,0x00,0x00,0x00,0x00,0x00,0x00,0x00,0x00,0x00,0x00,0x00,0x00,0x00,0x00};
static const unsigned char ST_MERGE_8461[]={0x53,0x55,0x56,0x48,0x81,0xec,0x80,0x00,0x00,0x00,0x48,0x89,0x4c,0x24,0x20,0x48,0x89,0x54,0x24,0x28,0x4c,0x89,0x44,0x24,0x30,0x49,0x8d,0x00,0x48,0x89,0x44,0x24,0x40,0x48,0x8b,0x44,0x24,0x40,0x48,0x8b,0x18,0x48,0x8b,0x05,0x50,0x01,0x00,0x00,0x8b,0x68,0x04,0x3b,0x6b,0x04,0x0f,0x84,0x25,0x00,0x00,0x00,0x48,0x8b,0x05,0x45,0x01,0x00,0x00,0x48,0x89,0x5c,0x24,0x48,0x83,0x7b,0x08,0xff,0x0f,0x84,0x1e,0x00,0x00,0x00,0x39,0x6b,0x08,0x0f,0x84,0x06,0x00,0x00,0x00,0x48,0x8b,0x5b,0x28,0xeb,0xe7,0x48,0x8b,0x44,0x24,0x40,0x48,0x89,0x44,0x24,0x38,0xe9,0x09,0x00,0x00,0x00,0x48,0xc7,0x44,0x24,0x38,0x00,0x00,0x00,0x00,0x48,0x83,0x7c,0x24,0x38,0x00,0x0f,0x95,0xc0,0x3c,0x00,0x0f,0x84,0xcf,0x00,0x00,0x00,0x48,0x8b,0x5c,0x24,0x38,0x48,0x8b,0x42,0x58,0x48,0x39,0x43,0x58,0x0f,0x94,0xc0,0x3c,0x00,0x0f,0x84,0xaa,0x00,0x00,0x00,0x48,0x8d,0x44,0x24,0x40,0x48,0x8d,0x1a,0x48,0x8b,0x2a,0x48,0x8b,0xad,0x80,0x00,0x00,0x00,0x48,0x8b,0x35,0xd5,0x00,0x00,0x00,0x48,0x01,0xf5,0x48,0x8b,0x6d,0x00,0x48,0x8b,0x6d,0x00,0x48,0x89,0x4c,0x24,0x50,0x48,0x89,0x54,0x24,0x58,0x48,0x89,0xc1,0x48,0x89,0xda,0xff,0xd5,0x48,0x8d,0x44,0x24,0x44,0x48,0x8b,0x54,0x24,0x58,0x48,0x8d,0x0a,0x48,0x8b,0x12,0x48,0x8b,0x92,0x80,0x00,0x00,0x00,0x48,0x8b,0x1d,0xa2,0x00,0x00,0x00,0x48,0x01,0xda,0x48,0x8b,0x12,0x48,0x8b,0x12,0x48,0x89,0x44,0x24,0x60,0x48,0x89,0x4c,0x24,0x68,0x48,0x89,0x54,0x24,0x70,0x48,0x8b,0x44,0x24,0x70,0x48,0x8b,0x4c,0x24,0x60,0x48,0x8b,0x54,0x24,0x68,0xff,0xd0,0x8b,0x44,0x24,0x40,0x3b,0x44,0x24,0x44,0x0f,0x9f,0xc0,0x3c,0x00,0x0f,0x84,0x0d,0x00,0x00,0x00,0x48,0x8b,0x4c,0x24,0x50,0xc6,0x01,0x01,0xe9,0x15,0x00,0x00,0x00,0x48,0x8b,0x4c,0x24,0x50,0xc6,0x01,0x00,0xe9,0x08,0x00,0x00,0x00,0xc6,0x01,0x00,0xe9,0x00,0x00,0x00,0x00,0xe9,0x0d,0x00,0x00,0x00,0x8a,0x05,0x19,0x00,0x00,0x00,0x88,0x01,0xe9,0x00,0x00,0x00,0x00,0x48,0x81,0xc4,0x80,0x00,0x00,0x00,0x5e,0x5d,0x5b,0xc3,0x00,0x00,0x00,0x00,0x00,0x00,0x00,0x00,0x00,0x00,0x00,0x00,0x00,0x00,0x00};
static const unsigned char ST_MERGE_8514[]={0x53,0x55,0x56,0x48,0x81,0xec,0x80,0x00,0x00,0x00,0x48,0x89,0x4c,0x24,0x20,0x48,0x89,0x54,0x24,0x28,0x4c,0x89,0x44,0x24,0x30,0x49,0x8d,0x00,0x48,0x89,0x44,0x24,0x40,0x48,0x8b,0x44,0x24,0x40,0x48,0x8b,0x18,0x48,0x8b,0x05,0x10,0x01,0x00,0x00,0x8b,0x68,0x04,0x3b,0x6b,0x04,0x0f,0x84,0x25,0x00,0x00,0x00,0x48,0x8b,0x05,0x05,0x01,0x00,0x00,0x48,0x89,0x5c,0x24,0x48,0x83,0x7b,0x08,0xff,0x0f,0x84,0x1e,0x00,0x00,0x00,0x39,0x6b,0x08,0x0f,0x84,0x06,0x00,0x00,0x00,0x48,0x8b,0x5b,0x28,0xeb,0xe7,0x48,0x8b,0x44,0x24,0x40,0x48,0x89,0x44,0x24,0x38,0xe9,0x09,0x00,0x00,0x00,0x48,0xc7,0x44,0x24,0x38,0x00,0x00,0x00,0x00,0x48,0x83,0x7c,0x24,0x38,0x00,0x0f,0x95,0xc0,0x3c,0x00,0x0f,0x84,0x92,0x00,0x00,0x00,0x48,0x8d,0x44,0x24,0x40,0x48,0x8d,0x1a,0x48,0x8b,0x2a,0x48,0x8b,0xad,0x80,0x00,0x00,0x00,0x48,0x8b,0x35,0xad,0x00,0x00,0x00,0x48,0x01,0xf5,0x48,0x8b,0x6d,0x00,0x48,0x8b,0x6d,0x00,0x48,0x89,0x4c,0x24,0x50,0x48,0x89,0x54,0x24,0x58,0x48,0x89,0xc1,0x48,0x89,0xda,0xff,0xd5,0x48,0x8d,0x44,0x24,0x44,0x48,0x8b,0x54,0x24,0x58,0x48,0x8d,0x0a,0x48,0x8b,0x12,0x48,0x8b,0x92,0x80,0x00,0x00,0x00,0x48,0x8b,0x1d,0x7a,0x00,0x00,0x00,0x48,0x01,0xda,0x48,0x8b,0x12,0x48,0x8b,0x12,0x48,0x89,0x44,0x24,0x60,0x48,0x89,0x4c,0x24,0x68,0x48,0x89,0x54,0x24,0x70,0x48,0x8b,0x44,0x24,0x70,0x48,0x8b,0x4c,0x24,0x60,0x48,0x8b,0x54,0x24,0x68,0xff,0xd0,0x8b,0x44,0x24,0x40,0x3b,0x44,0x24,0x44,0x48,0x8b,0x4c,0x24,0x50,0x0f,0x9f,0x01,0xe9,0x0d,0x00,0x00,0x00,0x8a,0x05,0x16,0x00,0x00,0x00,0x88,0x01,0xe9,0x00,0x00,0x00,0x00,0x48,0x81,0xc4,0x80,0x00,0x00,0x00,0x5e,0x5d,0x5b,0xc3,0x00,0x00,0x00,0x00,0x00,0x00,0x00,0x00,0x00,0x00,0x00,0x00};
static const unsigned char ST_MERGE_8548[]={0x53,0x55,0x56,0x48,0x81,0xec,0x80,0x00,0x00,0x00,0x48,0x89,0x4c,0x24,0x20,0x48,0x89,0x54,0x24,0x28,0x4c,0x89,0x44,0x24,0x30,0x49,0x8d,0x00,0x48,0x89,0x44,0x24,0x40,0x48,0x8b,0x44,0x24,0x40,0x48,0x8b,0x18,0x48,0x8b,0x05,0x10,0x01,0x00,0x00,0x8b,0x68,0x04,0x3b,0x6b,0x04,0x0f,0x84,0x25,0x00,0x00,0x00,0x48,0x8b,0x05,0x05,0x01,0x00,0x00,0x48,0x89,0x5c,0x24,0x48,0x83,0x7b,0x08,0xff,0x0f,0x84,0x1e,0x00,0x00,0x00,0x39,0x6b,0x08,0x0f,0x84,0x06,0x00,0x00,0x00,0x48,0x8b,0x5b,0x28,0xeb,0xe7,0x48,0x8b,0x44,0x24,0x40,0x48,0x89,0x44,0x24,0x38,0xe9,0x09,0x00,0x00,0x00,0x48,0xc7,0x44,0x24,0x38,0x00,0x00,0x00,0x00,0x48,0x83,0x7c,0x24,0x38,0x00,0x0f,0x95,0xc0,0x3c,0x00,0x0f,0x84,0x92,0x00,0x00,0x00,0x48,0x8d,0x44,0x24,0x40,0x48,0x8d,0x1a,0x48,0x8b,0x2a,0x48,0x8b,0xad,0x80,0x00,0x00,0x00,0x48,0x8b,0x35,0xad,0x00,0x00,0x00,0x48,0x01,0xf5,0x48,0x8b,0x6d,0x00,0x48,0x8b,0x6d,0x00,0x48,0x89,0x4c,0x24,0x50,0x48,0x89,0x54,0x24,0x58,0x48,0x89,0xc1,0x48,0x89,0xda,0xff,0xd5,0x48,0x8d,0x44,0x24,0x44,0x48,0x8b,0x54,0x24,0x58,0x48,0x8d,0x0a,0x48,0x8b,0x12,0x48,0x8b,0x92,0x80,0x00,0x00,0x00,0x48,0x8b,0x1d,0x7a,0x00,0x00,0x00,0x48,0x01,0xda,0x48,0x8b,0x12,0x48,0x8b,0x12,0x48,0x89,0x44,0x24,0x60,0x48,0x89,0x4c,0x24,0x68,0x48,0x89,0x54,0x24,0x70,0x48,0x8b,0x44,0x24,0x70,0x48,0x8b,0x4c,0x24,0x60,0x48,0x8b,0x54,0x24,0x68,0xff,0xd0,0x8b,0x44,0x24,0x40,0x3b,0x44,0x24,0x44,0x48,0x8b,0x4c,0x24,0x50,0x0f,0x9f,0x01,0xe9,0x0d,0x00,0x00,0x00,0x8a,0x05,0x16,0x00,0x00,0x00,0x88,0x01,0xe9,0x00,0x00,0x00,0x00,0x48,0x81,0xc4,0x80,0x00,0x00,0x00,0x5e,0x5d,0x5b,0xc3,0x00,0x00,0x00,0x00,0x00,0x00,0x00,0x00,0x00,0x00,0x00,0x00};
static const unsigned char ST_MERGE_8584[]={0x53,0x55,0x56,0x48,0x81,0xec,0x80,0x00,0x00,0x00,0x48,0x89,0x4c,0x24,0x20,0x48,0x89,0x54,0x24,0x28,0x4c,0x89,0x44,0x24,0x30,0x48,0x8b,0x42,0x28,0x49,0x39,0x40,0x28,0x0f,0x94,0xc0,0x3c,0x00,0x0f,0x84,0x08,0x01,0x00,0x00,0x49,0x8d,0x00,0x48,0x89,0x44,0x24,0x40,0x48,0x8b,0x44,0x24,0x40,0x48,0x8b,0x18,0x48,0x8b,0x05,0x15,0x01,0x00,0x00,0x8b,0x68,0x04,0x3b,0x6b,0x04,0x0f,0x84,0x25,0x00,0x00,0x00,0x48,0x8b,0x05,0x0a,0x01,0x00,0x00,0x48,0x89,0x5c,0x24,0x48,0x83,0x7b,0x08,0xff,0x0f,0x84,0x1e,0x00,0x00,0x00,0x39,0x6b,0x08,0x0f,0x84,0x06,0x00,0x00,0x00,0x48,0x8b,0x5b,0x28,0xeb,0xe7,0x48,0x8b,0x44,0x24,0x40,0x48,0x89,0x44,0x24,0x38,0xe9,0x09,0x00,0x00,0x00,0x48,0xc7,0x44,0x24,0x38,0x00,0x00,0x00,0x00,0x48,0x83,0x7c,0x24,0x38,0x00,0x0f,0x95,0xc0,0x3c,0x00,0x0f,0x84,0x92,0x00,0x00,0x00,0x48,0x8d,0x44,0x24,0x40,0x48,0x8d,0x1a,0x48,0x8b,0x2a,0x48,0x8b,0xad,0x80,0x00,0x00,0x00,0x48,0x8b,0x35,0xb2,0x00,0x00,0x00,0x48,0x01,0xf5,0x48,0x8b,0x6d,0x00,0x48,0x8b,0x6d,0x00,0x48,0x89,0x4c,0x24,0x50,0x48,0x89,0x54,0x24,0x58,0x48,0x89,0xc1,0x48,0x89,0xda,0xff,0xd5,0x48,0x8d,0x44,0x24,0x44,0x48,0x8b,0x54,0x24,0x58,0x48,0x8d,0x0a,0x48,0x8b,0x12,0x48,0x8b,0x92,0x80,0x00,0x00,0x00,0x48,0x8b,0x1d,0x7f,0x00,0x00,0x00,0x48,0x01,0xda,0x48,0x8b,0x12,0x48,0x8b,0x12,0x48,0x89,0x44,0x24,0x60,0x48,0x89,0x4c,0x24,0x68,0x48,0x89,0x54,0x24,0x70,0x48,0x8b,0x44,0x24,0x70,0x48,0x8b,0x4c,0x24,0x60,0x48,0x8b,0x54,0x24,0x68,0xff,0xd0,0x8b,0x44,0x24,0x40,0x3b,0x44,0x24,0x44,0x48,0x8b,0x4c,0x24,0x50,0x0f,0x9f,0x01,0xe9,0x12,0x00,0x00,0x00,0xe9,0x00,0x00,0x00,0x00,0x8a,0x05,0x16,0x00,0x00,0x00,0x88,0x01,0xe9,0x00,0x00,0x00,0x00,0x48,0x81,0xc4,0x80,0x00,0x00,0x00,0x5e,0x5d,0x5b,0xc3,0x00,0x00,0x00,0x00,0x00,0x00,0x00,0x00,0x00,0x00,0x00,0x00};
static bool st_verified_merge(uintptr_t fn){return p34_body(fn,ST_MERGE_6472)||p34_body(fn,ST_MERGE_6566)||p34_body(fn,ST_MERGE_8383)||p34_body(fn,ST_MERGE_8461)||p34_body(fn,ST_MERGE_8514)||p34_body(fn,ST_MERGE_8548)||p34_body(fn,ST_MERGE_8584);}

// frontend_ui_inventory.update layout owner; distinct from client_scene settings/give owner.
static const unsigned char ST_LAYOUT_OWNER[]={
0x53,0x55,0x56,0x57,0x41,0x54,0x41,0x55,0x41,0x56,0x41,0x57,0x48,0x81,0xec,0xc8,
0x21,0x00,0x00,0x48,0x89,0xd0,0x48,0x8b,0x94,0x24,0x30,0x22,0x00,0x00,0x48,0x8b,
0x9c,0x24,0x38,0x22,0x00,0x00,0x48,0x8b,0xac,0x24,0x40,0x22,0x00,0x00,0x48,0x8b,
0xb4,0x24,0x48,0x22,0x00,0x00,0x48,0x8b,0xbc,0x24,0x50,0x22,0x00,0x00,0x4c,0x8b,
0x94,0x24,0x58,0x22,0x00,0x00,0x4c,0x8b,0x9c,0x24,0x60,0x22,0x00,0x00,0x4c,0x8b,
0xa4,0x24,0x68,0x22,0x00,0x00,0x48,0x89,0x8c,0x24,0x50,0x1f,0x00,0x00,0x48,0x89,
0x84,0x24,0x58,0x1f,0x00,0x00,0x48,0x89,0x84,0x24,0x88,0x00,0x00,0x00,0x4c,0x89,
0x84,0x24,0x60,0x1f,0x00,0x00,0x4c,0x89,0x8c,0x24,0x68,0x1f,0x00,0x00,0x48,0x89,
0x94,0x24,0x70,0x1f,0x00,0x00,0x48,0x89,0x94,0x24,0x40,0x15,0x00,0x00,0x48,0x89,
0x9c,0x24,0x78,0x1f,0x00,0x00,0x48,0x89,0x9c,0x24,0x38,0x15,0x00,0x00,0x48,0x89,
0xac,0x24,0x80,0x1f,0x00,0x00,0x48,0x89,0xac,0x24,0x30,0x15,0x00,0x00,0x48,0x89,
0xb4,0x24,0x88,0x1f,0x00,0x00,0x48,0x89,0xb4,0x24,0x28,0x15,0x00,0x00,0x48,0x89,
0xbc,0x24,0x90,0x1f,0x00,0x00,0x48,0x89,0xbc,0x24,0x20,0x15,0x00,0x00,0x4c,0x89,
0x94,0x24,0x98,0x1f,0x00,0x00,0x4c,0x89,0x94,0x24,0x10,0x15,0x00,0x00,0x4c,0x89,
0x9c,0x24,0xa0,0x1f,0x00,0x00,0x4c,0x89,0x9c,0x24,0xe0,0x14,0x00,0x00,0x4c,0x89,
0xa4,0x24,0xa8,0x1f,0x00,0x00,0x4c,0x89,0xa4,0x24,0x08,0x15,0x00,0x00,0x8a,0x05,
0x14,0xc8,0x00,0x00,0x88,0x84,0x24,0xb0,0x1f,0x00,0x00,0x8a,0x05,0x07,0xc8,0x00,
0x00,0x88,0x84,0x24,0xb1,0x1f,0x00,0x00,0x8a,0x05,0xfa,0xc7,0x00,0x00,0x88,0x84,
0x24,0xb2,0x1f,0x00,0x00,0x48,0x8b,0x84,0x24,0x30,0x15,0x00,0x00,0x48,0x8d,0x10,
0x48,0x89,0x94,0x24,0xb8,0x1f,0x00,0x00,0x48,0x8d,0x84,0x24,0xb4,0x1f,0x00,0x00,
0x48,0x89,0x84,0x24,0x00,0x15,0x00,0x00,0x48,0x8b,0x84,0x24,0x28,0x15,0x00,0x00,
0x48,0x8d,0x10,0x48,0x8d,0x9c,0x24,0xb8,0x1f,0x00,0x00,0x48,0x8b,0x84,0x24,0x38,
0x15,0x00,0x00,0x48,0x8d,0xa8,0xe8,0x01,0x00,0x00,0x48,0x8b,0x84,0x24,0x28,0x15,
0x00,0x00,0x48,0x8b,0x30,0x48,0x8b,0x86,0x80,0x00,0x00,0x00,0x48,0x8b,0x35,0x9d,
0xc9,0x00,0x00,0x48,0x01,0xf0,0x48,0x8b,0x00,0x48,0x8b,0x00,0x48,0x89,0x8c,0x24,
0xf8,0x14,0x00,0x00,0x4c,0x89,0x84,0x24,0xf0,0x14,0x00,0x00,0x4c,0x89,0x8c,0x24,
0x48,0x15,0x00,0x00,0x48,0x8b,0x8c,0x24,0x00,0x15,0x00,0x00,0x49,0x89,0xd8,0x49,
0x89,0xe9,0xff,0xd0,0x48,0x8b,0x84,0x24,0xe0,0x14,0x00,0x00,0x48,0x8d,0x08,0x48,
0x8b,0x15,0x62,0xc9,0x00,0x00,0xff,0x12,0x48,0x8b,0x84,0x24,0xe0,0x14,0x00,0x00,
0x48,0x8d,0x08,0x48,0x8b,0x05,0x56,0xc9,0x00,0x00,0xff,0x10,0x48,0x8d,0x84,0x24,
0xb8,0x1f,0x00,0x00,0x48,0x8b,0x0d,0x4d,0xc9,0x00,0x00,0x48,0x89,0x84,0x24,0x18,
0x15,0x00,0x00,0x48,0x89,0x8c,0x24,0x50,0x15,0x00,0x00,0x48,0x8b,0x84,0x24,0x50,
0x15,0x00,0x00,0x48,0x8b,0x8c,0x24,0x18,0x15,0x00,0x00,0xff,0x10,0x48,0x8b,0x84,
0x24,0x40,0x15,0x00,0x00,0x48,0x8d,0x08,0x48,0x89,0x8c,0x24,0xb8,0x1f,0x00,0x00,
0x48,0x8b,0x84,0x24,0x38,0x15,0x00,0x00,0x48,0x8d,0x08,0x48,0x89,0x8c,0x24,0xc0,
0x1f,0x00,0x00,0x48,0x8b,0x84,0x24,0x30,0x15,0x00,0x00,0x48,0x8d,0x08,0x48,0x89,
0x8c,0x24,0xc8,0x1f,0x00,0x00,0x48,0x8b,0x84,0x24,0x28,0x15,0x00,0x00,0x48,0x8d,
0x08,0x48,0x89,0x8c,0x24,0xd0,0x1f,0x00,0x00,0x48,0x8d,0x84,0x24,0x50,0x20,0x00,
0x00,0x48,0x89,0x84,0x24,0x60,0x15,0x00,0x00,0x48,0x8b,0x84,0x24,0x30,0x15,0x00,
0x00,0x48,0x8d,0x48,0x28,0x48,0x8b,0x50,0x28,0x48,0x8b,0x92,0x80,0x00,0x00,0x00,
0x48,0x8b,0x05,0xb9,0xc8,0x00,0x00,0x48,0x01,0xc2,0x48,0x8b,0x02,0x48,0x8b,0x00,
0x48,0x89,0x8c,0x24,0xc0,0x15,0x00,0x00,0x48,0x8b,0x8c,0x24,0x60,0x15,0x00,0x00,
0x48,0x8b,0x94,0x24,0xc0,0x15,0x00,0x00,0xff,0xd0,0x48,0x83,0xbc,0x24,0x50,0x20,
0x00,0x00,0x00,0x0f,0x95,0xc0,0x3c,0x00,0x0f,0x84,0x4b,0x08,0x00,0x00,0x48,0x8d,
0x84,0x24,0x50,0x20,0x00,0x00,0x48,0x89,0x84,0x24,0xb8,0x15,0x00,0x00,0x48,0x8b,
0x84,0x24,0x30,0x15,0x00,0x00,0x48,0x8d,0x48,0x28,0x48,0x8b,0x50,0x28,0x48,0x8b,
0x92,0x80,0x00,0x00,0x00,0x48,0x8b,0x05,0x54,0xc8,0x00,0x00,0x48,0x01,0xc2,0x48,
0x8b,0x02,0x48,0x8b,0x00,0x48,0x89,0x8c,0x24,0xb0,0x15,0x00,0x00,0x48,0x8b,0x8c,
0x24,0xb8,0x15,0x00,0x00,0x48,0x8b,0x94,0x24,0xb0,0x15,0x00,0x00,0xff,0xd0,0x48,
0x83,0xbc,0x24,0x50,0x20,0x00,0x00,0x00,0x0f,0x95,0xc0,0x3c,0x00,0x0f,0x84,0x26,
0x00,0x00,0x00,0x48,0x8b,0x84,0x24,0x50,0x20,0x00,0x00,0x48,0x83,0x78,0x28,0x00,
0x0f,0x95,0xc0,0x3c,0x00,0x0f,0x84,0x07,0x00,0x00,0x00,0xb0,0x01,0xe9,0x0e,0x00,
0x00,0x00,0xb0,0x00,0xe9,0x07,0x00,0x00,0x00,0xb0,0x00,0xe9,0x00,0x00,0x00,0x00,
0x3c,0x00,0x0f,0x84,0xac,0x07,0x00,0x00,0x48,0x8b,0x84,0x24,0x50,0x20,0x00,0x00,
0x48,0x8b,0x40,0x28,0x48,0x8d,0x8c,0x24,0x58,0x20,0x00,0x00,0x48,0x8d,0x90,0xa0,
0x01,0x00,0x00,0x48,0x8b,0x05,0xce,0xc7,0x00,0x00,0xff,0x10,0x8b,0x84,0x24,0x58,
0x20,0x00,0x00,0x3b,0x05,0x93,0xc5,0x00,0x00,0x0f,0x9f,0xc0,0x3c,0x00,0x0f,0x84,
0xbd,0x00,0x00,0x00,0x48,0x8d,0x84,0x24,0x58,0x20,0x00,0x00,0x48,0x8d,0x94,0x24,
0xd8,0x1f,0x00,0x00,0x48,0x8b,0x0d,0xa5,0xc7,0x00,0x00,0x48,0x89,0x84,0x24,0xa8,
0x15,0x00,0x00,0x48,0x89,0x8c,0x24,0xa0,0x15,0x00,0x00,0x48,0x8b,0x84,0x24,0xa0,
0x15,0x00,0x00,0x48,0x8b,0x8c,0x24,0xa8,0x15,0x00,0x00,0xff,0x10,0x48,0x8b,0x84,
0x24,0x58,0x20,0x00,0x00,0x48,0x8d,0x00,0x48,0x89,0x84,0x24,0x90,0x15,0x00,0x00,
0x48,0x8b,0x84,0x24,0x88,0x00,0x00,0x00,0x48,0x8d,0x08,0x48,0x8d,0x84,0x24,0x50,
0x20,0x00,0x00,0x48,0x8d,0x15,0x26,0xc5,0x00,0x00,0x48,0x89,0x84,0x24,0x58,0x15,
0x00,0x00,0x48,0x8b,0x84,0x24,0x38,0x15,0x00,0x00,0x48,0x8d,0x58,0x08,0x48,0x8b,
0x05,0x43,0xc7,0x00,0x00,0x48,0x89,0x5c,0x24,0x20,0x48,0x89,0x8c,0x24,0x88,0x15,
0x00,0x00,0x48,0x89,0x94,0x24,0x80,0x15,0x00,0x00,0x48,0x8b,0x8c,0x24,0x90,0x15,
0x00,0x00,0x48,0x8b,0x94,0x24,0x88,0x15,0x00,0x00,0x4c,0x8b,0x84,0x24,0x58,0x15,
0x00,0x00,0x4c,0x8b,0x8c,0x24,0x80,0x15,0x00,0x00,0xff,0x10,0xe9,0x00,0x00,0x00,
0x00,0x48,0x8b,0x84,0x24,0x50,0x20,0x00,0x00,0x48,0x8d,0x8c,0x24,0x58,0x20,0x00,
0x00,0x48,0x8d,0x50,0x08,0x48,0x8b,0x40,0x08,0x48,0x8b,0x80,0x80,0x00,0x00,0x00,
0x48,0x8b,0x1d,0xe9,0xc6,0x00,0x00,0x48,0x01,0xd8,0x48,0x8b,0x00,0x48,0x8b,0x00,
0xff,0xd0,0x48,0x8b,0x84,0x24,0x58,0x20,0x00,0x00,0x8b,0x00,0x4c,0x8b,0x8c,0x24,
0x48,0x15,0x00,0x00,0x41,0x3b,0x41,0x50,0x0f,0x94,0xc0,0x3c,0x00,0x0f,0x84,0x12,
0x00,0x00,0x00,0x8a,0x05,0x7b,0xc4,0x00,0x00,0x88,0x84,0x24,0xb0,0x1f,0x00,0x00,
0xe9,0x00,0x00,0x00,0x00,0x48,0x8b,0x84,0x24,0x50,0x20,0x00,0x00,0x48,0x8d,0x8c,
0x24,0x58,0x20,0x00,0x00,0x48,0x8d,0x50,0x08,0x48,0x8b,0x40,0x08,0x48,0x8b,0x80,
0x80,0x00,0x00,0x00,0x48,0x8b,0x1d,0x85,0xc6,0x00,0x00,0x48,0x01,0xd8,0x48,0x8b,
0x00,0x48,0x8b,0x00,0xff,0xd0,0x48,0x8b,0x84,0x24,0x58,0x20,0x00,0x00,0x8b,0x00,
0x4c,0x8b,0x8c,0x24,0x48,0x15,0x00,0x00,0x41,0x3b,0x81,0x98,0x00,0x00,0x00,0x0f,
0x94,0xc0,0x3c,0x00,0x0f,0x84,0xd8,0x00,0x00,0x00,0x48,0x8b,0x84,0x24,0x50,0x20,
0x00,0x00,0x48,0x8b,0x8c,0x24,0xe0,0x14,0x00,0x00,0x48,0x89,0x01,0x8b,0x05,0xfd,
0xc3,0x00,0x00,0x48,0x8b,0x8c,0x24,0xe0,0x14,0x00,0x00,0x89,0x41,0x08,0x8b,0x05,
0xe4,0xc3,0x00,0x00,0x48,0x8b,0x8c,0x24,0xe0,0x14,0x00,0x00,0x89,0x41,0x0c,0x8b,
0x05,0xd3,0xc3,0x00,0x00,0x48,0x8b,0x8c,0x24,0xe0,0x14,0x00,0x00,0x89,0x41,0x10,
0x48,0x8b,0x84,0x24,0x38,0x15,0x00,0x00,0x8b,0x48,0x08,0x48,0x8b,0x84,0x24,0xe0,
0x14,0x00,0x00,0x89,0x48,0x14,0x8b,0x05,0xac,0xc3,0x00,0x00,0x48,0x8b,0x8c,0x24,
0xe0,0x14,0x00,0x00,0x89,0x41,0x18,0x41,0x8b,0x81,0x9c,0x00,0x00,0x00,0x48,0x8b,
0x8c,0x24,0xe0,0x14,0x00,0x00,0x89,0x41,0x1c,0x8b,0x05,0x89,0xc3,0x00,0x00,0x48,
0x8b,0x8c,0x24,0xe0,0x14,0x00,0x00,0x89,0x41,0x20,0x8b,0x05,0x78,0xc3,0x00,0x00,
0x48,0x8b,0x8c,0x24,0xe0,0x14,0x00,0x00,0x89,0x41,0x24,0x48,0x8b,0x84,0x24,0xe0,
0x14,0x00,0x00,0x48,0x8d,0x48,0x28,0x48,0x8b,0x15,0xaa,0xc5,0x00,0x00,0xff,0x12,
0x48,0x8b,0x84,0x24,0xe0,0x14,0x00,0x00,0x48,0x8d,0x48,0x28,0x48,0x8b,0x05,0x9d,
0xc5,0x00,0x00,0xff,0x10,0x4c,0x8b,0x8c,0x24,0x48,0x15,0x00,0x00,0xe9,0x00,0x00,
0x00,0x00,0x48,0x8b,0x84,0x24,0x50,0x20,0x00,0x00,0x48,0x8d,0x8c,0x24,0x58,0x20,
0x00,0x00,0x48,0x8d,0x10,0x48,0x8b,0x00,0x48,0x8b,0x80,0x80,0x00,0x00,0x00,0x48,
0x8b,0x1d,0x72,0xc5,0x00,0x00,0x48,0x01,0xd8,0x48,0x8b,0x00,0x48,0x8b,0x00,0xff,
0xd0,0x48,0x83,0xbc,0x24,0x58,0x20,0x00,0x00,0x00,0x0f,0x95,0xc0,0x3c,0x00,0x0f,
0x84,0xda,0x04,0x00,0x00,0x48,0x8b,0x84,0x24,0x50,0x20,0x00,0x00,0x48,0x8d,0x8c,
0x24,0x58,0x20,0x00,0x00,0x48,0x8d,0x10,0x48,0x8b,0x00,0x48,0x8b,0x80,0x80,0x00,
0x00,0x00,0x48,0x8b,0x1d,0x2f,0xc5,0x00,0x00,0x48,0x01,0xd8,0x48,0x8b,0x00,0x48,
0x8b,0x00,0xff,0xd0,0x48,0x8b,0x84,0x24,0x58,0x20,0x00,0x00,0x48,0x8b,0x9c,0x24,
0x78,0x15,0x00,0x00,0x48,0x89,0x9c,0x24,0x60,0x20,0x00,0x00,0x4c,0x8d,0xbc,0x24,
0x60,0x20,0x00,0x00,0x48,0x8d,0x8c,0x24,0x68,0x20,0x00,0x00,0x48,0x89,0x8c,0x24,
0x70,0x15,0x00,0x00,0x48,0x8d,0x00,0x48,0x8b,0x0d,0xf2,0xc4,0x00,0x00,0x48,0x89,
0x84,0x24,0x68,0x15,0x00,0x00,0x48,0x89,0x8c,0x24,0xe8,0x14,0x00,0x00,0x48,0x8b,
0x84,0x24,0xe8,0x14,0x00,0x00,0x4c,0x89,0xf9,0x48,0x8b,0x94,0x24,0x68,0x15,0x00,
0x00,0x48,0x89,0x8c,0x24,0xd8,0x14,0x00,0x00,0xff,0x10,0x48,0x8d,0x84,0x24,0x70,
0x20,0x00,0x00,0x48,0x8b,0x0d,0xbe,0xc4,0x00,0x00,0x48,0x89,0x84,0x24,0xa0,0x14,
0x00,0x00,0x48,0x89,0x8c,0x24,0xd0,0x14,0x00,0x00,0x48,0x8b,0x84,0x24,0xd0,0x14,
0x00,0x00,0x48,0x8b,0x8c,0x24,0xa0,0x14,0x00,0x00,0x48,0x8b,0x94,0x24,0x68,0x15,
0x00,0x00,0xff,0x10,0x48,0x8b,0x84,0x24,0x70,0x20,0x00,0x00,0x48,0x39,0x84,0x24,
0x60,0x20,0x00,0x00,0x0f,0x84,0xf0,0x03,0x00,0x00,0x48,0x8b,0x05,0x7f,0xc4,0x00,
0x00,0x48,0x8b,0x8c,0x24,0x70,0x15,0x00,0x00,0x48,0x8b,0x94,0x24,0x68,0x15,0x00,
0x00,0x4c,0x8b,0x84,0x24,0xd8,0x14,0x00,0x00,0xff,0x10,0x48,0x8b,0x84,0x24,0x68,
0x20,0x00,0x00,0x48,0x8d,0x8c,0x24,0x78,0x20,0x00,0x00,0x48,0x8d,0x50,0x38,0x48,
0x8b,0x40,0x38,0x48,0x8b,0x80,0x80,0x00,0x00,0x00,0x48,0x8b,0x1d,0xef,0xc3,0x00,
0x00,0x48,0x01,0xd8,0x48,0x8b,0x00,0x48,0x8b,0x00,0xff,0xd0,0x48,0x83,0xbc,0x24,
0x78,0x20,0x00,0x00,0x00,0x0f,0x95,0xc0,0x3c,0x00,0x0f,0x84,0x26,0x00,0x00,0x00,
0x48,0x8b,0x84,0x24,0x78,0x20,0x00,0x00,0x48,0x83,0x78,0x28,0x00,0x0f,0x95,0xc0,
0x3c,0x00,0x0f,0x84,0x07,0x00,0x00,0x00,0xb0,0x01,0xe9,0x0e,0x00,0x00,0x00,0xb0,
0x00,0xe9,0x07,0x00,0x00,0x00,0xb0,0x00,0xe9,0x00,0x00,0x00,0x00,0x3c,0x00,0x0f,
0x84,0x34,0x03,0x00,0x00,0x48,0x8b,0x84,0x24,0x68,0x20,0x00,0x00,0x48,0x8d,0x8c,
0x24,0x80,0x20,0x00,0x00,0x48,0x8d,0x50,0x08,0x48,0x8b,0x40,0x08,0x48,0x8b,0x80,
0x80,0x00,0x00,0x00,0x48,0x8b,0x1d,0x95,0xc3,0x00,0x00,0x48,0x01,0xd8,0x48,0x8b,
0x00,0x48,0x8b,0x00,0xff,0xd0,0x48,0x8b,0x84,0x24,0x80,0x20,0x00,0x00,0x8b,0x00,
0x3b,0x05,0x32,0xc1,0x00,0x00,0x0f,0x9d,0xc0,0x3c,0x00,0x0f,0x84,0x7f,0x00,0x00,
0x00,0x48,0x8b,0x84,0x24,0x50,0x20,0x00,0x00,0x48,0x8b,0x40,0x28,0x48,0x8d,0x8c,
0x24,0x88,0x20,0x00,0x00,0x48,0x8d,0x90,0xa0,0x01,0x00,0x00,0x48,0x8b,0x05,0x35,
0xc3,0x00,0x00,0xff,0x10,0x48,0x8b,0x84,0x24,0x68,0x20,0x00,0x00,0x48,0x8d,0x8c,
0x24,0x90,0x20,0x00,0x00,0x48,0x8d,0x50,0x08,0x48,0x8b,0x40,0x08,0x48,0x8b,0x80,
0x80,0x00,0x00,0x00,0x48,0x8b,0x1d,0x25,0xc3,0x00,0x00,0x48,0x01,0xd8,0x48,0x8b,
0x00,0x48,0x8b,0x00,0xff,0xd0,0x48,0x8b,0x94,0x24,0x90,0x20,0x00,0x00,0x8b,0x84,
0x24,0x88,0x20,0x00,0x00,0x3b,0x02,0x0f,0x9f,0xc0,0x3c,0x00,0x0f,0x84,0x07,0x00,
0x00,0x00,0xb0,0x01,0xe9,0x0e,0x00,0x00,0x00,0xb0,0x00,0xe9,0x07,0x00,0x00,0x00,
0xb0,0x00,0xe9,0x00,0x00,0x00,0x00,0x3c,0x00,0x0f,0x84,0x55,0x02,0x00,0x00,0x48,
0x8b,0x84,0x24,0x50,0x20,0x00,0x00,0x48,0x8b,0x58,0x28,0x48,0x8b,0x84,0x24,0x68,
0x20,0x00,0x00,0x48,0x8d,0x8c,0x24,0x98,0x20,0x00,0x00,0x48,0x8d,0x50,0x08,0x48,
0x8b,0x40,0x08,0x48,0x8b,0x80,0x80,0x00,0x00,0x00,0x48,0x8b,0x2d,0xaf,0xc2,0x00,
0x00,0x48,0x01,0xe8,0x48,0x8b,0x00,0x48,0x8b,0x00,0xff,0xd0,0x48,0x8b,0x84,0x24,
0x98,0x20,0x00,0x00,0x48,0x8d,0x8c,0x24,0x90,0x20,0x00,0x00,0x48,0x8d,0x93,0xa0,
0x01,0x00,0x00,0x48,0x8d,0x00,0x48,0x8b,0x1d,0xbb,0xc2,0x00,0x00,0x49,0x89,0xc0,
0xff,0x13,0x48,0x8b,0x84,0x24,0x90,0x20,0x00,0x00,0x48,0x8d,0x10,0x48,0x8d,0x84,
0x24,0x80,0x20,0x00,0x00,0x48,0x8b,0x0d,0xa4,0xc2,0x00,0x00,0x48,0x89,0x84,0x24,
0x48,0x14,0x00,0x00,0x48,0x89,0x8c,0x24,0x40,0x14,0x00,0x00,0x48,0x8b,0x84,0x24,
0x40,0x14,0x00,0x00,0x48,0x8b,0x8c,0x24,0x48,0x14,0x00,0x00,0xff,0x10,0x48,0x8b,
0x84,0x24,0x68,0x20,0x00,0x00,0x48,0x8d,0x8c,0x24,0x90,0x20,0x00,0x00,0x48,0x8d,
0x50,0x08,0x48,0x8b,0x40,0x08,0x48,0x8b,0x80,0x80,0x00,0x00,0x00,0x48,0x8b,0x1d,
0x1c,0xc2,0x00,0x00,0x48,0x01,0xd8,0x48,0x8b,0x00,0x48,0x8b,0x00,0xff,0xd0,0x48,
0x8b,0xac,0x24,0x90,0x20,0x00,0x00,0x48,0x8b,0x84,0x24,0x68,0x20,0x00,0x00,0x48,
0x8d,0x8c,0x24,0x98,0x20,0x00,0x00,0x48,0x8d,0x50,0x18,0x48,0x8b,0x40,0x18,0x48,
0x8b,0x80,0x80,0x00,0x00,0x00,0x48,0x8b,0x1d,0x2b,0xc2,0x00,0x00,0x48,0x01,0xd8,
0x48,0x8b,0x00,0x48,0x8b,0x00,0xff,0xd0,0x48,0x8b,0x84,0x24,0x98,0x20,0x00,0x00,
0x48,0x8b,0x8c,0x24,0xf8,0x14,0x00,0x00,0x48,0x8d,0x11,0x48,0x89,0x84,0x24,0x38,
0x14,0x00,0x00,0x48,0x8b,0x84,0x24,0x88,0x00,0x00,0x00,0x48,0x8d,0x18,0x4c,0x8b,
0x8c,0x24,0x48,0x15,0x00,0x00,0x49,0x8d,0x01,0x48,0x89,0x84,0x24,0x30,0x14,0x00,
0x00,0x48,0x8b,0x84,0x24,0x38,0x15,0x00,0x00,0x48,0x8d,0x30,0x48,0x8d,0x84,0x24,
0x78,0x20,0x00,0x00,0x48,0x8d,0xbc,0x24,0x50,0x20,0x00,0x00,0x4c,0x8d,0x05,0x3d,
0xbf,0x00,0x00,0x4c,0x8d,0x75,0x00,0x48,0x89,0x84,0x24,0x28,0x14,0x00,0x00,0x48,
0x8b,0x84,0x24,0x38,0x14,0x00,0x00,0x4c,0x8d,0x20,0x49,0x8d,0x69,0x54,0x4d,0x8d,
0x91,0x9c,0x00,0x00,0x00,0x48,0x8d,0x84,0x24,0x00,0x20,0x00,0x00,0x4c,0x8d,0x9c,
0x24,0xb1,0x1f,0x00,0x00,0x48,0x89,0x84,0x24,0x18,0x14,0x00,0x00,0x48,0x8b,0x84,
0x24,0xe0,0x14,0x00,0x00,0x4c,0x8d,0x28,0x48,0x8b,0x05,0x81,0xc1,0x00,0x00,0x48,
0x89,0x9c,0x24,0xe8,0x13,0x00,0x00,0x48,0x8b,0x9c,0x24,0x28,0x14,0x00,0x00,0x48,
0x89,0x5c,0x24,0x20,0x48,0x89,0x7c,0x24,0x28,0x4c,0x89,0x44,0x24,0x30,0x4c,0x89,
0x74,0x24,0x38,0x4c,0x89,0x64,0x24,0x40,0x48,0x89,0x6c,0x24,0x48,0x4c,0x89,0x54,
0x24,0x50,0x48,0x8b,0xbc,0x24,0x18,0x14,0x00,0x00,0x48,0x89,0x7c,0x24,0x58,0x4c,
0x89,0x5c,0x24,0x60,0x4c,0x89,0x6c,0x24,0x68,0x48,0x89,0x94,0x24,0x10,0x14,0x00,
0x00,0x48,0x8b,0x8c,0x24,0x10,0x14,0x00,0x00,0x48,0x8b,0x94,0x24,0xe8,0x13,0x00,
0x00,0x4c,0x8b,0x84,0x24,0x30,0x14,0x00,0x00,0x49,0x89,0xf1,0xff,0x10,0x48,0x8d,
0x84,0x24,0x80,0x20,0x00,0x00,0x48,0x8b,0x0d,0x0b,0xc1,0x00,0x00,0x48,0x89,0x84,
0x24,0x08,0x14,0x00,0x00,0x48,0x89,0x8c,0x24,0x00,0x14,0x00,0x00,0x48,0x8b,0x84,
0x24,0x00,0x14,0x00,0x00,0x48,0x8b,0x8c,0x24,0x08,0x14,0x00,0x00,0xff,0x10,0xe9,
0x00,0x00,0x00,0x00,0xe9,0x00,0x00,0x00,0x00,0x48,0x8b,0x05,0xe0,0xc0,0x00,0x00,
0x48,0x8b,0x8c,0x24,0xd8,0x14,0x00,0x00,0x48,0x8b,0x94,0x24,0x68,0x15,0x00,0x00,
0x49,0x89,0xc8,0xff,0x10,0xe9,0xc1,0xfb,0xff,0xff,0xe9,0x00,0x00,0x00,0x00,0xe9,
0x00,0x00,0x00,0x00,0xe9,0x00,0x00,0x00,0x00,0x48,0x8b,0x84,0x24,0xf8,0x13,0x00,
0x00,0x48,0x89,0x84,0x24,0x50,0x20,0x00,0x00,0x48,0x8d,0x84,0x24,0x50,0x20,0x00,
0x00,0x48,0x8d,0x8c,0x24,0x58,0x20,0x00,0x00,0x48,0x89,0x8c,0x24,0x50,0x14,0x00,
0x00,0x48,0x8d,0x8c,0x24,0x60,0x20,0x00,0x00,0x48,0x89,0x8c,0x24,0x20,0x14,0x00,
0x00,0x48,0x89,0x84,0x24,0x58,0x14,0x00,0x00,0x48,0x8b,0x84,0x24,0x30,0x15,0x00,
0x00,0x48,0x8d,0x48,0x08,0x48,0x8b,0x05,0x6c,0xc0,0x00,0x00,0x48,0x89,0x8c,0x24,
0x68,0x14,0x00,0x00,0x48,0x8b,0x8c,0x24,0x58,0x14,0x00,0x00,0x48,0x8b,0x94,0x24,
0x68,0x14,0x00,0x00,0xff,0x10,0x48,0x8d,0x84,0x24,0x68,0x20,0x00,0x00,0x48,0x8b,
0x0d,0x4b,0xc0,0x00,0x00,0x48,0x89,0x84,0x24,0xc8,0x14,0x00,0x00,0x48,0x89,0x8c,
0x24,0xc0,0x14,0x00,0x00,0x48,0x8b,0x84,0x24,0xc0,0x14,0x00,0x00,0x48,0x8b,0x8c,
0x24,0xc8,0x14,0x00,0x00,0x48,0x8b,0x94,0x24,0x68,0x14,0x00,0x00,0xff,0x10,0x48,
0x8b,0x84,0x24,0x68,0x20,0x00,0x00,0x48,0x39,0x84,0x24,0x50,0x20,0x00,0x00,0x0f,
0x84,0x9b,0x08,0x00,0x00,0x48,0x8b,0x05,0x0c,0xc0,0x00,0x00,0x48,0x8b,0x8c,0x24,
0x50,0x14,0x00,0x00,0x48,0x8b,0x94,0x24,0x68,0x14,0x00,0x00,0x4c,0x8b,0x84,0x24,
0x58,0x14,0x00,0x00,0xff,0x10,0x48,0x8b,0x05,0xf3,0xbf,0x00,0x00,0x48,0x8b,0x8c,
0x24,0x20,0x14,0x00,0x00,0x48,0x8b,0x94,0x24,0x68,0x14,0x00,0x00,0x4c,0x8b,0x84,
0x24,0x58,0x14,0x00,0x00,0xff,0x10,0x48,0x8b,0x84,0x24,0x60,0x20,0x00,0x00,0x48,
0x8d,0x8c,0x24,0x70,0x20,0x00,0x00,0x48,0x8d,0x10,0x48,0x8b,0x00,0x48,0x8b,0x80,
0x80,0x00,0x00,0x00,0x48,0x8b,0x1d,0x15,0xbf,0x00,0x00,0x48,0x01,0xd8,0x48,0x8b,
0x00,0x48,0x8b,0x00,0xff,0xd0,0x48,0x83,0xbc,0x24,0x70,0x20,0x00,0x00,0x00,0x0f,
0x95,0xc0,0x3c,0x00,0x0f,0x84,0x26,0x00,0x00,0x00,0x48,0x8b,0x84,0x24,0x70,0x20,
0x00,0x00,0x48,0x83,0x78,0x28,0x00,0x0f,0x95,0xc0,0x3c,0x00,0x0f,0x84,0x07,0x00,
0x00,0x00,0xb0,0x01,0xe9,0x0e,0x00,0x00,0x00,0xb0,0x00,0xe9,0x07,0x00,0x00,0x00,
0xb0,0x00,0xe9,0x00,0x00,0x00,0x00,0x3c,0x00,0x0f,0x84,0xc0,0x07,0x00,0x00,0x48,
0x8b,0x84,0x24,0x70,0x20,0x00,0x00,0x48,0x8b,0x40,0x28,0x48,0x8d,0x8c,0x24,0x78,
0x20,0x00,0x00,0x48,0x8d,0x90,0xa0,0x01,0x00,0x00,0x48,0x8b,0x05,0xa7,0xbe,0x00,
0x00,0xff,0x10,0x8b,0x84,0x24,0x78,0x20,0x00,0x00,0x3b,0x05,0x68,0xbc,0x00,0x00,
0x0f,0x9f,0xc0,0x3c,0x00,0x0f,0x84,0xbd,0x00,0x00,0x00,0x48,0x8d,0x84,0x24,0x78,
0x20,0x00,0x00,0x48,0x8d,0x94,0x24,0xd8,0x1f,0x00,0x00,0x48,0x8b,0x0d,0x7e,0xbe,
0x00,0x00,0x48,0x89,0x84,0x24,0xb8,0x14,0x00,0x00,0x48,0x89,0x8c,0x24,0xb0,0x14,
0x00,0x00,0x48,0x8b,0x84,0x24,0xb0,0x14,0x00,0x00,0x48,0x8b,0x8c,0x24,0xb8,0x14,
0x00,0x00,0xff,0x10,0x48,0x8b,0x84,0x24,0x78,0x20,0x00,0x00,0x48,0x8d,0x00,0x48,
0x89,0x84,0x24,0xa8,0x14,0x00,0x00,0x48,0x8b,0x84,0x24,0x88,0x00,0x00,0x00,0x48,
0x8d,0x08,0x48,0x8d,0x84,0x24,0x70,0x20,0x00,0x00,0x48,0x8d,0x15,0x07,0xbc,0x00,
0x00,0x48,0x89,0x84,0x24,0x98,0x14,0x00,0x00,0x48,0x8b,0x84,0x24,0x38,0x15,0x00,
0x00,0x48,0x8d,0x58,0x08,0x48,0x8b,0x05,0x1c,0xbe,0x00,0x00,0x48,0x89,0x5c,0x24,
0x20,0x48,0x89,0x8c,0x24,0x60,0x14,0x00,0x00,0x48,0x89,0x94,0x24,0x90,0x14,0x00,
0x00,0x48,0x8b,0x8c,0x24,0xa8,0x14,0x00,0x00,0x48,0x8b,0x94,0x24,0x60,0x14,0x00,
0x00,0x4c,0x8b,0x84,0x24,0x98,0x14,0x00,0x00,0x4c,0x8b,0x8c,0x24,0x90,0x14,0x00,
0x00,0xff,0x10,0xe9,0x00,0x00,0x00,0x00,0x48,0x8b,0x84,0x24,0x70,0x20,0x00,0x00,
0x48,0x8d,0x8c,0x24,0x78,0x20,0x00,0x00,0x48,0x8d,0x50,0x08,0x48,0x8b,0x40,0x08,
0x48,0x8b,0x80,0x80,0x00,0x00,0x00,0x48,0x8b,0x1d,0xc2,0xbd,0x00,0x00,0x48,0x01,
0xd8,0x48,0x8b,0x00,0x48,0x8b,0x00,0xff,0xd0,0x48,0x8b,0x84,0x24,0x78,0x20,0x00,
0x00,0x8b,0x00,0x4c,0x8b,0x8c,0x24,0x48,0x15,0x00,0x00,0x41,0x3b,0x41,0x50,0x0f,
0x94,0xc0,0x3c,0x00,0x0f,0x84,0x12,0x00,0x00,0x00,0x8a,0x05,0x54,0xbb,0x00,0x00,
0x88,0x84,0x24,0xb0,0x1f,0x00,0x00,0xe9,0x00,0x00,0x00,0x00,0x48,0x8b,0x84,0x24,
0x70,0x20,0x00,0x00,0x48,0x8d,0x8c,0x24,0x78,0x20,0x00,0x00,0x48,0x8d,0x50,0x08,
0x48,0x8b,0x40,0x08,0x48,0x8b,0x80,0x80,0x00,0x00,0x00,0x48,0x8b,0x1d,0x5e,0xbd,
0x00,0x00,0x48,0x01,0xd8,0x48,0x8b,0x00,0x48,0x8b,0x00,0xff,0xd0,0x48,0x8b,0x84,
0x24,0x78,0x20,0x00,0x00,0x8b,0x00,0x4c,0x8b,0x8c,0x24,0x48,0x15,0x00,0x00,0x41,
0x3b,0x81,0x98,0x00,0x00,0x00,0x0f,0x94,0xc0,0x3c,0x00,0x0f,0x84,0xd9,0x00,0x00,
0x00,0x48,0x8b,0x84,0x24,0x70,0x20,0x00,0x00,0x48,0x8b,0x8c,0x24,0xe0,0x14,0x00,
0x00,0x48,0x89,0x01,0x8b,0x05,0xde,0xba,0x00,0x00,0x48,0x8b,0x8c,0x24,0xe0,0x14,
0x00,0x00,0x89,0x41,0x08,0x8b,0x05,0xbd,0xba,0x00,0x00,0x48,0x8b,0x8c,0x24,0xe0,
0x14,0x00,0x00,0x89,0x41,0x0c,0x8b,0x05,0xac,0xba,0x00,0x00,0x48,0x8b,0x8c,0x24,
0xe0,0x14,0x00,0x00,0x89,0x41,0x10,0x48,0x8b,0x84,0x24,0x38,0x15,0x00,0x00,0x8b,
0x48,0x08,0x48,0x8b,0x84,0x24,0xe0,0x14,0x00,0x00,0x89,0x48,0x14,0x8b,0x05,0x85,
0xba,0x00,0x00,0x48,0x8b,0x8c,0x24,0xe0,0x14,0x00,0x00,0x89,0x41,0x18,0x41,0x8b,
0x81,0x9c,0x00,0x00,0x00,0x48,0x8b,0x8c,0x24,0xe0,0x14,0x00,0x00,0x89,0x41,0x1c,
0x8b,0x05,0x62,0xba,0x00,0x00,0x48,0x8b,0x8c,0x24,0xe0,0x14,0x00,0x00,0x89,0x41,
0x20,0x8b,0x84,0x24,0x58,0x20,0x00,0x00,0x48,0x8b,0x8c,0x24,0xe0,0x14,0x00,0x00,
0x89,0x41,0x24,0x48,0x8b,0x84,0x24,0xe0,0x14,0x00,0x00,0x48,0x8d,0x48,0x28,0x48,
0x8b,0x15,0x82,0xbc,0x00,0x00,0xff,0x12,0x48,0x8b,0x84,0x24,0xe0,0x14,0x00,0x00,
0x48,0x8d,0x48,0x28,0x48,0x8b,0x05,0x75,0xbc,0x00,0x00,0xff,0x10,0x4c,0x8b,0x8c,
0x24,0x48,0x15,0x00,0x00,0xe9,0x00,0x00,0x00,0x00,0x48,0x8b,0x84,0x24,0x70,0x20,
0x00,0x00,0x48,0x8d,0x8c,0x24,0x78,0x20,0x00,0x00,0x48,0x8d,0x10,0x48,0x8b,0x00,
0x48,0x8b,0x80,0x80,0x00,0x00,0x00,0x48,0x8b,0x1d,0x4a,0xbc,0x00,0x00,0x48,0x01,
0xd8,0x48,0x8b,0x00,0x48,0x8b,0x00,0xff,0xd0,0x48,0x83,0xbc,0x24,0x78,0x20,0x00,
0x00,0x00,0x0f,0x95,0xc0,0x3c,0x00,0x0f,0x84,0xed,0x04,0x00,0x00,0x48,0x8b,0x84,
0x24,0x70,0x20,0x00,0x00,0x48,0x8d,0x8c,0x24,0x78,0x20,0x00,0x00,0x48,0x8d,0x10,
0x48,0x8b,0x00,0x48,0x8b,0x80,0x80,0x00,0x00,0x00,0x48,0x8b,0x1d,0x07,0xbc,0x00,
0x00,0x48,0x01,0xd8,0x48,0x8b,0x00,0x48,0x8b,0x00,0xff,0xd0,0x48,0x8b,0x84,0x24,
0x78,0x20,0x00,0x00,0x48,0x89,0x84,0x24,0x88,0x14,0x00,0x00,0x48,0x8b,0x84,0x24,
0x80,0x14,0x00,0x00,0x48,0x89,0x84,0x24,0x80,0x20,0x00,0x00,0x4c,0x8d,0xbc,0x24,
0x80,0x20,0x00,0x00,0x48,0x8d,0x84,0x24,0x88,0x20,0x00,0x00,0x48,0x89,0x84,0x24,
0x78,0x14,0x00,0x00,0x48,0x8b,0x84,0x24,0x88,0x14,0x00,0x00,0x48,0x8d,0x00,0x48,
0x8b,0x0d,0xba,0xbb,0x00,0x00,0x48,0x89,0x84,0x24,0x70,0x14,0x00,0x00,0x48,0x89,
0x8c,0x24,0xc8,0x15,0x00,0x00,0x48,0x8b,0x84,0x24,0xc8,0x15,0x00,0x00,0x4c,0x89,
0xf9,0x48,0x8b,0x94,0x24,0x70,0x14,0x00,0x00,0x48,0x89,0x8c,0x24,0x98,0x15,0x00,
0x00,0xff,0x10,0x48,0x8d,0x84,0x24,0x90,0x20,0x00,0x00,0x48,0x8b,0x0d,0x86,0xbb,
0x00,0x00,0x48,0x89,0x84,0x24,0xd0,0x15,0x00,0x00,0x48,0x89,0x8c,0x24,0xe0,0x15,
0x00,0x00,0x48,0x8b,0x84,0x24,0xe0,0x15,0x00,0x00,0x48,0x8b,0x8c,0x24,0xd0,0x15,
0x00,0x00,0x48,0x8b,0x94,0x24,0x70,0x14,0x00,0x00,0xff,0x10,0x48,0x8b,0x84,0x24,
0x90,0x20,0x00,0x00,0x48,0x39,0x84,0x24,0x80,0x20,0x00,0x00,0x0f,0x84,0xf3,0x03,
0x00,0x00,0x48,0x8b,0x05,0x47,0xbb,0x00,0x00,0x48,0x8b,0x8c,0x24,0x78,0x14,0x00,
0x00,0x48,0x8b,0x94,0x24,0x70,0x14,0x00,0x00,0x4c,0x8b,0x84,0x24,0x98,0x15,0x00,
0x00,0xff,0x10,0x48,0x8b,0x84,0x24,0x88,0x20,0x00,0x00,0x48,0x8d,0x8c,0x24,0x98,
0x20,0x00,0x00,0x48,0x8d,0x50,0x38,0x48,0x8b,0x40,0x38,0x48,0x8b,0x80,0x80,0x00,
0x00,0x00,0x48,0x8b,0x1d,0xb7,0xba,0x00,0x00,0x48,0x01,0xd8,0x48,0x8b,0x00,0x48,
0x8b,0x00,0xff,0xd0,0x48,0x83,0xbc,0x24,0x98,0x20,0x00,0x00,0x00,0x0f,0x95,0xc0,
0x3c,0x00,0x0f,0x84,0x26,0x00,0x00,0x00,0x48,0x8b,0x84,0x24,0x98,0x20,0x00,0x00,
0x48,0x83,0x78,0x28,0x00,0x0f,0x95,0xc0,0x3c,0x00,0x0f,0x84,0x07,0x00,0x00,0x00,
0xb0,0x01,0xe9,0x0e,0x00,0x00,0x00,0xb0,0x00,0xe9,0x07,0x00,0x00,0x00,0xb0,0x00,
0xe9,0x00,0x00,0x00,0x00,0x3c,0x00,0x0f,0x84,0x37,0x03,0x00,0x00,0x48,0x8b,0x84,
0x24,0x88,0x20,0x00,0x00,0x48,0x8d,0x8c,0x24,0xa0,0x20,0x00,0x00,0x48,0x8d,0x50,
0x08,0x48,0x8b,0x40,0x08,0x48,0x8b,0x80,0x80,0x00,0x00,0x00,0x48,0x8b,0x1d,0x5d,
0xba,0x00,0x00,0x48,0x01,0xd8,0x48,0x8b,0x00,0x48,0x8b,0x00,0xff,0xd0,0x48,0x8b,
0x84,0x24,0xa0,0x20,0x00,0x00,0x8b,0x00,0x3b,0x05,0xfa,0xb7,0x00,0x00,0x0f,0x9d,
0xc0,0x3c,0x00,0x0f,0x84,0x7f,0x00,0x00,0x00,0x48,0x8b,0x84,0x24,0x70,0x20,0x00,
0x00,0x48,0x8b,0x40,0x28,0x48,0x8d,0x8c,0x24,0xa8,0x20,0x00,0x00,0x48,0x8d,0x90,
0xa0,0x01,0x00,0x00,0x48,0x8b,0x05,0xfd,0xb9,0x00,0x00,0xff,0x10,0x48,0x8b,0x84,
0x24,0x88,0x20,0x00,0x00,0x48,0x8d,0x8c,0x24,0xb0,0x20,0x00,0x00,0x48,0x8d,0x50,
0x08,0x48,0x8b,0x40,0x08,0x48,0x8b,0x80,0x80,0x00,0x00,0x00,0x48,0x8b,0x1d,0xed,
0xb9,0x00,0x00,0x48,0x01,0xd8,0x48,0x8b,0x00,0x48,0x8b,0x00,0xff,0xd0,0x48,0x8b,
0x94,0x24,0xb0,0x20,0x00,0x00,0x8b,0x84,0x24,0xa8,0x20,0x00,0x00,0x3b,0x02,0x0f,
0x9f,0xc0,0x3c,0x00,0x0f,0x84,0x07,0x00,0x00,0x00,0xb0,0x01,0xe9,0x0e,0x00,0x00,
0x00,0xb0,0x00,0xe9,0x07,0x00,0x00,0x00,0xb0,0x00,0xe9,0x00,0x00,0x00,0x00,0x3c,
0x00,0x0f,0x84,0x58,0x02,0x00,0x00,0x48,0x8b,0x84,0x24,0x70,0x20,0x00,0x00,0x48,
0x8b,0x58,0x28,0x48,0x8b,0x84,0x24,0x88,0x20,0x00,0x00,0x48,0x8d,0x8c,0x24,0xb8,
0x20,0x00,0x00,0x48,0x8d,0x50,0x08,0x48,0x8b,0x40,0x08,0x48,0x8b,0x80,0x80,0x00,
0x00,0x00,0x48,0x8b,0x2d,0x77,0xb9,0x00,0x00,0x48,0x01,0xe8,0x48,0x8b,0x00,0x48,
0x8b,0x00,0xff,0xd0,0x48,0x8b,0x84,0x24,0xb8,0x20,0x00,0x00,0x48,0x8d,0x8c,0x24,
0xb0,0x20,0x00,0x00,0x48,0x8d,0x93,0xa0,0x01,0x00,0x00,0x48,0x8d,0x00,0x48,0x8b,
0x1d,0x83,0xb9,0x00,0x00,0x49,0x89,0xc0,0xff,0x13,0x48,0x8b,0x84,0x24,0xb0,0x20,
0x00,0x00,0x48,0x8d,0x10,0x48,0x8d,0x84,0x24,0xa0,0x20,0x00,0x00,0x48,0x8b,0x0d,
0x6c,0xb9,0x00,0x00,0x48,0x89,0x84,0x24,0x38,0x17,0x00,0x00,0x48,0x89,0x8c,0x24,
0x30,0x17,0x00,0x00,0x48,0x8b,0x84,0x24,0x30,0x17,0x00,0x00,0x48,0x8b,0x8c,0x24,
0x38,0x17,0x00,0x00,0xff,0x10,0x48,0x8b,0x84,0x24,0x88,0x20,0x00,0x00,0x48,0x8d,
0x8c,0x24,0xb0,0x20,0x00,0x00,0x48,0x8d,0x50,0x08,0x48,0x8b,0x40,0x08,0x48,0x8b,
0x80,0x80,0x00,0x00,0x00,0x48,0x8b,0x1d,0xe4,0xb8,0x00,0x00,0x48,0x01,0xd8,0x48,
0x8b,0x00,0x48,0x8b,0x00,0xff,0xd0,0x48,0x8b,0xb4,0x24,0xb0,0x20,0x00,0x00,0x48,
0x8b,0x84,0x24,0x88,0x20,0x00,0x00,0x48,0x8d,0x8c,0x24,0xb8,0x20,0x00,0x00,0x48,
0x8d,0x50,0x18,0x48,0x8b,0x40,0x18,0x48,0x8b,0x80,0x80,0x00,0x00,0x00,0x48,0x8b,
0x1d,0xf3,0xb8,0x00,0x00,0x48,0x01,0xd8,0x48,0x8b,0x00,0x48,0x8b,0x00,0xff,0xd0,
0x48,0x8b,0x84,0x24,0xb8,0x20,0x00,0x00,0x48,0x8b,0x8c,0x24,0xf8,0x14,0x00,0x00,
0x48,0x8d,0x11,0x48,0x89,0x84,0x24,0x28,0x17,0x00,0x00,0x48,0x8b,0x84,0x24,0x88,
0x00,0x00,0x00,0x48,0x8d,0x18,0x4c,0x8b,0x8c,0x24,0x48,0x15,0x00,0x00,0x49,0x8d,
0x01,0x48,0x89,0x84,0x24,0x20,0x17,0x00,0x00,0x48,0x8b,0x84,0x24,0x38,0x15,0x00,
0x00,0x48,0x8d,0x28,0x48,0x8d,0x84,0x24,0x98,0x20,0x00,0x00,0x48,0x8d,0xbc,0x24,
0x70,0x20,0x00,0x00,0x4c,0x8d,0x05,0x0d,0xb6,0x00,0x00,0x48,0x8d,0x36,0x48,0x89,
0x84,0x24,0x18,0x17,0x00,0x00,0x48,0x8b,0x84,0x24,0x28,0x17,0x00,0x00,0x48,0x8d,
0x00,0x4d,0x8d,0x51,0x54,0x4d,0x8d,0x99,0x9c,0x00,0x00,0x00,0x4c,0x8d,0xa4,0x24,
0x00,0x20,0x00,0x00,0x4c,0x8d,0xac,0x24,0xb1,0x1f,0x00,0x00,0x48,0x89,0x84,0x24,
0x08,0x17,0x00,0x00,0x48,0x8b,0x84,0x24,0xe0,0x14,0x00,0x00,0x4c,0x8d,0x30,0x48,
0x8b,0x05,0x4a,0xb8,0x00,0x00,0x48,0x89,0x94,0x24,0xd0,0x16,0x00,0x00,0x48,0x8b,
0x94,0x24,0x18,0x17,0x00,0x00,0x48,0x89,0x54,0x24,0x20,0x48,0x89,0x7c,0x24,0x28,
0x4c,0x89,0x44,0x24,0x30,0x48,0x89,0x74,0x24,0x38,0x48,0x89,0x84,0x24,0x00,0x17,
0x00,0x00,0x48,0x8b,0x84,0x24,0x08,0x17,0x00,0x00,0x48,0x89,0x44,0x24,0x40,0x4c,
0x89,0x54,0x24,0x48,0x4c,0x89,0x5c,0x24,0x50,0x4c,0x89,0x64,0x24,0x58,0x4c,0x89,
0x6c,0x24,0x60,0x4c,0x89,0x74,0x24,0x68,0x4c,0x8b,0x9c,0x24,0x00,0x17,0x00,0x00,
0x48,0x8b,0x8c,0x24,0xd0,0x16,0x00,0x00,0x48,0x89,0xda,0x4c,0x8b,0x84,0x24,0x20,
0x17,0x00,0x00,0x49,0x89,0xe9,0x41,0xff,0x13,0x48,0x8d,0x84,0x24,0xa0,0x20,0x00,
0x00,0x48,0x8b,0x0d,0xd0,0xb7,0x00,0x00,0x48,0x89,0x84,0x24,0xf8,0x16,0x00,0x00,
0x48,0x89,0x8c,0x24,0xf0,0x16,0x00,0x00,0x48,0x8b,0x84,0x24,0xf0,0x16,0x00,0x00,
0x48,0x8b,0x8c,0x24,0xf8,0x16,0x00,0x00,0xff,0x10,0xe9,0x00,0x00,0x00,0x00,0xe9,
0x00,0x00,0x00,0x00,0x48,0x8b,0x05,0xa5,0xb7,0x00,0x00,0x48,0x8b,0x8c,0x24,0x98,
0x15,0x00,0x00,0x48,0x8b,0x94,0x24,0x70,0x14,0x00,0x00,0x49,0x89,0xc8,0xff,0x10,
0xe9,0xbe,0xfb,0xff,0xff,0xe9,0x00,0x00,0x00,0x00,0xe9,0x00,0x00,0x00,0x00,0x48,
0x8b,0x05,0xa2,0xb7,0x00,0x00,0x48,0x8b,0x8c,0x24,0x58,0x14,0x00,0x00,0x48,0x8b,
0x94,0x24,0x68,0x14,0x00,0x00,0x49,0x89,0xc8,0xff,0x10,0xe9,0x16,0xf7,0xff,0xff,
0x48,0x8b,0x05,0x89,0xb7,0x00,0x00,0xf2,0x0f,0x10,0x00,0xf2,0x0f,0x59,0x05,0xbd,
0xb4,0x00,0x00,0xf2,0x0f,0x11,0x84,0x24,0x58,0x20,0x00,0x00,0xf2,0x0f,0x10,0x84,
0x24,0x58,0x20,0x00,0x00,0xf2,0x0f,0x59,0x84,0x24,0x58,0x20,0x00,0x00,0xf2,0x0f,
0x11,0x84,0x24,0x60,0x20,0x00,0x00,0x48,0x8b,0x84,0x24,0xe8,0x16,0x00,0x00,0x48,
0x89,0x84,0x24,0x68,0x20,0x00,0x00,0x4c,0x8d,0xa4,0x24,0x68,0x20,0x00,0x00,0x48,
0x8d,0x84,0x24,0x70,0x20,0x00,0x00,0x48,0x89,0x84,0x24,0xe0,0x16,0x00,0x00,0x48,
0x8b,0x84,0x24,0x20,0x15,0x00,0x00,0x48,0x8d,0x48,0x70,0x48,0x8b,0x05,0x26,0xb7,
0x00,0x00,0x48,0x89,0x8c,0x24,0x40,0x17,0x00,0x00,0x4c,0x89,0xe1,0x48,0x8b,0x94,
0x24,0x40,0x17,0x00,0x00,0x48,0x89,0x8c,0x24,0x10,0x17,0x00,0x00,0xff,0x10,0x48,
0x8d,0x84,0x24,0x78,0x20,0x00,0x00,0x48,0x8b,0x0d,0x02,0xb7,0x00,0x00,0x48,0x89,
0x84,0x24,0x48,0x17,0x00,0x00,0x48,0x89,0x8c,0x24,0x58,0x17,0x00,0x00,0x48,0x8b,
0x84,0x24,0x58,0x17,0x00,0x00,0x48,0x8b,0x8c,0x24,0x48,0x17,0x00,0x00,0x48,0x8b,
0x94,0x24,0x40,0x17,0x00,0x00,0xff,0x10,0x48,0x8b,0x84,0x24,0x78,0x20,0x00,0x00,
0x48,0x39,0x84,0x24,0x68,0x20,0x00,0x00,0x0f,0x84,0xb5,0x03,0x00,0x00,0x48,0x8b,
0x05,0xc3,0xb6,0x00,0x00,0x48,0x8b,0x8c,0x24,0xe0,0x16,0x00,0x00,0x48,0x8b,0x94,
0x24,0x40,0x17,0x00,0x00,0x4c,0x8b,0x84,0x24,0x10,0x17,0x00,0x00,0xff,0x10,0x48,
0x8b,0x84,0x24,0x70,0x20,0x00,0x00,0x48,0x8d,0x8c,0x24,0x80,0x20,0x00,0x00,0x48,
0x8d,0x90,0x68,0x01,0x00,0x00,0x48,0x8b,0x80,0x68,0x01,0x00,0x00,0x48,0x8b,0x80,
0x80,0x00,0x00,0x00,0x48,0x8b,0x1d,0xb5,0xb5,0x00,0x00,0x48,0x01,0xd8,0x48,0x8b,
0x00,0x48,0x8b,0x00,0xff,0xd0,0x48,0x83,0xbc,0x24,0x80,0x20,0x00,0x00,0x00,0x0f,
0x95,0xc0,0x3c,0x00,0x0f,0x84,0x26,0x00,0x00,0x00,0x48,0x8b,0x84,0x24,0x80,0x20,
0x00,0x00,0x48,0x83,0x78,0x28,0x00,0x0f,0x95,0xc0,0x3c,0x00,0x0f,0x84,0x07,0x00,
0x00,0x00,0xb0,0x01,0xe9,0x0e,0x00,0x00,0x00,0xb0,0x00,0xe9,0x07,0x00,0x00,0x00,
0xb0,0x00,0xe9,0x00,0x00,0x00,0x00,0x3c,0x00,0x0f,0x84,0xf3,0x02,0x00,0x00,0x48,
0x8b,0x9c,0x24,0x70,0x20,0x00,0x00,0x48,0x8d,0x84,0x24,0x90,0x20,0x00,0x00,0x48,
0x8b,0x0d,0x1a,0xb6,0x00,0x00,0x48,0x89,0x84,0x24,0xb8,0x17,0x00,0x00,0x48,0x89,
0x8c,0x24,0xb0,0x17,0x00,0x00,0x48,0x8b,0x84,0x24,0xb0,0x17,0x00,0x00,0x48,0x8b,
0x8c,0x24,0xb8,0x17,0x00,0x00,0xff,0x10,0x48,0x8d,0x84,0x24,0x90,0x20,0x00,0x00,
0x48,0x89,0x84,0x24,0xa8,0x17,0x00,0x00,0x48,0x8b,0x84,0x24,0x38,0x15,0x00,0x00,
0x48,0x8d,0x08,0x48,0x8b,0x10,0x48,0x8b,0x92,0x80,0x00,0x00,0x00,0x48,0x8b,0x05,
0xd4,0xb5,0x00,0x00,0x48,0x01,0xc2,0x48,0x8b,0x02,0x48,0x8b,0x00,0x48,0x89,0x8c,
0x24,0xa0,0x17,0x00,0x00,0x48,0x8b,0x8c,0x24,0xa8,0x17,0x00,0x00,0x48,0x8b,0x94,
0x24,0xa0,0x17,0x00,0x00,0xff,0xd0,0x48,0x8d,0x84,0x24,0x88,0x20,0x00,0x00,0x48,
0x8d,0x53,0x50,0x48,0x8d,0x8c,0x24,0xd8,0x20,0x00,0x00,0x48,0x8b,0x1d,0x9e,0xb5,
0x00,0x00,0x48,0x89,0x8c,0x24,0x98,0x17,0x00,0x00,0x48,0x89,0xc1,0x4c,0x8b,0x84,
0x24,0x98,0x17,0x00,0x00,0xff,0x13,0xf2,0x0f,0x10,0x84,0x24,0x60,0x20,0x00,0x00,
0x66,0x0f,0x2f,0x84,0x24,0x88,0x20,0x00,0x00,0x0f,0x97,0xc2,0x48,0x8d,0x84,0x24,
0x90,0x20,0x00,0x00,0x48,0x8b,0x0d,0x6d,0xb5,0x00,0x00,0x48,0x89,0x84,0x24,0x88,
0x17,0x00,0x00,0x48,0x89,0x8c,0x24,0x50,0x17,0x00,0x00,0x48,0x8b,0x84,0x24,0x50,
0x17,0x00,0x00,0x48,0x8b,0x8c,0x24,0x88,0x17,0x00,0x00,0x88,0x94,0x24,0x80,0x17,
0x00,0x00,0xff,0x10,0x80,0xbc,0x24,0x80,0x17,0x00,0x00,0x00,0x0f,0x84,0xdb,0x01,
0x00,0x00,0x48,0x8b,0x84,0x24,0x80,0x20,0x00,0x00,0x48,0x8d,0x8c,0x24,0x88,0x20,
0x00,0x00,0x48,0x8d,0x50,0x08,0x48,0x8b,0x40,0x08,0x48,0x8b,0x80,0x80,0x00,0x00,
0x00,0x48,0x8b,0x1d,0x48,0xb4,0x00,0x00,0x48,0x01,0xd8,0x48,0x8b,0x00,0x48,0x8b,
0x00,0xff,0xd0,0x48,0x8b,0x84,0x24,0x88,0x20,0x00,0x00,0x8b,0x00,0x4c,0x8b,0x8c,
0x24,0x48,0x15,0x00,0x00,0x41,0x3b,0x81,0xc0,0x00,0x00,0x00,0x0f,0x94,0xc0,0x3c,
0x00,0x0f,0x84,0x81,0x01,0x00,0x00,0x48,0x8b,0x84,0x24,0x80,0x20,0x00,0x00,0x48,
0x8d,0x8c,0x24,0x88,0x20,0x00,0x00,0x48,0x8d,0x50,0x08,0x48,0x8b,0x40,0x08,0x48,
0x8b,0x80,0x80,0x00,0x00,0x00,0x48,0x8b,0x1d,0xf3,0xb3,0x00,0x00,0x48,0x01,0xd8,
0x48,0x8b,0x00,0x48,0x8b,0x00,0xff,0xd0,0x48,0x8b,0x94,0x24,0x88,0x20,0x00,0x00,
0x48,0x8d,0x84,0x24,0x90,0x20,0x00,0x00,0x48,0x8b,0x0d,0xe1,0xb3,0x00,0x00,0x48,
0x89,0x84,0x24,0x78,0x17,0x00,0x00,0x48,0x89,0x8c,0x24,0x70,0x17,0x00,0x00,0x48,
0x8b,0x84,0x24,0x70,0x17,0x00,0x00,0x48,0x8b,0x8c,0x24,0x78,0x17,0x00,0x00,0x48,
0x89,0x94,0x24,0x68,0x17,0x00,0x00,0xff,0x10,0x48,0x8b,0x8c,0x24,0xf8,0x14,0x00,
0x00,0x48,0x8d,0x01,0x48,0x89,0x84,0x24,0x60,0x17,0x00,0x00,0x48,0x8b,0x84,0x24,
0x88,0x00,0x00,0x00,0x48,0x8d,0x10,0x4c,0x8b,0x8c,0x24,0x48,0x15,0x00,0x00,0x49,
0x8d,0x01,0x48,0x89,0x94,0x24,0xd8,0x16,0x00,0x00,0x48,0x8b,0x94,0x24,0x68,0x17,
0x00,0x00,0x48,0x8d,0x12,0x48,0x8d,0x9c,0x24,0x80,0x20,0x00,0x00,0x48,0x8d,0x2d,
0x14,0xb1,0x00,0x00,0x48,0x8d,0x35,0x0d,0xb1,0x00,0x00,0x48,0x8d,0xbc,0x24,0x90,
0x20,0x00,0x00,0x4c,0x8d,0x84,0x24,0x28,0x20,0x00,0x00,0x4c,0x8d,0x94,0x24,0xb2,
0x1f,0x00,0x00,0x48,0x89,0x84,0x24,0xc8,0x16,0x00,0x00,0x48,0x8b,0x84,0x24,0xe0,
0x14,0x00,0x00,0x4c,0x8d,0x18,0x48,0x8b,0x05,0xf3,0xb3,0x00,0x00,0x48,0x89,0x5c,
0x24,0x20,0x48,0x89,0x6c,0x24,0x28,0x48,0x89,0x74,0x24,0x30,0x48,0x89,0x7c,0x24,
0x38,0x4c,0x89,0x44,0x24,0x40,0x4c,0x89,0x54,0x24,0x48,0x4c,0x89,0x5c,0x24,0x50,
0x48,0x89,0x94,0x24,0x90,0x16,0x00,0x00,0x48,0x8b,0x8c,0x24,0x60,0x17,0x00,0x00,
0x48,0x8b,0x94,0x24,0xd8,0x16,0x00,0x00,0x4c,0x8b,0x84,0x24,0xc8,0x16,0x00,0x00,
0x4c,0x8b,0x8c,0x24,0x90,0x16,0x00,0x00,0xff,0x10,0x48,0x8d,0x84,0x24,0x90,0x20,
0x00,0x00,0x48,0x8b,0x0d,0xcf,0xb2,0x00,0x00,0x48,0x89,0x84,0x24,0xc0,0x16,0x00,
0x00,0x48,0x89,0x8c,0x24,0x38,0x16,0x00,0x00,0x48,0x8b,0x84,0x24,0x38,0x16,0x00,
0x00,0x48,0x8b,0x8c,0x24,0xc0,0x16,0x00,0x00,0xff,0x10,0x4c,0x8b,0x8c,0x24,0x48,
0x15,0x00,0x00,0xe9,0x00,0x00,0x00,0x00,0xe9,0x00,0x00,0x00,0x00,0xe9,0x00,0x00,
0x00,0x00,0x48,0x8b,0x05,0x5f,0xb3,0x00,0x00,0x48,0x8b,0x8c,0x24,0x10,0x17,0x00,
0x00,0x48,0x8b,0x94,0x24,0x40,0x17,0x00,0x00,0x49,0x89,0xc8,0xff,0x10,0xe9,0xfc,
0xfb,0xff,0xff,0x48,0x8d,0x84,0x24,0x70,0x20,0x00,0x00,0x48,0x89,0x84,0x24,0x30,
0x16,0x00,0x00,0x48,0x8b,0x84,0x24,0x20,0x15,0x00,0x00,0x48,0x8d,0x88,0xa0,0x00,
0x00,0x00,0x4c,0x8b,0x8c,0x24,0x48,0x15,0x00,0x00,0x49,0x8d,0x91,0xb4,0x00,0x00,
0x00,0x48,0x8b,0x98,0xa0,0x00,0x00,0x00,0x48,0x8b,0x83,0x80,0x00,0x00,0x00,0x48,
0x8b,0x1d,0x0a,0xb3,0x00,0x00,0x48,0x01,0xd8,0x48,0x8b,0x00,0x48,0x8b,0x00,0x48,
0x89,0x8c,0x24,0x28,0x16,0x00,0x00,0x48,0x89,0x94,0x24,0x20,0x16,0x00,0x00,0x48,
0x8b,0x8c,0x24,0x30,0x16,0x00,0x00,0x48,0x8b,0x94,0x24,0x28,0x16,0x00,0x00,0x4c,
0x8b,0x84,0x24,0x20,0x16,0x00,0x00,0xff,0xd0,0x48,0x83,0xbc,0x24,0x70,0x20,0x00,
0x00,0x00,0x0f,0x95,0xc0,0x3c,0x00,0x0f,0x84,0xc2,0x07,0x00,0x00,0x48,0x8b,0x84,
0x24,0x70,0x20,0x00,0x00,0x48,0x8d,0x8c,0x24,0x78,0x20,0x00,0x00,0x48,0x8d,0x10,
0x4c,0x8b,0x8c,0x24,0x48,0x15,0x00,0x00,0x49,0x8d,0x81,0xbc,0x00,0x00,0x00,0x48,
0x8b,0x1d,0xa2,0xb2,0x00,0x00,0x49,0x89,0xc0,0xff,0x13,0x48,0x83,0xbc,0x24,0x78,
0x20,0x00,0x00,0x00,0x0f,0x95,0xc0,0x3c,0x00,0x0f,0x84,0x7b,0x07,0x00,0x00,0x48,
0x8d,0x84,0x24,0x80,0x20,0x00,0x00,0x48,0x8b,0x0d,0x82,0xb2,0x00,0x00,0x48,0x89,
0x84,0x24,0x18,0x16,0x00,0x00,0x48,0x89,0x8c,0x24,0x08,0x16,0x00,0x00,0x48,0x8b,
0x84,0x24,0x08,0x16,0x00,0x00,0x48,0x8b,0x8c,0x24,0x18,0x16,0x00,0x00,0xff,0x10,
0x48,0x8b,0x84,0x24,0x78,0x20,0x00,0x00,0x48,0x8d,0x08,0x48,0x8d,0x94,0x24,0x80,
0x20,0x00,0x00,0x48,0x8b,0x00,0x48,0x8b,0x80,0x80,0x00,0x00,0x00,0x48,0x8b,0x1d,
0x44,0xb2,0x00,0x00,0x48,0x01,0xd8,0x48,0x8b,0x00,0x48,0x8b,0x00,0xff,0xd0,0x48,
0x8d,0x84,0x24,0xa8,0x20,0x00,0x00,0x48,0x8d,0x94,0x24,0x80,0x20,0x00,0x00,0x48,
0x8b,0x0d,0x2a,0xb2,0x00,0x00,0x48,0x89,0x84,0x24,0xd8,0x15,0x00,0x00,0x48,0x89,
0x8c,0x24,0x00,0x16,0x00,0x00,0x48,0x8b,0x84,0x24,0x00,0x16,0x00,0x00,0x48,0x8b,
0x8c,0x24,0xd8,0x15,0x00,0x00,0xff,0x10,0x8b,0x84,0x24,0xa8,0x20,0x00,0x00,0x3b,
0x05,0xb3,0xae,0x00,0x00,0x0f,0x9f,0xc0,0x3c,0x00,0x0f,0x84,0x94,0x06,0x00,0x00,
0x48,0x8b,0x84,0x24,0xf8,0x15,0x00,0x00,0x48,0x89,0x84,0x24,0xa8,0x20,0x00,0x00,
0x4c,0x8d,0xb4,0x24,0xa8,0x20,0x00,0x00,0x48,0x8d,0x84,0x24,0xb0,0x20,0x00,0x00,
0x48,0x89,0x84,0x24,0xf0,0x15,0x00,0x00,0x48,0x8d,0x84,0x24,0x80,0x20,0x00,0x00,
0x48,0x8b,0x0d,0xc1,0xb1,0x00,0x00,0x48,0x89,0x84,0x24,0xe8,0x15,0x00,0x00,0x48,
0x89,0x8c,0x24,0x40,0x16,0x00,0x00,0x48,0x8b,0x84,0x24,0x40,0x16,0x00,0x00,0x4c,
0x89,0xf1,0x48,0x8b,0x94,0x24,0xe8,0x15,0x00,0x00,0x48,0x89,0x8c,0x24,0x10,0x16,
0x00,0x00,0xff,0x10,0x48,0x8d,0x84,0x24,0xb8,0x20,0x00,0x00,0x48,0x8b,0x0d,0x8d,
0xb1,0x00,0x00,0x48,0x89,0x84,0x24,0x48,0x16,0x00,0x00,0x48,0x89,0x8c,0x24,0x58,
0x16,0x00,0x00,0x48,0x8b,0x84,0x24,0x58,0x16,0x00,0x00,0x48,0x8b,0x8c,0x24,0x48,
0x16,0x00,0x00,0x48,0x8b,0x94,0x24,0xe8,0x15,0x00,0x00,0xff,0x10,0x48,0x8b,0x84,
0x24,0xb8,0x20,0x00,0x00,0x48,0x39,0x84,0x24,0xa8,0x20,0x00,0x00,0x0f,0x84,0xdc,
0x05,0x00,0x00,0x48,0x8b,0x05,0x4e,0xb1,0x00,0x00,0x48,0x8b,0x8c,0x24,0xf0,0x15,
0x00,0x00,0x48,0x8b,0x94,0x24,0xe8,0x15,0x00,0x00,0x4c,0x8b,0x84,0x24,0x10,0x16,
0x00,0x00,0xff,0x10,0x48,0x8b,0x94,0x24,0x78,0x20,0x00,0x00,0x48,0x8b,0x84,0x24,
0xb0,0x20,0x00,0x00,0x48,0x8d,0x8c,0x24,0xc0,0x20,0x00,0x00,0x48,0x8d,0x1a,0x48,
0x8d,0x40,0x14,0x48,0x8b,0x12,0x48,0x8b,0x92,0x80,0x00,0x00,0x00,0x48,0x8b,0x2d,
0x0c,0xb1,0x00,0x00,0x48,0x01,0xea,0x48,0x8b,0x12,0x48,0x8b,0x12,0x48,0x89,0x84,
0x24,0xb8,0x16,0x00,0x00,0x48,0x89,0x94,0x24,0xb0,0x16,0x00,0x00,0x48,0x8b,0x84,
0x24,0xb0,0x16,0x00,0x00,0x48,0x89,0xda,0x4c,0x8b,0x84,0x24,0xb8,0x16,0x00,0x00,
0xff,0xd0,0x48,0x83,0xbc,0x24,0xc0,0x20,0x00,0x00,0x00,0x0f,0x95,0xc0,0x3c,0x00,
0x0f,0x84,0x7d,0x01,0x00,0x00,0x48,0x8b,0x84,0x24,0xb0,0x20,0x00,0x00,0x8b,0x40,
0x14,0x4c,0x8b,0x8c,0x24,0x48,0x15,0x00,0x00,0x41,0x3b,0x81,0xc0,0x00,0x00,0x00,
0x0f,0x94,0xc0,0x3c,0x00,0x0f,0x84,0x53,0x01,0x00,0x00,0x48,0x8b,0x9c,0x24,0x70,
0x20,0x00,0x00,0x48,0x8b,0x94,0x24,0x78,0x20,0x00,0x00,0x48,0x8d,0x84,0x24,0xc8,
0x20,0x00,0x00,0x48,0x8b,0x0d,0x76,0xaf,0x00,0x00,0x48,0x89,0x84,0x24,0xa8,0x16,
0x00,0x00,0x48,0x89,0x8c,0x24,0xa0,0x16,0x00,0x00,0x48,0x8b,0x84,0x24,0xa0,0x16,
0x00,0x00,0x48,0x8b,0x8c,0x24,0xa8,0x16,0x00,0x00,0x48,0x89,0x94,0x24,0x98,0x16,
0x00,0x00,0xff,0x10,0x48,0x8b,0x8c,0x24,0xf8,0x14,0x00,0x00,0x48,0x8d,0x01,0x48,
0x89,0x84,0x24,0x88,0x16,0x00,0x00,0x48,0x8b,0x84,0x24,0x88,0x00,0x00,0x00,0x48,
0x8d,0x10,0x4c,0x8b,0x8c,0x24,0x48,0x15,0x00,0x00,0x49,0x8d,0x01,0x48,0x8d,0x1b,
0x48,0x89,0x94,0x24,0x50,0x16,0x00,0x00,0x48,0x8b,0x94,0x24,0x98,0x16,0x00,0x00,
0x4c,0x8d,0x12,0x4c,0x8d,0xa4,0x24,0xc0,0x20,0x00,0x00,0x48,0x8d,0x3d,0xa6,0xac,
0x00,0x00,0x4c,0x8d,0x1d,0x9f,0xac,0x00,0x00,0x48,0x8d,0xb4,0x24,0xc8,0x20,0x00,
0x00,0x48,0x8d,0xac,0x24,0x28,0x20,0x00,0x00,0x48,0x8d,0x94,0x24,0xb2,0x1f,0x00,
0x00,0x48,0x89,0x84,0x24,0x80,0x16,0x00,0x00,0x48,0x8b,0x84,0x24,0xe0,0x14,0x00,
0x00,0x4c,0x8d,0x00,0x48,0x8b,0x05,0xdd,0xaf,0x00,0x00,0x4c,0x89,0x54,0x24,0x20,
0x4c,0x89,0x64,0x24,0x28,0x48,0x89,0x7c,0x24,0x30,0x4c,0x89,0x5c,0x24,0x38,0x48,
0x89,0x74,0x24,0x40,0x48,0x89,0x6c,0x24,0x48,0x48,0x89,0x54,0x24,0x50,0x4c,0x89,
0x44,0x24,0x58,0x48,0x8b,0x8c,0x24,0x88,0x16,0x00,0x00,0x48,0x8b,0x94,0x24,0x50,
0x16,0x00,0x00,0x4c,0x8b,0x84,0x24,0x80,0x16,0x00,0x00,0x49,0x89,0xd9,0xff,0x10,
0x48,0x8d,0x84,0x24,0xc8,0x20,0x00,0x00,0x48,0x8b,0x0d,0x69,0xae,0x00,0x00,0x48,
0x89,0x84,0x24,0x78,0x16,0x00,0x00,0x48,0x89,0x8c,0x24,0x70,0x16,0x00,0x00,0x48,
0x8b,0x84,0x24,0x70,0x16,0x00,0x00,0x48,0x8b,0x8c,0x24,0x78,0x16,0x00,0x00,0xff,
0x10,0x4c,0x8b,0x8c,0x24,0x48,0x15,0x00,0x00,0xe9,0x00,0x00,0x00,0x00,0xe9,0xab,
0x03,0x00,0x00,0x48,0x8d,0x84,0x24,0xc8,0x20,0x00,0x00,0x48,0x8d,0x94,0x24,0x28,
0x20,0x00,0x00,0x48,0x8b,0x0d,0x06,0xae,0x00,0x00,0x48,0x89,0x84,0x24,0x68,0x16,
0x00,0x00,0x48,0x89,0x8c,0x24,0x60,0x16,0x00,0x00,0x48,0x8b,0x84,0x24,0x60,0x16,
0x00,0x00,0x48,0x8b,0x8c,0x24,0x68,0x16,0x00,0x00,0xff,0x10,0x48,0x8b,0x84,0x24,
0xc8,0x20,0x00,0x00,0x48,0x8d,0x00,0x48,0x89,0x84,0x24,0xf0,0x13,0x00,0x00,0x48,
0x8b,0x84,0x24,0x88,0x00,0x00,0x00,0x48,0x8d,0x10,0x48,0x8d,0x84,0x24,0x78,0x20,
0x00,0x00,0x48,0x8b,0x0d,0xf7,0xae,0x00,0x00,0x48,0x89,0x84,0x24,0xe0,0x13,0x00,
0x00,0x48,0x89,0x8c,0x24,0xa8,0x13,0x00,0x00,0x48,0x8b,0x84,0x24,0xa8,0x13,0x00,
0x00,0x48,0x8b,0x8c,0x24,0xf0,0x13,0x00,0x00,0x4c,0x8b,0x84,0x24,0xe0,0x13,0x00,
0x00,0xff,0x10,0x4c,0x8b,0x8c,0x24,0x48,0x15,0x00,0x00,0x41,0x8b,0x41,0x6c,0x3b,
0x05,0x43,0xab,0x00,0x00,0x0f,0x94,0xc0,0x3c,0x00,0x0f,0x84,0x28,0x00,0x00,0x00,
0x48,0x8b,0x84,0x24,0xb0,0x20,0x00,0x00,0x8b,0x40,0x08,0x41,0x3b,0x41,0x60,0x0f,
0x94,0xc0,0x3c,0x00,0x0f,0x84,0x07,0x00,0x00,0x00,0xb0,0x01,0xe9,0x0e,0x00,0x00,
0x00,0xb0,0x00,0xe9,0x07,0x00,0x00,0x00,0xb0,0x00,0xe9,0x00,0x00,0x00,0x00,0x3c,
0x00,0x0f,0x84,0x28,0x00,0x00,0x00,0x48,0x8b,0x84,0x24,0xb0,0x20,0x00,0x00,0x8b,
0x40,0x10,0x41,0x3b,0x41,0x68,0x0f,0x94,0xc0,0x3c,0x00,0x0f,0x84,0x07,0x00,0x00,
0x00,0xb0,0x01,0xe9,0x0e,0x00,0x00,0x00,0xb0,0x00,0xe9,0x07,0x00,0x00,0x00,0xb0,
0x00,0xe9,0x00,0x00,0x00,0x00,0x3c,0x00,0x0f,0x84,0x12,0x00,0x00,0x00,0x8a,0x05,
0xd0,0xaa,0x00,0x00,0x88,0x84,0x24,0xb2,0x1f,0x00,0x00,0xe9,0x00,0x00,0x00,0x00,
0x48,0x8d,0x84,0x24,0xd0,0x20,0x00,0x00,0x48,0x8b,0x0d,0x29,0xae,0x00,0x00,0x48,
0x89,0x84,0x24,0xd8,0x13,0x00,0x00,0x48,0x89,0x8c,0x24,0x60,0x11,0x00,0x00,0x48,
0x8b,0x84,0x24,0x60,0x11,0x00,0x00,0x48,0x8b,0x8c,0x24,0xd8,0x13,0x00,0x00,0xff,
0x10,0x48,0x8b,0x84,0x24,0x78,0x20,0x00,0x00,0x48,0x8d,0x08,0x48,0x8d,0x94,0x24,
0xd0,0x20,0x00,0x00,0x48,0x8b,0x00,0x48,0x8b,0x80,0x80,0x00,0x00,0x00,0x48,0x8b,
0x1d,0xeb,0xad,0x00,0x00,0x48,0x01,0xd8,0x48,0x8b,0x00,0x48,0x8b,0x00,0xff,0xd0,
0x48,0x8b,0x84,0x24,0x58,0x11,0x00,0x00,0x48,0x89,0x84,0x24,0xf8,0x20,0x00,0x00,
0x4c,0x8d,0xac,0x24,0xf8,0x20,0x00,0x00,0x48,0x8d,0x84,0x24,0x00,0x21,0x00,0x00,
0x48,0x89,0x84,0x24,0x50,0x11,0x00,0x00,0x48,0x8d,0x84,0x24,0xd0,0x20,0x00,0x00,
0x48,0x8b,0x0d,0xb1,0xad,0x00,0x00,0x48,0x89,0x84,0x24,0x48,0x11,0x00,0x00,0x48,
0x89,0x8c,0x24,0x40,0x11,0x00,0x00,0x48,0x8b,0x84,0x24,0x40,0x11,0x00,0x00,0x4c,
0x89,0xe9,0x48,0x8b,0x94,0x24,0x48,0x11,0x00,0x00,0x48,0x89,0x8c,0x24,0x30,0x11,
0x00,0x00,0xff,0x10,0x48,0x8d,0x84,0x24,0x08,0x21,0x00,0x00,0x48,0x8b,0x0d,0x7d,
0xad,0x00,0x00,0x48,0x89,0x84,0x24,0x00,0x11,0x00,0x00,0x48,0x89,0x8c,0x24,0x28,
0x11,0x00,0x00,0x48,0x8b,0x84,0x24,0x28,0x11,0x00,0x00,0x48,0x8b,0x8c,0x24,0x00,
0x11,0x00,0x00,0x48,0x8b,0x94,0x24,0x48,0x11,0x00,0x00,0xff,0x10,0x48,0x8b,0x84,
0x24,0x08,0x21,0x00,0x00,0x48,0x39,0x84,0x24,0xf8,0x20,0x00,0x00,0x0f,0x84,0x32,
0x01,0x00,0x00,0x48,0x8b,0x05,0x3e,0xad,0x00,0x00,0x48,0x8b,0x8c,0x24,0x50,0x11,
0x00,0x00,0x48,0x8b,0x94,0x24,0x48,0x11,0x00,0x00,0x4c,0x8b,0x84,0x24,0x30,0x11,
0x00,0x00,0xff,0x10,0x48,0x8b,0x84,0x24,0x70,0x20,0x00,0x00,0x48,0x8b,0x9c,0x24,
0x78,0x20,0x00,0x00,0x48,0x8b,0x94,0x24,0x00,0x21,0x00,0x00,0x48,0x8b,0xac,0x24,
0x00,0x21,0x00,0x00,0x48,0x8b,0xb4,0x24,0x00,0x21,0x00,0x00,0x48,0x8b,0x8c,0x24,
0xf8,0x14,0x00,0x00,0x48,0x8d,0x39,0x48,0x89,0x84,0x24,0x20,0x11,0x00,0x00,0x48,
0x8b,0x84,0x24,0x88,0x00,0x00,0x00,0x4c,0x8d,0x00,0x4c,0x8b,0x8c,0x24,0x48,0x15,
0x00,0x00,0x49,0x8d,0x01,0x48,0x89,0x84,0x24,0x18,0x11,0x00,0x00,0x48,0x8b,0x84,
0x24,0x20,0x11,0x00,0x00,0x48,0x8d,0x00,0x48,0x8d,0x1b,0x48,0x8d,0x12,0x4c,0x8d,
0x15,0x13,0xa9,0x00,0x00,0x48,0x8d,0x6d,0x08,0x48,0x8d,0x76,0x0c,0x4c,0x8d,0x9c,
0x24,0x28,0x20,0x00,0x00,0x4c,0x8d,0xa4,0x24,0xb2,0x1f,0x00,0x00,0x48,0x89,0x84,
0x24,0x10,0x11,0x00,0x00,0x48,0x8b,0x84,0x24,0xe0,0x14,0x00,0x00,0x4c,0x8d,0x28,
0x48,0x8b,0x05,0x51,0xac,0x00,0x00,0x48,0x89,0x5c,0x24,0x20,0x48,0x89,0x54,0x24,
0x28,0x4c,0x89,0x54,0x24,0x30,0x48,0x89,0x6c,0x24,0x38,0x48,0x89,0x74,0x24,0x40,
0x4c,0x89,0x5c,0x24,0x48,0x4c,0x89,0x64,0x24,0x50,0x4c,0x89,0x6c,0x24,0x58,0x4c,
0x89,0x84,0x24,0x68,0x11,0x00,0x00,0x48,0x89,0xf9,0x48,0x8b,0x94,0x24,0x68,0x11,
0x00,0x00,0x4c,0x8b,0x84,0x24,0x18,0x11,0x00,0x00,0x4c,0x8b,0x8c,0x24,0x10,0x11,
0x00,0x00,0xff,0x10,0x48,0x8b,0x05,0x35,0xac,0x00,0x00,0x48,0x8b,0x8c,0x24,0x30,
0x11,0x00,0x00,0x48,0x8b,0x94,0x24,0x48,0x11,0x00,0x00,0x49,0x89,0xc8,0xff,0x10,
0xe9,0x7f,0xfe,0xff,0xff,0x48,0x8d,0x84,0x24,0xd0,0x20,0x00,0x00,0x48,0x8b,0x0d,
0x1c,0xac,0x00,0x00,0x48,0x89,0x84,0x24,0x38,0x11,0x00,0x00,0x48,0x89,0x8c,0x24,
0x70,0x11,0x00,0x00,0x48,0x8b,0x84,0x24,0x70,0x11,0x00,0x00,0x48,0x8b,0x8c,0x24,
0x38,0x11,0x00,0x00,0xff,0x10,0x4c,0x8b,0x8c,0x24,0x48,0x15,0x00,0x00,0x48,0x8b,
0x05,0xf3,0xab,0x00,0x00,0x48,0x8b,0x8c,0x24,0x10,0x16,0x00,0x00,0x48,0x8b,0x94,
0x24,0xe8,0x15,0x00,0x00,0x49,0x89,0xc8,0xff,0x10,0xe9,0xd5,0xf9,0xff,0xff,0xe9,
0x00,0x00,0x00,0x00,0x48,0x8d,0x84,0x24,0x80,0x20,0x00,0x00,0x48,0x8b,0x0d,0xd5,
0xab,0x00,0x00,0x48,0x89,0x84,0x24,0x80,0x11,0x00,0x00,0x48,0x89,0x8c,0x24,0xe0,
0x11,0x00,0x00,0x48,0x8b,0x84,0x24,0xe0,0x11,0x00,0x00,0x48,0x8b,0x8c,0x24,0x80,
0x11,0x00,0x00,0xff,0x10,0xe9,0x00,0x00,0x00,0x00,0xe9,0x00,0x00,0x00,0x00,0x48,
0x8d,0x84,0x24,0x78,0x20,0x00,0x00,0x48,0x89,0x84,0x24,0xd8,0x11,0x00,0x00,0x48,
0x8b,0x84,0x24,0x20,0x15,0x00,0x00,0x48,0x8d,0x88,0x58,0x01,0x00,0x00,0x4c,0x8b,
0x8c,0x24,0x48,0x15,0x00,0x00,0x49,0x8d,0x91,0xb8,0x00,0x00,0x00,0x48,0x8b,0x98,
0x58,0x01,0x00,0x00,0x48,0x8b,0x83,0x80,0x00,0x00,0x00,0x48,0x8b,0x1d,0x6e,0xab,
0x00,0x00,0x48,0x01,0xd8,0x48,0x8b,0x00,0x48,0x8b,0x00,0x48,0x89,0x8c,0x24,0xd0,
0x11,0x00,0x00,0x48,0x89,0x94,0x24,0xc8,0x11,0x00,0x00,0x48,0x8b,0x8c,0x24,0xd8,
0x11,0x00,0x00,0x48,0x8b,0x94,0x24,0xd0,0x11,0x00,0x00,0x4c,0x8b,0x84,0x24,0xc8,
0x11,0x00,0x00,0xff,0xd0,0x48,0x83,0xbc,0x24,0x78,0x20,0x00,0x00,0x00,0x0f,0x95,
0xc0,0x3c,0x00,0x0f,0x84,0x52,0x05,0x00,0x00,0x48,0x8d,0x84,0x24,0x80,0x20,0x00,
0x00,0x48,0x8b,0x0d,0x78,0xaa,0x00,0x00,0x48,0x89,0x84,0x24,0xc0,0x11,0x00,0x00,
0x48,0x89,0x8c,0x24,0xb0,0x11,0x00,0x00,0x48,0x8b,0x84,0x24,0xb0,0x11,0x00,0x00,
0x48,0x8b,0x8c,0x24,0xc0,0x11,0x00,0x00,0xff,0x10,0x48,0x8b,0x84,0x24,0x78,0x20,
0x00,0x00,0x48,0x8d,0x08,0x48,0x8d,0x94,0x24,0x80,0x20,0x00,0x00,0x48,0x8b,0x00,
0x48,0x8b,0x80,0x80,0x00,0x00,0x00,0x48,0x8b,0x1d,0xda,0xaa,0x00,0x00,0x48,0x01,
0xd8,0x48,0x8b,0x00,0x48,0x8b,0x00,0xff,0xd0,0x48,0x8d,0x84,0x24,0xa8,0x20,0x00,
0x00,0x48,0x8d,0x94,0x24,0x80,0x20,0x00,0x00,0x48,0x8b,0x0d,0x20,0xaa,0x00,0x00,
0x48,0x89,0x84,0x24,0x78,0x11,0x00,0x00,0x48,0x89,0x8c,0x24,0xa8,0x11,0x00,0x00,
0x48,0x8b,0x84,0x24,0xa8,0x11,0x00,0x00,0x48,0x8b,0x8c,0x24,0x78,0x11,0x00,0x00,
0xff,0x10,0x8b,0x84,0x24,0xa8,0x20,0x00,0x00,0x3b,0x05,0xa9,0xa6,0x00,0x00,0x0f,
0x9f,0xc0,0x3c,0x00,0x0f,0x84,0x6b,0x04,0x00,0x00,0x48,0x8b,0x84,0x24,0xa0,0x11,
0x00,0x00,0x48,0x89,0x84,0x24,0xa8,0x20,0x00,0x00,0x48,0x8d,0x84,0x24,0xa8,0x20,
0x00,0x00,0x48,0x8d,0x8c,0x24,0xb0,0x20,0x00,0x00,0x48,0x89,0x8c,0x24,0x98,0x11,
0x00,0x00,0x48,0x8d,0x8c,0x24,0x80,0x20,0x00,0x00,0x48,0x8b,0x15,0xb7,0xa9,0x00,
0x00,0x48,0x89,0x84,0x24,0x90,0x11,0x00,0x00,0x48,0x89,0x8c,0x24,0x88,0x11,0x00,
0x00,0x48,0x89,0x94,0x24,0x08,0x11,0x00,0x00,0x48,0x8b,0x84,0x24,0x08,0x11,0x00,
0x00,0x48,0x8b,0x8c,0x24,0x90,0x11,0x00,0x00,0x48,0x8b,0x94,0x24,0x88,0x11,0x00,
0x00,0xff,0x10,0x48,0x8d,0x84,0x24,0xb8,0x20,0x00,0x00,0x48,0x8b,0x0d,0x7e,0xa9,
0x00,0x00,0x48,0x89,0x84,0x24,0xf8,0x10,0x00,0x00,0x48,0x89,0x8c,0x24,0xc0,0x10,
0x00,0x00,0x48,0x8b,0x84,0x24,0xc0,0x10,0x00,0x00,0x48,0x8b,0x8c,0x24,0xf8,0x10,
0x00,0x00,0x48,0x8b,0x94,0x24,0x88,0x11,0x00,0x00,0xff,0x10,0x48,0x8b,0x84,0x24,
0xb8,0x20,0x00,0x00,0x48,0x39,0x84,0x24,0xa8,0x20,0x00,0x00,0x0f,0x84,0xae,0x03,
0x00,0x00,0x48,0x8b,0x05,0x3f,0xa9,0x00,0x00,0x48,0x8b,0x8c,0x24,0x98,0x11,0x00,
0x00,0x48,0x8b,0x94,0x24,0x88,0x11,0x00,0x00,0x4c,0x8b,0x84,0x24,0x90,0x11,0x00,
0x00,0xff,0x10,0x48,0x8d,0x84,0x24,0xc0,0x20,0x00,0x00,0x48,0x8d,0x94,0x24,0x28,
0x20,0x00,0x00,0x48,0x8b,0x0d,0xe6,0xa7,0x00,0x00,0x48,0x89,0x84,0x24,0xf0,0x10,
0x00,0x00,0x48,0x89,0x8c,0x24,0x68,0x10,0x00,0x00,0x48,0x8b,0x84,0x24,0x68,0x10,
0x00,0x00,0x48,0x8b,0x8c,0x24,0xf0,0x10,0x00,0x00,0xff,0x10,0x48,0x8b,0x9c,0x24,
0xc0,0x20,0x00,0x00,0x48,0x8b,0x05,0x65,0xa9,0x00,0x00,0x8b,0x40,0x68,0x89,0xc2,
0x2b,0x15,0x7e,0xa5,0x00,0x00,0x48,0x8b,0x05,0x5b,0xa9,0x00,0x00,0x0f,0xaf,0x10,
0x48,0x8d,0x03,0x48,0x89,0x84,0x24,0x60,0x10,0x00,0x00,0x48,0x8b,0x84,0x24,0x88,
0x00,0x00,0x00,0x48,0x8d,0x08,0x48,0x8d,0x84,0x24,0x78,0x20,0x00,0x00,0x89,0x94,
0x24,0xc8,0x20,0x00,0x00,0x48,0x8d,0x94,0x24,0xc8,0x20,0x00,0x00,0x48,0x8b,0x1d,
0x2c,0xa9,0x00,0x00,0x48,0x89,0x8c,0x24,0x58,0x10,0x00,0x00,0x48,0x89,0x94,0x24,
0x50,0x10,0x00,0x00,0x48,0x8b,0x8c,0x24,0x60,0x10,0x00,0x00,0x48,0x8b,0x94,0x24,
0x58,0x10,0x00,0x00,0x49,0x89,0xc0,0x4c,0x8b,0x8c,0x24,0x50,0x10,0x00,0x00,0xff,
0x13,0x48,0x8b,0x94,0x24,0x78,0x20,0x00,0x00,0x4c,0x8b,0x8c,0x24,0x48,0x15,0x00,
0x00,0x41,0x8b,0x41,0x64,0x3b,0x42,0x08,0x0f,0x94,0xc0,0x3c,0x00,0x0f,0x84,0x12,
0x00,0x00,0x00,0x8a,0x05,0xeb,0xa4,0x00,0x00,0x88,0x84,0x24,0xb2,0x1f,0x00,0x00,
0xe9,0x00,0x00,0x00,0x00,0x48,0x8d,0x84,0x24,0xd0,0x20,0x00,0x00,0x48,0x8b,0x0d,
0x44,0xa8,0x00,0x00,0x48,0x89,0x84,0x24,0x48,0x10,0x00,0x00,0x48,0x89,0x8c,0x24,
0x38,0x10,0x00,0x00,0x48,0x8b,0x84,0x24,0x38,0x10,0x00,0x00,0x48,0x8b,0x8c,0x24,
0x48,0x10,0x00,0x00,0xff,0x10,0x48,0x8b,0x84,0x24,0x78,0x20,0x00,0x00,0x48,0x8d,
0x08,0x48,0x8d,0x94,0x24,0xd0,0x20,0x00,0x00,0x48,0x8b,0x00,0x48,0x8b,0x80,0x80,
0x00,0x00,0x00,0x48,0x8b,0x1d,0x7e,0xa8,0x00,0x00,0x48,0x01,0xd8,0x48,0x8b,0x00,
0x48,0x8b,0x00,0xff,0xd0,0x48,0x8b,0x84,0x24,0x08,0x10,0x00,0x00,0x48,0x89,0x84,
0x24,0xf8,0x20,0x00,0x00,0x4c,0x8d,0xbc,0x24,0xf8,0x20,0x00,0x00,0x48,0x8d,0x84,
0x24,0x00,0x21,0x00,0x00,0x48,0x89,0x84,0x24,0x30,0x10,0x00,0x00,0x48,0x8d,0x84,
0x24,0xd0,0x20,0x00,0x00,0x48,0x8b,0x0d,0xcc,0xa7,0x00,0x00,0x48,0x89,0x84,0x24,
0x28,0x10,0x00,0x00,0x48,0x89,0x8c,0x24,0x20,0x10,0x00,0x00,0x48,0x8b,0x84,0x24,
0x20,0x10,0x00,0x00,0x4c,0x89,0xf9,0x48,0x8b,0x94,0x24,0x28,0x10,0x00,0x00,0x48,
0x89,0x8c,0x24,0x18,0x10,0x00,0x00,0xff,0x10,0x48,0x8d,0x84,0x24,0x08,0x21,0x00,
0x00,0x48,0x8b,0x0d,0x98,0xa7,0x00,0x00,0x48,0x89,0x84,0x24,0x70,0x10,0x00,0x00,
0x48,0x89,0x8c,0x24,0x40,0x10,0x00,0x00,0x48,0x8b,0x84,0x24,0x40,0x10,0x00,0x00,
0x48,0x8b,0x8c,0x24,0x70,0x10,0x00,0x00,0x48,0x8b,0x94,0x24,0x28,0x10,0x00,0x00,
0xff,0x10,0x48,0x8b,0x84,0x24,0x08,0x21,0x00,0x00,0x48,0x39,0x84,0x24,0xf8,0x20,
0x00,0x00,0x0f,0x84,0x36,0x01,0x00,0x00,0x48,0x8b,0x05,0x59,0xa7,0x00,0x00,0x48,
0x8b,0x8c,0x24,0x30,0x10,0x00,0x00,0x48,0x8b,0x94,0x24,0x28,0x10,0x00,0x00,0x4c,
0x8b,0x84,0x24,0x18,0x10,0x00,0x00,0xff,0x10,0x48,0x8b,0x84,0x24,0x78,0x20,0x00,
0x00,0x48,0x8b,0x94,0x24,0x00,0x21,0x00,0x00,0x48,0x8b,0x9c,0x24,0x00,0x21,0x00,
0x00,0x48,0x8b,0xac,0x24,0x00,0x21,0x00,0x00,0x48,0x8b,0x8c,0x24,0xf8,0x14,0x00,
0x00,0x48,0x8d,0x31,0x48,0x89,0x84,0x24,0x78,0x10,0x00,0x00,0x48,0x8b,0x84,0x24,
0x88,0x00,0x00,0x00,0x48,0x8d,0x38,0x4c,0x8b,0x8c,0x24,0x48,0x15,0x00,0x00,0x49,
0x8d,0x01,0x48,0x89,0x84,0x24,0x88,0x10,0x00,0x00,0x48,0x8b,0x84,0x24,0x78,0x10,
0x00,0x00,0x48,0x8d,0x00,0x4c,0x8d,0x1a,0x4c,0x8d,0x25,0x39,0xa3,0x00,0x00,0x4c,
0x8d,0x35,0x42,0xa3,0x00,0x00,0x4c,0x8d,0x6b,0x08,0x48,0x8d,0x5d,0x0c,0x49,0x8d,
0x69,0x6c,0x48,0x8d,0x15,0x3f,0xa3,0x00,0x00,0x4c,0x8d,0x84,0x24,0x28,0x20,0x00,
0x00,0x4c,0x8d,0x94,0x24,0xb2,0x1f,0x00,0x00,0x48,0x89,0x84,0x24,0xe8,0x10,0x00,
0x00,0x48,0x8b,0x84,0x24,0xe0,0x14,0x00,0x00,0x4c,0x8d,0x38,0x48,0x8b,0x05,0x8d,
0xa5,0x00,0x00,0x4c,0x89,0x5c,0x24,0x20,0x4c,0x89,0x64,0x24,0x28,0x4c,0x89,0x74,
0x24,0x30,0x4c,0x89,0x6c,0x24,0x38,0x48,0x89,0x5c,0x24,0x40,0x48,0x89,0x6c,0x24,
0x48,0x48,0x89,0x54,0x24,0x50,0x4c,0x89,0x44,0x24,0x58,0x4c,0x89,0x54,0x24,0x60,
0x4c,0x89,0x7c,0x24,0x68,0x48,0x89,0xf1,0x48,0x89,0xfa,0x4c,0x8b,0x84,0x24,0x88,
0x10,0x00,0x00,0x4c,0x8b,0x8c,0x24,0xe8,0x10,0x00,0x00,0xff,0x10,0x48,0x8b,0x05,
0x4c,0xa6,0x00,0x00,0x48,0x8b,0x8c,0x24,0x18,0x10,0x00,0x00,0x48,0x8b,0x94,0x24,
0x28,0x10,0x00,0x00,0x49,0x89,0xc8,0xff,0x10,0xe9,0x7b,0xfe,0xff,0xff,0x48,0x8d,
0x84,0x24,0xd0,0x20,0x00,0x00,0x48,0x8b,0x0d,0x33,0xa6,0x00,0x00,0x48,0x89,0x84,
0x24,0xe0,0x10,0x00,0x00,0x48,0x89,0x8c,0x24,0xd8,0x10,0x00,0x00,0x48,0x8b,0x84,
0x24,0xd8,0x10,0x00,0x00,0x48,0x8b,0x8c,0x24,0xe0,0x10,0x00,0x00,0xff,0x10,0x48,
0x8b,0x05,0x12,0xa6,0x00,0x00,0x48,0x8b,0x8c,0x24,0x90,0x11,0x00,0x00,0x48,0x8b,
0x94,0x24,0x88,0x11,0x00,0x00,0x49,0x89,0xc8,0xff,0x10,0xe9,0x03,0xfc,0xff,0xff,
0xe9,0x00,0x00,0x00,0x00,0x48,0x8d,0x84,0x24,0x80,0x20,0x00,0x00,0x48,0x8b,0x0d,
0xf4,0xa5,0x00,0x00,0x48,0x89,0x84,0x24,0xd0,0x10,0x00,0x00,0x48,0x89,0x8c,0x24,
0xc8,0x10,0x00,0x00,0x48,0x8b,0x84,0x24,0xc8,0x10,0x00,0x00,0x48,0x8b,0x8c,0x24,
0xd0,0x10,0x00,0x00,0xff,0x10,0xe9,0x00,0x00,0x00,0x00,0x48,0x8b,0x84,0x24,0xe0,
0x14,0x00,0x00,0x48,0x83,0x38,0x00,0x0f,0x94,0xc0,0x3c,0x00,0x0f,0x84,0x3a,0x00,
0x00,0x00,0x4c,0x8b,0x8c,0x24,0x48,0x15,0x00,0x00,0x49,0x8d,0x41,0x3c,0x48,0x8b,
0x0d,0xdb,0xa5,0x00,0x00,0x48,0x89,0x84,0x24,0xb8,0x10,0x00,0x00,0x48,0x89,0x8c,
0x24,0x80,0x10,0x00,0x00,0x48,0x8b,0x84,0x24,0x80,0x10,0x00,0x00,0x48,0x8b,0x8c,
0x24,0xb8,0x10,0x00,0x00,0xff,0x10,0xe9,0x28,0x06,0x00,0x00,0x48,0x8b,0x84,0x24,
0xe0,0x14,0x00,0x00,0x48,0x8b,0x08,0x48,0x83,0x79,0x28,0x00,0x0f,0x95,0xc0,0x3c,
0x00,0x0f,0x84,0xc8,0x03,0x00,0x00,0x48,0x8b,0x84,0x24,0xe0,0x14,0x00,0x00,0x48,
0x8b,0x08,0x48,0x8b,0x59,0x28,0x48,0x8b,0x08,0x48,0x8b,0x51,0x28,0x8b,0x83,0x70,
0x01,0x00,0x00,0x3b,0x82,0x74,0x01,0x00,0x00,0x0f,0x95,0xc0,0x3c,0x00,0x0f,0x84,
0x96,0x03,0x00,0x00,0x48,0x8b,0x84,0x24,0x88,0x00,0x00,0x00,0x80,0xb8,0xc8,0x00,
0x00,0x00,0x00,0x0f,0x85,0x97,0x00,0x00,0x00,0x48,0x8b,0x84,0x24,0x88,0x00,0x00,
0x00,0x8a,0x88,0xc8,0x00,0x00,0x00,0x3a,0x0d,0x3b,0xa1,0x00,0x00,0x0f,0x94,0xc0,
0x3c,0x00,0x0f,0x84,0x21,0x00,0x00,0x00,0x4c,0x8b,0x8c,0x24,0x48,0x15,0x00,0x00,
0x41,0x80,0x79,0x44,0x00,0x0f,0x84,0x07,0x00,0x00,0x00,0xb0,0x01,0xe9,0x16,0x00,
0x00,0x00,0xb0,0x00,0xe9,0x0f,0x00,0x00,0x00,0xb0,0x00,0x4c,0x8b,0x8c,0x24,0x48,
0x15,0x00,0x00,0xe9,0x00,0x00,0x00,0x00,0x3c,0x00,0x0f,0x84,0x23,0x00,0x00,0x00,
0x41,0x8b,0x41,0x3c,0x3b,0x05,0xfa,0xa0,0x00,0x00,0x0f,0x94,0xc0,0x3c,0x00,0x0f,
0x84,0x07,0x00,0x00,0x00,0xb0,0x01,0xe9,0x0e,0x00,0x00,0x00,0xb0,0x00,0xe9,0x07,
0x00,0x00,0x00,0xb0,0x00,0xe9,0x00,0x00,0x00,0x00,0x3c,0x00,0x0f,0x85,0x07,0x00,
0x00,0x00,0xb0,0x00,0xe9,0x16,0x00,0x00,0x00,0xb0,0x01,0xe9,0x0f,0x00,0x00,0x00,
0xb0,0x01,0x4c,0x8b,0x8c,0x24,0x48,0x15,0x00,0x00,0xe9,0x00,0x00,0x00,0x00,0x3c,
0x00,0x0f,0x84,0xaa,0x00,0x00,0x00,0x48,0x8d,0x84,0x24,0x80,0x20,0x00,0x00,0x48,
0x89,0x84,0x24,0xf8,0x1d,0x00,0x00,0x48,0x8b,0x84,0x24,0x08,0x15,0x00,0x00,0x48,
0x8d,0x10,0x48,0x8b,0x05,0x8f,0xa4,0x00,0x00,0x48,0x8b,0x8c,0x24,0xf8,0x1d,0x00,
0x00,0xff,0x10,0x48,0x8b,0x94,0x24,0x80,0x20,0x00,0x00,0x48,0x8d,0x02,0x48,0x8b,
0x0d,0x7b,0xa4,0x00,0x00,0x48,0x89,0x84,0x24,0xf0,0x1d,0x00,0x00,0x48,0x89,0x8c,
0x24,0xe8,0x1d,0x00,0x00,0x48,0x8b,0x84,0x24,0xe8,0x1d,0x00,0x00,0x48,0x8b,0x8c,
0x24,0xf0,0x1d,0x00,0x00,0x48,0x89,0x94,0x24,0xe0,0x1d,0x00,0x00,0xff,0x10,0x48,
0x8b,0x94,0x24,0xe0,0x1d,0x00,0x00,0x48,0x8d,0x02,0x48,0x8d,0x15,0x4b,0xa0,0x00,
0x00,0x48,0x8d,0x0d,0x48,0xa0,0x00,0x00,0x48,0x8b,0x1d,0x39,0xa4,0x00,0x00,0x48,
0x89,0x8c,0x24,0xd8,0x1d,0x00,0x00,0x48,0x89,0xc1,0x4c,0x8b,0x84,0x24,0xd8,0x1d,
0x00,0x00,0xff,0x13,0x4c,0x8b,0x8c,0x24,0x48,0x15,0x00,0x00,0xe9,0x00,0x00,0x00,
0x00,0x48,0x8b,0x84,0x24,0x88,0x00,0x00,0x00,0x8a,0x88,0x21,0x08,0x00,0x00,0x80,
0xf9,0x00,0x0f,0x84,0x0d,0x02,0x00,0x00,0x41,0x8b,0x81,0xa8,0x00,0x00,0x00,0x89,
0x84,0x24,0x80,0x20,0x00,0x00,0x41,0x8b,0x81,0xa8,0x00,0x00,0x00,0x03,0x05,0xd1,
0x9f,0x00,0x00,0x31,0xd2,0x99,0xf7,0x3d,0xcc,0x9f,0x00,0x00,0x41,0x89,0x91,0xa8,
0x00,0x00,0x00,0x8b,0x84,0x24,0x80,0x20,0x00,0x00,0x41,0x2b,0x81,0xa8,0x00,0x00,
0x00,0x89,0x84,0x24,0x84,0x20,0x00,0x00,0x48,0x8d,0x84,0x24,0x88,0x20,0x00,0x00,
0x48,0x8b,0x0d,0xe9,0xa1,0x00,0x00,0x48,0x89,0x84,0x24,0xc8,0x1d,0x00,0x00,0x48,
0x89,0x8c,0x24,0x98,0x1d,0x00,0x00,0x48,0x8b,0x84,0x24,0x98,0x1d,0x00,0x00,0x48,
0x8b,0x8c,0x24,0xc8,0x1d,0x00,0x00,0xff,0x10,0x48,0x8d,0x84,0x24,0x88,0x20,0x00,
0x00,0x4c,0x8b,0x8c,0x24,0x48,0x15,0x00,0x00,0x49,0x8d,0x91,0xa0,0x00,0x00,0x00,
0x48,0x8d,0x8c,0x24,0x84,0x20,0x00,0x00,0x48,0x8b,0x1d,0x71,0xa3,0x00,0x00,0x48,
0x89,0x8c,0x24,0xc0,0x1d,0x00,0x00,0x48,0x89,0xc1,0x4c,0x8b,0x84,0x24,0xc0,0x1d,
0x00,0x00,0xff,0x13,0x48,0x8d,0x84,0x24,0x90,0x20,0x00,0x00,0x48,0x8d,0x94,0x24,
0x88,0x20,0x00,0x00,0x48,0x8b,0x0d,0x4d,0xa3,0x00,0x00,0x48,0x89,0x84,0x24,0xb8,
0x1d,0x00,0x00,0x48,0x89,0x8c,0x24,0xb0,0x1d,0x00,0x00,0x48,0x8b,0x84,0x24,0xb0,
0x1d,0x00,0x00,0x48,0x8b,0x8c,0x24,0xb8,0x1d,0x00,0x00,0xff,0x10,0x8b,0xac,0x24,
0x90,0x20,0x00,0x00,0x0f,0xaf,0x2d,0x0d,0x9f,0x00,0x00,0x48,0x8d,0x84,0x24,0x94,
0x20,0x00,0x00,0x48,0x8d,0x94,0x24,0x8c,0x20,0x00,0x00,0x48,0x8b,0x0d,0x06,0xa3,
0x00,0x00,0x48,0x89,0x84,0x24,0xa8,0x1d,0x00,0x00,0x48,0x89,0x8c,0x24,0x00,0x1e,
0x00,0x00,0x48,0x8b,0x84,0x24,0x00,0x1e,0x00,0x00,0x48,0x8b,0x8c,0x24,0xa8,0x1d,
0x00,0x00,0xff,0x10,0x8b,0x9c,0x24,0x94,0x20,0x00,0x00,0x0f,0xaf,0x1d,0xc6,0x9e,
0x00,0x00,0x4c,0x8b,0x8c,0x24,0x48,0x15,0x00,0x00,0x49,0x8d,0x81,0xa0,0x00,0x00,
0x00,0x48,0x8b,0x0d,0xe0,0xa0,0x00,0x00,0x48,0x89,0x84,0x24,0xd0,0x1d,0x00,0x00,
0x48,0x89,0x8c,0x24,0x08,0x1e,0x00,0x00,0x48,0x8b,0x84,0x24,0x08,0x1e,0x00,0x00,
0x48,0x8b,0x8c,0x24,0xd0,0x1d,0x00,0x00,0xff,0x10,0x4c,0x8b,0x8c,0x24,0x48,0x15,
0x00,0x00,0x49,0x8d,0x81,0xa0,0x00,0x00,0x00,0x89,0xac,0x24,0x98,0x20,0x00,0x00,
0x48,0x8d,0x94,0x24,0x98,0x20,0x00,0x00,0x89,0x9c,0x24,0x9c,0x20,0x00,0x00,0x48,
0x8d,0x8c,0x24,0x9c,0x20,0x00,0x00,0x48,0x8b,0x1d,0x72,0xa2,0x00,0x00,0x48,0x89,
0x8c,0x24,0x18,0x1e,0x00,0x00,0x48,0x89,0xc1,0x4c,0x8b,0x84,0x24,0x18,0x1e,0x00,
0x00,0xff,0x13,0x8a,0x05,0x1f,0x9e,0x00,0x00,0x48,0x8b,0x8c,0x24,0x88,0x00,0x00,
0x00,0x88,0x81,0x21,0x08,0x00,0x00,0x48,0x8d,0x84,0x24,0x88,0x20,0x00,0x00,0x48,
0x8b,0x0d,0x52,0xa0,0x00,0x00,0x48,0x89,0x84,0x24,0x78,0x1e,0x00,0x00,0x48,0x89,
0x8c,0x24,0x70,0x1e,0x00,0x00,0x48,0x8b,0x84,0x24,0x70,0x1e,0x00,0x00,0x48,0x8b,
0x8c,0x24,0x78,0x1e,0x00,0x00,0xff,0x10,0x4c,0x8b,0x8c,0x24,0x48,0x15,0x00,0x00,
0xe9,0x00,0x00,0x00,0x00,0xe9,0x00,0x00,0x00,0x00,0xe9,0x00,0x00,0x00,0x00,0x48,
0x8d,0x84,0x24,0x80,0x20,0x00,0x00,0x48,0x89,0x84,0x24,0x68,0x1e,0x00,0x00,0x48,
0x8b,0x84,0x24,0x08,0x15,0x00,0x00,0x48,0x8d,0x10,0x48,0x8b,0x05,0xb7,0xa1,0x00,
0x00,0x48,0x8b,0x8c,0x24,0x68,0x1e,0x00,0x00,0xff,0x10,0x48,0x8b,0x94,0x24,0x80,
0x20,0x00,0x00,0x48,0x8d,0x02,0x48,0x8b,0x0d,0xa3,0xa1,0x00,0x00,0x48,0x89,0x84,
0x24,0x60,0x1e,0x00,0x00,0x48,0x89,0x8c,0x24,0x58,0x1e,0x00,0x00,0x48,0x8b,0x84,
0x24,0x58,0x1e,0x00,0x00,0x48,0x8b,0x8c,0x24,0x60,0x1e,0x00,0x00,0x48,0x89,0x94,
0x24,0x48,0x1e,0x00,0x00,0xff,0x10,0x48,0x8b,0x94,0x24,0x48,0x1e,0x00,0x00,0x48,
0x8d,0x02,0x48,0x8d,0x15,0x7b,0x9d,0x00,0x00,0x48,0x8d,0x0d,0x78,0x9d,0x00,0x00,
0x48,0x8b,0x1d,0x61,0xa1,0x00,0x00,0x48,0x89,0x8c,0x24,0x10,0x1e,0x00,0x00,0x48,
0x89,0xc1,0x4c,0x8b,0x84,0x24,0x10,0x1e,0x00,0x00,0xff,0x13,0x48,0x8b,0x84,0x24,
0x88,0x00,0x00,0x00,0x8a,0x48,0x51,0x80,0xf9,0x00,0x0f,0x84,0x94,0x01,0x00,0x00,
0x48,0x8b,0x84,0x24,0xe0,0x14,0x00,0x00,0x48,0x8b,0x08,0x48,0x8d,0x84,0x24,0x80,
0x20,0x00,0x00,0x48,0x8d,0x51,0x08,0x48,0x8b,0x49,0x08,0x48,0x8b,0x89,0x80,0x00,
0x00,0x00,0x48,0x8b,0x1d,0x37,0x9f,0x00,0x00,0x48,0x01,0xd9,0x48,0x8b,0x09,0x48,
0x8b,0x09,0x48,0x89,0x84,0x24,0x40,0x1e,0x00,0x00,0x48,0x89,0x8c,0x24,0x38,0x1e,
0x00,0x00,0x48,0x8b,0x84,0x24,0x38,0x1e,0x00,0x00,0x48,0x8b,0x8c,0x24,0x40,0x1e,
0x00,0x00,0xff,0xd0,0x48,0x8b,0x94,0x24,0x80,0x20,0x00,0x00,0x48,0x8d,0x84,0x24,
0x88,0x20,0x00,0x00,0x48,0x8b,0x0d,0xed,0xa0,0x00,0x00,0x48,0x89,0x84,0x24,0x30,
0x1e,0x00,0x00,0x48,0x89,0x8c,0x24,0x28,0x1e,0x00,0x00,0x48,0x8b,0x84,0x24,0x28,
0x1e,0x00,0x00,0x48,0x8b,0x8c,0x24,0x30,0x1e,0x00,0x00,0x48,0x89,0x94,0x24,0x20,
0x1e,0x00,0x00,0xff,0x10,0x48,0x8b,0x84,0x24,0x38,0x15,0x00,0x00,0x48,0x8d,0x08,
0x4c,0x8b,0x84,0x24,0xf0,0x14,0x00,0x00,0x49,0x8d,0x10,0x48,0x89,0x94,0x24,0xb8,
0x1b,0x00,0x00,0x48,0x8b,0x94,0x24,0x20,0x1e,0x00,0x00,0x48,0x8d,0x12,0x48,0x8d,
0x1d,0x5f,0x9c,0x00,0x00,0x48,0x8d,0xac,0x24,0x88,0x20,0x00,0x00,0x48,0x8b,0x30,
0x48,0x8b,0x86,0x80,0x00,0x00,0x00,0x48,0x8b,0x35,0x82,0xa0,0x00,0x00,0x48,0x01,
0xf0,0x48,0x8b,0x00,0x48,0x8b,0x00,0x48,0x89,0x6c,0x24,0x20,0x48,0x89,0x94,0x24,
0xa8,0x1b,0x00,0x00,0x48,0x8b,0x94,0x24,0xb8,0x1b,0x00,0x00,0x4c,0x8b,0x84,0x24,
0xa8,0x1b,0x00,0x00,0x49,0x89,0xd9,0xff,0xd0,0x48,0x8d,0x84,0x24,0x88,0x20,0x00,
0x00,0x48,0x8b,0x0d,0x50,0xa0,0x00,0x00,0x48,0x89,0x84,0x24,0x70,0x1b,0x00,0x00,
0x48,0x89,0x8c,0x24,0xa0,0x1b,0x00,0x00,0x48,0x8b,0x84,0x24,0xa0,0x1b,0x00,0x00,
0x48,0x8b,0x8c,0x24,0x70,0x1b,0x00,0x00,0xff,0x10,0x48,0x8b,0x84,0x24,0xe0,0x14,
0x00,0x00,0x48,0xc7,0x00,0x00,0x00,0x00,0x00,0x4c,0x8b,0x8c,0x24,0x48,0x15,0x00,
0x00,0x49,0x8d,0x41,0x3c,0x48,0x8b,0x0d,0xc4,0x9f,0x00,0x00,0x48,0x89,0x84,0x24,
0x28,0x19,0x00,0x00,0x48,0x89,0x8c,0x24,0x20,0x19,0x00,0x00,0x48,0x8b,0x84,0x24,
0x20,0x19,0x00,0x00,0x48,0x8b,0x8c,0x24,0x28,0x19,0x00,0x00,0xff,0x10,0x8a,0x05,
0x94,0x9b,0x00,0x00,0x48,0x8b,0x8c,0x24,0x88,0x00,0x00,0x00,0x88,0x41,0x51,0xe9,
0x00,0x00,0x00,0x00,0x4c,0x8b,0x8c,0x24,0x48,0x15,0x00,0x00,0x41,0x8b,0x41,0x3c,
0x3b,0x05,0x7e,0x9b,0x00,0x00,0x0f,0x94,0xc0,0x3c,0x00,0x0f,0x84,0xa7,0x07,0x00,
0x00,0x41,0x8b,0x41,0x40,0x3b,0x05,0x5d,0x9b,0x00,0x00,0x0f,0x94,0xc0,0x3c,0x00,
0x0f,0x84,0x26,0x00,0x00,0x00,0x8a,0x84,0x24,0xb0,0x1f,0x00,0x00,0x3a,0x05,0x45,
0x9b,0x00,0x00,0x0f,0x94,0xc0,0x3c,0x00,0x0f,0x84,0x07,0x00,0x00,0x00,0xb0,0x01,
0xe9,0x0e,0x00,0x00,0x00,0xb0,0x00,0xe9,0x07,0x00,0x00,0x00,0xb0,0x00,0xe9,0x00,
0x00,0x00,0x00,0x3c,0x00,0x0f,0x84,0xb7,0x01,0x00,0x00,0x48,0x8d,0x84,0x24,0x80,
0x20,0x00,0x00,0x48,0x8d,0x94,0x24,0xd8,0x1f,0x00,0x00,0x48,0x8b,0x0d,0x5e,0x9f,
0x00,0x00,0x48,0x89,0x84,0x24,0xb0,0x10,0x00,0x00,0x48,0x89,0x8c,0x24,0xa8,0x10,
0x00,0x00,0x48,0x8b,0x84,0x24,0xa8,0x10,0x00,0x00,0x48,0x8b,0x8c,0x24,0xb0,0x10,
0x00,0x00,0xff,0x10,0x8b,0x84,0x24,0x80,0x20,0x00,0x00,0x3b,0x05,0xd7,0x9a,0x00,
0x00,0x0f,0x9f,0xc0,0x3c,0x00,0x0f,0x84,0x6b,0x00,0x00,0x00,0x8a,0x05,0xc6,0x9a,
0x00,0x00,0x4c,0x8b,0x8c,0x24,0x48,0x15,0x00,0x00,0x41,0x88,0x41,0x44,0x48,0x8d,
0x84,0x24,0x80,0x20,0x00,0x00,0x48,0x8d,0x94,0x24,0xd8,0x1f,0x00,0x00,0x48,0x8d,
0x0d,0xa3,0x9a,0x00,0x00,0x48,0x8b,0x1d,0xfc,0x9e,0x00,0x00,0x48,0x89,0x8c,0x24,
0xa0,0x10,0x00,0x00,0x48,0x89,0xc1,0x4c,0x8b,0x84,0x24,0xa0,0x10,0x00,0x00,0xff,
0x13,0x48,0x8b,0x84,0x24,0x80,0x20,0x00,0x00,0x8b,0x40,0x10,0x4c,0x8b,0x8c,0x24,
0x48,0x15,0x00,0x00,0x41,0x89,0x41,0x50,0x8b,0x05,0x6a,0x9a,0x00,0x00,0x41,0x89,
0x41,0x78,0xe9,0xf6,0x00,0x00,0x00,0x48,0x8d,0x84,0x24,0x80,0x20,0x00,0x00,0x48,
0x8d,0x94,0x24,0x00,0x20,0x00,0x00,0x48,0x8b,0x0d,0xa2,0x9e,0x00,0x00,0x48,0x89,
0x84,0x24,0x18,0x19,0x00,0x00,0x48,0x89,0x8c,0x24,0x10,0x19,0x00,0x00,0x48,0x8b,
0x84,0x24,0x10,0x19,0x00,0x00,0x48,0x8b,0x8c,0x24,0x18,0x19,0x00,0x00,0xff,0x10,
0x8b,0x84,0x24,0x80,0x20,0x00,0x00,0x3b,0x05,0x1b,0x9a,0x00,0x00,0x0f,0x9f,0xc0,
0x3c,0x00,0x0f,0x84,0x17,0x00,0x00,0x00,0x8b,0x05,0x16,0x9a,0x00,0x00,0x4c,0x8b,
0x8c,0x24,0x48,0x15,0x00,0x00,0x41,0x89,0x41,0x40,0xe9,0x7a,0x00,0x00,0x00,0x48,
0x8d,0x84,0x24,0x80,0x20,0x00,0x00,0x48,0x8d,0x94,0x24,0x28,0x20,0x00,0x00,0x48,
0x8b,0x0d,0x3a,0x9e,0x00,0x00,0x48,0x89,0x84,0x24,0x08,0x19,0x00,0x00,0x48,0x89,
0x8c,0x24,0xf8,0x18,0x00,0x00,0x48,0x8b,0x84,0x24,0xf8,0x18,0x00,0x00,0x48,0x8b,
0x8c,0x24,0x08,0x19,0x00,0x00,0xff,0x10,0x8b,0x84,0x24,0x80,0x20,0x00,0x00,0x3b,
0x05,0xb3,0x99,0x00,0x00,0x0f,0x9f,0xc0,0x3c,0x00,0x0f,0x84,0x17,0x00,0x00,0x00,
0x8b,0x05,0xb2,0x99,0x00,0x00,0x4c,0x8b,0x8c,0x24,0x48,0x15,0x00,0x00,0x41,0x89,
0x41,0x40,0xe9,0x12,0x00,0x00,0x00,0x8b,0x05,0x8b,0x99,0x00,0x00,0x4c,0x8b,0x8c,
0x24,0x48,0x15,0x00,0x00,0x41,0x89,0x41,0x3c,0x8a,0x05,0x79,0x99,0x00,0x00,0x41,
0x88,0x41,0x44,0x8b,0x05,0x6f,0x99,0x00,0x00,0x41,0x89,0x41,0x50,0xe9,0x00,0x00,
0x00,0x00,0x41,0x8b,0x41,0x40,0x3b,0x05,0x68,0x99,0x00,0x00,0x0f,0x94,0xc0,0x3c,
0x00,0x0f,0x84,0x26,0x00,0x00,0x00,0x8a,0x84,0x24,0xb1,0x1f,0x00,0x00,0x3a,0x05,
0x44,0x99,0x00,0x00,0x0f,0x94,0xc0,0x3c,0x00,0x0f,0x84,0x07,0x00,0x00,0x00,0xb0,
0x01,0xe9,0x0e,0x00,0x00,0x00,0xb0,0x00,0xe9,0x07,0x00,0x00,0x00,0xb0,0x00,0xe9,
0x00,0x00,0x00,0x00,0x3c,0x00,0x0f,0x84,0xb7,0x01,0x00,0x00,0x48,0x8d,0x84,0x24,
0x80,0x20,0x00,0x00,0x48,0x8d,0x94,0x24,0x00,0x20,0x00,0x00,0x48,0x8b,0x0d,0x5d,
0x9d,0x00,0x00,0x48,0x89,0x84,0x24,0x98,0x10,0x00,0x00,0x48,0x89,0x8c,0x24,0x90,
0x10,0x00,0x00,0x48,0x8b,0x84,0x24,0x90,0x10,0x00,0x00,0x48,0x8b,0x8c,0x24,0x98,
0x10,0x00,0x00,0xff,0x10,0x8b,0x84,0x24,0x80,0x20,0x00,0x00,0x3b,0x05,0xd6,0x98,
0x00,0x00,0x0f,0x9f,0xc0,0x3c,0x00,0x0f,0x84,0x6b,0x00,0x00,0x00,0x8a,0x05,0xc5,
0x98,0x00,0x00,0x4c,0x8b,0x8c,0x24,0x48,0x15,0x00,0x00,0x41,0x88,0x41,0x44,0x48,
0x8d,0x84,0x24,0x80,0x20,0x00,0x00,0x48,0x8d,0x94,0x24,0x00,0x20,0x00,0x00,0x48,
0x8d,0x0d,0xa2,0x98,0x00,0x00,0x48,0x8b,0x1d,0xfb,0x9c,0x00,0x00,0x48,0x89,0x8c,
0x24,0xe8,0x11,0x00,0x00,0x48,0x89,0xc1,0x4c,0x8b,0x84,0x24,0xe8,0x11,0x00,0x00,
0xff,0x13,0x48,0x8b,0x84,0x24,0x80,0x20,0x00,0x00,0x8b,0x40,0x10,0x4c,0x8b,0x8c,
0x24,0x48,0x15,0x00,0x00,0x41,0x89,0x41,0x54,0x8b,0x05,0x69,0x98,0x00,0x00,0x41,
0x89,0x41,0x7c,0xe9,0xf6,0x00,0x00,0x00,0x48,0x8d,0x84,0x24,0x80,0x20,0x00,0x00,
0x48,0x8d,0x94,0x24,0xd8,0x1f,0x00,0x00,0x48,0x8b,0x0d,0xa1,0x9c,0x00,0x00,0x48,
0x89,0x84,0x24,0xc8,0x18,0x00,0x00,0x48,0x89,0x8c,0x24,0xf0,0x18,0x00,0x00,0x48,
0x8b,0x84,0x24,0xf0,0x18,0x00,0x00,0x48,0x8b,0x8c,0x24,0xc8,0x18,0x00,0x00,0xff,
0x10,0x8b,0x84,0x24,0x80,0x20,0x00,0x00,0x3b,0x05,0x1a,0x98,0x00,0x00,0x0f,0x9f,
0xc0,0x3c,0x00,0x0f,0x84,0x17,0x00,0x00,0x00,0x8b,0x05,0x09,0x98,0x00,0x00,0x4c,
0x8b,0x8c,0x24,0x48,0x15,0x00,0x00,0x41,0x89,0x41,0x40,0xe9,0x7a,0x00,0x00,0x00,
0x48,0x8d,0x84,0x24,0x80,0x20,0x00,0x00,0x48,0x8d,0x94,0x24,0x28,0x20,0x00,0x00,
0x48,0x8b,0x0d,0x39,0x9c,0x00,0x00,0x48,0x89,0x84,0x24,0xe8,0x18,0x00,0x00,0x48,
0x89,0x8c,0x24,0xe0,0x18,0x00,0x00,0x48,0x8b,0x84,0x24,0xe0,0x18,0x00,0x00,0x48,
0x8b,0x8c,0x24,0xe8,0x18,0x00,0x00,0xff,0x10,0x8b,0x84,0x24,0x80,0x20,0x00,0x00,
0x3b,0x05,0xb2,0x97,0x00,0x00,0x0f,0x9f,0xc0,0x3c,0x00,0x0f,0x84,0x17,0x00,0x00,
0x00,0x8b,0x05,0xb1,0x97,0x00,0x00,0x4c,0x8b,0x8c,0x24,0x48,0x15,0x00,0x00,0x41,
0x89,0x41,0x40,0xe9,0x12,0x00,0x00,0x00,0x8b,0x05,0x8a,0x97,0x00,0x00,0x4c,0x8b,
0x8c,0x24,0x48,0x15,0x00,0x00,0x41,0x89,0x41,0x3c,0x8a,0x05,0x78,0x97,0x00,0x00,
0x41,0x88,0x41,0x44,0x8b,0x05,0x6e,0x97,0x00,0x00,0x41,0x89,0x41,0x54,0xe9,0x00,
0x00,0x00,0x00,0x41,0x8b,0x41,0x40,0x3b,0x05,0x6b,0x97,0x00,0x00,0x0f,0x94,0xc0,
0x3c,0x00,0x0f,0x84,0x26,0x00,0x00,0x00,0x8a,0x84,0x24,0xb2,0x1f,0x00,0x00,0x3a,
0x05,0x43,0x97,0x00,0x00,0x0f,0x94,0xc0,0x3c,0x00,0x0f,0x84,0x07,0x00,0x00,0x00,
0xb0,0x01,0xe9,0x0e,0x00,0x00,0x00,0xb0,0x00,0xe9,0x07,0x00,0x00,0x00,0xb0,0x00,
0xe9,0x00,0x00,0x00,0x00,0x3c,0x00,0x0f,0x84,0x56,0x03,0x00,0x00,0x48,0x8d,0x84,
0x24,0x80,0x20,0x00,0x00,0x48,0x8d,0x94,0x24,0x28,0x20,0x00,0x00,0x48,0x8b,0x0d,
0x5c,0x9b,0x00,0x00,0x48,0x89,0x84,0x24,0xb8,0x11,0x00,0x00,0x48,0x89,0x8c,0x24,
0xf0,0x11,0x00,0x00,0x48,0x8b,0x84,0x24,0xf0,0x11,0x00,0x00,0x48,0x8b,0x8c,0x24,
0xb8,0x11,0x00,0x00,0xff,0x10,0x8b,0x84,0x24,0x80,0x20,0x00,0x00,0x3b,0x05,0xd5,
0x96,0x00,0x00,0x0f,0x9f,0xc0,0x3c,0x00,0x0f,0x84,0xdf,0x01,0x00,0x00,0x8a,0x05,
0xc4,0x96,0x00,0x00,0x4c,0x8b,0x8c,0x24,0x48,0x15,0x00,0x00,0x41,0x88,0x41,0x44,
0x48,0x8d,0x84,0x24,0x80,0x20,0x00,0x00,0x48,0x8d,0x94,0x24,0x28,0x20,0x00,0x00,
0x48,0x8d,0x0d,0xa1,0x96,0x00,0x00,0x48,0x8b,0x1d,0xfa,0x9a,0x00,0x00,0x48,0x89,
0x8c,0x24,0x00,0x12,0x00,0x00,0x48,0x89,0xc1,0x4c,0x8b,0x84,0x24,0x00,0x12,0x00,
0x00,0xff,0x13,0x48,0x8b,0x84,0x24,0x80,0x20,0x00,0x00,0x8b,0x00,0x4c,0x8b,0x8c,
0x24,0x48,0x15,0x00,0x00,0x41,0x89,0x41,0x58,0x48,0x8d,0x84,0x24,0x80,0x20,0x00,
0x00,0x48,0x8d,0x94,0x24,0x28,0x20,0x00,0x00,0x48,0x8d,0x0d,0x58,0x96,0x00,0x00,
0x48,0x8b,0x1d,0xb1,0x9a,0x00,0x00,0x48,0x89,0x8c,0x24,0x50,0x13,0x00,0x00,0x48,
0x89,0xc1,0x4c,0x8b,0x84,0x24,0x50,0x13,0x00,0x00,0xff,0x13,0x48,0x8b,0x84,0x24,
0x80,0x20,0x00,0x00,0x8b,0x40,0x10,0x4c,0x8b,0x8c,0x24,0x48,0x15,0x00,0x00,0x41,
0x89,0x41,0x6c,0x48,0x8d,0x84,0x24,0x80,0x20,0x00,0x00,0x48,0x8d,0x94,0x24,0x28,
0x20,0x00,0x00,0x48,0x8d,0x0d,0x0e,0x96,0x00,0x00,0x48,0x8b,0x1d,0x67,0x9a,0x00,
0x00,0x48,0x89,0x8c,0x24,0x48,0x13,0x00,0x00,0x48,0x89,0xc1,0x4c,0x8b,0x84,0x24,
0x48,0x13,0x00,0x00,0xff,0x13,0x48,0x8b,0x84,0x24,0x80,0x20,0x00,0x00,0x8b,0x40,
0x14,0x4c,0x8b,0x8c,0x24,0x48,0x15,0x00,0x00,0x41,0x89,0x41,0x5c,0x48,0x8d,0x84,
0x24,0x80,0x20,0x00,0x00,0x48,0x8d,0x94,0x24,0x28,0x20,0x00,0x00,0x48,0x8d,0x0d,
0xc4,0x95,0x00,0x00,0x48,0x8b,0x1d,0x1d,0x9a,0x00,0x00,0x48,0x89,0x8c,0x24,0x40,
0x13,0x00,0x00,0x48,0x89,0xc1,0x4c,0x8b,0x84,0x24,0x40,0x13,0x00,0x00,0xff,0x13,
0x48,0x8b,0x84,0x24,0x80,0x20,0x00,0x00,0x8b,0x40,0x20,0x4c,0x8b,0x8c,0x24,0x48,
0x15,0x00,0x00,0x41,0x89,0x41,0x64,0x48,0x8d,0x84,0x24,0x80,0x20,0x00,0x00,0x48,
0x8d,0x94,0x24,0x28,0x20,0x00,0x00,0x48,0x8d,0x0d,0x7a,0x95,0x00,0x00,0x48,0x8b,
0x1d,0xd3,0x99,0x00,0x00,0x48,0x89,0x8c,0x24,0x38,0x13,0x00,0x00,0x48,0x89,0xc1,
0x4c,0x8b,0x84,0x24,0x38,0x13,0x00,0x00,0xff,0x13,0x48,0x8b,0x84,0x24,0x80,0x20,
0x00,0x00,0x8b,0x40,0x34,0x4c,0x8b,0x8c,0x24,0x48,0x15,0x00,0x00,0x41,0x89,0x41,
0x68,0x48,0x8d,0x84,0x24,0x80,0x20,0x00,0x00,0x48,0x8d,0x94,0x24,0x28,0x20,0x00,
0x00,0x48,0x8d,0x0d,0x30,0x95,0x00,0x00,0x48,0x8b,0x1d,0x89,0x99,0x00,0x00,0x48,
0x89,0x8c,0x24,0x30,0x13,0x00,0x00,0x48,0x89,0xc1,0x4c,0x8b,0x84,0x24,0x30,0x13,
0x00,0x00,0xff,0x13,0x48,0x8b,0x84,0x24,0x80,0x20,0x00,0x00,0x8b,0x40,0x30,0x4c,
0x8b,0x8c,0x24,0x48,0x15,0x00,0x00,0x41,0x89,0x41,0x60,0x8b,0x05,0xf7,0x94,0x00,
0x00,0x41,0x89,0x81,0x80,0x00,0x00,0x00,0xe9,0x21,0x01,0x00,0x00,0x48,0x8d,0x84,
0x24,0x80,0x20,0x00,0x00,0x48,0x8d,0x94,0x24,0x00,0x20,0x00,0x00,0x48,0x8b,0x0d,
0x2c,0x99,0x00,0x00,0x48,0x89,0x84,0x24,0xd8,0x18,0x00,0x00,0x48,0x89,0x8c,0x24,
0x30,0x19,0x00,0x00,0x48,0x8b,0x84,0x24,0x30,0x19,0x00,0x00,0x48,0x8b,0x8c,0x24,
0xd8,0x18,0x00,0x00,0xff,0x10,0x8b,0x84,0x24,0x80,0x20,0x00,0x00,0x3b,0x05,0xa5,
0x94,0x00,0x00,0x0f,0x9f,0xc0,0x3c,0x00,0x0f,0x84,0x17,0x00,0x00,0x00,0x8b,0x05,
0xa0,0x94,0x00,0x00,0x4c,0x8b,0x8c,0x24,0x48,0x15,0x00,0x00,0x41,0x89,0x41,0x40,
0xe9,0x7a,0x00,0x00,0x00,0x48,0x8d,0x84,0x24,0x80,0x20,0x00,0x00,0x48,0x8d,0x94,
0x24,0xd8,0x1f,0x00,0x00,0x48,0x8b,0x0d,0xc4,0x98,0x00,0x00,0x48,0x89,0x84,0x24,
0x48,0x19,0x00,0x00,0x48,0x89,0x8c,0x24,0xa8,0x19,0x00,0x00,0x48,0x8b,0x84,0x24,
0xa8,0x19,0x00,0x00,0x48,0x8b,0x8c,0x24,0x48,0x19,0x00,0x00,0xff,0x10,0x8b,0x84,
0x24,0x80,0x20,0x00,0x00,0x3b,0x05,0x3d,0x94,0x00,0x00,0x0f,0x9f,0xc0,0x3c,0x00,
0x0f,0x84,0x17,0x00,0x00,0x00,0x8b,0x05,0x2c,0x94,0x00,0x00,0x4c,0x8b,0x8c,0x24,
0x48,0x15,0x00,0x00,0x41,0x89,0x41,0x40,0xe9,0x12,0x00,0x00,0x00,0x8b,0x05,0x15,
0x94,0x00,0x00,0x4c,0x8b,0x8c,0x24,0x48,0x15,0x00,0x00,0x41,0x89,0x41,0x3c,0x8a,
0x05,0x03,0x94,0x00,0x00,0x41,0x88,0x41,0x44,0x49,0x8d,0x41,0x58,0x48,0x8b,0x0d,
0x5c,0x98,0x00,0x00,0x48,0x89,0x84,0x24,0x00,0x19,0x00,0x00,0x48,0x89,0x8c,0x24,
0x38,0x19,0x00,0x00,0x48,0x8b,0x84,0x24,0x38,0x19,0x00,0x00,0x48,0x8b,0x8c,0x24,
0x00,0x19,0x00,0x00,0xff,0x10,0x4c,0x8b,0x8c,0x24,0x48,0x15,0x00,0x00,0xe9,0x00,
0x00,0x00,0x00,0xe9,0x00,0x00,0x00,0x00,0x48,0x8d,0x84,0x24,0x80,0x20,0x00,0x00,
0x48,0x8b,0x0d,0x21,0x98,0x00,0x00,0x48,0x89,0x84,0x24,0x20,0x13,0x00,0x00,0x48,
0x89,0x8c,0x24,0xf0,0x12,0x00,0x00,0x48,0x8b,0x84,0x24,0xf0,0x12,0x00,0x00,0x48,
0x8b,0x8c,0x24,0x20,0x13,0x00,0x00,0xff,0x10,0x4c,0x8b,0x8c,0x24,0x48,0x15,0x00,
0x00,0x41,0x8b,0x41,0x3c,0x89,0x84,0x24,0x98,0x20,0x00,0x00,0x41,0x8b,0x41,0x40,
0x89,0x84,0x24,0x9c,0x20,0x00,0x00,0x48,0x8d,0x84,0x24,0xa0,0x20,0x00,0x00,0x48,
0x8d,0x15,0x96,0x93,0x00,0x00,0x48,0x8b,0x0d,0xd3,0x97,0x00,0x00,0x48,0x89,0x84,
0x24,0x18,0x13,0x00,0x00,0x48,0x89,0x8c,0x24,0x10,0x13,0x00,0x00,0x48,0x8b,0x84,
0x24,0x10,0x13,0x00,0x00,0x48,0x8b,0x8c,0x24,0x18,0x13,0x00,0x00,0xff,0x10,0x48,
0x8b,0x05,0xb2,0x97,0x00,0x00,0x48,0x8b,0x15,0xab,0x97,0x00,0x00,0x48,0x8d,0x8c,
0x24,0xb0,0x20,0x00,0x00,0x48,0x8d,0x00,0x48,0x8d,0x12,0x48,0x8b,0x1d,0x4e,0x97,
0x00,0x00,0x48,0x89,0x94,0x24,0x08,0x13,0x00,0x00,0x48,0x89,0xc2,0x4c,0x8b,0x84,
0x24,0x08,0x13,0x00,0x00,0xff,0x13,0x48,0x8b,0x84,0x24,0x88,0x00,0x00,0x00,0x48,
0x8d,0x08,0x48,0x8d,0x84,0x24,0xa0,0x20,0x00,0x00,0x48,0x8d,0x94,0x24,0xb0,0x20,
0x00,0x00,0x48,0x8d,0x1d,0xeb,0x92,0x00,0x00,0x48,0x8d,0x35,0xe4,0x92,0x00,0x00,
0x48,0x8d,0x2d,0xdd,0x92,0x00,0x00,0x48,0x8d,0x3d,0xca,0x92,0x00,0x00,0x4c,0x8d,
0x05,0xcf,0x92,0x00,0x00,0x4c,0x8d,0x0d,0xc8,0x92,0x00,0x00,0x4c,0x8b,0x15,0x3d,
0x97,0x00,0x00,0x48,0x89,0x74,0x24,0x20,0x48,0x89,0x6c,0x24,0x28,0x48,0x89,0x7c,
0x24,0x30,0x4c,0x89,0x44,0x24,0x38,0x4c,0x89,0x4c,0x24,0x40,0x48,0x89,0x94,0x24,
0x00,0x13,0x00,0x00,0x48,0x89,0xc2,0x4c,0x8b,0x84,0x24,0x00,0x13,0x00,0x00,0x49,
0x89,0xd9,0x41,0xff,0x12,0x48,0x8d,0x84,0x24,0xb0,0x20,0x00,0x00,0x48,0x8b,0x0d,
0xc4,0x94,0x00,0x00,0x48,0x89,0x84,0x24,0x58,0x13,0x00,0x00,0x48,0x89,0x8c,0x24,
0x28,0x13,0x00,0x00,0x48,0x8b,0x84,0x24,0x28,0x13,0x00,0x00,0x48,0x8b,0x8c,0x24,
0x58,0x13,0x00,0x00,0xff,0x10,0x48,0x8d,0x84,0x24,0xa0,0x20,0x00,0x00,0x48,0x8b,
0x0d,0xd3,0x96,0x00,0x00,0x48,0x89,0x84,0x24,0x60,0x13,0x00,0x00,0x48,0x89,0x8c,
0x24,0x70,0x13,0x00,0x00,0x48,0x8b,0x84,0x24,0x70,0x13,0x00,0x00,0x48,0x8b,0x8c,
0x24,0x60,0x13,0x00,0x00,0xff,0x10,0x48,0x8d,0x84,0x24,0xa0,0x20,0x00,0x00,0x48,
0x8d,0x15,0x51,0x92,0x00,0x00,0x48,0x8b,0x0d,0x83,0x96,0x00,0x00,0x48,0x89,0x84,
0x24,0xd0,0x13,0x00,0x00,0x48,0x89,0x8c,0x24,0xc8,0x13,0x00,0x00,0x48,0x8b,0x84,
0x24,0xc8,0x13,0x00,0x00,0x48,0x8b,0x8c,0x24,0xd0,0x13,0x00,0x00,0xff,0x10,0x48,
0x8b,0x05,0x7a,0x96,0x00,0x00,0x48,0x8b,0x15,0x7b,0x96,0x00,0x00,0x48,0x8d,0x8c,
0x24,0xb0,0x20,0x00,0x00,0x48,0x8d,0x00,0x48,0x8d,0x12,0x48,0x8b,0x1d,0xfe,0x95,
0x00,0x00,0x48,0x89,0x94,0x24,0xc0,0x13,0x00,0x00,0x48,0x89,0xc2,0x4c,0x8b,0x84,
0x24,0xc0,0x13,0x00,0x00,0xff,0x13,0x48,0x8b,0x05,0x52,0x96,0x00,0x00,0x48,0x8b,
0x15,0x53,0x96,0x00,0x00,0x48,0x8d,0x8c,0x24,0xb8,0x20,0x00,0x00,0x48,0x8d,0x00,
0x48,0x8d,0x12,0x48,0x8b,0x1d,0xc6,0x95,0x00,0x00,0x48,0x89,0x94,0x24,0xb8,0x13,
0x00,0x00,0x48,0x89,0xc2,0x4c,0x8b,0x84,0x24,0xb8,0x13,0x00,0x00,0xff,0x13,0x48,
0x8b,0x05,0x2a,0x96,0x00,0x00,0x48,0x89,0x84,0x24,0xb0,0x13,0x00,0x00,0x48,0x8b,
0x84,0x24,0x88,0x00,0x00,0x00,0x48,0x8d,0x08,0x48,0x8d,0x84,0x24,0xa0,0x20,0x00,
0x00,0x48,0x8d,0x94,0x24,0xb0,0x20,0x00,0x00,0x48,0x8d,0x1d,0x48,0x91,0x00,0x00,
0x48,0x8d,0x2d,0x41,0x91,0x00,0x00,0x48,0x8d,0x35,0x46,0x91,0x00,0x00,0x48,0x8d,
0xbc,0x24,0xb8,0x20,0x00,0x00,0x48,0x89,0x84,0x24,0xa0,0x13,0x00,0x00,0x48,0x8b,
0x84,0x24,0xb0,0x13,0x00,0x00,0x48,0x8d,0x00,0x4c,0x8b,0x05,0xd8,0x95,0x00,0x00,
0x48,0x89,0x6c,0x24,0x20,0x48,0x89,0x74,0x24,0x28,0x48,0x89,0x7c,0x24,0x30,0x48,
0x89,0x44,0x24,0x38,0x4c,0x89,0xc0,0x48,0x89,0x94,0x24,0x68,0x13,0x00,0x00,0x48,
0x8b,0x94,0x24,0xa0,0x13,0x00,0x00,0x4c,0x8b,0x84,0x24,0x68,0x13,0x00,0x00,0x49,
0x89,0xd9,0xff,0x10,0x48,0x8d,0x84,0x24,0xb8,0x20,0x00,0x00,0x48,0x8b,0x0d,0x25,
0x93,0x00,0x00,0x48,0x89,0x84,0x24,0x98,0x13,0x00,0x00,0x48,0x89,0x8c,0x24,0x90,
0x13,0x00,0x00,0x48,0x8b,0x84,0x24,0x90,0x13,0x00,0x00,0x48,0x8b,0x8c,0x24,0x98,
0x13,0x00,0x00,0xff,0x10,0x48,0x8d,0x84,0x24,0xb0,0x20,0x00,0x00,0x48,0x8b,0x0d,
0xf4,0x92,0x00,0x00,0x48,0x89,0x84,0x24,0x88,0x13,0x00,0x00,0x48,0x89,0x8c,0x24,
0x80,0x13,0x00,0x00,0x48,0x8b,0x84,0x24,0x80,0x13,0x00,0x00,0x48,0x8b,0x8c,0x24,
0x88,0x13,0x00,0x00,0xff,0x10,0x48,0x8d,0x84,0x24,0xa0,0x20,0x00,0x00,0x48,0x8b,
0x0d,0x03,0x95,0x00,0x00,0x48,0x89,0x84,0x24,0x78,0x13,0x00,0x00,0x48,0x89,0x8c,
0x24,0xf8,0x12,0x00,0x00,0x48,0x8b,0x84,0x24,0xf8,0x12,0x00,0x00,0x48,0x8b,0x8c,
0x24,0x78,0x13,0x00,0x00,0xff,0x10,0x48,0x8d,0x84,0x24,0xa0,0x20,0x00,0x00,0x48,
0x8d,0x15,0x81,0x90,0x00,0x00,0x48,0x8b,0x0d,0xb3,0x94,0x00,0x00,0x48,0x89,0x84,
0x24,0xe8,0x12,0x00,0x00,0x48,0x89,0x8c,0x24,0xb0,0x12,0x00,0x00,0x48,0x8b,0x84,
0x24,0xb0,0x12,0x00,0x00,0x48,0x8b,0x8c,0x24,0xe8,0x12,0x00,0x00,0xff,0x10,0x48,
0x8b,0x15,0x92,0x94,0x00,0x00,0x48,0x8b,0x05,0xfb,0x93,0x00,0x00,0x48,0x8d,0x8c,
0x24,0xb0,0x20,0x00,0x00,0x48,0x8d,0x12,0x48,0x8d,0x00,0x48,0x8b,0x1d,0x2e,0x94,
0x00,0x00,0x49,0x89,0xc0,0xff,0x13,0x48,0x8d,0x84,0x24,0xb8,0x20,0x00,0x00,0x48,
0x8b,0x0d,0x3a,0x92,0x00,0x00,0x48,0x89,0x84,0x24,0xe0,0x12,0x00,0x00,0x48,0x89,
0x8c,0x24,0x58,0x12,0x00,0x00,0x48,0x8b,0x84,0x24,0x58,0x12,0x00,0x00,0x48,0x8b,
0x8c,0x24,0xe0,0x12,0x00,0x00,0xff,0x10,0x48,0x8b,0x84,0x24,0x88,0x00,0x00,0x00,
0x48,0x8d,0x08,0x48,0x8d,0x84,0x24,0xa0,0x20,0x00,0x00,0x48,0x8d,0x94,0x24,0xb0,
0x20,0x00,0x00,0x48,0x8d,0x1d,0x9e,0x8f,0x00,0x00,0x48,0x8d,0x2d,0x97,0x8f,0x00,
0x00,0x48,0x8d,0x35,0x90,0x8f,0x00,0x00,0x48,0x8d,0xbc,0x24,0xb8,0x20,0x00,0x00,
0x4c,0x8d,0x05,0x81,0x8f,0x00,0x00,0x4c,0x8b,0x0d,0x3a,0x94,0x00,0x00,0x48,0x89,
0x6c,0x24,0x20,0x48,0x89,0x74,0x24,0x28,0x48,0x89,0x7c,0x24,0x30,0x4c,0x89,0x44,
0x24,0x38,0x4c,0x89,0xce,0x48,0x89,0x94,0x24,0x50,0x12,0x00,0x00,0x48,0x89,0xc2,
0x4c,0x8b,0x84,0x24,0x50,0x12,0x00,0x00,0x49,0x89,0xd9,0xff,0x16,0x48,0x8d,0x84,
0x24,0xb8,0x20,0x00,0x00,0x48,0x8b,0x0d,0x8c,0x91,0x00,0x00,0x48,0x89,0x84,0x24,
0x48,0x12,0x00,0x00,0x48,0x89,0x8c,0x24,0x40,0x12,0x00,0x00,0x48,0x8b,0x84,0x24,
0x40,0x12,0x00,0x00,0x48,0x8b,0x8c,0x24,0x48,0x12,0x00,0x00,0xff,0x10,0x48,0x8d,
0x84,0x24,0xb0,0x20,0x00,0x00,0x48,0x8b,0x0d,0x5b,0x91,0x00,0x00,0x48,0x89,0x84,
0x24,0x38,0x12,0x00,0x00,0x48,0x89,0x8c,0x24,0x28,0x12,0x00,0x00,0x48,0x8b,0x84,
0x24,0x28,0x12,0x00,0x00,0x48,0x8b,0x8c,0x24,0x38,0x12,0x00,0x00,0xff,0x10,0x48,
0x8d,0x84,0x24,0xa0,0x20,0x00,0x00,0x48,0x8b,0x0d,0x6a,0x93,0x00,0x00,0x48,0x89,
0x84,0x24,0xf8,0x11,0x00,0x00,0x48,0x89,0x8c,0x24,0x20,0x12,0x00,0x00,0x48,0x8b,
0x84,0x24,0x20,0x12,0x00,0x00,0x48,0x8b,0x8c,0x24,0xf8,0x11,0x00,0x00,0xff,0x10,
0x48,0x8b,0x84,0x24,0xe0,0x14,0x00,0x00,0x48,0x83,0x38,0x00,0x0f,0x94,0xc0,0x3c,
0x00,0x0f,0x85,0x36,0x00,0x00,0x00,0x48,0x8b,0x84,0x24,0xe0,0x14,0x00,0x00,0x8b,
0x48,0x1c,0x3b,0x0d,0xb0,0x8e,0x00,0x00,0x0f,0x94,0xc0,0x3c,0x00,0x0f,0x85,0x0d,
0x00,0x00,0x00,0xc6,0x84,0x24,0xa0,0x20,0x00,0x00,0x00,0xe9,0x1a,0x00,0x00,0x00,
0xc6,0x84,0x24,0xa0,0x20,0x00,0x00,0x01,0xe9,0x0d,0x00,0x00,0x00,0xc6,0x84,0x24,
0xa0,0x20,0x00,0x00,0x01,0xe9,0x00,0x00,0x00,0x00,0x48,0x8d,0x84,0x24,0xa1,0x20,
0x00,0x00,0x48,0x8b,0x0d,0x17,0x93,0x00,0x00,0x48,0x89,0x84,0x24,0x18,0x12,0x00,
0x00,0x48,0x89,0x8c,0x24,0x10,0x12,0x00,0x00,0x48,0x8b,0x84,0x24,0x10,0x12,0x00,
0x00,0x48,0x8b,0x8c,0x24,0x18,0x12,0x00,0x00,0xff,0x10,0x48,0x8d,0x84,0x24,0xa1,
0x20,0x00,0x00,0x48,0x8b,0x8c,0x24,0xf8,0x14,0x00,0x00,0x48,0x8d,0x11,0x48,0x89,
0x84,0x24,0x08,0x12,0x00,0x00,0x48,0x8b,0x84,0x24,0xe0,0x14,0x00,0x00,0x48,0x8d,
0x18,0x48,0x8d,0x84,0x24,0xa0,0x20,0x00,0x00,0x48,0x8b,0x2d,0xc8,0x92,0x00,0x00,
0x48,0x8b,0x8c,0x24,0x08,0x12,0x00,0x00,0x49,0x89,0xd8,0x49,0x89,0xc1,0xff,0x55,
0x00,0x48,0x8b,0x15,0xd0,0x91,0x00,0x00,0x8b,0x05,0x22,0x8e,0x00,0x00,0x0f,0xaf,
0x02,0x89,0x84,0x24,0xa8,0x20,0x00,0x00,0x48,0x8d,0x84,0x24,0xb0,0x20,0x00,0x00,
0x48,0x8d,0x15,0x0d,0x8e,0x00,0x00,0x48,0x8b,0x0d,0x32,0x92,0x00,0x00,0x48,0x89,
0x84,0x24,0x60,0x12,0x00,0x00,0x48,0x89,0x8c,0x24,0x30,0x12,0x00,0x00,0x48,0x8b,
0x84,0x24,0x30,0x12,0x00,0x00,0x48,0x8b,0x8c,0x24,0x60,0x12,0x00,0x00,0xff,0x10,
0x48,0x8b,0x05,0x81,0x91,0x00,0x00,0x48,0x8d,0x8c,0x24,0xc0,0x20,0x00,0x00,0x48,
0x8d,0x94,0x24,0xa8,0x20,0x00,0x00,0x48,0x8d,0x00,0x48,0x8b,0x1d,0xaf,0x91,0x00,
0x00,0x49,0x89,0xc0,0xff,0x13,0x48,0x8d,0x84,0x24,0xc8,0x20,0x00,0x00,0x48,0x8b,
0x0d,0xbb,0x8f,0x00,0x00,0x48,0x89,0x84,0x24,0x68,0x12,0x00,0x00,0x48,0x89,0x8c,
0x24,0x78,0x12,0x00,0x00,0x48,0x8b,0x84,0x24,0x78,0x12,0x00,0x00,0x48,0x8b,0x8c,
0x24,0x68,0x12,0x00,0x00,0xff,0x10,0x8b,0x84,0x24,0x98,0x20,0x00,0x00,0x3b,0x05,
0x34,0x8d,0x00,0x00,0x0f,0x94,0xc0,0x3c,0x00,0x0f,0x84,0x2b,0x00,0x00,0x00,0x4c,
0x8b,0x8c,0x24,0x48,0x15,0x00,0x00,0x41,0x8a,0x41,0x44,0x3a,0x05,0x17,0x8d,0x00,
0x00,0x0f,0x94,0xc0,0x3c,0x00,0x0f,0x84,0x07,0x00,0x00,0x00,0xb0,0x01,0xe9,0x16,
0x00,0x00,0x00,0xb0,0x00,0xe9,0x0f,0x00,0x00,0x00,0xb0,0x00,0x4c,0x8b,0x8c,0x24,
0x48,0x15,0x00,0x00,0xe9,0x00,0x00,0x00,0x00,0x48,0x8d,0x8c,0x24,0xac,0x20,0x00,
0x00,0x88,0x84,0x24,0xd8,0x12,0x00,0x00,0x48,0x8b,0x84,0x24,0x88,0x00,0x00,0x00,
0x48,0x8d,0x10,0x48,0x8d,0x84,0x24,0xb0,0x20,0x00,0x00,0x48,0x8d,0x9c,0x24,0xc0,
0x20,0x00,0x00,0x48,0x8d,0x35,0xbe,0x8c,0x00,0x00,0x48,0x8d,0x2d,0xc7,0x8c,0x00,
0x00,0x48,0x8d,0x3d,0xb0,0x8c,0x00,0x00,0x4c,0x8d,0x94,0x24,0xc8,0x20,0x00,0x00,
0x4c,0x8d,0x1d,0xa1,0x8c,0x00,0x00,0x48,0x89,0x84,0x24,0xd0,0x12,0x00,0x00,0x0f,
0xb6,0x84,0x24,0xd8,0x12,0x00,0x00,0x88,0x84,0x24,0xd0,0x20,0x00,0x00,0x48,0x8d,
0x84,0x24,0xd0,0x20,0x00,0x00,0x4c,0x8d,0x84,0x24,0xa1,0x20,0x00,0x00,0x4c,0x8b,
0x25,0x4b,0x91,0x00,0x00,0x48,0x89,0x74,0x24,0x20,0x48,0x89,0x6c,0x24,0x28,0x48,
0x89,0x7c,0x24,0x30,0x4c,0x89,0x54,0x24,0x38,0x4c,0x89,0x5c,0x24,0x40,0x48,0x89,
0x44,0x24,0x48,0x4c,0x89,0x44,0x24,0x50,0x4c,0x8b,0x84,0x24,0xd0,0x12,0x00,0x00,
0x49,0x89,0xd9,0x41,0xff,0x14,0x24,0x8a,0x94,0x24,0xac,0x20,0x00,0x00,0x48,0x8d,
0x84,0x24,0xc8,0x20,0x00,0x00,0x48,0x8b,0x0d,0x7b,0x8e,0x00,0x00,0x48,0x89,0x84,
0x24,0xc8,0x12,0x00,0x00,0x48,0x89,0x8c,0x24,0xc0,0x12,0x00,0x00,0x48,0x8b,0x84,
0x24,0xc0,0x12,0x00,0x00,0x48,0x8b,0x8c,0x24,0xc8,0x12,0x00,0x00,0x88,0x94,0x24,
0xb8,0x12,0x00,0x00,0xff,0x10,0x48,0x8d,0x84,0x24,0xc0,0x20,0x00,0x00,0x48,0x8b,
0x0d,0x43,0x8e,0x00,0x00,0x48,0x89,0x84,0x24,0xa8,0x12,0x00,0x00,0x48,0x89,0x8c,
0x24,0x70,0x12,0x00,0x00,0x48,0x8b,0x84,0x24,0x70,0x12,0x00,0x00,0x48,0x8b,0x8c,
0x24,0xa8,0x12,0x00,0x00,0xff,0x10,0x48,0x8d,0x84,0x24,0xb0,0x20,0x00,0x00,0x48,
0x8b,0x0d,0x52,0x90,0x00,0x00,0x48,0x89,0x84,0x24,0xa0,0x12,0x00,0x00,0x48,0x89,
0x8c,0x24,0x98,0x12,0x00,0x00,0x48,0x8b,0x84,0x24,0x98,0x12,0x00,0x00,0x48,0x8b,
0x8c,0x24,0xa0,0x12,0x00,0x00,0xff,0x10,0x80,0xbc,0x24,0xb8,0x12,0x00,0x00,0x00,
0x0f,0x84,0xf7,0x04,0x00,0x00,0x48,0x8b,0x84,0x24,0x88,0x00,0x00,0x00,0x8a,0x88,
0xc8,0x00,0x00,0x00,0x3a,0x0d,0x7e,0x8b,0x00,0x00,0x0f,0x94,0xc0,0x3c,0x00,0x0f,
0x84,0xc0,0x01,0x00,0x00,0x80,0xbc,0x24,0xa0,0x20,0x00,0x00,0x00,0x0f,0x84,0x2b,
0x00,0x00,0x00,0x4c,0x8b,0x8c,0x24,0x48,0x15,0x00,0x00,0x41,0x8a,0x41,0x44,0x3a,
0x05,0x53,0x8b,0x00,0x00,0x0f,0x94,0xc0,0x3c,0x00,0x0f,0x84,0x07,0x00,0x00,0x00,
0xb0,0x01,0xe9,0x16,0x00,0x00,0x00,0xb0,0x00,0xe9,0x0f,0x00,0x00,0x00,0xb0,0x00,
0x4c,0x8b,0x8c,0x24,0x48,0x15,0x00,0x00,0xe9,0x00,0x00,0x00,0x00,0x3c,0x00,0x0f,
0x84,0xaa,0x00,0x00,0x00,0x48,0x8d,0x84,0x24,0xb0,0x20,0x00,0x00,0x48,0x89,0x84,
0x24,0x90,0x12,0x00,0x00,0x48,0x8b,0x84,0x24,0x08,0x15,0x00,0x00,0x48,0x8d,0x10,
0x48,0x8b,0x05,0x11,0x8f,0x00,0x00,0x48,0x8b,0x8c,0x24,0x90,0x12,0x00,0x00,0xff,
0x10,0x48,0x8b,0x94,0x24,0xb0,0x20,0x00,0x00,0x48,0x8d,0x02,0x48,0x8b,0x0d,0xfd,
0x8e,0x00,0x00,0x48,0x89,0x84,0x24,0x88,0x12,0x00,0x00,0x48,0x89,0x8c,0x24,0x80,
0x12,0x00,0x00,0x48,0x8b,0x84,0x24,0x80,0x12,0x00,0x00,0x48,0x8b,0x8c,0x24,0x88,
0x12,0x00,0x00,0x48,0x89,0x94,0x24,0xc0,0x17,0x00,0x00,0xff,0x10,0x48,0x8b,0x94,
0x24,0xc0,0x17,0x00,0x00,0x48,0x8d,0x02,0x48,0x8d,0x15,0x19,0x8b,0x00,0x00,0x48,
0x8d,0x0d,0x16,0x8b,0x00,0x00,0x48,0x8b,0x1d,0xbb,0x8e,0x00,0x00,0x48,0x89,0x8c,
0x24,0x90,0x17,0x00,0x00,0x48,0x89,0xc1,0x4c,0x8b,0x84,0x24,0x90,0x17,0x00,0x00,
0xff,0x13,0x4c,0x8b,0x8c,0x24,0x48,0x15,0x00,0x00,0xe9,0x00,0x00,0x00,0x00,0x48,
0x8b,0x84,0x24,0xe0,0x14,0x00,0x00,0x48,0x83,0x38,0x00,0x0f,0x95,0xc0,0x3c,0x00,
0x0f,0x84,0xaa,0x00,0x00,0x00,0x48,0x8d,0x84,0x24,0xb0,0x20,0x00,0x00,0x48,0x89,
0x84,0x24,0xc8,0x17,0x00,0x00,0x48,0x8b,0x84,0x24,0x08,0x15,0x00,0x00,0x48,0x8d,
0x10,0x48,0x8b,0x05,0x50,0x8e,0x00,0x00,0x48,0x8b,0x8c,0x24,0xc8,0x17,0x00,0x00,
0xff,0x10,0x48,0x8b,0x94,0x24,0xb0,0x20,0x00,0x00,0x48,0x8d,0x02,0x48,0x8b,0x0d,
0x3c,0x8e,0x00,0x00,0x48,0x89,0x84,0x24,0xd8,0x17,0x00,0x00,0x48,0x89,0x8c,0x24,
0x08,0x1d,0x00,0x00,0x48,0x8b,0x84,0x24,0x08,0x1d,0x00,0x00,0x48,0x8b,0x8c,0x24,
0xd8,0x17,0x00,0x00,0x48,0x89,0x94,0x24,0x00,0x1d,0x00,0x00,0xff,0x10,0x48,0x8b,
0x94,0x24,0x00,0x1d,0x00,0x00,0x48,0x8d,0x02,0x48,0x8d,0x15,0x60,0x8a,0x00,0x00,
0x48,0x8d,0x0d,0x5d,0x8a,0x00,0x00,0x48,0x8b,0x1d,0xfa,0x8d,0x00,0x00,0x48,0x89,
0x8c,0x24,0xf8,0x1c,0x00,0x00,0x48,0x89,0xc1,0x4c,0x8b,0x84,0x24,0xf8,0x1c,0x00,
0x00,0xff,0x13,0x4c,0x8b,0x8c,0x24,0x48,0x15,0x00,0x00,0xe9,0x00,0x00,0x00,0x00,
0xe9,0x00,0x00,0x00,0x00,0x48,0x8d,0x84,0x24,0xac,0x20,0x00,0x00,0x48,0x89,0x84,
0x24,0xf0,0x1c,0x00,0x00,0x48,0x8b,0x84,0x24,0x88,0x00,0x00,0x00,0x48,0x8d,0x10,
0x48,0x8b,0x05,0x71,0x8e,0x00,0x00,0x48,0x8b,0x8c,0x24,0xf0,0x1c,0x00,0x00,0xff,
0x10,0x8a,0x84,0x24,0xac,0x20,0x00,0x00,0x3c,0x00,0x0f,0x84,0x5b,0x01,0x00,0x00,
0x48,0x8d,0x84,0x24,0xac,0x20,0x00,0x00,0x48,0x8d,0x94,0x24,0xd8,0x1f,0x00,0x00,
0x48,0x8b,0x0d,0xb9,0x8d,0x00,0x00,0x48,0x89,0x84,0x24,0xe8,0x1c,0x00,0x00,0x48,
0x89,0x8c,0x24,0xd8,0x1c,0x00,0x00,0x48,0x8b,0x84,0x24,0xd8,0x1c,0x00,0x00,0x48,
0x8b,0x8c,0x24,0xe8,0x1c,0x00,0x00,0xff,0x10,0x8b,0x84,0x24,0xac,0x20,0x00,0x00,
0x3b,0x05,0x32,0x89,0x00,0x00,0x0f,0x9f,0xc0,0x3c,0x00,0x0f,0x85,0x5f,0x00,0x00,
0x00,0x48,0x8d,0x84,0x24,0xb0,0x20,0x00,0x00,0x48,0x8d,0x94,0x24,0x00,0x20,0x00,
0x00,0x48,0x8b,0x0d,0x68,0x8d,0x00,0x00,0x48,0x89,0x84,0x24,0xa8,0x1c,0x00,0x00,
0x48,0x89,0x8c,0x24,0xd0,0x1c,0x00,0x00,0x48,0x8b,0x84,0x24,0xd0,0x1c,0x00,0x00,
0x48,0x8b,0x8c,0x24,0xa8,0x1c,0x00,0x00,0xff,0x10,0x8b,0x84,0x24,0xb0,0x20,0x00,
0x00,0x3b,0x05,0xe1,0x88,0x00,0x00,0x0f,0x9f,0xc0,0x3c,0x00,0x0f,0x85,0x07,0x00,
0x00,0x00,0xb0,0x00,0xe9,0x0e,0x00,0x00,0x00,0xb0,0x01,0xe9,0x07,0x00,0x00,0x00,
0xb0,0x01,0xe9,0x00,0x00,0x00,0x00,0x3c,0x00,0x0f,0x85,0x5f,0x00,0x00,0x00,0x48,
0x8d,0x84,0x24,0xac,0x20,0x00,0x00,0x48,0x8d,0x94,0x24,0x28,0x20,0x00,0x00,0x48,
0x8b,0x0d,0xfa,0x8c,0x00,0x00,0x48,0x89,0x84,0x24,0xc8,0x1c,0x00,0x00,0x48,0x89,
0x8c,0x24,0xc0,0x1c,0x00,0x00,0x48,0x8b,0x84,0x24,0xc0,0x1c,0x00,0x00,0x48,0x8b,
0x8c,0x24,0xc8,0x1c,0x00,0x00,0xff,0x10,0x8b,0x84,0x24,0xac,0x20,0x00,0x00,0x3b,
0x05,0x73,0x88,0x00,0x00,0x0f,0x9f,0xc0,0x3c,0x00,0x0f,0x85,0x07,0x00,0x00,0x00,
0xb0,0x00,0xe9,0x0e,0x00,0x00,0x00,0xb0,0x01,0xe9,0x07,0x00,0x00,0x00,0xb0,0x01,
0xe9,0x00,0x00,0x00,0x00,0x3c,0x00,0x0f,0x84,0x17,0x00,0x00,0x00,0x8b,0x05,0x51,
0x88,0x00,0x00,0x4c,0x8b,0x8c,0x24,0x48,0x15,0x00,0x00,0x41,0x89,0x41,0x3c,0xe9,
0x12,0x00,0x00,0x00,0x8b,0x05,0x3e,0x88,0x00,0x00,0x4c,0x8b,0x8c,0x24,0x48,0x15,
0x00,0x00,0x41,0x89,0x41,0x3c,0xe9,0x00,0x00,0x00,0x00,0x48,0x8d,0x84,0x24,0xac,
0x20,0x00,0x00,0x48,0x89,0x84,0x24,0xb8,0x1c,0x00,0x00,0x48,0x8b,0x84,0x24,0x88,
0x00,0x00,0x00,0x48,0x8d,0x10,0x48,0x8b,0x05,0xe3,0x8c,0x00,0x00,0x48,0x8b,0x8c,
0x24,0xb8,0x1c,0x00,0x00,0xff,0x10,0x8a,0x84,0x24,0xac,0x20,0x00,0x00,0x3c,0x00,
0x0f,0x84,0x66,0x00,0x00,0x00,0x48,0x8b,0x84,0x24,0x88,0x00,0x00,0x00,0x8a,0x88,
0xc8,0x00,0x00,0x00,0x3a,0x0d,0xce,0x87,0x00,0x00,0x0f,0x94,0xc0,0x3c,0x00,0x0f,
0x84,0x1c,0x00,0x00,0x00,0x80,0xbc,0x24,0xa0,0x20,0x00,0x00,0x00,0x0f,0x84,0x07,
0x00,0x00,0x00,0xb0,0x01,0xe9,0x0e,0x00,0x00,0x00,0xb0,0x00,0xe9,0x07,0x00,0x00,
0x00,0xb0,0x00,0xe9,0x00,0x00,0x00,0x00,0x3c,0x00,0x0f,0x84,0x17,0x00,0x00,0x00,
0x8a,0x05,0x9e,0x87,0x00,0x00,0x4c,0x8b,0x8c,0x24,0x48,0x15,0x00,0x00,0x41,0x88,
0x41,0x44,0xe9,0x00,0x00,0x00,0x00,0xe9,0x00,0x00,0x00,0x00,0x48,0x8d,0x84,0x24,
0xac,0x20,0x00,0x00,0x48,0x89,0x84,0x24,0x10,0x1d,0x00,0x00,0x48,0x8b,0x84,0x24,
0x88,0x00,0x00,0x00,0x48,0x8d,0x10,0x48,0x8b,0x05,0x4a,0x8c,0x00,0x00,0x48,0x8b,
0x8c,0x24,0x10,0x1d,0x00,0x00,0xff,0x10,0x8a,0x84,0x24,0xac,0x20,0x00,0x00,0x3c,
0x00,0x0f,0x84,0xa1,0x00,0x00,0x00,0x48,0x8b,0x84,0x24,0x88,0x00,0x00,0x00,0x8a,
0x88,0xc8,0x00,0x00,0x00,0x3a,0x0d,0x2d,0x87,0x00,0x00,0x0f,0x94,0xc0,0x3c,0x00,
0x0f,0x84,0x25,0x00,0x00,0x00,0x48,0x8b,0x84,0x24,0xe0,0x14,0x00,0x00,0x48,0x83,
0x38,0x00,0x0f,0x95,0xc0,0x3c,0x00,0x0f,0x84,0x07,0x00,0x00,0x00,0xb0,0x01,0xe9,
0x0e,0x00,0x00,0x00,0xb0,0x00,0xe9,0x07,0x00,0x00,0x00,0xb0,0x00,0xe9,0x00,0x00,
0x00,0x00,0x3c,0x00,0x0f,0x84,0x49,0x00,0x00,0x00,0x48,0x8b,0x84,0x24,0xe0,0x14,
0x00,0x00,0x48,0xc7,0x00,0x00,0x00,0x00,0x00,0x4c,0x8b,0x8c,0x24,0x48,0x15,0x00,
0x00,0x49,0x8d,0x41,0x3c,0x48,0x8b,0x0d,0xd4,0x8a,0x00,0x00,0x48,0x89,0x84,0x24,
0xe0,0x1c,0x00,0x00,0x48,0x89,0x8c,0x24,0x18,0x1d,0x00,0x00,0x48,0x8b,0x84,0x24,
0x18,0x1d,0x00,0x00,0x48,0x8b,0x8c,0x24,0xe0,0x1c,0x00,0x00,0xff,0x10,0xe9,0x00,
0x00,0x00,0x00,0xe9,0x00,0x00,0x00,0x00,0xe9,0x00,0x00,0x00,0x00,0x8b,0x84,0x24,
0x98,0x20,0x00,0x00,0x3b,0x05,0x8e,0x86,0x00,0x00,0x0f,0x94,0xc0,0x3c,0x00,0x0f,
0x84,0x37,0x00,0x00,0x00,0x4c,0x8b,0x8c,0x24,0x48,0x15,0x00,0x00,0x41,0x8a,0x41,
0x44,0x3a,0x05,0x7d,0x86,0x00,0x00,0x0f,0x94,0xc0,0x3c,0x00,0x0f,0x84,0x0d,0x00,
0x00,0x00,0xc6,0x84,0x24,0xac,0x20,0x00,0x00,0x01,0xe9,0x22,0x00,0x00,0x00,0xc6,
0x84,0x24,0xac,0x20,0x00,0x00,0x00,0xe9,0x15,0x00,0x00,0x00,0xc6,0x84,0x24,0xac,
0x20,0x00,0x00,0x00,0x4c,0x8b,0x8c,0x24,0x48,0x15,0x00,0x00,0xe9,0x00,0x00,0x00,
0x00,0x41,0x8b,0x41,0x4c,0x89,0x84,0x24,0xb0,0x20,0x00,0x00,0x80,0xbc,0x24,0xac,
0x20,0x00,0x00,0x00,0x0f,0x84,0x26,0x00,0x00,0x00,0x8b,0x84,0x24,0xb0,0x20,0x00,
0x00,0x3b,0x05,0x11,0x86,0x00,0x00,0x0f,0x94,0xc0,0x3c,0x00,0x0f,0x84,0x07,0x00,
0x00,0x00,0xb0,0x01,0xe9,0x0e,0x00,0x00,0x00,0xb0,0x00,0xe9,0x07,0x00,0x00,0x00,
0xb0,0x00,0xe9,0x00,0x00,0x00,0x00,0x48,0x8b,0x8c,0x24,0xf8,0x14,0x00,0x00,0x48,
0x8d,0x11,0x88,0x84,0x24,0x28,0x1d,0x00,0x00,0x48,0x8b,0x84,0x24,0x88,0x00,0x00,
0x00,0x48,0x8d,0x18,0x4c,0x8b,0x84,0x24,0xf0,0x14,0x00,0x00,0x49,0x8d,0x28,0x49,
0x8d,0x31,0x4c,0x8d,0xa4,0x24,0xb8,0x1f,0x00,0x00,0x48,0x8b,0x84,0x24,0x20,0x15,
0x00,0x00,0x4c,0x8d,0x28,0x4c,0x8d,0x1d,0xb8,0x85,0x00,0x00,0x48,0x8b,0x84,0x24,
0x88,0x00,0x00,0x00,0x4c,0x8d,0xb0,0x58,0x01,0x00,0x00,0x0f,0xb6,0x84,0x24,0x28,
0x1d,0x00,0x00,0x88,0x84,0x24,0xb4,0x20,0x00,0x00,0x48,0x8d,0x84,0x24,0xb4,0x20,
0x00,0x00,0x48,0x89,0x84,0x24,0x80,0x1d,0x00,0x00,0x48,0x8b,0x84,0x24,0xe0,0x14,
0x00,0x00,0x48,0x8d,0x38,0x48,0x8d,0x84,0x24,0xb4,0x1f,0x00,0x00,0x4c,0x8d,0x94,
0x24,0x80,0x20,0x00,0x00,0x48,0x89,0x84,0x24,0x78,0x1d,0x00,0x00,0x48,0x8b,0x84,
0x24,0x10,0x15,0x00,0x00,0x4c,0x8d,0x38,0x48,0x8b,0x84,0x24,0x08,0x15,0x00,0x00,
0x48,0x8d,0x08,0x48,0x8b,0x05,0x36,0x8a,0x00,0x00,0x4c,0x89,0x64,0x24,0x20,0x4c,
0x89,0x6c,0x24,0x28,0x4c,0x89,0x5c,0x24,0x30,0x4c,0x89,0x74,0x24,0x38,0x48,0x89,
0xb4,0x24,0x70,0x1d,0x00,0x00,0x48,0x8b,0xb4,0x24,0x80,0x1d,0x00,0x00,0x48,0x89,
0x74,0x24,0x40,0x48,0x89,0x7c,0x24,0x48,0x48,0x89,0x94,0x24,0x68,0x1d,0x00,0x00,
0x48,0x8b,0x94,0x24,0x78,0x1d,0x00,0x00,0x48,0x89,0x54,0x24,0x50,0x4c,0x89,0x54,
0x24,0x58,0x4c,0x89,0x7c,0x24,0x60,0x48,0x89,0x4c,0x24,0x68,0x48,0x8b,0x8c,0x24,
0x68,0x1d,0x00,0x00,0x48,0x89,0xda,0x49,0x89,0xe8,0x4c,0x8b,0x8c,0x24,0x70,0x1d,
0x00,0x00,0xff,0x10,0x80,0xbc,0x24,0xac,0x20,0x00,0x00,0x00,0x0f,0x84,0x26,0x00,
0x00,0x00,0x8b,0x84,0x24,0xb0,0x20,0x00,0x00,0x3b,0x05,0xc5,0x84,0x00,0x00,0x0f,
0x94,0xc0,0x3c,0x00,0x0f,0x84,0x07,0x00,0x00,0x00,0xb0,0x01,0xe9,0x0e,0x00,0x00,
0x00,0xb0,0x00,0xe9,0x07,0x00,0x00,0x00,0xb0,0x00,0xe9,0x00,0x00,0x00,0x00,0x48,
0x8b,0x8c,0x24,0xf8,0x14,0x00,0x00,0x48,0x8d,0x11,0x88,0x84,0x24,0x61,0x1d,0x00,
0x00,0x48,0x8b,0x84,0x24,0x88,0x00,0x00,0x00,0x48,0x8d,0x18,0x4c,0x8b,0x84,0x24,
0xf0,0x14,0x00,0x00,0x49,0x8d,0x28,0x4c,0x8b,0x8c,0x24,0x48,0x15,0x00,0x00,0x49,
0x8d,0x31,0x4c,0x8d,0x9c,0x24,0xb8,0x1f,0x00,0x00,0x48,0x8b,0x84,0x24,0x20,0x15,
0x00,0x00,0x4c,0x8d,0x20,0x4c,0x8d,0x2d,0xcc,0x84,0x00,0x00,0x48,0x8b,0x84,0x24,
0x88,0x00,0x00,0x00,0x4c,0x8d,0xb0,0x38,0x01,0x00,0x00,0x0f,0xb6,0x84,0x24,0x61,
0x1d,0x00,0x00,0x88,0x84,0x24,0xb5,0x20,0x00,0x00,0x48,0x8d,0x84,0x24,0xb5,0x20,
0x00,0x00,0x48,0x89,0x84,0x24,0x58,0x1d,0x00,0x00,0x48,0x8b,0x84,0x24,0xe0,0x14,
0x00,0x00,0x48,0x8d,0x38,0x48,0x8d,0x84,0x24,0xb4,0x1f,0x00,0x00,0x4c,0x8d,0x94,
0x24,0x80,0x20,0x00,0x00,0x48,0x89,0x84,0x24,0x20,0x1d,0x00,0x00,0x48,0x8b,0x84,
0x24,0x10,0x15,0x00,0x00,0x4c,0x8d,0x38,0x48,0x8b,0x84,0x24,0x08,0x15,0x00,0x00,
0x48,0x8d,0x08,0x48,0x8b,0x05,0xd6,0x88,0x00,0x00,0x4c,0x89,0x5c,0x24,0x20,0x4c,
0x89,0x64,0x24,0x28,0x4c,0x89,0x6c,0x24,0x30,0x4c,0x89,0x74,0x24,0x38,0x48,0x89,
0x9c,0x24,0x50,0x1d,0x00,0x00,0x48,0x8b,0x9c,0x24,0x58,0x1d,0x00,0x00,0x48,0x89,
0x5c,0x24,0x40,0x48,0x89,0x7c,0x24,0x48,0x48,0x89,0x94,0x24,0x48,0x1d,0x00,0x00,
0x48,0x8b,0x94,0x24,0x20,0x1d,0x00,0x00,0x48,0x89,0x54,0x24,0x50,0x4c,0x89,0x54,
0x24,0x58,0x4c,0x89,0x7c,0x24,0x60,0x48,0x89,0x4c,0x24,0x68,0x48,0x8b,0x8c,0x24,
0x48,0x1d,0x00,0x00,0x48,0x8b,0x94,0x24,0x50,0x1d,0x00,0x00,0x49,0x89,0xe8,0x49,
0x89,0xf1,0xff,0x10,0x80,0xbc,0x24,0xac,0x20,0x00,0x00,0x00,0x0f,0x84,0x26,0x00,
0x00,0x00,0x8b,0x84,0x24,0xb0,0x20,0x00,0x00,0x3b,0x05,0x69,0x83,0x00,0x00,0x0f,
0x94,0xc0,0x3c,0x00,0x0f,0x84,0x07,0x00,0x00,0x00,0xb0,0x01,0xe9,0x0e,0x00,0x00,
0x00,0xb0,0x00,0xe9,0x07,0x00,0x00,0x00,0xb0,0x00,0xe9,0x00,0x00,0x00,0x00,0x48,
0x8b,0x8c,0x24,0xf8,0x14,0x00,0x00,0x48,0x8d,0x11,0x88,0x84,0x24,0x40,0x1d,0x00,
0x00,0x48,0x8b,0x84,0x24,0x88,0x00,0x00,0x00,0x48,0x8d,0x18,0x4c,0x8b,0x84,0x24,
0xf0,0x14,0x00,0x00,0x49,0x8d,0x28,0x4c,0x8b,0x8c,0x24,0x48,0x15,0x00,0x00,0x49,
0x8d,0x31,0x4c,0x8d,0xb4,0x24,0xb8,0x1f,0x00,0x00,0x48,0x8b,0x84,0x24,0x20,0x15,
0x00,0x00,0x4c,0x8d,0x28,0x4c,0x8d,0x25,0xfc,0x82,0x00,0x00,0x48,0x8b,0x84,0x24,
0x88,0x00,0x00,0x00,0x4c,0x8d,0x98,0x60,0x01,0x00,0x00,0x0f,0xb6,0x84,0x24,0x40,
0x1d,0x00,0x00,0x88,0x84,0x24,0xb6,0x20,0x00,0x00,0x48,0x8d,0x84,0x24,0xb6,0x20,
0x00,0x00,0x48,0x89,0x84,0x24,0x38,0x1d,0x00,0x00,0x48,0x8b,0x84,0x24,0xe0,0x14,
0x00,0x00,0x48,0x8d,0x38,0x48,0x8d,0x84,0x24,0xb4,0x1f,0x00,0x00,0x4c,0x8d,0x94,
0x24,0x80,0x20,0x00,0x00,0x48,0x89,0x84,0x24,0x30,0x1d,0x00,0x00,0x48,0x8b,0x84,
0x24,0x10,0x15,0x00,0x00,0x4c,0x8d,0x38,0x48,0x8b,0x84,0x24,0x08,0x15,0x00,0x00,
0x48,0x8d,0x08,0x48,0x8b,0x05,0x76,0x87,0x00,0x00,0x4c,0x89,0x74,0x24,0x20,0x4c,
0x89,0x6c,0x24,0x28,0x4c,0x89,0x64,0x24,0x30,0x4c,0x89,0x5c,0x24,0x38,0x48,0x89,
0xb4,0x24,0xb0,0x1c,0x00,0x00,0x48,0x8b,0xb4,0x24,0x38,0x1d,0x00,0x00,0x48,0x89,
0x74,0x24,0x40,0x48,0x89,0x7c,0x24,0x48,0x48,0x89,0x84,0x24,0xa0,0x1c,0x00,0x00,
0x48,0x8b,0x84,0x24,0x30,0x1d,0x00,0x00,0x48,0x89,0x44,0x24,0x50,0x4c,0x89,0x54,
0x24,0x58,0x4c,0x89,0x7c,0x24,0x60,0x48,0x89,0x4c,0x24,0x68,0x4c,0x8b,0x94,0x24,
0xa0,0x1c,0x00,0x00,0x48,0x89,0x94,0x24,0x68,0x1c,0x00,0x00,0x48,0x8b,0x8c,0x24,
0x68,0x1c,0x00,0x00,0x48,0x89,0xda,0x49,0x89,0xe8,0x4c,0x8b,0x8c,0x24,0xb0,0x1c,
0x00,0x00,0x41,0xff,0x12,0x80,0xbc,0x24,0xac,0x20,0x00,0x00,0x00,0x0f,0x84,0x26,
0x00,0x00,0x00,0x8b,0x84,0x24,0xb0,0x20,0x00,0x00,0x3b,0x05,0xf0,0x81,0x00,0x00,
0x0f,0x94,0xc0,0x3c,0x00,0x0f,0x84,0x07,0x00,0x00,0x00,0xb0,0x01,0xe9,0x0e,0x00,
0x00,0x00,0xb0,0x00,0xe9,0x07,0x00,0x00,0x00,0xb0,0x00,0xe9,0x00,0x00,0x00,0x00,
0x48,0x8b,0x8c,0x24,0xf8,0x14,0x00,0x00,0x48,0x8d,0x11,0x88,0x84,0x24,0x98,0x1c,
0x00,0x00,0x48,0x8b,0x84,0x24,0x88,0x00,0x00,0x00,0x48,0x8d,0x18,0x4c,0x8b,0x84,
0x24,0xf0,0x14,0x00,0x00,0x49,0x8d,0x28,0x4c,0x8b,0x8c,0x24,0x48,0x15,0x00,0x00,
0x49,0x8d,0x31,0x4c,0x8d,0xac,0x24,0xb8,0x1f,0x00,0x00,0x48,0x8b,0x84,0x24,0x20,
0x15,0x00,0x00,0x4c,0x8d,0x30,0x4c,0x8d,0x1d,0x83,0x81,0x00,0x00,0x48,0x8b,0x84,
0x24,0x88,0x00,0x00,0x00,0x4c,0x8d,0xa0,0x40,0x01,0x00,0x00,0x0f,0xb6,0x84,0x24,
0x98,0x1c,0x00,0x00,0x88,0x84,0x24,0xb7,0x20,0x00,0x00,0x4c,0x8d,0x94,0x24,0xb7,
0x20,0x00,0x00,0x48,0x8b,0x84,0x24,0xe0,0x14,0x00,0x00,0x48,0x8d,0x38,0x48,0x8d,
0x84,0x24,0xb4,0x1f,0x00,0x00,0x4c,0x8d,0xbc,0x24,0x80,0x20,0x00,0x00,0x48,0x89,
0x84,0x24,0x10,0x1c,0x00,0x00,0x48,0x8b,0x84,0x24,0x10,0x15,0x00,0x00,0x48,0x8d,
0x00,0x48,0x89,0x84,0x24,0x08,0x1c,0x00,0x00,0x48,0x8b,0x84,0x24,0x08,0x15,0x00,
0x00,0x48,0x8d,0x08,0x48,0x8b,0x05,0x05,0x86,0x00,0x00,0x4c,0x89,0x6c,0x24,0x20,
0x4c,0x89,0x74,0x24,0x28,0x4c,0x89,0x5c,0x24,0x30,0x4c,0x89,0x64,0x24,0x38,0x4c,
0x89,0x54,0x24,0x40,0x48,0x89,0x7c,0x24,0x48,0x48,0x89,0xac,0x24,0x00,0x1c,0x00,
0x00,0x48,0x8b,0xac,0x24,0x10,0x1c,0x00,0x00,0x48,0x89,0x6c,0x24,0x50,0x4c,0x89,
0x7c,0x24,0x58,0x48,0x89,0x9c,0x24,0xf8,0x1b,0x00,0x00,0x48,0x8b,0x9c,0x24,0x08,
0x1c,0x00,0x00,0x48,0x89,0x5c,0x24,0x60,0x48,0x89,0x4c,0x24,0x68,0x48,0x89,0x94,
0x24,0xf0,0x1b,0x00,0x00,0x48,0x8b,0x8c,0x24,0xf0,0x1b,0x00,0x00,0x48,0x8b,0x94,
0x24,0xf8,0x1b,0x00,0x00,0x4c,0x8b,0x84,0x24,0x00,0x1c,0x00,0x00,0x49,0x89,0xf1,
0xff,0x10,0x80,0xbc,0x24,0xac,0x20,0x00,0x00,0x00,0x0f,0x84,0x26,0x00,0x00,0x00,
0x8b,0x84,0x24,0xb0,0x20,0x00,0x00,0x3b,0x05,0xfb,0x80,0x00,0x00,0x0f,0x94,0xc0,
0x3c,0x00,0x0f,0x84,0x07,0x00,0x00,0x00,0xb0,0x01,0xe9,0x0e,0x00,0x00,0x00,0xb0,
0x00,0xe9,0x07,0x00,0x00,0x00,0xb0,0x00,0xe9,0x00,0x00,0x00,0x00,0x48,0x8b,0x8c,
0x24,0xf8,0x14,0x00,0x00,0x48,0x8d,0x11,0x88,0x84,0x24,0xe0,0x1b,0x00,0x00,0x48,
0x8b,0x84,0x24,0x88,0x00,0x00,0x00,0x48,0x8d,0x18,0x4c,0x8b,0x84,0x24,0xf0,0x14,
0x00,0x00,0x49,0x8d,0x28,0x4c,0x8b,0x8c,0x24,0x48,0x15,0x00,0x00,0x49,0x8d,0x31,
0x4c,0x8d,0xac,0x24,0xb8,0x1f,0x00,0x00,0x48,0x8b,0x84,0x24,0x20,0x15,0x00,0x00,
0x4c,0x8d,0x30,0x4c,0x8d,0x25,0x92,0x80,0x00,0x00,0x48,0x8b,0x84,0x24,0x88,0x00,
0x00,0x00,0x4c,0x8d,0x98,0x78,0x01,0x00,0x00,0x0f,0xb6,0x84,0x24,0xe0,0x1b,0x00,
0x00,0x88,0x84,0x24,0xb8,0x20,0x00,0x00,0x4c,0x8d,0x94,0x24,0xb8,0x20,0x00,0x00,
0x48,0x8b,0x84,0x24,0xe0,0x14,0x00,0x00,0x48,0x8d,0x38,0x48,0x8d,0x84,0x24,0xb4,
0x1f,0x00,0x00,0x4c,0x8d,0xbc,0x24,0x80,0x20,0x00,0x00,0x48,0x89,0x84,0x24,0xb0,
0x1b,0x00,0x00,0x48,0x8b,0x84,0x24,0x10,0x15,0x00,0x00,0x48,0x8d,0x00,0x48,0x89,
0x84,0x24,0xd8,0x1b,0x00,0x00,0x48,0x8b,0x84,0x24,0x08,0x15,0x00,0x00,0x48,0x8d,
0x08,0x48,0x8b,0x05,0x98,0x84,0x00,0x00,0x4c,0x89,0x6c,0x24,0x20,0x4c,0x89,0x74,
0x24,0x28,0x4c,0x89,0x64,0x24,0x30,0x4c,0x89,0x5c,0x24,0x38,0x4c,0x89,0x54,0x24,
0x40,0x48,0x89,0x7c,0x24,0x48,0x48,0x89,0xb4,0x24,0xd0,0x1b,0x00,0x00,0x48,0x8b,
0xb4,0x24,0xb0,0x1b,0x00,0x00,0x48,0x89,0x74,0x24,0x50,0x4c,0x89,0x7c,0x24,0x58,
0x48,0x89,0xac,0x24,0xc8,0x1b,0x00,0x00,0x48,0x8b,0xac,0x24,0xd8,0x1b,0x00,0x00,
0x48,0x89,0x6c,0x24,0x60,0x48,0x89,0x4c,0x24,0x68,0x48,0x89,0x94,0x24,0xc0,0x1b,
0x00,0x00,0x48,0x8b,0x8c,0x24,0xc0,0x1b,0x00,0x00,0x48,0x89,0xda,0x4c,0x8b,0x84,
0x24,0xc8,0x1b,0x00,0x00,0x4c,0x8b,0x8c,0x24,0xd0,0x1b,0x00,0x00,0xff,0x10,0x80,
0xbc,0x24,0xac,0x20,0x00,0x00,0x00,0x0f,0x84,0x26,0x00,0x00,0x00,0x8b,0x84,0x24,
0xb0,0x20,0x00,0x00,0x3b,0x05,0x92,0x7f,0x00,0x00,0x0f,0x94,0xc0,0x3c,0x00,0x0f,
0x84,0x07,0x00,0x00,0x00,0xb0,0x01,0xe9,0x0e,0x00,0x00,0x00,0xb0,0x00,0xe9,0x07,
0x00,0x00,0x00,0xb0,0x00,0xe9,0x00,0x00,0x00,0x00,0x48,0x8b,0x8c,0x24,0xf8,0x14,
0x00,0x00,0x48,0x8d,0x11,0x88,0x84,0x24,0x18,0x1c,0x00,0x00,0x48,0x8b,0x84,0x24,
0x88,0x00,0x00,0x00,0x48,0x8d,0x18,0x4c,0x8b,0x84,0x24,0xf0,0x14,0x00,0x00,0x49,
0x8d,0x28,0x4c,0x8b,0x8c,0x24,0x48,0x15,0x00,0x00,0x49,0x8d,0x31,0x4c,0x8d,0x9c,
0x24,0xb8,0x1f,0x00,0x00,0x48,0x8b,0x84,0x24,0x20,0x15,0x00,0x00,0x4c,0x8d,0x20,
0x4c,0x8d,0x2d,0x29,0x7f,0x00,0x00,0x48,0x8b,0x84,0x24,0x88,0x00,0x00,0x00,0x4c,
0x8d,0xb0,0x28,0x01,0x00,0x00,0x0f,0xb6,0x84,0x24,0x18,0x1c,0x00,0x00,0x88,0x84,
0x24,0xb9,0x20,0x00,0x00,0x4c,0x8d,0x94,0x24,0xb9,0x20,0x00,0x00,0x48,0x8b,0x84,
0x24,0xe0,0x14,0x00,0x00,0x48,0x8d,0x38,0x48,0x8d,0x84,0x24,0xb4,0x1f,0x00,0x00,
0x4c,0x8d,0xbc,0x24,0x80,0x20,0x00,0x00,0x48,0x89,0x84,0x24,0xe8,0x1b,0x00,0x00,
0x48,0x8b,0x84,0x24,0x10,0x15,0x00,0x00,0x48,0x8d,0x00,0x48,0x89,0x84,0x24,0x20,
0x1c,0x00,0x00,0x48,0x8b,0x84,0x24,0x08,0x15,0x00,0x00,0x48,0x8d,0x08,0x48,0x8b,
0x05,0x2b,0x83,0x00,0x00,0x4c,0x89,0x5c,0x24,0x20,0x4c,0x89,0x64,0x24,0x28,0x4c,
0x89,0x6c,0x24,0x30,0x4c,0x89,0x74,0x24,0x38,0x4c,0x89,0x54,0x24,0x40,0x48,0x89,
0x7c,0x24,0x48,0x48,0x89,0xb4,0x24,0x30,0x1c,0x00,0x00,0x48,0x8b,0xb4,0x24,0xe8,
0x1b,0x00,0x00,0x48,0x89,0x74,0x24,0x50,0x4c,0x89,0x7c,0x24,0x58,0x48,0x89,0x94,
0x24,0x90,0x1c,0x00,0x00,0x48,0x8b,0x94,0x24,0x20,0x1c,0x00,0x00,0x48,0x89,0x54,
0x24,0x60,0x48,0x89,0x4c,0x24,0x68,0x48,0x8b,0x8c,0x24,0x90,0x1c,0x00,0x00,0x48,
0x89,0xda,0x49,0x89,0xe8,0x4c,0x8b,0x8c,0x24,0x30,0x1c,0x00,0x00,0xff,0x10,0x80,
0xbc,0x24,0xac,0x20,0x00,0x00,0x00,0x0f,0x84,0x26,0x00,0x00,0x00,0x8b,0x84,0x24,
0xb0,0x20,0x00,0x00,0x3b,0x05,0x36,0x7e,0x00,0x00,0x0f,0x94,0xc0,0x3c,0x00,0x0f,
0x84,0x07,0x00,0x00,0x00,0xb0,0x01,0xe9,0x0e,0x00,0x00,0x00,0xb0,0x00,0xe9,0x07,
0x00,0x00,0x00,0xb0,0x00,0xe9,0x00,0x00,0x00,0x00,0x48,0x8b,0x8c,0x24,0xf8,0x14,
0x00,0x00,0x48,0x8d,0x11,0x88,0x84,0x24,0x88,0x1c,0x00,0x00,0x48,0x8b,0x84,0x24,
0x88,0x00,0x00,0x00,0x48,0x8d,0x18,0x4c,0x8b,0x84,0x24,0xf0,0x14,0x00,0x00,0x49,
0x8d,0x28,0x4c,0x8b,0x8c,0x24,0x48,0x15,0x00,0x00,0x49,0x8d,0x31,0x4c,0x8d,0x9c,
0x24,0xb8,0x1f,0x00,0x00,0x48,0x8b,0x84,0x24,0x20,0x15,0x00,0x00,0x4c,0x8d,0x28,
0x4c,0x8d,0x35,0xcd,0x7d,0x00,0x00,0x48,0x8b,0x84,0x24,0x88,0x00,0x00,0x00,0x4c,
0x8d,0xa0,0x30,0x01,0x00,0x00,0x0f,0xb6,0x84,0x24,0x88,0x1c,0x00,0x00,0x88,0x84,
0x24,0xba,0x20,0x00,0x00,0x48,0x8d,0x84,0x24,0xba,0x20,0x00,0x00,0x48,0x89,0x84,
0x24,0x80,0x1c,0x00,0x00,0x48,0x8b,0x84,0x24,0xe0,0x14,0x00,0x00,0x48,0x8d,0x38,
0x48,0x8d,0x84,0x24,0xb4,0x1f,0x00,0x00,0x4c,0x8d,0x94,0x24,0x80,0x20,0x00,0x00,
0x48,0x89,0x84,0x24,0x78,0x1c,0x00,0x00,0x48,0x8b,0x84,0x24,0x10,0x15,0x00,0x00,
0x4c,0x8d,0x38,0x48,0x8b,0x84,0x24,0x08,0x15,0x00,0x00,0x48,0x8d,0x08,0x48,0x8b,
0x05,0xcb,0x81,0x00,0x00,0x4c,0x89,0x5c,0x24,0x20,0x4c,0x89,0x6c,0x24,0x28,0x4c,
0x89,0x74,0x24,0x30,0x4c,0x89,0x64,0x24,0x38,0x48,0x89,0x94,0x24,0x70,0x1c,0x00,
0x00,0x48,0x8b,0x94,0x24,0x80,0x1c,0x00,0x00,0x48,0x89,0x54,0x24,0x40,0x48,0x89,
0x7c,0x24,0x48,0x48,0x89,0x84,0x24,0x60,0x1c,0x00,0x00,0x48,0x8b,0x84,0x24,0x78,
0x1c,0x00,0x00,0x48,0x89,0x44,0x24,0x50,0x4c,0x89,0x54,0x24,0x58,0x4c,0x89,0x7c,
0x24,0x60,0x48,0x89,0x4c,0x24,0x68,0x48,0x89,0x9c,0x24,0x28,0x1c,0x00,0x00,0x48,
0x8b,0x9c,0x24,0x60,0x1c,0x00,0x00,0x48,0x8b,0x8c,0x24,0x70,0x1c,0x00,0x00,0x48,
0x8b,0x94,0x24,0x28,0x1c,0x00,0x00,0x49,0x89,0xe8,0x49,0x89,0xf1,0xff,0x13,0x80,
0xbc,0x24,0xac,0x20,0x00,0x00,0x00,0x0f,0x84,0x26,0x00,0x00,0x00,0x8b,0x84,0x24,
0xb0,0x20,0x00,0x00,0x3b,0x05,0xca,0x7c,0x00,0x00,0x0f,0x94,0xc0,0x3c,0x00,0x0f,
0x84,0x07,0x00,0x00,0x00,0xb0,0x01,0xe9,0x0e,0x00,0x00,0x00,0xb0,0x00,0xe9,0x07,
0x00,0x00,0x00,0xb0,0x00,0xe9,0x00,0x00,0x00,0x00,0x48,0x8b,0x8c,0x24,0xf8,0x14,
0x00,0x00,0x48,0x8d,0x11,0x88,0x84,0x24,0x58,0x1c,0x00,0x00,0x48,0x8b,0x84,0x24,
0x88,0x00,0x00,0x00,0x48,0x8d,0x18,0x4c,0x8b,0x84,0x24,0xf0,0x14,0x00,0x00,0x49,
0x8d,0x28,0x4c,0x8b,0x8c,0x24,0x48,0x15,0x00,0x00,0x49,0x8d,0x31,0x4c,0x8d,0x9c,
0x24,0xb8,0x1f,0x00,0x00,0x48,0x8b,0x84,0x24,0x20,0x15,0x00,0x00,0x4c,0x8d,0x20,
0x4c,0x8d,0x2d,0x61,0x7c,0x00,0x00,0x48,0x8b,0x84,0x24,0x88,0x00,0x00,0x00,0x4c,
0x8d,0xb0,0x20,0x01,0x00,0x00,0x0f,0xb6,0x84,0x24,0x58,0x1c,0x00,0x00,0x88,0x84,
0x24,0xbb,0x20,0x00,0x00,0x48,0x8d,0x84,0x24,0xbb,0x20,0x00,0x00,0x48,0x89,0x84,
0x24,0x50,0x1c,0x00,0x00,0x48,0x8b,0x84,0x24,0xe0,0x14,0x00,0x00,0x48,0x8d,0x38,
0x48,0x8d,0x84,0x24,0xb4,0x1f,0x00,0x00,0x4c,0x8d,0x94,0x24,0x80,0x20,0x00,0x00,
0x48,0x89,0x84,0x24,0x48,0x1c,0x00,0x00,0x48,0x8b,0x84,0x24,0x10,0x15,0x00,0x00,
0x4c,0x8d,0x38,0x48,0x8b,0x84,0x24,0x08,0x15,0x00,0x00,0x48,0x8d,0x08,0x48,0x8b,
0x05,0x5b,0x80,0x00,0x00,0x4c,0x89,0x5c,0x24,0x20,0x4c,0x89,0x64,0x24,0x28,0x4c,
0x89,0x6c,0x24,0x30,0x4c,0x89,0x74,0x24,0x38,0x48,0x89,0xac,0x24,0x40,0x1c,0x00,
0x00,0x48,0x8b,0xac,0x24,0x50,0x1c,0x00,0x00,0x48,0x89,0x6c,0x24,0x40,0x48,0x89,
0x7c,0x24,0x48,0x48,0x89,0x9c,0x24,0x38,0x1c,0x00,0x00,0x48,0x8b,0x9c,0x24,0x48,
0x1c,0x00,0x00,0x48,0x89,0x5c,0x24,0x50,0x4c,0x89,0x54,0x24,0x58,0x4c,0x89,0x7c,
0x24,0x60,0x48,0x89,0x4c,0x24,0x68,0x48,0x89,0x94,0x24,0x88,0x1d,0x00,0x00,0x48,
0x8b,0x8c,0x24,0x88,0x1d,0x00,0x00,0x48,0x8b,0x94,0x24,0x38,0x1c,0x00,0x00,0x4c,
0x8b,0x84,0x24,0x40,0x1c,0x00,0x00,0x49,0x89,0xf1,0xff,0x10,0x80,0xbc,0x24,0xac,
0x20,0x00,0x00,0x00,0x0f,0x84,0x26,0x00,0x00,0x00,0x8b,0x84,0x24,0xb0,0x20,0x00,
0x00,0x3b,0x05,0x61,0x7b,0x00,0x00,0x0f,0x94,0xc0,0x3c,0x00,0x0f,0x84,0x07,0x00,
0x00,0x00,0xb0,0x01,0xe9,0x0e,0x00,0x00,0x00,0xb0,0x00,0xe9,0x07,0x00,0x00,0x00,
0xb0,0x00,0xe9,0x00,0x00,0x00,0x00,0x48,0x8b,0x8c,0x24,0xf8,0x14,0x00,0x00,0x48,
0x8d,0x11,0x88,0x84,0x24,0x60,0x1d,0x00,0x00,0x48,0x8b,0x84,0x24,0x88,0x00,0x00,
0x00,0x48,0x8d,0x18,0x4c,0x8b,0x84,0x24,0xf0,0x14,0x00,0x00,0x49,0x8d,0x28,0x4c,
0x8b,0x8c,0x24,0x48,0x15,0x00,0x00,0x49,0x8d,0x31,0x4c,0x8d,0x9c,0x24,0xb8,0x1f,
0x00,0x00,0x48,0x8b,0x84,0x24,0x20,0x15,0x00,0x00,0x4c,0x8d,0x30,0x4c,0x8d,0x2d,
0xf8,0x7a,0x00,0x00,0x48,0x8b,0x84,0x24,0x88,0x00,0x00,0x00,0x4c,0x8d,0xa0,0x50,
0x01,0x00,0x00,0x0f,0xb6,0x84,0x24,0x60,0x1d,0x00,0x00,0x88,0x84,0x24,0xbc,0x20,
0x00,0x00,0x48,0x8d,0xbc,0x24,0xbc,0x20,0x00,0x00,0x48,0x8b,0x84,0x24,0xe0,0x14,
0x00,0x00,0x4c,0x8d,0x10,0x48,0x8d,0x84,0x24,0xb4,0x1f,0x00,0x00,0x4c,0x8d,0xbc,
0x24,0x80,0x20,0x00,0x00,0x48,0x89,0x84,0x24,0x90,0x1d,0x00,0x00,0x48,0x8b,0x84,
0x24,0x10,0x15,0x00,0x00,0x48,0x8d,0x00,0x48,0x89,0x84,0x24,0xa0,0x1d,0x00,0x00,
0x48,0x8b,0x84,0x24,0x08,0x15,0x00,0x00,0x48,0x8d,0x08,0x48,0x8b,0x05,0xee,0x7e,
0x00,0x00,0x4c,0x89,0x5c,0x24,0x20,0x4c,0x89,0x74,0x24,0x28,0x4c,0x89,0x6c,0x24,
0x30,0x4c,0x89,0x64,0x24,0x38,0x48,0x89,0x7c,0x24,0x40,0x4c,0x89,0x54,0x24,0x48,
0x48,0x89,0xb4,0x24,0xf8,0x1e,0x00,0x00,0x48,0x8b,0xb4,0x24,0x90,0x1d,0x00,0x00,
0x48,0x89,0x74,0x24,0x50,0x4c,0x89,0x7c,0x24,0x58,0x48,0x89,0x84,0x24,0xf0,0x1e,
0x00,0x00,0x48,0x8b,0x84,0x24,0xa0,0x1d,0x00,0x00,0x48,0x89,0x44,0x24,0x60,0x48,
0x89,0x4c,0x24,0x68,0x48,0x89,0x94,0x24,0xe8,0x1e,0x00,0x00,0x48,0x89,0x9c,0x24,
0xe0,0x1e,0x00,0x00,0x48,0x8b,0x9c,0x24,0xf0,0x1e,0x00,0x00,0x48,0x8b,0x8c,0x24,
0xe8,0x1e,0x00,0x00,0x48,0x8b,0x94,0x24,0xe0,0x1e,0x00,0x00,0x49,0x89,0xe8,0x4c,
0x8b,0x8c,0x24,0xf8,0x1e,0x00,0x00,0xff,0x13,0x80,0xbc,0x24,0xac,0x20,0x00,0x00,
0x00,0x0f,0x84,0x26,0x00,0x00,0x00,0x8b,0x84,0x24,0xb0,0x20,0x00,0x00,0x3b,0x05,
0xec,0x79,0x00,0x00,0x0f,0x94,0xc0,0x3c,0x00,0x0f,0x84,0x07,0x00,0x00,0x00,0xb0,
0x01,0xe9,0x0e,0x00,0x00,0x00,0xb0,0x00,0xe9,0x07,0x00,0x00,0x00,0xb0,0x00,0xe9,
0x00,0x00,0x00,0x00,0x48,0x8b,0x8c,0x24,0xf8,0x14,0x00,0x00,0x48,0x8d,0x11,0x88,
0x84,0x24,0xd8,0x1e,0x00,0x00,0x48,0x8b,0x84,0x24,0x88,0x00,0x00,0x00,0x48,0x8d,
0x18,0x4c,0x8b,0x84,0x24,0xf0,0x14,0x00,0x00,0x49,0x8d,0x00,0x4c,0x8b,0x8c,0x24,
0x48,0x15,0x00,0x00,0x49,0x8d,0x29,0x4c,0x8d,0xa4,0x24,0xb8,0x1f,0x00,0x00,0x48,
0x89,0x84,0x24,0xc8,0x1e,0x00,0x00,0x48,0x8b,0x84,0x24,0x20,0x15,0x00,0x00,0x4c,
0x8d,0x18,0x0f,0xb6,0x84,0x24,0xd8,0x1e,0x00,0x00,0x88,0x84,0x24,0xbd,0x20,0x00,
0x00,0x4c,0x8d,0x94,0x24,0xbd,0x20,0x00,0x00,0x48,0x8b,0x84,0x24,0xe0,0x14,0x00,
0x00,0x48,0x8d,0x38,0x48,0x8d,0x84,0x24,0xb4,0x1f,0x00,0x00,0x48,0x8d,0xb4,0x24,
0x80,0x20,0x00,0x00,0x48,0x89,0x84,0x24,0x90,0x1e,0x00,0x00,0x48,0x8b,0x84,0x24,
0x10,0x15,0x00,0x00,0x4c,0x8d,0x28,0x48,0x8b,0x84,0x24,0x08,0x15,0x00,0x00,0x4c,
0x8d,0x30,0x48,0x8b,0x05,0x8f,0x7d,0x00,0x00,0x4c,0x89,0x64,0x24,0x20,0x4c,0x89,
0x5c,0x24,0x28,0x4c,0x89,0x54,0x24,0x30,0x48,0x89,0x7c,0x24,0x38,0x48,0x89,0xac,
0x24,0xc0,0x1e,0x00,0x00,0x48,0x8b,0xac,0x24,0x90,0x1e,0x00,0x00,0x48,0x89,0x6c,
0x24,0x40,0x48,0x89,0x74,0x24,0x48,0x4c,0x89,0x6c,0x24,0x50,0x4c,0x89,0x74,0x24,
0x58,0x48,0x89,0x94,0x24,0xb8,0x1e,0x00,0x00,0x48,0x8b,0x8c,0x24,0xb8,0x1e,0x00,
0x00,0x48,0x89,0xda,0x4c,0x8b,0x84,0x24,0xc8,0x1e,0x00,0x00,0x4c,0x8b,0x8c,0x24,
0xc0,0x1e,0x00,0x00,0xff,0x10,0x80,0xbc,0x24,0xac,0x20,0x00,0x00,0x00,0x0f,0x84,
0x26,0x00,0x00,0x00,0x8b,0x84,0x24,0xb0,0x20,0x00,0x00,0x3b,0x05,0xb3,0x78,0x00,
0x00,0x0f,0x94,0xc0,0x3c,0x00,0x0f,0x84,0x07,0x00,0x00,0x00,0xb0,0x01,0xe9,0x0e,
0x00,0x00,0x00,0xb0,0x00,0xe9,0x07,0x00,0x00,0x00,0xb0,0x00,0xe9,0x00,0x00,0x00,
0x00,0x48,0x8b,0x8c,0x24,0xf8,0x14,0x00,0x00,0x48,0x8d,0x11,0x88,0x84,0x24,0xb0,
0x1e,0x00,0x00,0x48,0x8b,0x84,0x24,0x88,0x00,0x00,0x00,0x48,0x8d,0x18,0x4c,0x8b,
0x84,0x24,0xf0,0x14,0x00,0x00,0x49,0x8d,0x28,0x4c,0x8b,0x8c,0x24,0x48,0x15,0x00,
0x00,0x49,0x8d,0x31,0x4c,0x8d,0xac,0x24,0xb8,0x1f,0x00,0x00,0x48,0x8b,0x84,0x24,
0x20,0x15,0x00,0x00,0x4c,0x8d,0x18,0x4c,0x8d,0x25,0x42,0x78,0x00,0x00,0x48,0x8b,
0x84,0x24,0x88,0x00,0x00,0x00,0x4c,0x8d,0xb0,0x70,0x01,0x00,0x00,0x0f,0xb6,0x84,
0x24,0xb0,0x1e,0x00,0x00,0x88,0x84,0x24,0xbe,0x20,0x00,0x00,0x48,0x8d,0x84,0x24,
0xbe,0x20,0x00,0x00,0x48,0x89,0x84,0x24,0xa8,0x1e,0x00,0x00,0x48,0x8b,0x84,0x24,
0xe0,0x14,0x00,0x00,0x48,0x8d,0x38,0x48,0x8d,0x84,0x24,0xb4,0x1f,0x00,0x00,0x4c,
0x8d,0x94,0x24,0x80,0x20,0x00,0x00,0x48,0x89,0x84,0x24,0xa0,0x1e,0x00,0x00,0x48,
0x8b,0x84,0x24,0x10,0x15,0x00,0x00,0x4c,0x8d,0x38,0x48,0x8b,0x84,0x24,0x08,0x15,
0x00,0x00,0x48,0x8d,0x08,0x48,0x8b,0x05,0x34,0x7c,0x00,0x00,0x4c,0x89,0x6c,0x24,
0x20,0x4c,0x89,0x5c,0x24,0x28,0x4c,0x89,0x64,0x24,0x30,0x4c,0x89,0x74,0x24,0x38,
0x48,0x89,0x9c,0x24,0x00,0x1f,0x00,0x00,0x48,0x8b,0x9c,0x24,0xa8,0x1e,0x00,0x00,
0x48,0x89,0x5c,0x24,0x40,0x48,0x89,0x7c,0x24,0x48,0x48,0x89,0x94,0x24,0xd0,0x1e,
0x00,0x00,0x48,0x8b,0x94,0x24,0xa0,0x1e,0x00,0x00,0x48,0x89,0x54,0x24,0x50,0x4c,
0x89,0x54,0x24,0x58,0x4c,0x89,0x7c,0x24,0x60,0x48,0x89,0x4c,0x24,0x68,0x48,0x8b,
0x8c,0x24,0xd0,0x1e,0x00,0x00,0x48,0x8b,0x94,0x24,0x00,0x1f,0x00,0x00,0x49,0x89,
0xe8,0x49,0x89,0xf1,0xff,0x10,0x80,0xbc,0x24,0xac,0x20,0x00,0x00,0x00,0x0f,0x84,
0x26,0x00,0x00,0x00,0x8b,0x84,0x24,0xb0,0x20,0x00,0x00,0x3b,0x05,0x4b,0x77,0x00,
0x00,0x0f,0x94,0xc0,0x3c,0x00,0x0f,0x84,0x07,0x00,0x00,0x00,0xb0,0x01,0xe9,0x0e,
0x00,0x00,0x00,0xb0,0x00,0xe9,0x07,0x00,0x00,0x00,0xb0,0x00,0xe9,0x00,0x00,0x00,
0x00,0x48,0x8b,0x8c,0x24,0xf8,0x14,0x00,0x00,0x48,0x8d,0x11,0x88,0x84,0x24,0x08,
0x1f,0x00,0x00,0x48,0x8b,0x84,0x24,0x88,0x00,0x00,0x00,0x48,0x8d,0x18,0x4c,0x8b,
0x84,0x24,0xf0,0x14,0x00,0x00,0x49,0x8d,0x28,0x4c,0x8b,0x8c,0x24,0x48,0x15,0x00,
0x00,0x49,0x8d,0x31,0x4c,0x8d,0xac,0x24,0xb8,0x1f,0x00,0x00,0x48,0x8b,0x84,0x24,
0x20,0x15,0x00,0x00,0x4c,0x8d,0x30,0x4c,0x8d,0x25,0xe6,0x76,0x00,0x00,0x48,0x8b,
0x84,0x24,0x88,0x00,0x00,0x00,0x4c,0x8d,0x98,0x48,0x01,0x00,0x00,0x0f,0xb6,0x84,
0x24,0x08,0x1f,0x00,0x00,0x88,0x84,0x24,0xbf,0x20,0x00,0x00,0x48,0x8d,0x84,0x24,
0xbf,0x20,0x00,0x00,0x48,0x89,0x84,0x24,0x18,0x1f,0x00,0x00,0x48,0x8b,0x84,0x24,
0xe0,0x14,0x00,0x00,0x48,0x8d,0x38,0x48,0x8d,0x84,0x24,0xb4,0x1f,0x00,0x00,0x4c,
0x8d,0x94,0x24,0x80,0x20,0x00,0x00,0x48,0x89,0x84,0x24,0xb0,0x21,0x00,0x00,0x48,
0x8b,0x84,0x24,0x10,0x15,0x00,0x00,0x4c,0x8d,0x38,0x48,0x8b,0x84,0x24,0x08,0x15,
0x00,0x00,0x48,0x8d,0x08,0x48,0x8b,0x05,0xd4,0x7a,0x00,0x00,0x4c,0x89,0x6c,0x24,
0x20,0x4c,0x89,0x74,0x24,0x28,0x4c,0x89,0x64,0x24,0x30,0x4c,0x89,0x5c,0x24,0x38,
0x48,0x89,0xac,0x24,0xa8,0x21,0x00,0x00,0x48,0x8b,0xac,0x24,0x18,0x1f,0x00,0x00,
0x48,0x89,0x6c,0x24,0x40,0x48,0x89,0x7c,0x24,0x48,0x48,0x89,0x94,0x24,0xa0,0x21,
0x00,0x00,0x48,0x8b,0x94,0x24,0xb0,0x21,0x00,0x00,0x48,0x89,0x54,0x24,0x50,0x4c,
0x89,0x54,0x24,0x58,0x4c,0x89,0x7c,0x24,0x60,0x48,0x89,0x4c,0x24,0x68,0x48,0x8b,
0x8c,0x24,0xa0,0x21,0x00,0x00,0x48,0x89,0xda,0x4c,0x8b,0x84,0x24,0xa8,0x21,0x00,
0x00,0x49,0x89,0xf1,0xff,0x10,0x48,0x8b,0x84,0x24,0x88,0x00,0x00,0x00,0x48,0x8d,
0x08,0x48,0x8b,0x05,0x68,0x7a,0x00,0x00,0xff,0x10,0x48,0x8b,0x05,0x67,0x7a,0x00,
0x00,0x48,0x8b,0x15,0x40,0x79,0x00,0x00,0x8b,0x00,0x03,0x02,0x89,0x84,0x24,0xac,
0x20,0x00,0x00,0x48,0x8d,0x84,0x24,0xb0,0x20,0x00,0x00,0x48,0x8d,0x15,0xd6,0x75,
0x00,0x00,0x48,0x8b,0x0d,0xa7,0x79,0x00,0x00,0x48,0x89,0x84,0x24,0x98,0x21,0x00,
0x00,0x48,0x89,0x8c,0x24,0x90,0x21,0x00,0x00,0x48,0x8b,0x84,0x24,0x90,0x21,0x00,
0x00,0x48,0x8b,0x8c,0x24,0x98,0x21,0x00,0x00,0xff,0x10,0x48,0x8b,0x05,0x86,0x79,
0x00,0x00,0x48,0x8d,0x8c,0x24,0xc0,0x20,0x00,0x00,0x48,0x8d,0x94,0x24,0xac,0x20,
0x00,0x00,0x48,0x8d,0x00,0x48,0x8b,0x1d,0x24,0x79,0x00,0x00,0x49,0x89,0xc0,0xff,
0x13,0x48,0x8d,0x84,0x24,0xc8,0x20,0x00,0x00,0x48,0x8b,0x0d,0x30,0x77,0x00,0x00,
0x48,0x89,0x84,0x24,0x48,0x1f,0x00,0x00,0x48,0x89,0x8c,0x24,0x10,0x1f,0x00,0x00,
0x48,0x8b,0x84,0x24,0x10,0x1f,0x00,0x00,0x48,0x8b,0x8c,0x24,0x48,0x1f,0x00,0x00,
0xff,0x10,0x48,0x8b,0x84,0x24,0x88,0x00,0x00,0x00,0x48,0x8d,0x08,0x48,0x8d,0x84,
0x24,0xb0,0x20,0x00,0x00,0x48,0x8d,0x94,0x24,0xc0,0x20,0x00,0x00,0x48,0x8d,0x1d,
0x94,0x74,0x00,0x00,0x48,0x8d,0x2d,0x8d,0x74,0x00,0x00,0x48,0x8d,0x35,0x92,0x74,
0x00,0x00,0x48,0x8d,0xbc,0x24,0xc8,0x20,0x00,0x00,0x4c,0x8d,0x05,0x77,0x74,0x00,
0x00,0x4c,0x8b,0x0d,0x30,0x79,0x00,0x00,0x48,0x89,0x6c,0x24,0x20,0x48,0x89,0x74,
0x24,0x28,0x48,0x89,0x7c,0x24,0x30,0x4c,0x89,0x44,0x24,0x38,0x48,0x89,0x84,0x24,
0x40,0x1f,0x00,0x00,0x48,0x89,0x94,0x24,0x38,0x1f,0x00,0x00,0x4c,0x89,0x8c,0x24,
0x30,0x1f,0x00,0x00,0x48,0x8b,0x84,0x24,0x30,0x1f,0x00,0x00,0x48,0x8b,0x94,0x24,
0x40,0x1f,0x00,0x00,0x4c,0x8b,0x84,0x24,0x38,0x1f,0x00,0x00,0x49,0x89,0xd9,0xff,
0x10,0x48,0x8d,0x84,0x24,0xc8,0x20,0x00,0x00,0x48,0x8b,0x0d,0x68,0x76,0x00,0x00,
0x48,0x89,0x84,0x24,0x28,0x1f,0x00,0x00,0x48,0x89,0x8c,0x24,0x20,0x1f,0x00,0x00,
0x48,0x8b,0x84,0x24,0x20,0x1f,0x00,0x00,0x48,0x8b,0x8c,0x24,0x28,0x1f,0x00,0x00,
0xff,0x10,0x48,0x8d,0x84,0x24,0xc0,0x20,0x00,0x00,0x48,0x8b,0x0d,0x37,0x76,0x00,
0x00,0x48,0x89,0x84,0x24,0x98,0x1e,0x00,0x00,0x48,0x89,0x8c,0x24,0x88,0x1e,0x00,
0x00,0x48,0x8b,0x84,0x24,0x88,0x1e,0x00,0x00,0x48,0x8b,0x8c,0x24,0x98,0x1e,0x00,
0x00,0xff,0x10,0x48,0x8d,0x84,0x24,0xb0,0x20,0x00,0x00,0x48,0x8b,0x0d,0x46,0x78,
0x00,0x00,0x48,0x89,0x84,0x24,0x50,0x1e,0x00,0x00,0x48,0x89,0x8c,0x24,0x80,0x1e,
0x00,0x00,0x48,0x8b,0x84,0x24,0x80,0x1e,0x00,0x00,0x48,0x8b,0x8c,0x24,0x50,0x1e,
0x00,0x00,0xff,0x10,0x48,0x8b,0x84,0x24,0x38,0x15,0x00,0x00,0x48,0x8d,0x08,0x48,
0x89,0x8c,0x24,0xb8,0x20,0x00,0x00,0x48,0x8b,0x84,0x24,0xb8,0x20,0x00,0x00,0x48,
0x8b,0x10,0x48,0x8b,0x05,0x87,0x78,0x00,0x00,0x8b,0x58,0x04,0x3b,0x5a,0x04,0x0f,
0x84,0x28,0x00,0x00,0x00,0x48,0x8b,0x05,0x7c,0x78,0x00,0x00,0x48,0x89,0x94,0x24,
0xc0,0x20,0x00,0x00,0x83,0x7a,0x08,0xff,0x0f,0x84,0x24,0x00,0x00,0x00,0x39,0x5a,
0x08,0x0f,0x84,0x06,0x00,0x00,0x00,0x48,0x8b,0x52,0x28,0xeb,0xe7,0x48,0x8b,0x84,
0x24,0xb8,0x20,0x00,0x00,0x48,0x89,0x84,0x24,0xb0,0x20,0x00,0x00,0xe9,0x0c,0x00,
0x00,0x00,0x48,0xc7,0x84,0x24,0xb0,0x20,0x00,0x00,0x00,0x00,0x00,0x00,0x48,0x83,
0xbc,0x24,0xb0,0x20,0x00,0x00,0x00,0x0f,0x95,0xc0,0x3c,0x00,0x0f,0x84,0x9d,0x00,
0x00,0x00,0x48,0x8b,0x84,0x24,0xb0,0x20,0x00,0x00,0x48,0x8b,0x8c,0x24,0xf8,0x14,
0x00,0x00,0x48,0x8d,0x11,0x48,0x89,0x84,0x24,0xa0,0x19,0x00,0x00,0x48,0x8b,0x84,
0x24,0x88,0x00,0x00,0x00,0x48,0x8d,0x18,0x4c,0x8b,0x8c,0x24,0x48,0x15,0x00,0x00,
0x49,0x8d,0x01,0x48,0x89,0x84,0x24,0x98,0x19,0x00,0x00,0x48,0x8b,0x84,0x24,0xa0,
0x19,0x00,0x00,0x48,0x8d,0x00,0x48,0x89,0x84,0x24,0x90,0x19,0x00,0x00,0x48,0x8b,
0x84,0x24,0x30,0x15,0x00,0x00,0x48,0x8d,0x28,0x48,0x8b,0x84,0x24,0x20,0x15,0x00,
0x00,0x48,0x8d,0x30,0x48,0x8b,0x05,0xc5,0x77,0x00,0x00,0x48,0x89,0x6c,0x24,0x20,
0x48,0x89,0x74,0x24,0x28,0x48,0x89,0x94,0x24,0x88,0x19,0x00,0x00,0x48,0x8b,0x8c,
0x24,0x88,0x19,0x00,0x00,0x48,0x89,0xda,0x4c,0x8b,0x84,0x24,0x98,0x19,0x00,0x00,
0x4c,0x8b,0x8c,0x24,0x90,0x19,0x00,0x00,0xff,0x10,0xe9,0x00,0x00,0x00,0x00,0x48,
0x8b,0x84,0x24,0x88,0x00,0x00,0x00,0x48,0x8d,0x08,0x48,0x8b,0x05,0x5f,0x77,0x00,
0x00,0xff,0x10,0x48,0x8b,0x05,0x5e,0x77,0x00,0x00,0x48,0x8b,0x15,0x37,0x76,0x00,
0x00,0x8b,0x00,0x03,0x02,0x0f,0xaf,0x05,0x44,0x72,0x00,0x00,0x89,0x84,0x24,0xb0,
0x20,0x00,0x00,0x48,0x8b,0x1d,0xc6,0x76,0x00,0x00,0x48,0x8b,0x05,0xcf,0x76,0x00,
0x00,0x8b,0x00,0x0f,0xaf,0x05,0x2e,0x72,0x00,0x00,0x03,0x84,0x24,0xa8,0x20,0x00,
0x00,0x03,0x84,0x24,0xac,0x20,0x00,0x00,0x89,0xc2,0x03,0x94,0x24,0xb0,0x20,0x00,
0x00,0x8b,0x03,0x29,0xd0,0x89,0x84,0x24,0xb4,0x20,0x00,0x00,0x48,0x8d,0x84,0x24,
0xb8,0x20,0x00,0x00,0x48,0x8d,0x15,0x9d,0x72,0x00,0x00,0x48,0x8b,0x0d,0x5e,0x76,
0x00,0x00,0x48,0x89,0x84,0x24,0x78,0x19,0x00,0x00,0x48,0x89,0x8c,0x24,0x40,0x19,
0x00,0x00,0x48,0x8b,0x84,0x24,0x40,0x19,0x00,0x00,0x48,0x8b,0x8c,0x24,0x78,0x19,
0x00,0x00,0xff,0x10,0x48,0x8b,0x05,0xad,0x75,0x00,0x00,0x48,0x8d,0x8c,0x24,0xc8,
0x20,0x00,0x00,0x48,0x8d,0x94,0x24,0xb4,0x20,0x00,0x00,0x48,0x8d,0x00,0x48,0x8b,
0x1d,0xdb,0x75,0x00,0x00,0x49,0x89,0xc0,0xff,0x13,0x48,0x8b,0x84,0x24,0x88,0x00,
0x00,0x00,0x48,0x8d,0x08,0x48,0x8d,0x94,0x24,0xb8,0x20,0x00,0x00,0x48,0x8d,0x84,
0x24,0xc8,0x20,0x00,0x00,0x48,0x8b,0x1d,0xac,0x76,0x00,0x00,0x49,0x89,0xc0,0xff,
0x13,0x48,0x8d,0x84,0x24,0xc8,0x20,0x00,0x00,0x48,0x8b,0x0d,0xb8,0x73,0x00,0x00,
0x48,0x89,0x84,0x24,0x70,0x19,0x00,0x00,0x48,0x89,0x8c,0x24,0x68,0x19,0x00,0x00,
0x48,0x8b,0x84,0x24,0x68,0x19,0x00,0x00,0x48,0x8b,0x8c,0x24,0x70,0x19,0x00,0x00,
0xff,0x10,0x48,0x8d,0x84,0x24,0xb8,0x20,0x00,0x00,0x48,0x8b,0x0d,0xc7,0x75,0x00,
0x00,0x48,0x89,0x84,0x24,0x60,0x19,0x00,0x00,0x48,0x89,0x8c,0x24,0x58,0x19,0x00,
0x00,0x48,0x8b,0x84,0x24,0x58,0x19,0x00,0x00,0x48,0x8b,0x8c,0x24,0x60,0x19,0x00,
0x00,0xff,0x10,0x48,0x8d,0x84,0x24,0xb8,0x20,0x00,0x00,0x48,0x8d,0x15,0xbd,0x71,
0x00,0x00,0x48,0x8b,0x0d,0x77,0x75,0x00,0x00,0x48,0x89,0x84,0x24,0x50,0x19,0x00,
0x00,0x48,0x89,0x8c,0x24,0xd0,0x18,0x00,0x00,0x48,0x8b,0x84,0x24,0xd0,0x18,0x00,
0x00,0x48,0x8b,0x8c,0x24,0x50,0x19,0x00,0x00,0xff,0x10,0x48,0x8b,0x05,0x56,0x75,
0x00,0x00,0x48,0x8d,0x8c,0x24,0xc8,0x20,0x00,0x00,0x48,0x8d,0x94,0x24,0xb0,0x20,
0x00,0x00,0x48,0x8d,0x00,0x48,0x8b,0x1d,0xf4,0x74,0x00,0x00,0x49,0x89,0xc0,0xff,
0x13,0x48,0x8d,0x84,0x24,0xd0,0x20,0x00,0x00,0x48,0x8b,0x0d,0x00,0x73,0x00,0x00,
0x48,0x89,0x84,0x24,0xc0,0x18,0x00,0x00,0x48,0x89,0x8c,0x24,0x88,0x18,0x00,0x00,
0x48,0x8b,0x84,0x24,0x88,0x18,0x00,0x00,0x48,0x8b,0x8c,0x24,0xc0,0x18,0x00,0x00,
0xff,0x10,0x48,0x8b,0x84,0x24,0x88,0x00,0x00,0x00,0x48,0x8d,0x08,0x48,0x8d,0x84,
0x24,0xb8,0x20,0x00,0x00,0x48,0x8d,0x94,0x24,0xc8,0x20,0x00,0x00,0x48,0x8d,0x1d,
0x64,0x70,0x00,0x00,0x48,0x8d,0x35,0x5d,0x70,0x00,0x00,0x48,0x8d,0x2d,0x62,0x70,
0x00,0x00,0x48,0x8d,0xbc,0x24,0xd0,0x20,0x00,0x00,0x4c,0x8d,0x05,0x47,0x70,0x00,
0x00,0x4c,0x8b,0x0d,0x00,0x75,0x00,0x00,0x48,0x89,0x74,0x24,0x20,0x48,0x89,0x6c,
0x24,0x28,0x48,0x89,0x7c,0x24,0x30,0x4c,0x89,0x44,0x24,0x38,0x48,0x89,0x94,0x24,
0xb8,0x18,0x00,0x00,0x48,0x89,0x9c,0x24,0x30,0x18,0x00,0x00,0x4c,0x89,0x8c,0x24,
0x28,0x18,0x00,0x00,0x48,0x8b,0x9c,0x24,0x28,0x18,0x00,0x00,0x48,0x89,0xc2,0x4c,
0x8b,0x84,0x24,0xb8,0x18,0x00,0x00,0x4c,0x8b,0x8c,0x24,0x30,0x18,0x00,0x00,0xff,
0x13,0x48,0x8d,0x84,0x24,0xd0,0x20,0x00,0x00,0x48,0x8b,0x0d,0x38,0x72,0x00,0x00,
0x48,0x89,0x84,0x24,0x20,0x18,0x00,0x00,0x48,0x89,0x8c,0x24,0x18,0x18,0x00,0x00,
0x48,0x8b,0x84,0x24,0x18,0x18,0x00,0x00,0x48,0x8b,0x8c,0x24,0x20,0x18,0x00,0x00,
0xff,0x10,0x48,0x8d,0x84,0x24,0xc8,0x20,0x00,0x00,0x48,0x8b,0x0d,0x07,0x72,0x00,
0x00,0x48,0x89,0x84,0x24,0x10,0x18,0x00,0x00,0x48,0x89,0x8c,0x24,0x00,0x18,0x00,
0x00,0x48,0x8b,0x84,0x24,0x00,0x18,0x00,0x00,0x48,0x8b,0x8c,0x24,0x10,0x18,0x00,
0x00,0xff,0x10,0x48,0x8d,0x84,0x24,0xb8,0x20,0x00,0x00,0x48,0x8b,0x0d,0x16,0x74,
0x00,0x00,0x48,0x89,0x84,0x24,0xd0,0x17,0x00,0x00,0x48,0x89,0x8c,0x24,0xf8,0x17,
0x00,0x00,0x48,0x8b,0x84,0x24,0xf8,0x17,0x00,0x00,0x48,0x8b,0x8c,0x24,0xd0,0x17,
0x00,0x00,0xff,0x10,0x48,0x8b,0x84,0x24,0x38,0x15,0x00,0x00,0x48,0x8d,0x08,0x48,
0x89,0x8c,0x24,0xc0,0x20,0x00,0x00,0x48,0x8b,0x84,0x24,0xc0,0x20,0x00,0x00,0x48,
0x8b,0x10,0x48,0x8b,0x05,0x57,0x74,0x00,0x00,0x8b,0x58,0x04,0x3b,0x5a,0x04,0x0f,
0x84,0x28,0x00,0x00,0x00,0x48,0x8b,0x05,0x4c,0x74,0x00,0x00,0x48,0x89,0x94,0x24,
0xc8,0x20,0x00,0x00,0x83,0x7a,0x08,0xff,0x0f,0x84,0x24,0x00,0x00,0x00,0x39,0x5a,
0x08,0x0f,0x84,0x06,0x00,0x00,0x00,0x48,0x8b,0x52,0x28,0xeb,0xe7,0x48,0x8b,0x84,
0x24,0xc0,0x20,0x00,0x00,0x48,0x89,0x84,0x24,0xb8,0x20,0x00,0x00,0xe9,0x0c,0x00,
0x00,0x00,0x48,0xc7,0x84,0x24,0xb8,0x20,0x00,0x00,0x00,0x00,0x00,0x00,0x48,0x83,
0xbc,0x24,0xb8,0x20,0x00,0x00,0x00,0x0f,0x95,0xc0,0x3c,0x00,0x0f,0x84,0x71,0x00,
0x00,0x00,0x48,0x8b,0x84,0x24,0xb8,0x20,0x00,0x00,0x48,0x8b,0x8c,0x24,0xf8,0x14,
0x00,0x00,0x48,0x8d,0x11,0x48,0x89,0x84,0x24,0xf0,0x17,0x00,0x00,0x48,0x8b,0x84,
0x24,0x88,0x00,0x00,0x00,0x48,0x8d,0x18,0x4c,0x8b,0x8c,0x24,0x48,0x15,0x00,0x00,
0x49,0x8d,0x01,0x48,0x89,0x84,0x24,0xe8,0x17,0x00,0x00,0x48,0x8b,0x84,0x24,0xf0,
0x17,0x00,0x00,0x48,0x8d,0x00,0x48,0x8b,0x2d,0xc3,0x73,0x00,0x00,0x48,0x89,0x94,
0x24,0xe0,0x17,0x00,0x00,0x48,0x8b,0x8c,0x24,0xe0,0x17,0x00,0x00,0x48,0x89,0xda,
0x4c,0x8b,0x84,0x24,0xe8,0x17,0x00,0x00,0x49,0x89,0xc1,0xff,0x55,0x00,0xe9,0x00,
0x00,0x00,0x00,0x48,0x8b,0x84,0x24,0x88,0x00,0x00,0x00,0x48,0x8d,0x08,0x48,0x8b,
0x05,0x5b,0x73,0x00,0x00,0xff,0x10,0x48,0x8d,0x84,0x24,0xa1,0x20,0x00,0x00,0x48,
0x8b,0x0d,0x82,0x73,0x00,0x00,0x48,0x89,0x84,0x24,0x38,0x18,0x00,0x00,0x48,0x89,
0x8c,0x24,0x08,0x18,0x00,0x00,0x48,0x8b,0x84,0x24,0x08,0x18,0x00,0x00,0x48,0x8b,
0x8c,0x24,0x38,0x18,0x00,0x00,0xff,0x10,0x48,0x8b,0x84,0x24,0x88,0x00,0x00,0x00,
0x48,0x8d,0x08,0x48,0x8b,0x05,0x16,0x73,0x00,0x00,0xff,0x10,0x48,0x8d,0x84,0x24,
0xa0,0x20,0x00,0x00,0x48,0x8d,0x15,0xc2,0x6e,0x00,0x00,0x48,0x8b,0x0d,0x6e,0x72,
0x00,0x00,0x48,0x89,0x84,0x24,0x40,0x18,0x00,0x00,0x48,0x89,0x8c,0x24,0x50,0x18,
0x00,0x00,0x48,0x8b,0x84,0x24,0x50,0x18,0x00,0x00,0x48,0x8b,0x8c,0x24,0x40,0x18,
0x00,0x00,0xff,0x10,0x48,0x8b,0x15,0x4d,0x72,0x00,0x00,0x48,0x8b,0x05,0x0e,0x73,
0x00,0x00,0x8b,0x00,0x03,0x05,0xca,0x6d,0x00,0x00,0x48,0x8d,0x8c,0x24,0xb0,0x20,
0x00,0x00,0x48,0x8d,0x12,0x89,0x84,0x24,0xb8,0x20,0x00,0x00,0x48,0x8d,0x84,0x24,
0xb8,0x20,0x00,0x00,0x48,0x8b,0x1d,0xd5,0x71,0x00,0x00,0x49,0x89,0xc0,0xff,0x13,
0x48,0x8d,0x84,0x24,0xbc,0x20,0x00,0x00,0x48,0x8b,0x0d,0xe1,0x6f,0x00,0x00,0x48,
0x89,0x84,0x24,0xb0,0x18,0x00,0x00,0x48,0x89,0x8c,0x24,0xa8,0x18,0x00,0x00,0x48,
0x8b,0x84,0x24,0xa8,0x18,0x00,0x00,0x48,0x8b,0x8c,0x24,0xb0,0x18,0x00,0x00,0xff,
0x10,0x48,0x8b,0x1d,0x18,0x72,0x00,0x00,0x48,0x8b,0x84,0x24,0x88,0x00,0x00,0x00,
0x48,0x8d,0x08,0x48,0x8d,0x84,0x24,0xa0,0x20,0x00,0x00,0x48,0x8d,0x94,0x24,0xb0,
0x20,0x00,0x00,0x48,0x8d,0x2d,0x4e,0x6d,0x00,0x00,0x48,0x8d,0x35,0x47,0x6d,0x00,
0x00,0x48,0x8d,0x3d,0x40,0x6d,0x00,0x00,0x4c,0x8d,0x84,0x24,0xbc,0x20,0x00,0x00,
0x48,0x8d,0x1b,0x4c,0x8b,0x0d,0xde,0x71,0x00,0x00,0x48,0x89,0x74,0x24,0x20,0x48,
0x89,0x7c,0x24,0x28,0x4c,0x89,0x44,0x24,0x30,0x48,0x89,0x5c,0x24,0x38,0x4c,0x89,
0xce,0x48,0x89,0x94,0x24,0xa0,0x18,0x00,0x00,0x48,0x89,0xc2,0x4c,0x8b,0x84,0x24,
0xa0,0x18,0x00,0x00,0x49,0x89,0xe9,0xff,0x16,0x48,0x8d,0x84,0x24,0xbc,0x20,0x00,
0x00,0x48,0x8b,0x0d,0x30,0x6f,0x00,0x00,0x48,0x89,0x84,0x24,0x98,0x18,0x00,0x00,
0x48,0x89,0x8c,0x24,0x90,0x18,0x00,0x00,0x48,0x8b,0x84,0x24,0x90,0x18,0x00,0x00,
0x48,0x8b,0x8c,0x24,0x98,0x18,0x00,0x00,0xff,0x10,0x48,0x8d,0x84,0x24,0xb0,0x20,
0x00,0x00,0x48,0x8b,0x0d,0xff,0x6e,0x00,0x00,0x48,0x89,0x84,0x24,0x80,0x18,0x00,
0x00,0x48,0x89,0x8c,0x24,0x48,0x18,0x00,0x00,0x48,0x8b,0x84,0x24,0x48,0x18,0x00,
0x00,0x48,0x8b,0x8c,0x24,0x80,0x18,0x00,0x00,0xff,0x10,0x48,0x8d,0x84,0x24,0xa0,
0x20,0x00,0x00,0x48,0x8b,0x0d,0x0e,0x71,0x00,0x00,0x48,0x89,0x84,0x24,0x78,0x18,
0x00,0x00,0x48,0x89,0x8c,0x24,0x70,0x18,0x00,0x00,0x48,0x8b,0x84,0x24,0x70,0x18,
0x00,0x00,0x48,0x8b,0x8c,0x24,0x78,0x18,0x00,0x00,0xff,0x10,0x48,0x8d,0x84,0x24,
0xa0,0x20,0x00,0x00,0x48,0x8d,0x15,0x26,0x6d,0x00,0x00,0x48,0x8b,0x0d,0xbe,0x70,
0x00,0x00,0x48,0x89,0x84,0x24,0x68,0x18,0x00,0x00,0x48,0x89,0x8c,0x24,0x60,0x18,
0x00,0x00,0x48,0x8b,0x84,0x24,0x60,0x18,0x00,0x00,0x48,0x8b,0x8c,0x24,0x68,0x18,
0x00,0x00,0xff,0x10,0x48,0x8b,0x05,0x6d,0x71,0x00,0x00,0x8b,0x00,0x03,0x05,0x21,
0x6c,0x00,0x00,0x48,0x8b,0x1d,0x8e,0x70,0x00,0x00,0x48,0x8d,0x8c,0x24,0xb0,0x20,
0x00,0x00,0x89,0x84,0x24,0xb8,0x20,0x00,0x00,0x48,0x8d,0x94,0x24,0xb8,0x20,0x00,
0x00,0x48,0x8d,0x03,0x48,0x8b,0x1d,0x25,0x70,0x00,0x00,0x49,0x89,0xc0,0xff,0x13,
0x48,0x8d,0x84,0x24,0xbc,0x20,0x00,0x00,0x48,0x8b,0x0d,0x31,0x6e,0x00,0x00,0x48,
0x89,0x84,0x24,0x58,0x18,0x00,0x00,0x48,0x89,0x8c,0x24,0xb0,0x19,0x00,0x00,0x48,
0x8b,0x84,0x24,0xb0,0x19,0x00,0x00,0x48,0x8b,0x8c,0x24,0x58,0x18,0x00,0x00,0xff,
0x10,0x48,0x8b,0x84,0x24,0x88,0x00,0x00,0x00,0x48,0x8d,0x08,0x48,0x8d,0x84,0x24,
0xa0,0x20,0x00,0x00,0x48,0x8d,0x94,0x24,0xb0,0x20,0x00,0x00,0x48,0x8d,0x1d,0x95,
0x6b,0x00,0x00,0x48,0x8d,0x35,0x8e,0x6b,0x00,0x00,0x48,0x8d,0x2d,0x93,0x6b,0x00,
0x00,0x48,0x8d,0xbc,0x24,0xbc,0x20,0x00,0x00,0x4c,0x8d,0x05,0x78,0x6b,0x00,0x00,
0x4c,0x8b,0x0d,0x31,0x70,0x00,0x00,0x48,0x89,0x74,0x24,0x20,0x48,0x89,0x6c,0x24,
0x28,0x48,0x89,0x7c,0x24,0x30,0x4c,0x89,0x44,0x24,0x38,0x48,0x89,0x94,0x24,0x80,
0x19,0x00,0x00,0x48,0x89,0x9c,0x24,0xb8,0x19,0x00,0x00,0x4c,0x89,0x8c,0x24,0xc8,
0x19,0x00,0x00,0x48,0x8b,0x9c,0x24,0xc8,0x19,0x00,0x00,0x48,0x89,0xc2,0x4c,0x8b,
0x84,0x24,0x80,0x19,0x00,0x00,0x4c,0x8b,0x8c,0x24,0xb8,0x19,0x00,0x00,0xff,0x13,
0x48,0x8d,0x84,0x24,0xbc,0x20,0x00,0x00,0x48,0x8b,0x0d,0x69,0x6d,0x00,0x00,0x48,
0x89,0x84,0x24,0x18,0x1b,0x00,0x00,0x48,0x89,0x8c,0x24,0x10,0x1b,0x00,0x00,0x48,
0x8b,0x84,0x24,0x10,0x1b,0x00,0x00,0x48,0x8b,0x8c,0x24,0x18,0x1b,0x00,0x00,0xff,
0x10,0x48,0x8d,0x84,0x24,0xb0,0x20,0x00,0x00,0x48,0x8b,0x0d,0x38,0x6d,0x00,0x00,
0x48,0x89,0x84,0x24,0x08,0x1b,0x00,0x00,0x48,0x89,0x8c,0x24,0x00,0x1b,0x00,0x00,
0x48,0x8b,0x84,0x24,0x00,0x1b,0x00,0x00,0x48,0x8b,0x8c,0x24,0x08,0x1b,0x00,0x00,
0xff,0x10,0x48,0x8d,0x84,0x24,0xa0,0x20,0x00,0x00,0x48,0x8b,0x0d,0x47,0x6f,0x00,
0x00,0x48,0x89,0x84,0x24,0xf8,0x1a,0x00,0x00,0x48,0x89,0x8c,0x24,0xe8,0x1a,0x00,
0x00,0x48,0x8b,0x84,0x24,0xe8,0x1a,0x00,0x00,0x48,0x8b,0x8c,0x24,0xf8,0x1a,0x00,
0x00,0xff,0x10,0x48,0x8d,0x84,0x24,0xa0,0x20,0x00,0x00,0x48,0x8d,0x15,0x71,0x6b,
0x00,0x00,0x48,0x8b,0x0d,0xf7,0x6e,0x00,0x00,0x48,0x89,0x84,0x24,0xb8,0x1a,0x00,
0x00,0x48,0x89,0x8c,0x24,0xe0,0x1a,0x00,0x00,0x48,0x8b,0x84,0x24,0xe0,0x1a,0x00,
0x00,0x48,0x8b,0x8c,0x24,0xb8,0x1a,0x00,0x00,0xff,0x10,0x48,0x8b,0x05,0xd6,0x6e,
0x00,0x00,0x48,0x8b,0x15,0xcf,0x6e,0x00,0x00,0x48,0x8d,0x8c,0x24,0xb0,0x20,0x00,
0x00,0x48,0x8d,0x00,0x48,0x8d,0x12,0x48,0x8b,0x1d,0x72,0x6e,0x00,0x00,0x48,0x89,
0x94,0x24,0xd8,0x1a,0x00,0x00,0x48,0x89,0xc2,0x4c,0x8b,0x84,0x24,0xd8,0x1a,0x00,
0x00,0xff,0x13,0x48,0x8b,0x84,0x24,0x88,0x00,0x00,0x00,0x48,0x8d,0x08,0x48,0x8d,
0x84,0x24,0xa0,0x20,0x00,0x00,0x48,0x8d,0x94,0x24,0xb0,0x20,0x00,0x00,0x48,0x8d,
0x1d,0x0f,0x6a,0x00,0x00,0x48,0x8d,0x2d,0xfc,0x69,0x00,0x00,0x4c,0x8b,0x8c,0x24,
0x48,0x15,0x00,0x00,0x49,0x8d,0xb1,0x80,0x00,0x00,0x00,0x48,0x8b,0x3d,0x3e,0x6f,
0x00,0x00,0x48,0x89,0x6c,0x24,0x20,0x48,0x89,0x74,0x24,0x28,0x48,0x89,0x94,0x24,
0xd0,0x1a,0x00,0x00,0x48,0x89,0xc2,0x4c,0x8b,0x84,0x24,0xd0,0x1a,0x00,0x00,0x49,
0x89,0xd9,0xff,0x17,0x48,0x8d,0x84,0x24,0xb0,0x20,0x00,0x00,0x48,0x8b,0x0d,0x05,
0x6c,0x00,0x00,0x48,0x89,0x84,0x24,0xc8,0x1a,0x00,0x00,0x48,0x89,0x8c,0x24,0x20,
0x1b,0x00,0x00,0x48,0x8b,0x84,0x24,0x20,0x1b,0x00,0x00,0x48,0x8b,0x8c,0x24,0xc8,
0x1a,0x00,0x00,0xff,0x10,0x48,0x8d,0x84,0x24,0xa0,0x20,0x00,0x00,0x48,0x8b,0x0d,
0x14,0x6e,0x00,0x00,0x48,0x89,0x84,0x24,0xf0,0x1a,0x00,0x00,0x48,0x89,0x8c,0x24,
0x28,0x1b,0x00,0x00,0x48,0x8b,0x84,0x24,0x28,0x1b,0x00,0x00,0x48,0x8b,0x8c,0x24,
0xf0,0x1a,0x00,0x00,0xff,0x10,0x4c,0x8b,0x84,0x24,0xf0,0x14,0x00,0x00,0x41,0x8b,
0x80,0x3c,0x44,0x00,0x00,0x89,0x84,0x24,0xa0,0x20,0x00,0x00,0x41,0x8b,0x80,0x34,
0x44,0x00,0x00,0x89,0x84,0x24,0xa4,0x20,0x00,0x00,0x41,0x8b,0x80,0x38,0x44,0x00,
0x00,0x89,0x84,0x24,0xa8,0x20,0x00,0x00,0x41,0x8b,0x80,0x30,0x44,0x00,0x00,0x89,
0x84,0x24,0xac,0x20,0x00,0x00,0x8b,0x05,0x1c,0x69,0x00,0x00,0x89,0x84,0x24,0xb0,
0x20,0x00,0x00,0x48,0x8b,0x84,0x24,0x38,0x1b,0x00,0x00,0x48,0x89,0x84,0x24,0xb8,
0x20,0x00,0x00,0x48,0x8d,0x84,0x24,0xb8,0x20,0x00,0x00,0x48,0x8d,0x8c,0x24,0xc0,
0x20,0x00,0x00,0x48,0x89,0x8c,0x24,0x98,0x1b,0x00,0x00,0x48,0x8d,0x8c,0x24,0xc8,
0x20,0x00,0x00,0x48,0x89,0x8c,0x24,0x90,0x1b,0x00,0x00,0x48,0x8d,0x8c,0x24,0x28,
0x20,0x00,0x00,0x48,0x8b,0x15,0x2e,0x6e,0x00,0x00,0x48,0x89,0x84,0x24,0x88,0x1b,
0x00,0x00,0x48,0x89,0x8c,0x24,0x80,0x1b,0x00,0x00,0x48,0x89,0x94,0x24,0x78,0x1b,
0x00,0x00,0x48,0x8b,0x84,0x24,0x78,0x1b,0x00,0x00,0x48,0x8b,0x8c,0x24,0x88,0x1b,
0x00,0x00,0x48,0x8b,0x94,0x24,0x80,0x1b,0x00,0x00,0xff,0x10,0x48,0x8d,0x84,0x24,
0xd0,0x20,0x00,0x00,0x48,0x8b,0x0d,0xf5,0x6d,0x00,0x00,0x48,0x89,0x84,0x24,0x68,
0x1b,0x00,0x00,0x48,0x89,0x8c,0x24,0x30,0x1b,0x00,0x00,0x48,0x8b,0x84,0x24,0x30,
0x1b,0x00,0x00,0x48,0x8b,0x8c,0x24,0x68,0x1b,0x00,0x00,0x48,0x8b,0x94,0x24,0x80,
0x1b,0x00,0x00,0xff,0x10,0x48,0x8b,0x84,0x24,0xd0,0x20,0x00,0x00,0x48,0x39,0x84,
0x24,0xb8,0x20,0x00,0x00,0x0f,0x84,0xad,0x04,0x00,0x00,0x48,0x8b,0x05,0xb6,0x6d,
0x00,0x00,0x48,0x8b,0x8c,0x24,0x98,0x1b,0x00,0x00,0x48,0x8b,0x94,0x24,0x80,0x1b,
0x00,0x00,0x4c,0x8b,0x84,0x24,0x88,0x1b,0x00,0x00,0xff,0x10,0x48,0x8b,0x05,0x9d,
0x6d,0x00,0x00,0x48,0x8b,0x8c,0x24,0x90,0x1b,0x00,0x00,0x48,0x8b,0x94,0x24,0x80,
0x1b,0x00,0x00,0x4c,0x8b,0x84,0x24,0x88,0x1b,0x00,0x00,0xff,0x10,0x48,0x8d,0x84,
0x24,0xd8,0x20,0x00,0x00,0x48,0x8d,0x94,0x24,0x28,0x20,0x00,0x00,0x48,0x8d,0x8c,
0x24,0xc0,0x20,0x00,0x00,0x48,0x8b,0x1d,0x4c,0x6c,0x00,0x00,0x48,0x89,0x8c,0x24,
0x60,0x1b,0x00,0x00,0x48,0x89,0xc1,0x4c,0x8b,0x84,0x24,0x60,0x1b,0x00,0x00,0xff,
0x13,0x8b,0x84,0x24,0x98,0x20,0x00,0x00,0x3b,0x05,0xd6,0x67,0x00,0x00,0x0f,0x94,
0xc0,0x3c,0x00,0x0f,0x84,0x26,0x00,0x00,0x00,0x8b,0x84,0x24,0x9c,0x20,0x00,0x00,
0x3b,0x05,0xc2,0x67,0x00,0x00,0x0f,0x94,0xc0,0x3c,0x00,0x0f,0x84,0x07,0x00,0x00,
0x00,0xb0,0x01,0xe9,0x0e,0x00,0x00,0x00,0xb0,0x00,0xe9,0x07,0x00,0x00,0x00,0xb0,
0x00,0xe9,0x00,0x00,0x00,0x00,0x3c,0x00,0x0f,0x84,0x2e,0x00,0x00,0x00,0x4c,0x8b,
0x84,0x24,0xf0,0x14,0x00,0x00,0x41,0x8a,0x80,0x14,0x44,0x00,0x00,0x3a,0x05,0x75,
0x67,0x00,0x00,0x0f,0x94,0xc0,0x3c,0x00,0x0f,0x84,0x07,0x00,0x00,0x00,0xb0,0x01,
0xe9,0x16,0x00,0x00,0x00,0xb0,0x00,0xe9,0x0f,0x00,0x00,0x00,0xb0,0x00,0x4c,0x8b,
0x84,0x24,0xf0,0x14,0x00,0x00,0xe9,0x00,0x00,0x00,0x00,0x3c,0x00,0x0f,0x84,0x2b,
0x00,0x00,0x00,0x48,0x8b,0x94,0x24,0xd8,0x20,0x00,0x00,0x8b,0x84,0x24,0xa0,0x20,
0x00,0x00,0x3b,0x42,0x10,0x0f,0x94,0xc0,0x3c,0x00,0x0f,0x84,0x07,0x00,0x00,0x00,
0xb0,0x01,0xe9,0x0e,0x00,0x00,0x00,0xb0,0x00,0xe9,0x07,0x00,0x00,0x00,0xb0,0x00,
0xe9,0x00,0x00,0x00,0x00,0x3c,0x00,0x0f,0x84,0x2b,0x00,0x00,0x00,0x48,0x8b,0x94,
0x24,0xd8,0x20,0x00,0x00,0x8b,0x84,0x24,0xa4,0x20,0x00,0x00,0x3b,0x42,0x20,0x0f,
0x94,0xc0,0x3c,0x00,0x0f,0x84,0x07,0x00,0x00,0x00,0xb0,0x01,0xe9,0x0e,0x00,0x00,
0x00,0xb0,0x00,0xe9,0x07,0x00,0x00,0x00,0xb0,0x00,0xe9,0x00,0x00,0x00,0x00,0x3c,
0x00,0x0f,0x84,0x2b,0x00,0x00,0x00,0x48,0x8b,0x94,0x24,0xd8,0x20,0x00,0x00,0x8b,
0x84,0x24,0xa8,0x20,0x00,0x00,0x3b,0x42,0x34,0x0f,0x94,0xc0,0x3c,0x00,0x0f,0x84,
0x07,0x00,0x00,0x00,0xb0,0x01,0xe9,0x0e,0x00,0x00,0x00,0xb0,0x00,0xe9,0x07,0x00,
0x00,0x00,0xb0,0x00,0xe9,0x00,0x00,0x00,0x00,0x3c,0x00,0x0f,0x84,0x37,0x00,0x00,
0x00,0x48,0x8b,0x94,0x24,0xd8,0x20,0x00,0x00,0x8b,0x84,0x24,0xac,0x20,0x00,0x00,
0x3b,0x42,0x30,0x0f,0x94,0xc0,0x3c,0x00,0x0f,0x84,0x0d,0x00,0x00,0x00,0xc6,0x84,
0x24,0xe0,0x20,0x00,0x00,0x01,0xe9,0x1a,0x00,0x00,0x00,0xc6,0x84,0x24,0xe0,0x20,
0x00,0x00,0x00,0xe9,0x0d,0x00,0x00,0x00,0xc6,0x84,0x24,0xe0,0x20,0x00,0x00,0x00,
0xe9,0x00,0x00,0x00,0x00,0x48,0x8d,0x84,0x24,0xe1,0x20,0x00,0x00,0x48,0x8b,0x0d,
0xc4,0x6b,0x00,0x00,0x48,0x89,0x84,0x24,0x58,0x1b,0x00,0x00,0x48,0x89,0x8c,0x24,
0x50,0x1b,0x00,0x00,0x48,0x8b,0x84,0x24,0x50,0x1b,0x00,0x00,0x48,0x8b,0x8c,0x24,
0x58,0x1b,0x00,0x00,0xff,0x10,0x48,0x8d,0x84,0x24,0xe4,0x20,0x00,0x00,0x48,0x8d,
0x94,0x24,0x00,0x20,0x00,0x00,0x48,0x8b,0x0d,0x63,0x6a,0x00,0x00,0x48,0x89,0x84,
0x24,0x48,0x1b,0x00,0x00,0x48,0x89,0x8c,0x24,0x40,0x1b,0x00,0x00,0x48,0x8b,0x84,
0x24,0x40,0x1b,0x00,0x00,0x48,0x8b,0x8c,0x24,0x48,0x1b,0x00,0x00,0xff,0x10,0x8b,
0x84,0x24,0xe4,0x20,0x00,0x00,0x3b,0x05,0xdc,0x65,0x00,0x00,0x0f,0x9f,0xc0,0x3c,
0x00,0x0f,0x85,0x6b,0x00,0x00,0x00,0x48,0x8d,0x84,0x24,0xe8,0x20,0x00,0x00,0x48,
0x8d,0x94,0x24,0xd8,0x1f,0x00,0x00,0x48,0x8b,0x0d,0x12,0x6a,0x00,0x00,0x48,0x89,
0x84,0x24,0xc0,0x1a,0x00,0x00,0x48,0x89,0x8c,0x24,0xb0,0x1a,0x00,0x00,0x48,0x8b,
0x84,0x24,0xb0,0x1a,0x00,0x00,0x48,0x8b,0x8c,0x24,0xc0,0x1a,0x00,0x00,0xff,0x10,
0x8b,0x84,0x24,0xe8,0x20,0x00,0x00,0x3b,0x05,0x8b,0x65,0x00,0x00,0x0f,0x9f,0xc0,
0x3c,0x00,0x0f,0x85,0x0d,0x00,0x00,0x00,0xc6,0x84,0x24,0xe1,0x20,0x00,0x00,0x00,
0xe9,0x1a,0x00,0x00,0x00,0xc6,0x84,0x24,0xe1,0x20,0x00,0x00,0x01,0xe9,0x0d,0x00,
0x00,0x00,0xc6,0x84,0x24,0xe1,0x20,0x00,0x00,0x01,0xe9,0x00,0x00,0x00,0x00,0x8a,
0x05,0x53,0x65,0x00,0x00,0x88,0x84,0x24,0xe2,0x20,0x00,0x00,0x48,0x8d,0x84,0x24,
0xe4,0x20,0x00,0x00,0x48,0x8d,0x94,0x24,0x00,0x20,0x00,0x00,0x48,0x8b,0x0d,0x8d,
0x69,0x00,0x00,0x48,0x89,0x84,0x24,0x78,0x1a,0x00,0x00,0x48,0x89,0x8c,0x24,0xa8,
0x1a,0x00,0x00,0x48,0x8b,0x84,0x24,0xa8,0x1a,0x00,0x00,0x48,0x8b,0x8c,0x24,0x78,
0x1a,0x00,0x00,0xff,0x10,0x8b,0x84,0x24,0xe4,0x20,0x00,0x00,0x3b,0x05,0x06,0x65,
0x00,0x00,0x0f,0x9f,0x84,0x24,0xe3,0x20,0x00,0x00,0x48,0x8b,0x8c,0x24,0xf8,0x14,
0x00,0x00,0x48,0x8d,0x01,0x48,0x89,0x84,0x24,0x20,0x1a,0x00,0x00,0x48,0x8b,0x84,
0x24,0x88,0x00,0x00,0x00,0x48,0x8d,0x10,0x4c,0x8b,0x84,0x24,0xf0,0x14,0x00,0x00,
0x49,0x8d,0x00,0x48,0x8d,0x9c,0x24,0xb8,0x1f,0x00,0x00,0x4c,0x8d,0xa4,0x24,0xc0,
0x20,0x00,0x00,0x48,0x8d,0xac,0x24,0xe0,0x20,0x00,0x00,0x4c,0x8d,0x94,0x24,0x28,
0x20,0x00,0x00,0x48,0x8d,0x3d,0xbe,0x64,0x00,0x00,0x48,0x89,0x84,0x24,0x18,0x1a,
0x00,0x00,0x48,0x8b,0x84,0x24,0xe0,0x14,0x00,0x00,0x48,0x8d,0x30,0x4c,0x8d,0x9c,
0x24,0xb4,0x1f,0x00,0x00,0x4c,0x8d,0xbc,0x24,0xe1,0x20,0x00,0x00,0x4c,0x8d,0xb4,
0x24,0x80,0x20,0x00,0x00,0x48,0x8b,0x84,0x24,0x10,0x15,0x00,0x00,0x4c,0x8d,0x28,
0x48,0x8d,0x84,0x24,0xb0,0x20,0x00,0x00,0x48,0x89,0x84,0x24,0x10,0x1a,0x00,0x00,
0x48,0x8b,0x84,0x24,0x08,0x15,0x00,0x00,0x4c,0x8d,0x08,0x48,0x8b,0x05,0xde,0x69,
0x00,0x00,0x4c,0x89,0x64,0x24,0x20,0x48,0x89,0x6c,0x24,0x28,0x4c,0x89,0x54,0x24,
0x30,0x48,0x89,0x7c,0x24,0x38,0x48,0x89,0x74,0x24,0x40,0x4c,0x89,0x5c,0x24,0x48,
0x4c,0x89,0x7c,0x24,0x50,0x4c,0x89,0x74,0x24,0x58,0x4c,0x89,0x6c,0x24,0x60,0x48,
0x89,0x94,0x24,0x08,0x1a,0x00,0x00,0x48,0x8b,0x94,0x24,0x10,0x1a,0x00,0x00,0x48,
0x89,0x54,0x24,0x68,0x4c,0x89,0x4c,0x24,0x70,0x48,0x8b,0x8c,0x24,0x20,0x1a,0x00,
0x00,0x48,0x8b,0x94,0x24,0x08,0x1a,0x00,0x00,0x4c,0x8b,0x84,0x24,0x18,0x1a,0x00,
0x00,0x49,0x89,0xd9,0xff,0x10,0x48,0x8d,0x84,0x24,0xe1,0x20,0x00,0x00,0x48,0x8b,
0x0d,0x73,0x69,0x00,0x00,0x48,0x89,0x84,0x24,0x00,0x1a,0x00,0x00,0x48,0x89,0x8c,
0x24,0xf0,0x19,0x00,0x00,0x48,0x8b,0x84,0x24,0xf0,0x19,0x00,0x00,0x48,0x8b,0x8c,
0x24,0x00,0x1a,0x00,0x00,0xff,0x10,0x48,0x8b,0x05,0x52,0x69,0x00,0x00,0x48,0x8b,
0x8c,0x24,0x88,0x1b,0x00,0x00,0x48,0x8b,0x94,0x24,0x80,0x1b,0x00,0x00,0x49,0x89,
0xc8,0xff,0x10,0xe9,0x04,0xfb,0xff,0xff,0x48,0x8b,0x84,0x24,0x88,0x00,0x00,0x00,
0x48,0x8d,0x08,0x48,0x8b,0x05,0x96,0x68,0x00,0x00,0xff,0x10,0x48,0x8b,0x84,0x24,
0x88,0x00,0x00,0x00,0x48,0x8d,0x08,0x48,0x8b,0x05,0x82,0x68,0x00,0x00,0xff,0x10,
0x48,0x8d,0x84,0x24,0xa0,0x20,0x00,0x00,0x48,0x8d,0x15,0x63,0x64,0x00,0x00,0x48,
0x8b,0x0d,0xda,0x67,0x00,0x00,0x48,0x89,0x84,0x24,0xc0,0x19,0x00,0x00,0x48,0x89,
0x8c,0x24,0xe8,0x19,0x00,0x00,0x48,0x8b,0x84,0x24,0xe8,0x19,0x00,0x00,0x48,0x8b,
0x8c,0x24,0xc0,0x19,0x00,0x00,0xff,0x10,0x48,0x8b,0x05,0xe1,0x68,0x00,0x00,0x8b,
0x00,0x03,0x05,0x3d,0x63,0x00,0x00,0x48,0x8b,0x1d,0xaa,0x67,0x00,0x00,0x48,0x8d,
0x8c,0x24,0xb0,0x20,0x00,0x00,0x89,0x84,0x24,0xb8,0x20,0x00,0x00,0x48,0x8d,0x94,
0x24,0xb8,0x20,0x00,0x00,0x48,0x8d,0x03,0x48,0x8b,0x1d,0x41,0x67,0x00,0x00,0x49,
0x89,0xc0,0xff,0x13,0x48,0x8d,0x84,0x24,0xbc,0x20,0x00,0x00,0x48,0x8b,0x0d,0x4d,
0x65,0x00,0x00,0x48,0x89,0x84,0x24,0xe0,0x19,0x00,0x00,0x48,0x89,0x8c,0x24,0xd8,
0x19,0x00,0x00,0x48,0x8b,0x84,0x24,0xd8,0x19,0x00,0x00,0x48,0x8b,0x8c,0x24,0xe0,
0x19,0x00,0x00,0xff,0x10,0x48,0x8b,0x84,0x24,0x88,0x00,0x00,0x00,0x48,0x8d,0x08,
0x48,0x8d,0x84,0x24,0xa0,0x20,0x00,0x00,0x48,0x8d,0x94,0x24,0xb0,0x20,0x00,0x00,
0x48,0x8d,0x1d,0xb1,0x62,0x00,0x00,0x48,0x8d,0x35,0xaa,0x62,0x00,0x00,0x48,0x8d,
0x2d,0xaf,0x62,0x00,0x00,0x48,0x8d,0xbc,0x24,0xbc,0x20,0x00,0x00,0x4c,0x8d,0x05,
0x94,0x62,0x00,0x00,0x4c,0x8b,0x0d,0x4d,0x67,0x00,0x00,0x48,0x89,0x74,0x24,0x20,
0x48,0x89,0x6c,0x24,0x28,0x48,0x89,0x7c,0x24,0x30,0x4c,0x89,0x44,0x24,0x38,0x4c,
0x89,0xcd,0x48,0x89,0x94,0x24,0xd0,0x19,0x00,0x00,0x48,0x89,0xc2,0x4c,0x8b,0x84,
0x24,0xd0,0x19,0x00,0x00,0x49,0x89,0xd9,0xff,0x55,0x00,0x48,0x8d,0x84,0x24,0xbc,
0x20,0x00,0x00,0x48,0x8b,0x0d,0x9e,0x64,0x00,0x00,0x48,0x89,0x84,0x24,0x28,0x1a,
0x00,0x00,0x48,0x89,0x8c,0x24,0xf8,0x19,0x00,0x00,0x48,0x8b,0x84,0x24,0xf8,0x19,
0x00,0x00,0x48,0x8b,0x8c,0x24,0x28,0x1a,0x00,0x00,0xff,0x10,0x48,0x8d,0x84,0x24,
0xb0,0x20,0x00,0x00,0x48,0x8b,0x0d,0x6d,0x64,0x00,0x00,0x48,0x89,0x84,0x24,0x30,
0x1a,0x00,0x00,0x48,0x89,0x8c,0x24,0x40,0x1a,0x00,0x00,0x48,0x8b,0x84,0x24,0x40,
0x1a,0x00,0x00,0x48,0x8b,0x8c,0x24,0x30,0x1a,0x00,0x00,0xff,0x10,0x48,0x8d,0x84,
0x24,0xa0,0x20,0x00,0x00,0x48,0x8b,0x0d,0x7c,0x66,0x00,0x00,0x48,0x89,0x84,0x24,
0xa0,0x1a,0x00,0x00,0x48,0x89,0x8c,0x24,0x98,0x1a,0x00,0x00,0x48,0x8b,0x84,0x24,
0x98,0x1a,0x00,0x00,0x48,0x8b,0x8c,0x24,0xa0,0x1a,0x00,0x00,0xff,0x10,0x48,0x8d,
0x84,0x24,0xa0,0x20,0x00,0x00,0x48,0x8d,0x15,0xd5,0x62,0x00,0x00,0x48,0x8b,0x0d,
0x2c,0x66,0x00,0x00,0x48,0x89,0x84,0x24,0x90,0x1a,0x00,0x00,0x48,0x89,0x8c,0x24,
0x88,0x1a,0x00,0x00,0x48,0x8b,0x84,0x24,0x88,0x1a,0x00,0x00,0x48,0x8b,0x8c,0x24,
0x90,0x1a,0x00,0x00,0xff,0x10,0x48,0x8b,0x15,0x0b,0x66,0x00,0x00,0x48,0x8b,0x05,
0x04,0x66,0x00,0x00,0x48,0x8d,0x8c,0x24,0xb0,0x20,0x00,0x00,0x48,0x8d,0x12,0x48,
0x8d,0x00,0x48,0x8b,0x1d,0xa7,0x65,0x00,0x00,0x49,0x89,0xc0,0xff,0x13,0x48,0x8b,
0x84,0x24,0x88,0x00,0x00,0x00,0x48,0x8d,0x08,0x48,0x8d,0x84,0x24,0xa0,0x20,0x00,
0x00,0x48,0x8d,0x94,0x24,0xb0,0x20,0x00,0x00,0x48,0x8d,0x1d,0x54,0x61,0x00,0x00,
0x48,0x8d,0x2d,0x41,0x61,0x00,0x00,0x4c,0x8b,0x8c,0x24,0x48,0x15,0x00,0x00,0x49,
0x8d,0x71,0x7c,0x48,0x8b,0x3d,0x86,0x66,0x00,0x00,0x48,0x89,0x6c,0x24,0x20,0x48,
0x89,0x74,0x24,0x28,0x48,0x89,0x94,0x24,0x80,0x1a,0x00,0x00,0x48,0x89,0xc2,0x4c,
0x8b,0x84,0x24,0x80,0x1a,0x00,0x00,0x49,0x89,0xd9,0xff,0x17,0x48,0x8d,0x84,0x24,
0xb0,0x20,0x00,0x00,0x48,0x8b,0x0d,0x4d,0x63,0x00,0x00,0x48,0x89,0x84,0x24,0x70,
0x1a,0x00,0x00,0x48,0x89,0x8c,0x24,0x38,0x1a,0x00,0x00,0x48,0x8b,0x84,0x24,0x38,
0x1a,0x00,0x00,0x48,0x8b,0x8c,0x24,0x70,0x1a,0x00,0x00,0xff,0x10,0x48,0x8d,0x84,
0x24,0xa0,0x20,0x00,0x00,0x48,0x8b,0x0d,0x5c,0x65,0x00,0x00,0x48,0x89,0x84,0x24,
0x68,0x1a,0x00,0x00,0x48,0x89,0x8c,0x24,0x60,0x1a,0x00,0x00,0x48,0x8b,0x84,0x24,
0x60,0x1a,0x00,0x00,0x48,0x8b,0x8c,0x24,0x68,0x1a,0x00,0x00,0xff,0x10,0x4c,0x8b,
0x84,0x24,0xf0,0x14,0x00,0x00,0x41,0x8b,0x80,0x24,0x44,0x00,0x00,0x89,0x84,0x24,
0xa0,0x20,0x00,0x00,0x8b,0x05,0x8e,0x60,0x00,0x00,0x89,0x84,0x24,0xa4,0x20,0x00,
0x00,0x48,0x8b,0x84,0x24,0x58,0x1a,0x00,0x00,0x48,0x89,0x84,0x24,0xa8,0x20,0x00,
0x00,0x48,0x8d,0x84,0x24,0xa8,0x20,0x00,0x00,0x48,0x8d,0x8c,0x24,0xb0,0x20,0x00,
0x00,0x48,0x89,0x8c,0x24,0x50,0x1a,0x00,0x00,0x48,0x8d,0x8c,0x24,0xb8,0x20,0x00,
0x00,0x48,0x89,0x8c,0x24,0x48,0x1a,0x00,0x00,0x48,0x8d,0x8c,0x24,0x00,0x20,0x00,
0x00,0x48,0x8b,0x15,0xa0,0x65,0x00,0x00,0x48,0x89,0x84,0x24,0x10,0x10,0x00,0x00,
0x48,0x89,0x8c,0x24,0x00,0x10,0x00,0x00,0x48,0x89,0x94,0x24,0xc8,0x0f,0x00,0x00,
0x48,0x8b,0x84,0x24,0xc8,0x0f,0x00,0x00,0x48,0x8b,0x8c,0x24,0x10,0x10,0x00,0x00,
0x48,0x8b,0x94,0x24,0x00,0x10,0x00,0x00,0xff,0x10,0x48,0x8d,0x84,0x24,0xc0,0x20,
0x00,0x00,0x48,0x8b,0x0d,0x67,0x65,0x00,0x00,0x48,0x89,0x84,0x24,0xf8,0x0f,0x00,
0x00,0x48,0x89,0x8c,0x24,0xb8,0x05,0x00,0x00,0x48,0x8b,0x84,0x24,0xb8,0x05,0x00,
0x00,0x48,0x8b,0x8c,0x24,0xf8,0x0f,0x00,0x00,0x48,0x8b,0x94,0x24,0x00,0x10,0x00,
0x00,0xff,0x10,0x48,0x8b,0x84,0x24,0xc0,0x20,0x00,0x00,0x48,0x39,0x84,0x24,0xa8,
0x20,0x00,0x00,0x0f,0x84,0xa5,0x03,0x00,0x00,0x48,0x8b,0x05,0x28,0x65,0x00,0x00,
0x48,0x8b,0x8c,0x24,0x50,0x1a,0x00,0x00,0x48,0x8b,0x94,0x24,0x00,0x10,0x00,0x00,
0x4c,0x8b,0x84,0x24,0x10,0x10,0x00,0x00,0xff,0x10,0x48,0x8b,0x05,0x0f,0x65,0x00,
0x00,0x48,0x8b,0x8c,0x24,0x48,0x1a,0x00,0x00,0x48,0x8b,0x94,0x24,0x00,0x10,0x00,
0x00,0x4c,0x8b,0x84,0x24,0x10,0x10,0x00,0x00,0xff,0x10,0x48,0x8d,0x84,0x24,0xc8,
0x20,0x00,0x00,0x48,0x8d,0x94,0x24,0x00,0x20,0x00,0x00,0x48,0x8d,0x8c,0x24,0xb0,
0x20,0x00,0x00,0x48,0x8b,0x1d,0xbe,0x63,0x00,0x00,0x48,0x89,0x8c,0x24,0xb0,0x05,
0x00,0x00,0x48,0x89,0xc1,0x4c,0x8b,0x84,0x24,0xb0,0x05,0x00,0x00,0xff,0x13,0x8b,
0x84,0x24,0x98,0x20,0x00,0x00,0x3b,0x05,0x48,0x5f,0x00,0x00,0x0f,0x94,0xc0,0x3c,
0x00,0x0f,0x84,0x26,0x00,0x00,0x00,0x8b,0x84,0x24,0x9c,0x20,0x00,0x00,0x3b,0x05,
0x30,0x5f,0x00,0x00,0x0f,0x94,0xc0,0x3c,0x00,0x0f,0x84,0x07,0x00,0x00,0x00,0xb0,
0x01,0xe9,0x0e,0x00,0x00,0x00,0xb0,0x00,0xe9,0x07,0x00,0x00,0x00,0xb0,0x00,0xe9,
0x00,0x00,0x00,0x00,0x3c,0x00,0x0f,0x84,0x2e,0x00,0x00,0x00,0x4c,0x8b,0x84,0x24,
0xf0,0x14,0x00,0x00,0x41,0x8a,0x80,0x14,0x44,0x00,0x00,0x3a,0x05,0xe7,0x5e,0x00,
0x00,0x0f,0x94,0xc0,0x3c,0x00,0x0f,0x84,0x07,0x00,0x00,0x00,0xb0,0x01,0xe9,0x16,
0x00,0x00,0x00,0xb0,0x00,0xe9,0x0f,0x00,0x00,0x00,0xb0,0x00,0x4c,0x8b,0x84,0x24,
0xf0,0x14,0x00,0x00,0xe9,0x00,0x00,0x00,0x00,0x3c,0x00,0x0f,0x84,0x37,0x00,0x00,
0x00,0x48,0x8b,0x94,0x24,0xc8,0x20,0x00,0x00,0x8b,0x84,0x24,0xa0,0x20,0x00,0x00,
0x3b,0x42,0x10,0x0f,0x94,0xc0,0x3c,0x00,0x0f,0x84,0x0d,0x00,0x00,0x00,0xc6,0x84,
0x24,0xd0,0x20,0x00,0x00,0x01,0xe9,0x1a,0x00,0x00,0x00,0xc6,0x84,0x24,0xd0,0x20,
0x00,0x00,0x00,0xe9,0x0d,0x00,0x00,0x00,0xc6,0x84,0x24,0xd0,0x20,0x00,0x00,0x00,
0xe9,0x00,0x00,0x00,0x00,0x48,0x8d,0x84,0x24,0xd1,0x20,0x00,0x00,0x48,0x8b,0x0d,
0xe4,0x63,0x00,0x00,0x48,0x89,0x84,0x24,0xa8,0x05,0x00,0x00,0x48,0x89,0x8c,0x24,
0xa0,0x05,0x00,0x00,0x48,0x8b,0x84,0x24,0xa0,0x05,0x00,0x00,0x48,0x8b,0x8c,0x24,
0xa8,0x05,0x00,0x00,0xff,0x10,0x48,0x8d,0x84,0x24,0xd4,0x20,0x00,0x00,0x48,0x8d,
0x94,0x24,0xd8,0x1f,0x00,0x00,0x48,0x8b,0x0d,0x83,0x62,0x00,0x00,0x48,0x89,0x84,
0x24,0x98,0x05,0x00,0x00,0x48,0x89,0x8c,0x24,0x88,0x05,0x00,0x00,0x48,0x8b,0x84,
0x24,0x88,0x05,0x00,0x00,0x48,0x8b,0x8c,0x24,0x98,0x05,0x00,0x00,0xff,0x10,0x8b,
0x84,0x24,0xd4,0x20,0x00,0x00,0x3b,0x05,0xfc,0x5d,0x00,0x00,0x0f,0x9f,0x84,0x24,
0xd1,0x20,0x00,0x00,0x48,0x8d,0x84,0x24,0xd4,0x20,0x00,0x00,0x48,0x8d,0x94,0x24,
0x28,0x20,0x00,0x00,0x48,0x8b,0x0d,0x35,0x62,0x00,0x00,0x48,0x89,0x84,0x24,0x58,
0x05,0x00,0x00,0x48,0x89,0x8c,0x24,0x80,0x05,0x00,0x00,0x48,0x8b,0x84,0x24,0x80,
0x05,0x00,0x00,0x48,0x8b,0x8c,0x24,0x58,0x05,0x00,0x00,0xff,0x10,0x8b,0x84,0x24,
0xd4,0x20,0x00,0x00,0x3b,0x05,0xae,0x5d,0x00,0x00,0x0f,0x9f,0x84,0x24,0xd2,0x20,
0x00,0x00,0x48,0x8d,0x84,0x24,0xd4,0x20,0x00,0x00,0x48,0x8d,0x94,0x24,0x00,0x20,
0x00,0x00,0x48,0x8b,0x0d,0xe7,0x61,0x00,0x00,0x48,0x89,0x84,0x24,0x78,0x05,0x00,
0x00,0x48,0x89,0x8c,0x24,0x70,0x05,0x00,0x00,0x48,0x8b,0x84,0x24,0x70,0x05,0x00,
0x00,0x48,0x8b,0x8c,0x24,0x78,0x05,0x00,0x00,0xff,0x10,0x8b,0x84,0x24,0xd4,0x20,
0x00,0x00,0x3b,0x05,0x60,0x5d,0x00,0x00,0x0f,0x9f,0x84,0x24,0xd3,0x20,0x00,0x00,
0x48,0x8b,0x8c,0x24,0xf8,0x14,0x00,0x00,0x48,0x8d,0x01,0x48,0x89,0x84,0x24,0x68,
0x05,0x00,0x00,0x48,0x8b,0x84,0x24,0x88,0x00,0x00,0x00,0x48,0x8d,0x10,0x4c,0x8b,
0x84,0x24,0xf0,0x14,0x00,0x00,0x49,0x8d,0x00,0x48,0x8d,0x9c,0x24,0xb8,0x1f,0x00,
0x00,0x48,0x8d,0xac,0x24,0xb0,0x20,0x00,0x00,0x48,0x8d,0xb4,0x24,0xd0,0x20,0x00,
0x00,0x48,0x8d,0xbc,0x24,0x00,0x20,0x00,0x00,0x4c,0x8d,0x0d,0x14,0x5d,0x00,0x00,
0x48,0x89,0x84,0x24,0xc0,0x05,0x00,0x00,0x48,0x8b,0x84,0x24,0xe0,0x14,0x00,0x00,
0x4c,0x8d,0x10,0x4c,0x8d,0x9c,0x24,0xb4,0x1f,0x00,0x00,0x4c,0x8d,0xbc,0x24,0xd1,
0x20,0x00,0x00,0x4c,0x8d,0xb4,0x24,0x80,0x20,0x00,0x00,0x48,0x8b,0x84,0x24,0x10,
0x15,0x00,0x00,0x4c,0x8d,0x28,0x4c,0x8d,0xa4,0x24,0xa4,0x20,0x00,0x00,0x48,0x8b,
0x84,0x24,0x08,0x15,0x00,0x00,0x48,0x8d,0x08,0x48,0x8b,0x05,0x40,0x62,0x00,0x00,
0x48,0x89,0x6c,0x24,0x20,0x48,0x89,0x74,0x24,0x28,0x48,0x89,0x7c,0x24,0x30,0x4c,
0x89,0x4c,0x24,0x38,0x4c,0x89,0x54,0x24,0x40,0x4c,0x89,0x5c,0x24,0x48,0x4c,0x89,
0x7c,0x24,0x50,0x4c,0x89,0x74,0x24,0x58,0x4c,0x89,0x6c,0x24,0x60,0x4c,0x89,0x64,
0x24,0x68,0x48,0x89,0x4c,0x24,0x70,0x48,0x8b,0x8c,0x24,0x68,0x05,0x00,0x00,0x4c,
0x8b,0x84,0x24,0xc0,0x05,0x00,0x00,0x49,0x89,0xd9,0xff,0x10,0x48,0x8d,0x84,0x24,
0xd1,0x20,0x00,0x00,0x48,0x8b,0x0d,0xed,0x61,0x00,0x00,0x48,0x89,0x84,0x24,0x90,
0x05,0x00,0x00,0x48,0x89,0x8c,0x24,0xc8,0x05,0x00,0x00,0x48,0x8b,0x84,0x24,0xc8,
0x05,0x00,0x00,0x48,0x8b,0x8c,0x24,0x90,0x05,0x00,0x00,0xff,0x10,0x48,0x8b,0x05,
0xcc,0x61,0x00,0x00,0x48,0x8b,0x8c,0x24,0x10,0x10,0x00,0x00,0x48,0x8b,0x94,0x24,
0x00,0x10,0x00,0x00,0x49,0x89,0xc8,0xff,0x10,0xe9,0x0c,0xfc,0xff,0xff,0x48,0x8b,
0x84,0x24,0x88,0x00,0x00,0x00,0x48,0x8d,0x08,0x48,0x8b,0x05,0x10,0x61,0x00,0x00,
0xff,0x10,0x48,0x8b,0x84,0x24,0x88,0x00,0x00,0x00,0x48,0x8d,0x08,0x48,0x8b,0x05,
0xfc,0x60,0x00,0x00,0xff,0x10,0x48,0x8d,0x84,0x24,0xa0,0x20,0x00,0x00,0x48,0x8d,
0x15,0x1a,0x5d,0x00,0x00,0x48,0x8b,0x0d,0x54,0x60,0x00,0x00,0x48,0x89,0x84,0x24,
0xd8,0x05,0x00,0x00,0x48,0x89,0x8c,0x24,0x38,0x06,0x00,0x00,0x48,0x8b,0x84,0x24,
0x38,0x06,0x00,0x00,0x48,0x8b,0x8c,0x24,0xd8,0x05,0x00,0x00,0xff,0x10,0x48,0x8b,
0x05,0x03,0x61,0x00,0x00,0x8b,0x00,0x03,0x05,0xb7,0x5b,0x00,0x00,0x48,0x8b,0x1d,
0x24,0x60,0x00,0x00,0x48,0x8d,0x8c,0x24,0xb0,0x20,0x00,0x00,0x89,0x84,0x24,0xb8,
0x20,0x00,0x00,0x48,0x8d,0x94,0x24,0xb8,0x20,0x00,0x00,0x48,0x8d,0x03,0x48,0x8b,
0x1d,0xbb,0x5f,0x00,0x00,0x49,0x89,0xc0,0xff,0x13,0x48,0x8d,0x84,0x24,0xbc,0x20,
0x00,0x00,0x48,0x8b,0x0d,0xc7,0x5d,0x00,0x00,0x48,0x89,0x84,0x24,0x30,0x06,0x00,
0x00,0x48,0x89,0x8c,0x24,0x28,0x06,0x00,0x00,0x48,0x8b,0x84,0x24,0x28,0x06,0x00,
0x00,0x48,0x8b,0x8c,0x24,0x30,0x06,0x00,0x00,0xff,0x10,0x48,0x8b,0x84,0x24,0x88,
0x00,0x00,0x00,0x48,0x8d,0x08,0x48,0x8d,0x84,0x24,0xa0,0x20,0x00,0x00,0x48,0x8d,
0x94,0x24,0xb0,0x20,0x00,0x00,0x48,0x8d,0x1d,0x2b,0x5b,0x00,0x00,0x48,0x8d,0x2d,
0x24,0x5b,0x00,0x00,0x48,0x8d,0x35,0x29,0x5b,0x00,0x00,0x48,0x8d,0xbc,0x24,0xbc,
0x20,0x00,0x00,0x4c,0x8d,0x05,0x0e,0x5b,0x00,0x00,0x4c,0x8b,0x0d,0xc7,0x5f,0x00,
0x00,0x48,0x89,0x6c,0x24,0x20,0x48,0x89,0x74,0x24,0x28,0x48,0x89,0x7c,0x24,0x30,
0x4c,0x89,0x44,0x24,0x38,0x4c,0x89,0xce,0x48,0x89,0x94,0x24,0x20,0x06,0x00,0x00,
0x48,0x89,0xc2,0x4c,0x8b,0x84,0x24,0x20,0x06,0x00,0x00,0x49,0x89,0xd9,0xff,0x16,
0x48,0x8d,0x84,0x24,0xbc,0x20,0x00,0x00,0x48,0x8b,0x0d,0x19,0x5d,0x00,0x00,0x48,
0x89,0x84,0x24,0x18,0x06,0x00,0x00,0x48,0x89,0x8c,0x24,0x08,0x06,0x00,0x00,0x48,
0x8b,0x84,0x24,0x08,0x06,0x00,0x00,0x48,0x8b,0x8c,0x24,0x18,0x06,0x00,0x00,0xff,
0x10,0x48,0x8d,0x84,0x24,0xb0,0x20,0x00,0x00,0x48,0x8b,0x0d,0xe8,0x5c,0x00,0x00,
0x48,0x89,0x84,0x24,0xd0,0x05,0x00,0x00,0x48,0x89,0x8c,0x24,0x00,0x06,0x00,0x00,
0x48,0x8b,0x84,0x24,0x00,0x06,0x00,0x00,0x48,0x8b,0x8c,0x24,0xd0,0x05,0x00,0x00,
0xff,0x10,0x48,0x8d,0x84,0x24,0xa0,0x20,0x00,0x00,0x48,0x8b,0x0d,0xf7,0x5e,0x00,
0x00,0x48,0x89,0x84,0x24,0xf8,0x05,0x00,0x00,0x48,0x89,0x8c,0x24,0xf0,0x05,0x00,
0x00,0x48,0x8b,0x84,0x24,0xf0,0x05,0x00,0x00,0x48,0x8b,0x8c,0x24,0xf8,0x05,0x00,
0x00,0xff,0x10,0x48,0x8d,0x84,0x24,0xa0,0x20,0x00,0x00,0x48,0x8d,0x15,0x86,0x5b,
0x00,0x00,0x48,0x8b,0x0d,0xa7,0x5e,0x00,0x00,0x48,0x89,0x84,0x24,0xe8,0x05,0x00,
0x00,0x48,0x89,0x8c,0x24,0xe0,0x05,0x00,0x00,0x48,0x8b,0x84,0x24,0xe0,0x05,0x00,
0x00,0x48,0x8b,0x8c,0x24,0xe8,0x05,0x00,0x00,0xff,0x10,0x48,0x8b,0x05,0x86,0x5e,
0x00,0x00,0x48,0x8b,0x1d,0x7f,0x5e,0x00,0x00,0x48,0x8d,0x8c,0x24,0xb0,0x20,0x00,
0x00,0x48,0x8d,0x10,0x48,0x8d,0x03,0x48,0x8b,0x1d,0x22,0x5e,0x00,0x00,0x49,0x89,
0xc0,0xff,0x13,0x48,0x8b,0x84,0x24,0x88,0x00,0x00,0x00,0x48,0x8d,0x08,0x48,0x8d,
0x84,0x24,0xa0,0x20,0x00,0x00,0x48,0x8d,0x94,0x24,0xb0,0x20,0x00,0x00,0x48,0x8d,
0x1d,0xcf,0x59,0x00,0x00,0x48,0x8d,0x2d,0xbc,0x59,0x00,0x00,0x4c,0x8b,0x8c,0x24,
0x48,0x15,0x00,0x00,0x49,0x8d,0x71,0x78,0x48,0x8b,0x3d,0x01,0x5f,0x00,0x00,0x48,
0x89,0x6c,0x24,0x20,0x48,0x89,0x74,0x24,0x28,0x48,0x89,0x94,0x24,0x60,0x05,0x00,
0x00,0x48,0x89,0xc2,0x4c,0x8b,0x84,0x24,0x60,0x05,0x00,0x00,0x49,0x89,0xd9,0xff,
0x17,0x48,0x8d,0x84,0x24,0xb0,0x20,0x00,0x00,0x48,0x8b,0x0d,0xc8,0x5b,0x00,0x00,
0x48,0x89,0x84,0x24,0x50,0x05,0x00,0x00,0x48,0x89,0x8c,0x24,0x18,0x05,0x00,0x00,
0x48,0x8b,0x84,0x24,0x18,0x05,0x00,0x00,0x48,0x8b,0x8c,0x24,0x50,0x05,0x00,0x00,
0xff,0x10,0x48,0x8d,0x84,0x24,0xa0,0x20,0x00,0x00,0x48,0x8b,0x0d,0xd7,0x5d,0x00,
0x00,0x48,0x89,0x84,0x24,0x48,0x05,0x00,0x00,0x48,0x89,0x8c,0x24,0xc0,0x04,0x00,
0x00,0x48,0x8b,0x84,0x24,0xc0,0x04,0x00,0x00,0x48,0x8b,0x8c,0x24,0x48,0x05,0x00,
0x00,0xff,0x10,0x4c,0x8b,0x84,0x24,0xf0,0x14,0x00,0x00,0x41,0x8b,0x80,0x20,0x44,
0x00,0x00,0x89,0x84,0x24,0xa0,0x20,0x00,0x00,0x8b,0x05,0x09,0x59,0x00,0x00,0x89,
0x84,0x24,0xa4,0x20,0x00,0x00,0x48,0x8b,0x84,0x24,0xb8,0x04,0x00,0x00,0x48,0x89,
0x84,0x24,0xa8,0x20,0x00,0x00,0x48,0x8d,0x84,0x24,0xa8,0x20,0x00,0x00,0x48,0x8d,
0x8c,0x24,0xb0,0x20,0x00,0x00,0x48,0x89,0x8c,0x24,0xb0,0x04,0x00,0x00,0x48,0x8d,
0x8c,0x24,0xb8,0x20,0x00,0x00,0x48,0x89,0x8c,0x24,0xa8,0x04,0x00,0x00,0x48,0x8d,
0x8c,0x24,0xd8,0x1f,0x00,0x00,0x48,0x8b,0x15,0x1b,0x5e,0x00,0x00,0x48,0x89,0x84,
0x24,0xa0,0x04,0x00,0x00,0x48,0x89,0x8c,0x24,0x90,0x04,0x00,0x00,0x48,0x89,0x94,
0x24,0x60,0x04,0x00,0x00,0x48,0x8b,0x84,0x24,0x60,0x04,0x00,0x00,0x48,0x8b,0x8c,
0x24,0xa0,0x04,0x00,0x00,0x48,0x8b,0x94,0x24,0x90,0x04,0x00,0x00,0xff,0x10,0x48,
0x8d,0x84,0x24,0xc0,0x20,0x00,0x00,0x48,0x8b,0x0d,0xe2,0x5d,0x00,0x00,0x48,0x89,
0x84,0x24,0x88,0x04,0x00,0x00,0x48,0x89,0x8c,0x24,0x80,0x04,0x00,0x00,0x48,0x8b,
0x84,0x24,0x80,0x04,0x00,0x00,0x48,0x8b,0x8c,0x24,0x88,0x04,0x00,0x00,0x48,0x8b,
0x94,0x24,0x90,0x04,0x00,0x00,0xff,0x10,0x48,0x8b,0x84,0x24,0xc0,0x20,0x00,0x00,
0x48,0x39,0x84,0x24,0xa8,0x20,0x00,0x00,0x0f,0x84,0x01,0x04,0x00,0x00,0x48,0x8b,
0x05,0xa3,0x5d,0x00,0x00,0x48,0x8b,0x8c,0x24,0xb0,0x04,0x00,0x00,0x48,0x8b,0x94,
0x24,0x90,0x04,0x00,0x00,0x4c,0x8b,0x84,0x24,0xa0,0x04,0x00,0x00,0xff,0x10,0x48,
0x8b,0x05,0x8a,0x5d,0x00,0x00,0x48,0x8b,0x8c,0x24,0xa8,0x04,0x00,0x00,0x48,0x8b,
0x94,0x24,0x90,0x04,0x00,0x00,0x4c,0x8b,0x84,0x24,0xa0,0x04,0x00,0x00,0xff,0x10,
0x48,0x8d,0x84,0x24,0xc8,0x20,0x00,0x00,0x48,0x8d,0x94,0x24,0xd8,0x1f,0x00,0x00,
0x48,0x8d,0x8c,0x24,0xb0,0x20,0x00,0x00,0x48,0x8b,0x1d,0x39,0x5c,0x00,0x00,0x48,
0x89,0x8c,0x24,0x78,0x04,0x00,0x00,0x48,0x89,0xc1,0x4c,0x8b,0x84,0x24,0x78,0x04,
0x00,0x00,0xff,0x13,0x8b,0x84,0x24,0x98,0x20,0x00,0x00,0x3b,0x05,0xc3,0x57,0x00,
0x00,0x0f,0x94,0xc0,0x3c,0x00,0x0f,0x84,0x26,0x00,0x00,0x00,0x8b,0x84,0x24,0x9c,
0x20,0x00,0x00,0x3b,0x05,0x9f,0x57,0x00,0x00,0x0f,0x94,0xc0,0x3c,0x00,0x0f,0x84,
0x07,0x00,0x00,0x00,0xb0,0x01,0xe9,0x0e,0x00,0x00,0x00,0xb0,0x00,0xe9,0x07,0x00,
0x00,0x00,0xb0,0x00,0xe9,0x00,0x00,0x00,0x00,0x3c,0x00,0x0f,0x84,0x2e,0x00,0x00,
0x00,0x4c,0x8b,0x84,0x24,0xf0,0x14,0x00,0x00,0x41,0x8a,0x80,0x14,0x44,0x00,0x00,
0x3a,0x05,0x62,0x57,0x00,0x00,0x0f,0x94,0xc0,0x3c,0x00,0x0f,0x84,0x07,0x00,0x00,
0x00,0xb0,0x01,0xe9,0x16,0x00,0x00,0x00,0xb0,0x00,0xe9,0x0f,0x00,0x00,0x00,0xb0,
0x00,0x4c,0x8b,0x84,0x24,0xf0,0x14,0x00,0x00,0xe9,0x00,0x00,0x00,0x00,0x3c,0x00,
0x0f,0x84,0x37,0x00,0x00,0x00,0x48,0x8b,0x94,0x24,0xc8,0x20,0x00,0x00,0x8b,0x84,
0x24,0xa0,0x20,0x00,0x00,0x3b,0x42,0x10,0x0f,0x94,0xc0,0x3c,0x00,0x0f,0x84,0x0d,
0x00,0x00,0x00,0xc6,0x84,0x24,0xd0,0x20,0x00,0x00,0x01,0xe9,0x1a,0x00,0x00,0x00,
0xc6,0x84,0x24,0xd0,0x20,0x00,0x00,0x00,0xe9,0x0d,0x00,0x00,0x00,0xc6,0x84,0x24,
0xd0,0x20,0x00,0x00,0x00,0xe9,0x00,0x00,0x00,0x00,0x48,0x8d,0x84,0x24,0xd1,0x20,
0x00,0x00,0x48,0x8b,0x0d,0x5f,0x5c,0x00,0x00,0x48,0x89,0x84,0x24,0x70,0x04,0x00,
0x00,0x48,0x89,0x8c,0x24,0xc8,0x04,0x00,0x00,0x48,0x8b,0x84,0x24,0xc8,0x04,0x00,
0x00,0x48,0x8b,0x8c,0x24,0x70,0x04,0x00,0x00,0xff,0x10,0x8a,0x05,0xb7,0x56,0x00,
0x00,0x88,0x84,0x24,0xd1,0x20,0x00,0x00,0x48,0x8d,0x84,0x24,0xd4,0x20,0x00,0x00,
0x48,0x8d,0x94,0x24,0x00,0x20,0x00,0x00,0x48,0x8b,0x0d,0xf1,0x5a,0x00,0x00,0x48,
0x89,0x84,0x24,0x98,0x04,0x00,0x00,0x48,0x89,0x8c,0x24,0xd0,0x04,0x00,0x00,0x48,
0x8b,0x84,0x24,0xd0,0x04,0x00,0x00,0x48,0x8b,0x8c,0x24,0x98,0x04,0x00,0x00,0xff,
0x10,0x8b,0x84,0x24,0xd4,0x20,0x00,0x00,0x3b,0x05,0x6a,0x56,0x00,0x00,0x0f,0x9f,
0xc0,0x3c,0x00,0x0f,0x85,0x6b,0x00,0x00,0x00,0x48,0x8d,0x84,0x24,0xd8,0x20,0x00,
0x00,0x48,0x8d,0x94,0x24,0x28,0x20,0x00,0x00,0x48,0x8b,0x0d,0xa0,0x5a,0x00,0x00,
0x48,0x89,0x84,0x24,0xe0,0x04,0x00,0x00,0x48,0x89,0x8c,0x24,0x40,0x05,0x00,0x00,
0x48,0x8b,0x84,0x24,0x40,0x05,0x00,0x00,0x48,0x8b,0x8c,0x24,0xe0,0x04,0x00,0x00,
0xff,0x10,0x8b,0x84,0x24,0xd8,0x20,0x00,0x00,0x3b,0x05,0x19,0x56,0x00,0x00,0x0f,
0x9f,0xc0,0x3c,0x00,0x0f,0x85,0x0d,0x00,0x00,0x00,0xc6,0x84,0x24,0xd2,0x20,0x00,
0x00,0x00,0xe9,0x1a,0x00,0x00,0x00,0xc6,0x84,0x24,0xd2,0x20,0x00,0x00,0x01,0xe9,
0x0d,0x00,0x00,0x00,0xc6,0x84,0x24,0xd2,0x20,0x00,0x00,0x01,0xe9,0x00,0x00,0x00,
0x00,0x48,0x8d,0x84,0x24,0xd4,0x20,0x00,0x00,0x48,0x8d,0x94,0x24,0x00,0x20,0x00,
0x00,0x48,0x8b,0x0d,0x28,0x5a,0x00,0x00,0x48,0x89,0x84,0x24,0x38,0x05,0x00,0x00,
0x48,0x89,0x8c,0x24,0x30,0x05,0x00,0x00,0x48,0x8b,0x84,0x24,0x30,0x05,0x00,0x00,
0x48,0x8b,0x8c,0x24,0x38,0x05,0x00,0x00,0xff,0x10,0x8b,0x84,0x24,0xd4,0x20,0x00,
0x00,0x3b,0x05,0xa1,0x55,0x00,0x00,0x0f,0x9f,0x84,0x24,0xd3,0x20,0x00,0x00,0x48,
0x8b,0x8c,0x24,0xf8,0x14,0x00,0x00,0x48,0x8d,0x01,0x48,0x89,0x84,0x24,0x28,0x05,
0x00,0x00,0x48,0x8b,0x84,0x24,0x88,0x00,0x00,0x00,0x48,0x8d,0x10,0x4c,0x8b,0x84,
0x24,0xf0,0x14,0x00,0x00,0x49,0x8d,0x00,0x48,0x8d,0x9c,0x24,0xb8,0x1f,0x00,0x00,
0x48,0x8d,0xac,0x24,0xb0,0x20,0x00,0x00,0x48,0x8d,0xb4,0x24,0xd0,0x20,0x00,0x00,
0x4c,0x8d,0xbc,0x24,0xd8,0x1f,0x00,0x00,0x48,0x8d,0x3d,0x49,0x55,0x00,0x00,0x48,
0x89,0x84,0x24,0x20,0x05,0x00,0x00,0x48,0x8b,0x84,0x24,0xe0,0x14,0x00,0x00,0x4c,
0x8d,0x20,0x48,0x8d,0x84,0x24,0xb4,0x1f,0x00,0x00,0x4c,0x8d,0x8c,0x24,0xd1,0x20,
0x00,0x00,0x4c,0x8d,0x94,0x24,0x80,0x20,0x00,0x00,0x48,0x89,0x84,0x24,0x10,0x05,
0x00,0x00,0x48,0x8b,0x84,0x24,0x10,0x15,0x00,0x00,0x4c,0x8d,0x30,0x48,0x8d,0x84,
0x24,0xa4,0x20,0x00,0x00,0x48,0x89,0x84,0x24,0xd8,0x04,0x00,0x00,0x48,0x8b,0x84,
0x24,0x08,0x15,0x00,0x00,0x4c,0x8d,0x18,0x4c,0x8b,0x2d,0x71,0x5a,0x00,0x00,0x48,
0x89,0x6c,0x24,0x20,0x48,0x89,0x74,0x24,0x28,0x4c,0x89,0x7c,0x24,0x30,0x48,0x89,
0x7c,0x24,0x38,0x4c,0x89,0x64,0x24,0x40,0x48,0x8b,0xb4,0x24,0x10,0x05,0x00,0x00,
0x48,0x89,0x74,0x24,0x48,0x4c,0x89,0x4c,0x24,0x50,0x4c,0x89,0x54,0x24,0x58,0x4c,
0x89,0x74,0x24,0x60,0x4c,0x8b,0x94,0x24,0xd8,0x04,0x00,0x00,0x4c,0x89,0x54,0x24,
0x68,0x4c,0x89,0x5c,0x24,0x70,0x48,0x8b,0x8c,0x24,0x28,0x05,0x00,0x00,0x4c,0x8b,
0x84,0x24,0x20,0x05,0x00,0x00,0x49,0x89,0xd9,0x41,0xff,0x55,0x00,0x48,0x8d,0x84,
0x24,0xd1,0x20,0x00,0x00,0x48,0x8b,0x0d,0x0c,0x5a,0x00,0x00,0x48,0x89,0x84,0x24,
0x08,0x05,0x00,0x00,0x48,0x89,0x8c,0x24,0x00,0x05,0x00,0x00,0x48,0x8b,0x84,0x24,
0x00,0x05,0x00,0x00,0x48,0x8b,0x8c,0x24,0x08,0x05,0x00,0x00,0xff,0x10,0x48,0x8b,
0x05,0xeb,0x59,0x00,0x00,0x48,0x8b,0x8c,0x24,0xa0,0x04,0x00,0x00,0x48,0x8b,0x94,
0x24,0x90,0x04,0x00,0x00,0x49,0x89,0xc8,0xff,0x10,0xe9,0xb0,0xfb,0xff,0xff,0x48,
0x8b,0x84,0x24,0x88,0x00,0x00,0x00,0x48,0x8d,0x08,0x48,0x8b,0x05,0x2f,0x59,0x00,
0x00,0xff,0x10,0x48,0x8b,0x84,0x24,0x88,0x00,0x00,0x00,0x48,0x8d,0x08,0x48,0x8b,
0x05,0x1b,0x59,0x00,0x00,0xff,0x10,0x48,0x8b,0x84,0x24,0x88,0x00,0x00,0x00,0x48,
0x8d,0x08,0x48,0x8b,0x05,0x07,0x59,0x00,0x00,0xff,0x10,0x48,0x8d,0x84,0x24,0xa0,
0x20,0x00,0x00,0x48,0x8d,0x15,0x54,0x55,0x00,0x00,0x48,0x8b,0x0d,0x5f,0x58,0x00,
0x00,0x48,0x89,0x84,0x24,0xf8,0x04,0x00,0x00,0x48,0x89,0x8c,0x24,0xf0,0x04,0x00,
0x00,0x48,0x8b,0x84,0x24,0xf0,0x04,0x00,0x00,0x48,0x8b,0x8c,0x24,0xf8,0x04,0x00,
0x00,0xff,0x10,0x48,0x8b,0x05,0x3e,0x58,0x00,0x00,0x48,0x8b,0x1d,0xa7,0x57,0x00,
0x00,0x48,0x8d,0x8c,0x24,0xb0,0x20,0x00,0x00,0x48,0x8d,0x10,0x48,0x8d,0x03,0x48,
0x8b,0x1d,0xda,0x57,0x00,0x00,0x49,0x89,0xc0,0xff,0x13,0x48,0x8d,0x84,0x24,0xb8,
0x20,0x00,0x00,0x48,0x8b,0x0d,0xe6,0x55,0x00,0x00,0x48,0x89,0x84,0x24,0xe8,0x04,
0x00,0x00,0x48,0x89,0x8c,0x24,0x40,0x06,0x00,0x00,0x48,0x8b,0x84,0x24,0x40,0x06,
0x00,0x00,0x48,0x8b,0x8c,0x24,0xe8,0x04,0x00,0x00,0xff,0x10,0x48,0x8b,0x1d,0x1d,
0x58,0x00,0x00,0x48,0x8b,0x84,0x24,0x88,0x00,0x00,0x00,0x48,0x8d,0x08,0x48,0x8d,
0x84,0x24,0xa0,0x20,0x00,0x00,0x48,0x8d,0x94,0x24,0xb0,0x20,0x00,0x00,0x48,0x8d,
0x2d,0x4f,0x53,0x00,0x00,0x48,0x8d,0x35,0x4c,0x53,0x00,0x00,0x48,0x8d,0x3d,0x35,
0x53,0x00,0x00,0x4c,0x8d,0x84,0x24,0xb8,0x20,0x00,0x00,0x48,0x8d,0x1b,0x4c,0x8b,
0x0d,0xe3,0x57,0x00,0x00,0x48,0x89,0x74,0x24,0x20,0x48,0x89,0x7c,0x24,0x28,0x4c,
0x89,0x44,0x24,0x30,0x48,0x89,0x5c,0x24,0x38,0x4c,0x89,0xcb,0x48,0x89,0x94,0x24,
0x10,0x06,0x00,0x00,0x48,0x89,0xc2,0x4c,0x8b,0x84,0x24,0x10,0x06,0x00,0x00,0x49,
0x89,0xe9,0xff,0x13,0x48,0x8d,0x84,0x24,0xb8,0x20,0x00,0x00,0x48,0x8b,0x0d,0x35,
0x55,0x00,0x00,0x48,0x89,0x84,0x24,0x48,0x06,0x00,0x00,0x48,0x89,0x8c,0x24,0x58,
0x06,0x00,0x00,0x48,0x8b,0x84,0x24,0x58,0x06,0x00,0x00,0x48,0x8b,0x8c,0x24,0x48,
0x06,0x00,0x00,0xff,0x10,0x48,0x8d,0x84,0x24,0xb0,0x20,0x00,0x00,0x48,0x8b,0x0d,
0x04,0x55,0x00,0x00,0x48,0x89,0x84,0x24,0xa8,0x07,0x00,0x00,0x48,0x89,0x8c,0x24,
0xa0,0x07,0x00,0x00,0x48,0x8b,0x84,0x24,0xa0,0x07,0x00,0x00,0x48,0x8b,0x8c,0x24,
0xa8,0x07,0x00,0x00,0xff,0x10,0x48,0x8d,0x84,0x24,0xa0,0x20,0x00,0x00,0x48,0x8b,
0x0d,0x13,0x57,0x00,0x00,0x48,0x89,0x84,0x24,0x98,0x07,0x00,0x00,0x48,0x89,0x8c,
0x24,0x90,0x07,0x00,0x00,0x48,0x8b,0x84,0x24,0x90,0x07,0x00,0x00,0x48,0x8b,0x8c,
0x24,0x98,0x07,0x00,0x00,0xff,0x10,0x48,0x8b,0x05,0x0a,0x58,0x00,0x00,0x48,0x8b,
0x1d,0x43,0x56,0x00,0x00,0x48,0x8d,0x8c,0x24,0xa0,0x20,0x00,0x00,0x48,0x8d,0x10,
0x48,0x8d,0x03,0x48,0x8b,0x1d,0x76,0x56,0x00,0x00,0x49,0x89,0xc0,0xff,0x13,0x48,
0x8b,0x84,0x24,0x88,0x00,0x00,0x00,0x8a,0x88,0xc8,0x00,0x00,0x00,0x80,0xf9,0x00,
0x0f,0x84,0x28,0x02,0x00,0x00,0x48,0x8d,0x84,0x24,0xb0,0x20,0x00,0x00,0x48,0x8d,
0x15,0x80,0x53,0x00,0x00,0x48,0x8b,0x0d,0x84,0x56,0x00,0x00,0x48,0x89,0x84,0x24,
0x88,0x07,0x00,0x00,0x48,0x89,0x8c,0x24,0x78,0x07,0x00,0x00,0x48,0x8b,0x84,0x24,
0x78,0x07,0x00,0x00,0x48,0x8b,0x8c,0x24,0x88,0x07,0x00,0x00,0xff,0x10,0x48,0x8b,
0x15,0x9b,0x57,0x00,0x00,0x48,0x8d,0x84,0x24,0xc0,0x20,0x00,0x00,0x48,0x8b,0x0d,
0x94,0x57,0x00,0x00,0x48,0x89,0x84,0x24,0x48,0x07,0x00,0x00,0x48,0x89,0x8c,0x24,
0x70,0x07,0x00,0x00,0x48,0x8b,0x84,0x24,0x70,0x07,0x00,0x00,0x48,0x8b,0x8c,0x24,
0x48,0x07,0x00,0x00,0x48,0x89,0x94,0x24,0x68,0x07,0x00,0x00,0xff,0x10,0x48,0x8d,
0x84,0x24,0xc0,0x20,0x00,0x00,0x48,0x8b,0x94,0x24,0x68,0x07,0x00,0x00,0x48,0x8d,
0x12,0x48,0x8d,0x0d,0x24,0x52,0x00,0x00,0x48,0x8b,0x1d,0x51,0x57,0x00,0x00,0x48,
0x89,0x8c,0x24,0x60,0x07,0x00,0x00,0x48,0x89,0xc1,0x4c,0x8b,0x84,0x24,0x60,0x07,
0x00,0x00,0xff,0x13,0x48,0x8d,0x84,0x24,0xa8,0x20,0x00,0x00,0x48,0x89,0x84,0x24,
0x58,0x07,0x00,0x00,0x48,0x8b,0x84,0x24,0x88,0x00,0x00,0x00,0x48,0x8d,0x08,0x48,
0x8d,0x94,0x24,0xb0,0x20,0x00,0x00,0x48,0x8d,0x9c,0x24,0xc0,0x20,0x00,0x00,0x48,
0x8d,0xac,0x24,0xa0,0x20,0x00,0x00,0x48,0x8d,0xb0,0x58,0x04,0x00,0x00,0x48,0x8d,
0x05,0x33,0x51,0x00,0x00,0x48,0x8d,0x3d,0x2c,0x51,0x00,0x00,0x4c,0x8b,0x05,0xf5,
0x56,0x00,0x00,0x48,0x89,0x6c,0x24,0x20,0x48,0x89,0x74,0x24,0x28,0x48,0x89,0x44,
0x24,0x30,0x48,0x89,0x7c,0x24,0x38,0x4c,0x89,0xc6,0x48,0x89,0x8c,0x24,0xb0,0x07,
0x00,0x00,0x48,0x89,0x94,0x24,0x80,0x07,0x00,0x00,0x48,0x8b,0x8c,0x24,0x58,0x07,
0x00,0x00,0x48,0x8b,0x94,0x24,0xb0,0x07,0x00,0x00,0x4c,0x8b,0x84,0x24,0x80,0x07,
0x00,0x00,0x49,0x89,0xd9,0xff,0x16,0x8a,0x94,0x24,0xa8,0x20,0x00,0x00,0x48,0x8d,
0x84,0x24,0xc0,0x20,0x00,0x00,0x48,0x8b,0x0d,0x5b,0x55,0x00,0x00,0x48,0x89,0x84,
0x24,0xb8,0x07,0x00,0x00,0x48,0x89,0x8c,0x24,0xc8,0x07,0x00,0x00,0x48,0x8b,0x84,
0x24,0xc8,0x07,0x00,0x00,0x48,0x8b,0x8c,0x24,0xb8,0x07,0x00,0x00,0x88,0x94,0x24,
0x28,0x08,0x00,0x00,0xff,0x10,0x48,0x8d,0x84,0x24,0xb0,0x20,0x00,0x00,0x48,0x8b,
0x0d,0x23,0x55,0x00,0x00,0x48,0x89,0x84,0x24,0x20,0x08,0x00,0x00,0x48,0x89,0x8c,
0x24,0x18,0x08,0x00,0x00,0x48,0x8b,0x84,0x24,0x18,0x08,0x00,0x00,0x48,0x8b,0x8c,
0x24,0x20,0x08,0x00,0x00,0xff,0x10,0x80,0xbc,0x24,0x28,0x08,0x00,0x00,0x00,0x0f,
0x84,0x64,0x00,0x00,0x00,0x48,0x8d,0x84,0x24,0xa8,0x20,0x00,0x00,0x48,0x89,0x84,
0x24,0x10,0x08,0x00,0x00,0x48,0x8b,0x84,0x24,0x88,0x00,0x00,0x00,0x48,0x8d,0x10,
0x48,0x8b,0x05,0x29,0x55,0x00,0x00,0x48,0x8b,0x8c,0x24,0x10,0x08,0x00,0x00,0xff,
0x10,0x8a,0x84,0x24,0xa8,0x20,0x00,0x00,0x3c,0x00,0x0f,0x84,0x24,0x00,0x00,0x00,
0x48,0x8b,0x84,0x24,0x88,0x00,0x00,0x00,0x48,0x8d,0x08,0x4c,0x8b,0x8c,0x24,0x48,
0x15,0x00,0x00,0x49,0x8d,0x11,0x48,0x8b,0x05,0xe3,0x55,0x00,0x00,0xff,0x10,0xe9,
0x00,0x00,0x00,0x00,0xe9,0x00,0x00,0x00,0x00,0xe9,0x14,0x00,0x00,0x00,0x48,0x8b,
0x84,0x24,0x88,0x00,0x00,0x00,0x48,0x8d,0x08,0x48,0x8b,0x05,0xc8,0x55,0x00,0x00,
0xff,0x10,0x8b,0x84,0x24,0x98,0x20,0x00,0x00,0x3b,0x05,0xe9,0x4f,0x00,0x00,0x0f,
0x94,0xc0,0x3c,0x00,0x0f,0x84,0x37,0x00,0x00,0x00,0x4c,0x8b,0x8c,0x24,0x48,0x15,
0x00,0x00,0x41,0x8a,0x41,0x44,0x3a,0x05,0xbc,0x4f,0x00,0x00,0x0f,0x94,0xc0,0x3c,
0x00,0x0f,0x84,0x0d,0x00,0x00,0x00,0xc6,0x84,0x24,0xa8,0x20,0x00,0x00,0x01,0xe9,
0x22,0x00,0x00,0x00,0xc6,0x84,0x24,0xa8,0x20,0x00,0x00,0x00,0xe9,0x15,0x00,0x00,
0x00,0xc6,0x84,0x24,0xa8,0x20,0x00,0x00,0x00,0x4c,0x8b,0x8c,0x24,0x48,0x15,0x00,
0x00,0xe9,0x00,0x00,0x00,0x00,0x8b,0x84,0x24,0x98,0x20,0x00,0x00,0x3b,0x05,0x85,
0x4f,0x00,0x00,0x0f,0x94,0xc0,0x3c,0x00,0x0f,0x84,0x25,0x00,0x00,0x00,0x41,0x80,
0x79,0x44,0x00,0x0f,0x84,0x0d,0x00,0x00,0x00,0xc6,0x84,0x24,0xa9,0x20,0x00,0x00,
0x01,0xe9,0x1a,0x00,0x00,0x00,0xc6,0x84,0x24,0xa9,0x20,0x00,0x00,0x00,0xe9,0x0d,
0x00,0x00,0x00,0xc6,0x84,0x24,0xa9,0x20,0x00,0x00,0x00,0xe9,0x00,0x00,0x00,0x00,
0x48,0x8d,0x84,0x24,0xaa,0x20,0x00,0x00,0x48,0x8d,0x15,0xa5,0x50,0x00,0x00,0x48,
0x8d,0x0d,0x22,0x4f,0x00,0x00,0x48,0x8d,0x1d,0x1b,0x4f,0x00,0x00,0x48,0x8d,0x2d,
0x14,0x4f,0x00,0x00,0x48,0x8b,0x35,0xf5,0x54,0x00,0x00,0x48,0x89,0x6c,0x24,0x20,
0x48,0x89,0x8c,0x24,0x08,0x08,0x00,0x00,0x48,0x89,0xc1,0x4c,0x8b,0x84,0x24,0x08,
0x08,0x00,0x00,0x49,0x89,0xd9,0xff,0x16,0x8a,0x84,0x24,0xa8,0x20,0x00,0x00,0x3c,
0x00,0x0f,0x84,0x7d,0x02,0x00,0x00,0x48,0x8b,0x84,0x24,0x88,0x00,0x00,0x00,0x8a,
0x88,0xc8,0x00,0x00,0x00,0x3a,0x0d,0xcd,0x4e,0x00,0x00,0x0f,0x94,0xc0,0x3c,0x00,
0x0f,0x84,0x8d,0x01,0x00,0x00,0x4c,0x8b,0x8c,0x24,0x48,0x15,0x00,0x00,0x41,0x8a,
0x41,0x44,0x3a,0x05,0xb0,0x4e,0x00,0x00,0x0f,0x94,0xc0,0x3c,0x00,0x0f,0x84,0xaa,
0x00,0x00,0x00,0x48,0x8d,0x84,0x24,0xb0,0x20,0x00,0x00,0x48,0x89,0x84,0x24,0xf8,
0x07,0x00,0x00,0x48,0x8b,0x84,0x24,0x08,0x15,0x00,0x00,0x48,0x8d,0x10,0x48,0x8b,
0x05,0x93,0x52,0x00,0x00,0x48,0x8b,0x8c,0x24,0xf8,0x07,0x00,0x00,0xff,0x10,0x48,
0x8b,0x94,0x24,0xb0,0x20,0x00,0x00,0x48,0x8d,0x02,0x48,0x8b,0x0d,0x7f,0x52,0x00,
0x00,0x48,0x89,0x84,0x24,0xc0,0x07,0x00,0x00,0x48,0x89,0x8c,0x24,0xf0,0x07,0x00,
0x00,0x48,0x8b,0x84,0x24,0xf0,0x07,0x00,0x00,0x48,0x8b,0x8c,0x24,0xc0,0x07,0x00,
0x00,0x48,0x89,0x94,0x24,0xe8,0x07,0x00,0x00,0xff,0x10,0x48,0x8b,0x94,0x24,0xe8,
0x07,0x00,0x00,0x48,0x8d,0x02,0x48,0x8d,0x15,0x9b,0x4e,0x00,0x00,0x48,0x8d,0x0d,
0x98,0x4e,0x00,0x00,0x48,0x8b,0x1d,0x3d,0x52,0x00,0x00,0x48,0x89,0x8c,0x24,0xe0,
0x07,0x00,0x00,0x48,0x89,0xc1,0x4c,0x8b,0x84,0x24,0xe0,0x07,0x00,0x00,0xff,0x13,
0x4c,0x8b,0x8c,0x24,0x48,0x15,0x00,0x00,0xe9,0x00,0x00,0x00,0x00,0x48,0x8b,0x84,
0x24,0xe0,0x14,0x00,0x00,0x48,0x83,0x38,0x00,0x0f,0x95,0xc0,0x3c,0x00,0x0f,0x84,
0xaa,0x00,0x00,0x00,0x48,0x8d,0x84,0x24,0xb0,0x20,0x00,0x00,0x48,0x89,0x84,0x24,
0xd8,0x07,0x00,0x00,0x48,0x8b,0x84,0x24,0x08,0x15,0x00,0x00,0x48,0x8d,0x10,0x48,
0x8b,0x05,0xd2,0x51,0x00,0x00,0x48,0x8b,0x8c,0x24,0xd8,0x07,0x00,0x00,0xff,0x10,
0x48,0x8b,0x94,0x24,0xb0,0x20,0x00,0x00,0x48,0x8d,0x02,0x48,0x8b,0x0d,0xbe,0x51,
0x00,0x00,0x48,0x89,0x84,0x24,0xd0,0x07,0x00,0x00,0x48,0x89,0x8c,0x24,0x50,0x07,
0x00,0x00,0x48,0x8b,0x84,0x24,0x50,0x07,0x00,0x00,0x48,0x8b,0x8c,0x24,0xd0,0x07,
0x00,0x00,0x48,0x89,0x94,0x24,0x40,0x07,0x00,0x00,0xff,0x10,0x48,0x8b,0x94,0x24,
0x40,0x07,0x00,0x00,0x48,0x8d,0x02,0x48,0x8d,0x15,0xe2,0x4d,0x00,0x00,0x48,0x8d,
0x0d,0xdf,0x4d,0x00,0x00,0x48,0x8b,0x1d,0x7c,0x51,0x00,0x00,0x48,0x89,0x8c,0x24,
0x08,0x07,0x00,0x00,0x48,0x89,0xc1,0x4c,0x8b,0x84,0x24,0x08,0x07,0x00,0x00,0xff,
0x13,0x4c,0x8b,0x8c,0x24,0x48,0x15,0x00,0x00,0xe9,0x00,0x00,0x00,0x00,0xe9,0x00,
0x00,0x00,0x00,0x48,0x8b,0x84,0x24,0xe0,0x14,0x00,0x00,0x48,0x83,0x38,0x00,0x0f,
0x95,0xc0,0x3c,0x00,0x0f,0x84,0x9a,0x00,0x00,0x00,0x48,0x8b,0x84,0x24,0xe0,0x14,
0x00,0x00,0x8b,0x48,0x08,0x3b,0x0d,0x1d,0x4d,0x00,0x00,0x0f,0x94,0xc0,0x3c,0x00,
0x0f,0x84,0x2f,0x00,0x00,0x00,0x48,0x8b,0x84,0x24,0xe0,0x14,0x00,0x00,0x8b,0x48,
0x14,0x48,0x8b,0x84,0x24,0x38,0x15,0x00,0x00,0x3b,0x48,0x08,0x0f,0x94,0xc0,0x3c,
0x00,0x0f,0x84,0x07,0x00,0x00,0x00,0xb0,0x01,0xe9,0x0e,0x00,0x00,0x00,0xb0,0x00,
0xe9,0x07,0x00,0x00,0x00,0xb0,0x00,0xe9,0x00,0x00,0x00,0x00,0x3c,0x00,0x0f,0x84,
0x20,0x00,0x00,0x00,0x48,0x8b,0x05,0xad,0x52,0x00,0x00,0x48,0x8d,0x8c,0x24,0xaa,
0x20,0x00,0x00,0x48,0x8d,0x10,0x48,0x8b,0x05,0xa3,0x52,0x00,0x00,0xff,0x10,0xe9,
0x1b,0x00,0x00,0x00,0x48,0x8b,0x05,0x9d,0x52,0x00,0x00,0x48,0x8d,0x8c,0x24,0xaa,
0x20,0x00,0x00,0x48,0x8d,0x10,0x48,0x8b,0x05,0x83,0x52,0x00,0x00,0xff,0x10,0xe9,
0x1b,0x00,0x00,0x00,0x48,0x8b,0x05,0x85,0x52,0x00,0x00,0x48,0x8d,0x8c,0x24,0xaa,
0x20,0x00,0x00,0x48,0x8d,0x10,0x48,0x8b,0x05,0x63,0x52,0x00,0x00,0xff,0x10,0xe9,
0x00,0x00,0x00,0x00,0x48,0x8d,0x84,0x24,0xb0,0x20,0x00,0x00,0x48,0x8d,0x15,0xd5,
0x4d,0x00,0x00,0x48,0x8b,0x0d,0xc6,0x50,0x00,0x00,0x48,0x89,0x84,0x24,0x38,0x07,
0x00,0x00,0x48,0x89,0x8c,0x24,0xb0,0x06,0x00,0x00,0x48,0x8b,0x84,0x24,0xb0,0x06,
0x00,0x00,0x48,0x8b,0x8c,0x24,0x38,0x07,0x00,0x00,0xff,0x10,0x48,0x8b,0x84,0x24,
0x88,0x00,0x00,0x00,0x48,0x8d,0x08,0x48,0x8d,0x84,0x24,0xb0,0x20,0x00,0x00,0x48,
0x8d,0x15,0x1e,0x4c,0x00,0x00,0x48,0x8d,0x9c,0x24,0xaa,0x20,0x00,0x00,0x48,0x8d,
0x2d,0x0f,0x4c,0x00,0x00,0x48,0x8b,0x35,0x0c,0x52,0x00,0x00,0x48,0x89,0x6c,0x24,
0x20,0x48,0x89,0x94,0x24,0xa8,0x06,0x00,0x00,0x48,0x89,0xc2,0x4c,0x8b,0x84,0x24,
0xa8,0x06,0x00,0x00,0x49,0x89,0xd9,0xff,0x16,0x48,0x8d,0x84,0x24,0xb0,0x20,0x00,
0x00,0x48,0x8b,0x0d,0x60,0x50,0x00,0x00,0x48,0x89,0x84,0x24,0xa0,0x06,0x00,0x00,
0x48,0x89,0x8c,0x24,0x98,0x06,0x00,0x00,0x48,0x8b,0x84,0x24,0x98,0x06,0x00,0x00,
0x48,0x8b,0x8c,0x24,0xa0,0x06,0x00,0x00,0xff,0x10,0x48,0x8d,0x84,0x24,0xb0,0x20,
0x00,0x00,0x48,0x8d,0x15,0x29,0x4d,0x00,0x00,0x48,0x8b,0x0d,0x10,0x50,0x00,0x00,
0x48,0x89,0x84,0x24,0x90,0x06,0x00,0x00,0x48,0x89,0x8c,0x24,0x80,0x06,0x00,0x00,
0x48,0x8b,0x84,0x24,0x80,0x06,0x00,0x00,0x48,0x8b,0x8c,0x24,0x90,0x06,0x00,0x00,
0xff,0x10,0x48,0x8b,0x1d,0x5f,0x4f,0x00,0x00,0x48,0x8d,0x84,0x24,0xc8,0x20,0x00,
0x00,0x48,0x89,0x84,0x24,0x50,0x06,0x00,0x00,0x48,0x8b,0x84,0x24,0x28,0x15,0x00,
0x00,0x48,0x8d,0x08,0x48,0x8b,0x10,0x48,0x8b,0x92,0x80,0x00,0x00,0x00,0x48,0x8b,
0x05,0x5b,0x51,0x00,0x00,0x48,0x01,0xc2,0x48,0x8b,0x02,0x48,0x8b,0x00,0x48,0x89,
0x8c,0x24,0x78,0x06,0x00,0x00,0x48,0x8b,0x8c,0x24,0x50,0x06,0x00,0x00,0x48,0x8b,
0x94,0x24,0x78,0x06,0x00,0x00,0xff,0xd0,0x48,0x8d,0x84,0x24,0xcc,0x20,0x00,0x00,
0x48,0x89,0x84,0x24,0x70,0x06,0x00,0x00,0x48,0x8b,0x84,0x24,0x28,0x15,0x00,0x00,
0x48,0x8d,0x08,0x48,0x8b,0x10,0x48,0x8b,0x92,0x80,0x00,0x00,0x00,0x48,0x8b,0x05,
0x14,0x51,0x00,0x00,0x48,0x01,0xc2,0x48,0x8b,0x02,0x48,0x8b,0x00,0x48,0x89,0x8c,
0x24,0x68,0x06,0x00,0x00,0x48,0x8b,0x8c,0x24,0x70,0x06,0x00,0x00,0x48,0x8b,0x94,
0x24,0x68,0x06,0x00,0x00,0xff,0xd0,0x8b,0x94,0x24,0xc8,0x20,0x00,0x00,0x03,0x94,
0x24,0xcc,0x20,0x00,0x00,0x8b,0x03,0x0f,0xaf,0xc2,0x03,0x05,0xc4,0x4a,0x00,0x00,
0x48,0x8b,0x1d,0xa1,0x4e,0x00,0x00,0x48,0x8d,0x8c,0x24,0xc0,0x20,0x00,0x00,0x89,
0x84,0x24,0xd0,0x20,0x00,0x00,0x48,0x8d,0x94,0x24,0xd0,0x20,0x00,0x00,0x48,0x8d,
0x03,0x48,0x8b,0x1d,0xc8,0x4e,0x00,0x00,0x49,0x89,0xc0,0xff,0x13,0x48,0x8d,0x84,
0x24,0xd4,0x20,0x00,0x00,0x48,0x8b,0x0d,0xd4,0x4c,0x00,0x00,0x48,0x89,0x84,0x24,
0x60,0x06,0x00,0x00,0x48,0x89,0x8c,0x24,0xb8,0x06,0x00,0x00,0x48,0x8b,0x84,0x24,
0xb8,0x06,0x00,0x00,0x48,0x8b,0x8c,0x24,0x60,0x06,0x00,0x00,0xff,0x10,0x48,0x8d,
0x84,0x24,0xae,0x20,0x00,0x00,0x48,0x89,0x84,0x24,0x88,0x06,0x00,0x00,0x48,0x8b,
0x84,0x24,0x88,0x00,0x00,0x00,0x48,0x8d,0x08,0x48,0x8d,0x84,0x24,0xb0,0x20,0x00,
0x00,0x48,0x8d,0x94,0x24,0xc0,0x20,0x00,0x00,0x48,0x8d,0x1d,0x34,0x4a,0x00,0x00,
0x48,0x8d,0x35,0x21,0x4a,0x00,0x00,0x4c,0x8d,0x1d,0x1a,0x4a,0x00,0x00,0x48,0x8d,
0xac,0x24,0xd4,0x20,0x00,0x00,0x48,0x8d,0x3d,0x0b,0x4a,0x00,0x00,0x4c,0x8d,0x84,
0x24,0xa8,0x20,0x00,0x00,0x4c,0x8d,0x94,0x24,0xaa,0x20,0x00,0x00,0x4c,0x8b,0x0d,
0xcc,0x4e,0x00,0x00,0x48,0x89,0x5c,0x24,0x20,0x48,0x89,0x74,0x24,0x28,0x4c,0x89,
0x5c,0x24,0x30,0x48,0x89,0x6c,0x24,0x38,0x48,0x89,0x7c,0x24,0x40,0x4c,0x89,0x44,
0x24,0x48,0x4c,0x89,0x54,0x24,0x50,0x4c,0x89,0xcf,0x48,0x89,0x8c,0x24,0xc0,0x06,
0x00,0x00,0x48,0x89,0x94,0x24,0xd0,0x06,0x00,0x00,0x48,0x8b,0x8c,0x24,0x88,0x06,
0x00,0x00,0x48,0x8b,0x94,0x24,0xc0,0x06,0x00,0x00,0x49,0x89,0xc0,0x4c,0x8b,0x8c,
0x24,0xd0,0x06,0x00,0x00,0xff,0x17,0x8a,0x94,0x24,0xae,0x20,0x00,0x00,0x48,0x8d,
0x84,0x24,0xd4,0x20,0x00,0x00,0x48,0x8b,0x0d,0xdb,0x4b,0x00,0x00,0x48,0x89,0x84,
0x24,0x30,0x07,0x00,0x00,0x48,0x89,0x8c,0x24,0x28,0x07,0x00,0x00,0x48,0x8b,0x84,
0x24,0x28,0x07,0x00,0x00,0x48,0x8b,0x8c,0x24,0x30,0x07,0x00,0x00,0x88,0x94,0x24,
0x20,0x07,0x00,0x00,0xff,0x10,0x48,0x8d,0x84,0x24,0xc0,0x20,0x00,0x00,0x48,0x8b,
0x0d,0xa3,0x4b,0x00,0x00,0x48,0x89,0x84,0x24,0x18,0x07,0x00,0x00,0x48,0x89,0x8c,
0x24,0x10,0x07,0x00,0x00,0x48,0x8b,0x84,0x24,0x10,0x07,0x00,0x00,0x48,0x8b,0x8c,
0x24,0x18,0x07,0x00,0x00,0xff,0x10,0x48,0x8d,0x84,0x24,0xb0,0x20,0x00,0x00,0x48,
0x8b,0x0d,0xb2,0x4d,0x00,0x00,0x48,0x89,0x84,0x24,0x00,0x07,0x00,0x00,0x48,0x89,
0x8c,0x24,0xc8,0x06,0x00,0x00,0x48,0x8b,0x84,0x24,0xc8,0x06,0x00,0x00,0x48,0x8b,
0x8c,0x24,0x00,0x07,0x00,0x00,0xff,0x10,0x80,0xbc,0x24,0x20,0x07,0x00,0x00,0x00,
0x0f,0x84,0x8d,0x02,0x00,0x00,0x48,0x8d,0x84,0x24,0xae,0x20,0x00,0x00,0x48,0x89,
0x84,0x24,0xf8,0x06,0x00,0x00,0x48,0x8b,0x84,0x24,0x88,0x00,0x00,0x00,0x48,0x8d,
0x10,0x48,0x8b,0x05,0xf8,0x4e,0x00,0x00,0x48,0x8b,0x8c,0x24,0xf8,0x06,0x00,0x00,
0xff,0x10,0x8a,0x84,0x24,0xae,0x20,0x00,0x00,0x3c,0x00,0x0f,0x84,0x5b,0x01,0x00,
0x00,0x48,0x8d,0x84,0x24,0xb0,0x20,0x00,0x00,0x48,0x8d,0x94,0x24,0xd8,0x1f,0x00,
0x00,0x48,0x8b,0x0d,0xf8,0x4c,0x00,0x00,0x48,0x89,0x84,0x24,0xf0,0x06,0x00,0x00,
0x48,0x89,0x8c,0x24,0xe8,0x06,0x00,0x00,0x48,0x8b,0x84,0x24,0xe8,0x06,0x00,0x00,
0x48,0x8b,0x8c,0x24,0xf0,0x06,0x00,0x00,0xff,0x10,0x8b,0x84,0x24,0xb0,0x20,0x00,
0x00,0x3b,0x05,0x71,0x48,0x00,0x00,0x0f,0x9f,0xc0,0x3c,0x00,0x0f,0x85,0x5f,0x00,
0x00,0x00,0x48,0x8d,0x84,0x24,0xb4,0x20,0x00,0x00,0x48,0x8d,0x94,0x24,0x00,0x20,
0x00,0x00,0x48,0x8b,0x0d,0xa7,0x4c,0x00,0x00,0x48,0x89,0x84,0x24,0xe0,0x06,0x00,
0x00,0x48,0x89,0x8c,0x24,0xd8,0x06,0x00,0x00,0x48,0x8b,0x84,0x24,0xd8,0x06,0x00,
0x00,0x48,0x8b,0x8c,0x24,0xe0,0x06,0x00,0x00,0xff,0x10,0x8b,0x84,0x24,0xb4,0x20,
0x00,0x00,0x3b,0x05,0x20,0x48,0x00,0x00,0x0f,0x9f,0xc0,0x3c,0x00,0x0f,0x85,0x07,
0x00,0x00,0x00,0xb0,0x00,0xe9,0x0e,0x00,0x00,0x00,0xb0,0x01,0xe9,0x07,0x00,0x00,
0x00,0xb0,0x01,0xe9,0x00,0x00,0x00,0x00,0x3c,0x00,0x0f,0x85,0x5f,0x00,0x00,0x00,
0x48,0x8d,0x84,0x24,0xb0,0x20,0x00,0x00,0x48,0x8d,0x94,0x24,0x28,0x20,0x00,0x00,
0x48,0x8b,0x0d,0x39,0x4c,0x00,0x00,0x48,0x89,0x84,0x24,0x68,0x04,0x00,0x00,0x48,
0x89,0x8c,0x24,0x58,0x04,0x00,0x00,0x48,0x8b,0x84,0x24,0x58,0x04,0x00,0x00,0x48,
0x8b,0x8c,0x24,0x68,0x04,0x00,0x00,0xff,0x10,0x8b,0x84,0x24,0xb0,0x20,0x00,0x00,
0x3b,0x05,0xb2,0x47,0x00,0x00,0x0f,0x9f,0xc0,0x3c,0x00,0x0f,0x85,0x07,0x00,0x00,
0x00,0xb0,0x00,0xe9,0x0e,0x00,0x00,0x00,0xb0,0x01,0xe9,0x07,0x00,0x00,0x00,0xb0,
0x01,0xe9,0x00,0x00,0x00,0x00,0x3c,0x00,0x0f,0x84,0x17,0x00,0x00,0x00,0x8b,0x05,
0x90,0x47,0x00,0x00,0x4c,0x8b,0x8c,0x24,0x48,0x15,0x00,0x00,0x41,0x89,0x41,0x3c,
0xe9,0x12,0x00,0x00,0x00,0x8b,0x05,0x6d,0x47,0x00,0x00,0x4c,0x8b,0x8c,0x24,0x48,
0x15,0x00,0x00,0x41,0x89,0x41,0x3c,0xe9,0x00,0x00,0x00,0x00,0x48,0x8d,0x84,0x24,
0xae,0x20,0x00,0x00,0x48,0x89,0x84,0x24,0x20,0x04,0x00,0x00,0x48,0x8b,0x84,0x24,
0x88,0x00,0x00,0x00,0x48,0x8d,0x10,0x48,0x8b,0x05,0x22,0x4c,0x00,0x00,0x48,0x8b,
0x8c,0x24,0x20,0x04,0x00,0x00,0xff,0x10,0x8a,0x84,0x24,0xae,0x20,0x00,0x00,0x3c,
0x00,0x0f,0x84,0x17,0x00,0x00,0x00,0x8a,0x05,0x27,0x47,0x00,0x00,0x4c,0x8b,0x8c,
0x24,0x48,0x15,0x00,0x00,0x41,0x88,0x41,0x44,0xe9,0x00,0x00,0x00,0x00,0x48,0x8d,
0x84,0x24,0xae,0x20,0x00,0x00,0x48,0x89,0x84,0x24,0x50,0x04,0x00,0x00,0x48,0x8b,
0x84,0x24,0x88,0x00,0x00,0x00,0x48,0x8d,0x10,0x48,0x8b,0x05,0xd8,0x4b,0x00,0x00,
0x48,0x8b,0x8c,0x24,0x50,0x04,0x00,0x00,0xff,0x10,0x8a,0x84,0x24,0xae,0x20,0x00,
0x00,0x3c,0x00,0x0f,0x84,0x65,0x00,0x00,0x00,0x48,0x8b,0x84,0x24,0xe0,0x14,0x00,
0x00,0x48,0x83,0x38,0x00,0x0f,0x95,0xc0,0x3c,0x00,0x0f,0x84,0x49,0x00,0x00,0x00,
0x4c,0x8b,0x8c,0x24,0x48,0x15,0x00,0x00,0x49,0x8d,0x41,0x3c,0x48,0x8b,0x0d,0xad,
0x4a,0x00,0x00,0x48,0x89,0x84,0x24,0xd8,0x01,0x00,0x00,0x48,0x89,0x8c,0x24,0xd0,
0x01,0x00,0x00,0x48,0x8b,0x84,0x24,0xd0,0x01,0x00,0x00,0x48,0x8b,0x8c,0x24,0xd8,
0x01,0x00,0x00,0xff,0x10,0x48,0x8b,0x84,0x24,0xe0,0x14,0x00,0x00,0x48,0xc7,0x00,
0x00,0x00,0x00,0x00,0xe9,0x00,0x00,0x00,0x00,0xe9,0x00,0x00,0x00,0x00,0xe9,0x00,
0x00,0x00,0x00,0x4c,0x8b,0x8c,0x24,0x48,0x15,0x00,0x00,0x41,0x8b,0x41,0x48,0x89,
0x84,0x24,0xb0,0x20,0x00,0x00,0x8b,0x05,0x4c,0x46,0x00,0x00,0x89,0x84,0x24,0xb4,
0x20,0x00,0x00,0x48,0x8d,0x84,0x24,0xb8,0x20,0x00,0x00,0x48,0x89,0x84,0x24,0xc8,
0x01,0x00,0x00,0x48,0x8b,0x84,0x24,0x28,0x15,0x00,0x00,0x48,0x8d,0x08,0x48,0x8b,
0x10,0x48,0x8b,0x92,0x80,0x00,0x00,0x00,0x48,0x8b,0x05,0x31,0x4c,0x00,0x00,0x48,
0x01,0xc2,0x48,0x8b,0x02,0x48,0x8b,0x00,0x48,0x89,0x8c,0x24,0xc0,0x01,0x00,0x00,
0x48,0x8b,0x8c,0x24,0xc8,0x01,0x00,0x00,0x48,0x8b,0x94,0x24,0xc0,0x01,0x00,0x00,
0xff,0xd0,0x44,0x8b,0xac,0x24,0xb8,0x20,0x00,0x00,0x44,0x39,0xac,0x24,0xb4,0x20,
0x00,0x00,0x0f,0x8d,0xda,0x1b,0x00,0x00,0x48,0x8b,0x84,0x24,0x30,0x15,0x00,0x00,
0x48,0x8d,0x08,0x48,0x89,0x8c,0x24,0xc0,0x20,0x00,0x00,0x48,0x8d,0x84,0x24,0xb8,
0x20,0x00,0x00,0x48,0x89,0x84,0x24,0xb8,0x01,0x00,0x00,0x48,0x8b,0x84,0x24,0x28,
0x15,0x00,0x00,0x48,0x8d,0x08,0x48,0x8d,0x94,0x24,0xc0,0x20,0x00,0x00,0x48,0x8d,
0x9c,0x24,0xb4,0x20,0x00,0x00,0x48,0x8b,0x28,0x48,0x8b,0x85,0x80,0x00,0x00,0x00,
0x48,0x8b,0x2d,0xc1,0x4b,0x00,0x00,0x48,0x01,0xe8,0x48,0x8b,0x00,0x48,0x8b,0x00,
0x48,0x89,0x8c,0x24,0xa8,0x01,0x00,0x00,0x48,0x89,0x94,0x24,0x78,0x01,0x00,0x00,
0x48,0x8b,0x8c,0x24,0xb8,0x01,0x00,0x00,0x48,0x8b,0x94,0x24,0xa8,0x01,0x00,0x00,
0x4c,0x8b,0x84,0x24,0x78,0x01,0x00,0x00,0x49,0x89,0xd9,0xff,0xd0,0x48,0x8d,0x84,
0x24,0xc0,0x20,0x00,0x00,0x48,0x89,0x84,0x24,0xa0,0x01,0x00,0x00,0x48,0x8b,0x84,
0x24,0x30,0x15,0x00,0x00,0x48,0x8d,0x08,0x48,0x8d,0x94,0x24,0xb8,0x20,0x00,0x00,
0x48,0x8b,0x18,0x48,0x8b,0x83,0x80,0x00,0x00,0x00,0x48,0x8b,0x1d,0x5f,0x4b,0x00,
0x00,0x48,0x01,0xd8,0x48,0x8b,0x00,0x48,0x8b,0x00,0x48,0x89,0x8c,0x24,0x98,0x01,
0x00,0x00,0x48,0x89,0x94,0x24,0x90,0x01,0x00,0x00,0x48,0x8b,0x8c,0x24,0xa0,0x01,
0x00,0x00,0x48,0x8b,0x94,0x24,0x98,0x01,0x00,0x00,0x4c,0x8b,0x84,0x24,0x90,0x01,
0x00,0x00,0xff,0xd0,0x80,0xbc,0x24,0xa9,0x20,0x00,0x00,0x00,0x0f,0x84,0x2c,0x00,
0x00,0x00,0x4c,0x8b,0x8c,0x24,0x48,0x15,0x00,0x00,0x41,0x8b,0x41,0x48,0x3b,0x84,
0x24,0xb4,0x20,0x00,0x00,0x0f,0x94,0xc0,0x3c,0x00,0x0f,0x84,0x07,0x00,0x00,0x00,
0xb0,0x01,0xe9,0x16,0x00,0x00,0x00,0xb0,0x00,0xe9,0x0f,0x00,0x00,0x00,0xb0,0x00,
0x4c,0x8b,0x8c,0x24,0x48,0x15,0x00,0x00,0xe9,0x00,0x00,0x00,0x00,0x3c,0x00,0x0f,
0x85,0xa9,0x00,0x00,0x00,0x48,0x8d,0x84,0x24,0xcc,0x20,0x00,0x00,0x48,0x89,0x84,
0x24,0x88,0x01,0x00,0x00,0x48,0x8b,0x84,0x24,0x28,0x15,0x00,0x00,0x48,0x8d,0x08,
0x48,0x8b,0x84,0x24,0x38,0x15,0x00,0x00,0x48,0x8d,0x90,0xe8,0x01,0x00,0x00,0x48,
0x8b,0x84,0x24,0x28,0x15,0x00,0x00,0x48,0x8b,0x18,0x48,0x8b,0x83,0x80,0x00,0x00,
0x00,0x48,0x8b,0x1d,0xa0,0x4a,0x00,0x00,0x48,0x01,0xd8,0x48,0x8b,0x00,0x48,0x8b,
0x00,0x48,0x89,0x8c,0x24,0xe0,0x01,0x00,0x00,0x48,0x89,0x94,0x24,0xb0,0x01,0x00,
0x00,0x48,0x8b,0x8c,0x24,0x88,0x01,0x00,0x00,0x48,0x8b,0x94,0x24,0xe0,0x01,0x00,
0x00,0x4c,0x8b,0x84,0x24,0xb0,0x01,0x00,0x00,0xff,0xd0,0x8b,0x84,0x24,0xcc,0x20,
0x00,0x00,0x3b,0x84,0x24,0xb4,0x20,0x00,0x00,0x0f,0x94,0xc0,0x3c,0x00,0x0f,0x85,
0x0d,0x00,0x00,0x00,0xc6,0x84,0x24,0xc8,0x20,0x00,0x00,0x00,0xe9,0x1a,0x00,0x00,
0x00,0xc6,0x84,0x24,0xc8,0x20,0x00,0x00,0x01,0xe9,0x0d,0x00,0x00,0x00,0xc6,0x84,
0x24,0xc8,0x20,0x00,0x00,0x01,0xe9,0x00,0x00,0x00,0x00,0x80,0xbc,0x24,0xa9,0x20,
0x00,0x00,0x00,0x0f,0x84,0x33,0x00,0x00,0x00,0x8b,0x84,0x24,0xb0,0x20,0x00,0x00,
0x3b,0x84,0x24,0xb4,0x20,0x00,0x00,0x0f,0x94,0xc0,0x3c,0x00,0x0f,0x84,0x0d,0x00,
0x00,0x00,0xc6,0x84,0x24,0xc9,0x20,0x00,0x00,0x01,0xe9,0x1a,0x00,0x00,0x00,0xc6,
0x84,0x24,0xc9,0x20,0x00,0x00,0x00,0xe9,0x0d,0x00,0x00,0x00,0xc6,0x84,0x24,0xc9,
0x20,0x00,0x00,0x00,0xe9,0x00,0x00,0x00,0x00,0x48,0x8b,0x05,0xa0,0x49,0x00,0x00,
0x48,0x8d,0x8c,0x24,0xca,0x20,0x00,0x00,0x48,0x8d,0x10,0x48,0x8b,0x05,0xce,0x49,
0x00,0x00,0xff,0x10,0x48,0x83,0xbc,0x24,0xc0,0x20,0x00,0x00,0x00,0x0f,0x95,0xc0,
0x3c,0x00,0x0f,0x84,0x25,0x00,0x00,0x00,0x48,0x8b,0x84,0x24,0xe0,0x14,0x00,0x00,
0x48,0x83,0x38,0x00,0x0f,0x95,0xc0,0x3c,0x00,0x0f,0x84,0x07,0x00,0x00,0x00,0xb0,
0x01,0xe9,0x0e,0x00,0x00,0x00,0xb0,0x00,0xe9,0x07,0x00,0x00,0x00,0xb0,0x00,0xe9,
0x00,0x00,0x00,0x00,0x3c,0x00,0x0f,0x84,0xa6,0x00,0x00,0x00,0x48,0x8b,0x84,0x24,
0xe0,0x14,0x00,0x00,0x48,0x8b,0x08,0x48,0x8d,0x84,0x24,0xd0,0x20,0x00,0x00,0x48,
0x8d,0x51,0x08,0x48,0x8b,0x49,0x08,0x48,0x8b,0x89,0x80,0x00,0x00,0x00,0x48,0x8b,
0x1d,0x5b,0x45,0x00,0x00,0x48,0x01,0xd9,0x48,0x8b,0x09,0x48,0x8b,0x09,0x48,0x89,
0x84,0x24,0xe8,0x01,0x00,0x00,0x48,0x89,0x8c,0x24,0xf8,0x01,0x00,0x00,0x48,0x8b,
0x84,0x24,0xf8,0x01,0x00,0x00,0x48,0x8b,0x8c,0x24,0xe8,0x01,0x00,0x00,0xff,0xd0,
0x48,0x8b,0x9c,0x24,0xd0,0x20,0x00,0x00,0x48,0x8b,0x84,0x24,0xc0,0x20,0x00,0x00,
0x48,0x8d,0x8c,0x24,0xd8,0x20,0x00,0x00,0x48,0x8d,0x50,0x08,0x48,0x8b,0x40,0x08,
0x48,0x8b,0x80,0x80,0x00,0x00,0x00,0x48,0x8b,0x2d,0x02,0x45,0x00,0x00,0x48,0x01,
0xe8,0x48,0x8b,0x00,0x48,0x8b,0x00,0xff,0xd0,0x48,0x8b,0x94,0x24,0xd8,0x20,0x00,
0x00,0x8b,0x03,0x3b,0x02,0x0f,0x94,0x84,0x24,0xce,0x20,0x00,0x00,0xe9,0x0d,0x00,
0x00,0x00,0x8a,0x05,0x90,0x42,0x00,0x00,0x88,0x84,0x24,0xce,0x20,0x00,0x00,0x8a,
0x05,0x83,0x42,0x00,0x00,0x88,0x84,0x24,0xcf,0x20,0x00,0x00,0x48,0x8b,0x84,0x24,
0xe0,0x14,0x00,0x00,0x48,0x83,0x38,0x00,0x0f,0x95,0xc0,0x3c,0x00,0x0f,0x84,0xb2,
0x00,0x00,0x00,0x48,0x8b,0x84,0x24,0xe0,0x14,0x00,0x00,0x8b,0x48,0x08,0x3b,0x0d,
0x64,0x42,0x00,0x00,0x0f,0x94,0xc0,0x3c,0x00,0x0f,0x84,0x3b,0x00,0x00,0x00,0x48,
0x8b,0x84,0x24,0xe0,0x14,0x00,0x00,0x8b,0x48,0x14,0x48,0x8b,0x84,0x24,0x38,0x15,
0x00,0x00,0x3b,0x48,0x08,0x0f,0x94,0xc0,0x3c,0x00,0x0f,0x84,0x0d,0x00,0x00,0x00,
0xc6,0x84,0x24,0xcf,0x20,0x00,0x00,0x01,0xe9,0x1a,0x00,0x00,0x00,0xc6,0x84,0x24,
0xcf,0x20,0x00,0x00,0x00,0xe9,0x0d,0x00,0x00,0x00,0xc6,0x84,0x24,0xcf,0x20,0x00,
0x00,0x00,0xe9,0x00,0x00,0x00,0x00,0x80,0xbc,0x24,0xcf,0x20,0x00,0x00,0x00,0x0f,
0x84,0x20,0x00,0x00,0x00,0x48,0x8b,0x05,0xdc,0x47,0x00,0x00,0x48,0x8d,0x8c,0x24,
0xca,0x20,0x00,0x00,0x48,0x8d,0x10,0x48,0x8b,0x05,0xd2,0x47,0x00,0x00,0xff,0x10,
0xe9,0x1b,0x00,0x00,0x00,0x48,0x8b,0x05,0xcc,0x47,0x00,0x00,0x48,0x8d,0x8c,0x24,
0xca,0x20,0x00,0x00,0x48,0x8d,0x10,0x48,0x8b,0x05,0xb2,0x47,0x00,0x00,0xff,0x10,
0xe9,0x00,0x00,0x00,0x00,0x8a,0x05,0xad,0x41,0x00,0x00,0x88,0x84,0x24,0xd0,0x20,
0x00,0x00,0x48,0x83,0xbc,0x24,0xc0,0x20,0x00,0x00,0x00,0x0f,0x95,0xc0,0x3c,0x00,
0x0f,0x84,0x1a,0x01,0x00,0x00,0x48,0x8b,0x84,0x24,0xc0,0x20,0x00,0x00,0x48,0x89,
0x84,0x24,0x58,0x02,0x00,0x00,0x48,0x8b,0x84,0x24,0xe0,0x14,0x00,0x00,0x48,0x83,
0x38,0x00,0x0f,0x95,0xc2,0x48,0x8d,0x84,0x24,0xd0,0x20,0x00,0x00,0x48,0x89,0x84,
0x24,0x50,0x02,0x00,0x00,0x48,0x8b,0x84,0x24,0x58,0x02,0x00,0x00,0x48,0x8d,0x08,
0x48,0x8d,0x9c,0x24,0xb4,0x20,0x00,0x00,0x48,0x8b,0x84,0x24,0x88,0x00,0x00,0x00,
0x48,0x8d,0x28,0x4c,0x8b,0x84,0x24,0xf0,0x14,0x00,0x00,0x49,0x8d,0x80,0x50,0x0f,
0x00,0x00,0x4c,0x8d,0xa4,0x24,0xc8,0x20,0x00,0x00,0x4c,0x8d,0x94,0x24,0xc9,0x20,
0x00,0x00,0x4c,0x8d,0x9c,0x24,0xca,0x20,0x00,0x00,0x48,0x8d,0xb4,0x24,0xce,0x20,
0x00,0x00,0x48,0x8d,0xbc,0x24,0xcf,0x20,0x00,0x00,0x88,0x94,0x24,0xd1,0x20,0x00,
0x00,0x48,0x8d,0x94,0x24,0xd1,0x20,0x00,0x00,0x48,0x89,0x84,0x24,0x48,0x02,0x00,
0x00,0x48,0x8b,0x84,0x24,0x58,0x02,0x00,0x00,0x48,0x8b,0x00,0x48,0x8b,0x80,0x80,
0x00,0x00,0x00,0x4c,0x8b,0x0d,0x2e,0x47,0x00,0x00,0x4c,0x01,0xc8,0x48,0x8b,0x00,
0x48,0x8b,0x00,0x48,0x89,0xac,0x24,0x40,0x02,0x00,0x00,0x48,0x8b,0xac,0x24,0x48,
0x02,0x00,0x00,0x48,0x89,0x6c,0x24,0x20,0x4c,0x89,0x64,0x24,0x28,0x4c,0x89,0x54,
0x24,0x30,0x4c,0x89,0x5c,0x24,0x38,0x48,0x89,0x74,0x24,0x40,0x48,0x89,0x7c,0x24,
0x48,0x48,0x89,0x54,0x24,0x50,0x48,0x89,0x8c,0x24,0x38,0x02,0x00,0x00,0x48,0x8b,
0x8c,0x24,0x50,0x02,0x00,0x00,0x48,0x8b,0x94,0x24,0x38,0x02,0x00,0x00,0x49,0x89,
0xd8,0x4c,0x8b,0x8c,0x24,0x40,0x02,0x00,0x00,0xff,0xd0,0xe9,0x5b,0x08,0x00,0x00,
0x8b,0x84,0x24,0xb8,0x20,0x00,0x00,0x3b,0x05,0x6b,0x40,0x00,0x00,0x0f,0x95,0xc0,
0x3c,0x00,0x0f,0x84,0x3c,0x05,0x00,0x00,0x48,0x8d,0x84,0x24,0xd8,0x20,0x00,0x00,
0x48,0x8d,0x15,0xe8,0x41,0x00,0x00,0x48,0x8b,0x0d,0xc2,0x44,0x00,0x00,0x48,0x89,
0x84,0x24,0x68,0x02,0x00,0x00,0x48,0x89,0x8c,0x24,0x78,0x02,0x00,0x00,0x48,0x8b,
0x84,0x24,0x78,0x02,0x00,0x00,0x48,0x8b,0x8c,0x24,0x68,0x02,0x00,0x00,0xff,0x10,
0x48,0x8d,0x84,0x24,0xe8,0x20,0x00,0x00,0x48,0x8b,0x0d,0xd9,0x45,0x00,0x00,0x48,
0x89,0x84,0x24,0xc8,0x03,0x00,0x00,0x48,0x89,0x8c,0x24,0xc0,0x03,0x00,0x00,0x48,
0x8b,0x84,0x24,0xc0,0x03,0x00,0x00,0x48,0x8b,0x8c,0x24,0xc8,0x03,0x00,0x00,0xff,
0x10,0x48,0x8d,0x84,0x24,0xe8,0x20,0x00,0x00,0x48,0x8d,0x94,0x24,0xb4,0x20,0x00,
0x00,0x48,0x8b,0x0d,0x38,0x46,0x00,0x00,0x48,0x89,0x84,0x24,0xb8,0x03,0x00,0x00,
0x48,0x89,0x8c,0x24,0xb0,0x03,0x00,0x00,0x48,0x8b,0x84,0x24,0xb0,0x03,0x00,0x00,
0x48,0x8b,0x8c,0x24,0xb8,0x03,0x00,0x00,0xff,0x10,0x48,0x8d,0x84,0x24,0xf8,0x20,
0x00,0x00,0x48,0x8b,0x0d,0x6f,0x45,0x00,0x00,0x48,0x89,0x84,0x24,0xa8,0x03,0x00,
0x00,0x48,0x89,0x8c,0x24,0x98,0x03,0x00,0x00,0x48,0x8b,0x84,0x24,0x98,0x03,0x00,
0x00,0x48,0x8b,0x8c,0x24,0xa8,0x03,0x00,0x00,0xff,0x10,0x48,0x8d,0x94,0x24,0xd8,
0x20,0x00,0x00,0x48,0x8d,0x84,0x24,0xe8,0x20,0x00,0x00,0x48,0x8b,0x0d,0xd6,0x45,
0x00,0x00,0x48,0x89,0x84,0x24,0x68,0x03,0x00,0x00,0x48,0x89,0x8c,0x24,0x90,0x03,
0x00,0x00,0x48,0x8b,0x84,0x24,0x90,0x03,0x00,0x00,0x48,0x8b,0x8c,0x24,0xa8,0x03,
0x00,0x00,0x4c,0x8b,0x84,0x24,0x68,0x03,0x00,0x00,0xff,0x10,0x48,0x8d,0x84,0x24,
0x08,0x21,0x00,0x00,0x48,0x8d,0x15,0xdf,0x40,0x00,0x00,0x48,0x8b,0x0d,0xae,0x43,
0x00,0x00,0x48,0x89,0x84,0x24,0x88,0x03,0x00,0x00,0x48,0x89,0x8c,0x24,0x80,0x03,
0x00,0x00,0x48,0x8b,0x84,0x24,0x80,0x03,0x00,0x00,0x48,0x8b,0x8c,0x24,0x88,0x03,
0x00,0x00,0xff,0x10,0x48,0x8d,0x84,0x24,0x18,0x21,0x00,0x00,0x48,0x8b,0x0d,0xc5,
0x44,0x00,0x00,0x48,0x89,0x84,0x24,0x78,0x03,0x00,0x00,0x48,0x89,0x8c,0x24,0xd0,
0x03,0x00,0x00,0x48,0x8b,0x84,0x24,0xd0,0x03,0x00,0x00,0x48,0x8b,0x8c,0x24,0x78,
0x03,0x00,0x00,0xff,0x10,0x48,0x8d,0x94,0x24,0xf8,0x20,0x00,0x00,0x48,0x8d,0x84,
0x24,0x08,0x21,0x00,0x00,0x48,0x8b,0x0d,0x2c,0x45,0x00,0x00,0x48,0x89,0x84,0x24,
0xa0,0x03,0x00,0x00,0x48,0x89,0x8c,0x24,0xd8,0x03,0x00,0x00,0x48,0x8b,0x84,0x24,
0xd8,0x03,0x00,0x00,0x48,0x8b,0x8c,0x24,0x78,0x03,0x00,0x00,0x4c,0x8b,0x84,0x24,
0xa0,0x03,0x00,0x00,0xff,0x10,0x48,0x8d,0x84,0x24,0x28,0x21,0x00,0x00,0x48,0x8b,
0x0d,0x53,0x44,0x00,0x00,0x48,0x89,0x84,0x24,0xe8,0x03,0x00,0x00,0x48,0x89,0x8c,
0x24,0x48,0x04,0x00,0x00,0x48,0x8b,0x84,0x24,0x48,0x04,0x00,0x00,0x48,0x8b,0x8c,
0x24,0xe8,0x03,0x00,0x00,0xff,0x10,0x48,0x8d,0x84,0x24,0x28,0x21,0x00,0x00,0x48,
0x8d,0x94,0x24,0xb8,0x20,0x00,0x00,0x48,0x8b,0x0d,0xb2,0x44,0x00,0x00,0x48,0x89,
0x84,0x24,0x40,0x04,0x00,0x00,0x48,0x89,0x8c,0x24,0x38,0x04,0x00,0x00,0x48,0x8b,
0x84,0x24,0x38,0x04,0x00,0x00,0x48,0x8b,0x8c,0x24,0x40,0x04,0x00,0x00,0xff,0x10,
0x48,0x8d,0x84,0x24,0x38,0x21,0x00,0x00,0x48,0x8b,0x0d,0xe9,0x43,0x00,0x00,0x48,
0x89,0x84,0x24,0x30,0x04,0x00,0x00,0x48,0x89,0x8c,0x24,0x28,0x04,0x00,0x00,0x48,
0x8b,0x84,0x24,0x28,0x04,0x00,0x00,0x48,0x8b,0x8c,0x24,0x30,0x04,0x00,0x00,0xff,
0x10,0x48,0x8d,0x94,0x24,0x18,0x21,0x00,0x00,0x48,0x8d,0x84,0x24,0x28,0x21,0x00,
0x00,0x48,0x8b,0x0d,0x50,0x44,0x00,0x00,0x48,0x89,0x84,0x24,0x18,0x04,0x00,0x00,
0x48,0x89,0x8c,0x24,0xe0,0x03,0x00,0x00,0x48,0x8b,0x84,0x24,0xe0,0x03,0x00,0x00,
0x48,0x8b,0x8c,0x24,0x30,0x04,0x00,0x00,0x4c,0x8b,0x84,0x24,0x18,0x04,0x00,0x00,
0xff,0x10,0x48,0x8d,0x84,0x24,0x48,0x21,0x00,0x00,0x48,0x8b,0x0d,0x1f,0x44,0x00,
0x00,0x48,0x89,0x84,0x24,0x10,0x04,0x00,0x00,0x48,0x89,0x8c,0x24,0x08,0x04,0x00,
0x00,0x48,0x8b,0x84,0x24,0x08,0x04,0x00,0x00,0x48,0x8b,0x8c,0x24,0x10,0x04,0x00,
0x00,0xff,0x10,0x48,0x8b,0x05,0xfe,0x43,0x00,0x00,0x48,0x89,0x84,0x24,0x00,0x04,
0x00,0x00,0x48,0x8b,0x84,0x24,0xe0,0x14,0x00,0x00,0x48,0x83,0x38,0x00,0x0f,0x95,
0xc2,0x48,0x8d,0x84,0x24,0xd0,0x20,0x00,0x00,0x48,0x89,0x84,0x24,0xf8,0x03,0x00,
0x00,0x48,0x8b,0x84,0x24,0x88,0x00,0x00,0x00,0x48,0x8d,0x08,0x48,0x8d,0x9c,0x24,
0x38,0x21,0x00,0x00,0x48,0x8d,0xa8,0x88,0x01,0x00,0x00,0x4c,0x8d,0x9c,0x24,0x48,
0x21,0x00,0x00,0x48,0x8b,0x84,0x24,0x00,0x04,0x00,0x00,0x4c,0x8d,0x20,0x4c,0x8d,
0x94,0x24,0xc8,0x20,0x00,0x00,0x48,0x8d,0x84,0x24,0xc9,0x20,0x00,0x00,0x48,0x8d,
0xbc,0x24,0xca,0x20,0x00,0x00,0x48,0x8d,0xb4,0x24,0xce,0x20,0x00,0x00,0x4c,0x8d,
0x84,0x24,0xcf,0x20,0x00,0x00,0x88,0x94,0x24,0x80,0x21,0x00,0x00,0x48,0x8d,0x94,
0x24,0x80,0x21,0x00,0x00,0x4c,0x8b,0x0d,0x74,0x43,0x00,0x00,0x4c,0x89,0x5c,0x24,
0x20,0x4c,0x89,0x64,0x24,0x28,0x4c,0x89,0x54,0x24,0x30,0x48,0x89,0x44,0x24,0x38,
0x48,0x89,0x7c,0x24,0x40,0x48,0x89,0x74,0x24,0x48,0x4c,0x89,0x44,0x24,0x50,0x48,
0x89,0x54,0x24,0x58,0x4c,0x89,0xc8,0x48,0x89,0x8c,0x24,0xf0,0x03,0x00,0x00,0x48,
0x8b,0x8c,0x24,0xf8,0x03,0x00,0x00,0x48,0x8b,0x94,0x24,0xf0,0x03,0x00,0x00,0x49,
0x89,0xd8,0x49,0x89,0xe9,0xff,0x10,0x48,0x8d,0x84,0x24,0x48,0x21,0x00,0x00,0x48,
0x8b,0x0d,0x22,0x43,0x00,0x00,0x48,0x89,0x84,0x24,0x70,0x03,0x00,0x00,0x48,0x89,
0x8c,0x24,0x60,0x03,0x00,0x00,0x48,0x8b,0x84,0x24,0x60,0x03,0x00,0x00,0x48,0x8b,
0x8c,0x24,0x70,0x03,0x00,0x00,0xff,0x10,0x48,0x8d,0x84,0x24,0x38,0x21,0x00,0x00,
0x48,0x8b,0x0d,0x01,0x41,0x00,0x00,0x48,0x89,0x84,0x24,0x28,0x03,0x00,0x00,0x48,
0x89,0x8c,0x24,0x58,0x03,0x00,0x00,0x48,0x8b,0x84,0x24,0x58,0x03,0x00,0x00,0x48,
0x8b,0x8c,0x24,0x28,0x03,0x00,0x00,0xff,0x10,0x48,0x8d,0x84,0x24,0x28,0x21,0x00,
0x00,0x48,0x8b,0x0d,0xd0,0x40,0x00,0x00,0x48,0x89,0x84,0x24,0xd0,0x02,0x00,0x00,
0x48,0x89,0x8c,0x24,0xc8,0x02,0x00,0x00,0x48,0x8b,0x84,0x24,0xc8,0x02,0x00,0x00,
0x48,0x8b,0x8c,0x24,0xd0,0x02,0x00,0x00,0xff,0x10,0x48,0x8d,0x84,0x24,0x18,0x21,
0x00,0x00,0x48,0x8b,0x0d,0x9f,0x40,0x00,0x00,0x48,0x89,0x84,0x24,0xc0,0x02,0x00,
0x00,0x48,0x89,0x8c,0x24,0xb8,0x02,0x00,0x00,0x48,0x8b,0x84,0x24,0xb8,0x02,0x00,
0x00,0x48,0x8b,0x8c,0x24,0xc0,0x02,0x00,0x00,0xff,0x10,0x48,0x8d,0x84,0x24,0x08,
0x21,0x00,0x00,0x48,0x8b,0x0d,0x6e,0x40,0x00,0x00,0x48,0x89,0x84,0x24,0xb0,0x02,
0x00,0x00,0x48,0x89,0x8c,0x24,0xa0,0x02,0x00,0x00,0x48,0x8b,0x84,0x24,0xa0,0x02,
0x00,0x00,0x48,0x8b,0x8c,0x24,0xb0,0x02,0x00,0x00,0xff,0x10,0x48,0x8d,0x84,0x24,
0xf8,0x20,0x00,0x00,0x48,0x8b,0x0d,0x3d,0x40,0x00,0x00,0x48,0x89,0x84,0x24,0x70,
0x02,0x00,0x00,0x48,0x89,0x8c,0x24,0x98,0x02,0x00,0x00,0x48,0x8b,0x84,0x24,0x98,
0x02,0x00,0x00,0x48,0x8b,0x8c,0x24,0x70,0x02,0x00,0x00,0xff,0x10,0x48,0x8d,0x84,
0x24,0xe8,0x20,0x00,0x00,0x48,0x8b,0x0d,0x0c,0x40,0x00,0x00,0x48,0x89,0x84,0x24,
0x90,0x02,0x00,0x00,0x48,0x89,0x8c,0x24,0x88,0x02,0x00,0x00,0x48,0x8b,0x84,0x24,
0x88,0x02,0x00,0x00,0x48,0x8b,0x8c,0x24,0x90,0x02,0x00,0x00,0xff,0x10,0x48,0x8d,
0x84,0x24,0xd8,0x20,0x00,0x00,0x48,0x8b,0x0d,0xdb,0x3f,0x00,0x00,0x48,0x89,0x84,
0x24,0x80,0x02,0x00,0x00,0x48,0x89,0x8c,0x24,0xd8,0x02,0x00,0x00,0x48,0x8b,0x84,
0x24,0xd8,0x02,0x00,0x00,0x48,0x8b,0x8c,0x24,0x80,0x02,0x00,0x00,0xff,0x10,0xe9,
0x07,0x03,0x00,0x00,0x48,0x8d,0x84,0x24,0xd8,0x20,0x00,0x00,0x48,0x8d,0x15,0xb9,
0x3c,0x00,0x00,0x48,0x8b,0x0d,0x86,0x3f,0x00,0x00,0x48,0x89,0x84,0x24,0xa8,0x02,
0x00,0x00,0x48,0x89,0x8c,0x24,0xe0,0x02,0x00,0x00,0x48,0x8b,0x84,0x24,0xe0,0x02,
0x00,0x00,0x48,0x8b,0x8c,0x24,0xa8,0x02,0x00,0x00,0xff,0x10,0x48,0x8d,0x84,0x24,
0xe8,0x20,0x00,0x00,0x48,0x8b,0x0d,0x9d,0x40,0x00,0x00,0x48,0x89,0x84,0x24,0xf0,
0x02,0x00,0x00,0x48,0x89,0x8c,0x24,0x50,0x03,0x00,0x00,0x48,0x8b,0x84,0x24,0x50,
0x03,0x00,0x00,0x48,0x8b,0x8c,0x24,0xf0,0x02,0x00,0x00,0xff,0x10,0x48,0x8d,0x84,
0x24,0xe8,0x20,0x00,0x00,0x48,0x8d,0x94,0x24,0xb4,0x20,0x00,0x00,0x48,0x8b,0x0d,
0xfc,0x40,0x00,0x00,0x48,0x89,0x84,0x24,0x48,0x03,0x00,0x00,0x48,0x89,0x8c,0x24,
0x40,0x03,0x00,0x00,0x48,0x8b,0x84,0x24,0x40,0x03,0x00,0x00,0x48,0x8b,0x8c,0x24,
0x48,0x03,0x00,0x00,0xff,0x10,0x48,0x8d,0x84,0x24,0xf8,0x20,0x00,0x00,0x48,0x8b,
0x0d,0x33,0x40,0x00,0x00,0x48,0x89,0x84,0x24,0x38,0x03,0x00,0x00,0x48,0x89,0x8c,
0x24,0x30,0x03,0x00,0x00,0x48,0x8b,0x84,0x24,0x30,0x03,0x00,0x00,0x48,0x8b,0x8c,
0x24,0x38,0x03,0x00,0x00,0xff,0x10,0x48,0x8d,0x94,0x24,0xd8,0x20,0x00,0x00,0x48,
0x8d,0x84,0x24,0xe8,0x20,0x00,0x00,0x48,0x8b,0x0d,0x9a,0x40,0x00,0x00,0x48,0x89,
0x84,0x24,0x20,0x03,0x00,0x00,0x48,0x89,0x8c,0x24,0xe8,0x02,0x00,0x00,0x48,0x8b,
0x84,0x24,0xe8,0x02,0x00,0x00,0x48,0x8b,0x8c,0x24,0x38,0x03,0x00,0x00,0x4c,0x8b,
0x84,0x24,0x20,0x03,0x00,0x00,0xff,0x10,0x48,0x8d,0x84,0x24,0x08,0x21,0x00,0x00,
0x48,0x8b,0x0d,0x69,0x40,0x00,0x00,0x48,0x89,0x84,0x24,0x18,0x03,0x00,0x00,0x48,
0x89,0x8c,0x24,0x10,0x03,0x00,0x00,0x48,0x8b,0x84,0x24,0x10,0x03,0x00,0x00,0x48,
0x8b,0x8c,0x24,0x18,0x03,0x00,0x00,0xff,0x10,0x48,0x8b,0x05,0x60,0x40,0x00,0x00,
0x48,0x89,0x84,0x24,0x08,0x03,0x00,0x00,0x48,0x8b,0x84,0x24,0xe0,0x14,0x00,0x00,
0x48,0x83,0x38,0x00,0x0f,0x95,0xc3,0x48,0x8d,0x84,0x24,0xd0,0x20,0x00,0x00,0x48,
0x89,0x84,0x24,0x00,0x03,0x00,0x00,0x48,0x8b,0x84,0x24,0x88,0x00,0x00,0x00,0x48,
0x8d,0x08,0x48,0x8d,0x84,0x24,0xf8,0x20,0x00,0x00,0x48,0x8d,0x15,0x97,0x39,0x00,
0x00,0x48,0x8d,0xac,0x24,0x08,0x21,0x00,0x00,0x48,0x89,0x84,0x24,0xf8,0x02,0x00,
0x00,0x48,0x8b,0x84,0x24,0x08,0x03,0x00,0x00,0x48,0x8d,0x00,0x4c,0x8d,0x9c,0x24,
0xc8,0x20,0x00,0x00,0x4c,0x8d,0x94,0x24,0xc9,0x20,0x00,0x00,0x48,0x8d,0xb4,0x24,
0xca,0x20,0x00,0x00,0x48,0x8d,0xbc,0x24,0xce,0x20,0x00,0x00,0x4c,0x8d,0xa4,0x24,
0xcf,0x20,0x00,0x00,0x88,0x9c,0x24,0x40,0x21,0x00,0x00,0x48,0x8d,0x9c,0x24,0x40,
0x21,0x00,0x00,0x4c,0x8b,0x05,0xb6,0x3f,0x00,0x00,0x48,0x89,0x6c,0x24,0x20,0x48,
0x89,0x44,0x24,0x28,0x4c,0x89,0x5c,0x24,0x30,0x4c,0x89,0x54,0x24,0x38,0x48,0x89,
0x74,0x24,0x40,0x48,0x89,0x7c,0x24,0x48,0x4c,0x89,0x64,0x24,0x50,0x48,0x89,0x5c,
0x24,0x58,0x4c,0x89,0xc3,0x48,0x89,0x8c,0x24,0x30,0x08,0x00,0x00,0x48,0x89,0x94,
0x24,0x00,0x08,0x00,0x00,0x48,0x8b,0x8c,0x24,0x00,0x03,0x00,0x00,0x48,0x8b,0x94,
0x24,0x30,0x08,0x00,0x00,0x4c,0x8b,0x84,0x24,0xf8,0x02,0x00,0x00,0x4c,0x8b,0x8c,
0x24,0x00,0x08,0x00,0x00,0xff,0x13,0x48,0x8d,0x84,0x24,0x08,0x21,0x00,0x00,0x48,
0x8b,0x0d,0x52,0x3f,0x00,0x00,0x48,0x89,0x84,0x24,0x38,0x08,0x00,0x00,0x48,0x89,
0x8c,0x24,0x48,0x08,0x00,0x00,0x48,0x8b,0x84,0x24,0x48,0x08,0x00,0x00,0x48,0x8b,
0x8c,0x24,0x38,0x08,0x00,0x00,0xff,0x10,0x48,0x8d,0x84,0x24,0xf8,0x20,0x00,0x00,
0x48,0x8b,0x0d,0x31,0x3d,0x00,0x00,0x48,0x89,0x84,0x24,0x78,0x0d,0x00,0x00,0x48,
0x89,0x8c,0x24,0x70,0x0d,0x00,0x00,0x48,0x8b,0x84,0x24,0x70,0x0d,0x00,0x00,0x48,
0x8b,0x8c,0x24,0x78,0x0d,0x00,0x00,0xff,0x10,0x48,0x8d,0x84,0x24,0xe8,0x20,0x00,
0x00,0x48,0x8b,0x0d,0x00,0x3d,0x00,0x00,0x48,0x89,0x84,0x24,0x68,0x0d,0x00,0x00,
0x48,0x89,0x8c,0x24,0x60,0x0d,0x00,0x00,0x48,0x8b,0x84,0x24,0x60,0x0d,0x00,0x00,
0x48,0x8b,0x8c,0x24,0x68,0x0d,0x00,0x00,0xff,0x10,0x48,0x8d,0x84,0x24,0xd8,0x20,
0x00,0x00,0x48,0x8b,0x0d,0xcf,0x3c,0x00,0x00,0x48,0x89,0x84,0x24,0x58,0x0d,0x00,
0x00,0x48,0x89,0x8c,0x24,0x48,0x0d,0x00,0x00,0x48,0x8b,0x84,0x24,0x48,0x0d,0x00,
0x00,0x48,0x8b,0x8c,0x24,0x58,0x0d,0x00,0x00,0xff,0x10,0x8a,0x84,0x24,0xd0,0x20,
0x00,0x00,0x3c,0x00,0x0f,0x84,0xca,0x0d,0x00,0x00,0x48,0x8b,0x84,0x24,0xe0,0x14,
0x00,0x00,0x48,0x83,0x38,0x00,0x0f,0x94,0xc0,0x3c,0x00,0x0f,0x84,0x8d,0x01,0x00,
0x00,0x48,0x83,0xbc,0x24,0xc0,0x20,0x00,0x00,0x00,0x0f,0x95,0xc0,0x3c,0x00,0x0f,
0x84,0x74,0x01,0x00,0x00,0x48,0x8d,0x84,0x24,0xd8,0x20,0x00,0x00,0x48,0x89,0x84,
0x24,0x28,0x02,0x00,0x00,0x48,0x8b,0x84,0x24,0x08,0x15,0x00,0x00,0x48,0x8d,0x10,
0x48,0x8b,0x05,0xd1,0x3b,0x00,0x00,0x48,0x8b,0x8c,0x24,0x28,0x02,0x00,0x00,0xff,
0x10,0x48,0x8b,0x94,0x24,0xd8,0x20,0x00,0x00,0x48,0x8d,0x02,0x48,0x8b,0x0d,0xbd,
0x3b,0x00,0x00,0x48,0x89,0x84,0x24,0xf0,0x01,0x00,0x00,0x48,0x89,0x8c,0x24,0x20,
0x02,0x00,0x00,0x48,0x8b,0x84,0x24,0x20,0x02,0x00,0x00,0x48,0x8b,0x8c,0x24,0xf0,
0x01,0x00,0x00,0x48,0x89,0x94,0x24,0x18,0x02,0x00,0x00,0xff,0x10,0x48,0x8b,0x94,
0x24,0x18,0x02,0x00,0x00,0x48,0x8d,0x02,0x48,0x8d,0x15,0x1d,0x39,0x00,0x00,0x48,
0x8d,0x0d,0x92,0x37,0x00,0x00,0x48,0x8b,0x1d,0x7b,0x3b,0x00,0x00,0x48,0x89,0x8c,
0x24,0x10,0x02,0x00,0x00,0x48,0x89,0xc1,0x4c,0x8b,0x84,0x24,0x10,0x02,0x00,0x00,
0xff,0x13,0x48,0x8d,0x84,0x24,0xd8,0x20,0x00,0x00,0x48,0x89,0x84,0x24,0x08,0x02,
0x00,0x00,0x48,0x8b,0x84,0x24,0x08,0x15,0x00,0x00,0x48,0x8d,0x10,0x48,0x8b,0x05,
0x34,0x3b,0x00,0x00,0x48,0x8b,0x8c,0x24,0x08,0x02,0x00,0x00,0xff,0x10,0x48,0x8b,
0x94,0x24,0xd8,0x20,0x00,0x00,0x48,0x8b,0x84,0x24,0x88,0x00,0x00,0x00,0x80,0xb8,
0xc8,0x00,0x00,0x00,0x00,0x0f,0x84,0x12,0x00,0x00,0x00,0x8b,0x05,0xb3,0x38,0x00,
0x00,0x89,0x84,0x24,0xe0,0x20,0x00,0x00,0xe9,0x0d,0x00,0x00,0x00,0x8b,0x05,0x59,
0x37,0x00,0x00,0x89,0x84,0x24,0xe0,0x20,0x00,0x00,0x48,0x8d,0x02,0x48,0x8b,0x0d,
0xec,0x3a,0x00,0x00,0x48,0x89,0x84,0x24,0x00,0x02,0x00,0x00,0x48,0x89,0x8c,0x24,
0x80,0x01,0x00,0x00,0x48,0x8b,0x84,0x24,0x80,0x01,0x00,0x00,0x48,0x8b,0x8c,0x24,
0x00,0x02,0x00,0x00,0x48,0x89,0x94,0x24,0x70,0x01,0x00,0x00,0xff,0x10,0x48,0x8b,
0x94,0x24,0x70,0x01,0x00,0x00,0x48,0x8d,0x02,0x48,0x8d,0x15,0x50,0x38,0x00,0x00,
0x48,0x8d,0x8c,0x24,0xe0,0x20,0x00,0x00,0x48,0x8b,0x1d,0xa9,0x3a,0x00,0x00,0x48,
0x89,0x8c,0x24,0x38,0x01,0x00,0x00,0x48,0x89,0xc1,0x4c,0x8b,0x84,0x24,0x38,0x01,
0x00,0x00,0xff,0x13,0xe9,0x00,0x00,0x00,0x00,0xe9,0xc9,0x02,0x00,0x00,0x48,0x83,
0xbc,0x24,0xc0,0x20,0x00,0x00,0x00,0x0f,0x95,0xc0,0x3c,0x00,0x0f,0x84,0xcf,0x01,
0x00,0x00,0x48,0x8b,0x84,0x24,0xc0,0x20,0x00,0x00,0x48,0x8b,0x8c,0x24,0xe0,0x14,
0x00,0x00,0x48,0x39,0x01,0x0f,0x94,0xc0,0x3c,0x00,0x0f,0x84,0xc6,0x00,0x00,0x00,
0x48,0x8b,0x84,0x24,0x88,0x00,0x00,0x00,0x8a,0x88,0xc8,0x00,0x00,0x00,0x3a,0x0d,
0x24,0x36,0x00,0x00,0x0f,0x94,0xc0,0x3c,0x00,0x0f,0x84,0xa2,0x00,0x00,0x00,0x48,
0x8d,0x84,0x24,0xd8,0x20,0x00,0x00,0x48,0x89,0x84,0x24,0x18,0x0d,0x00,0x00,0x48,
0x8b,0x84,0x24,0x08,0x15,0x00,0x00,0x48,0x8d,0x10,0x48,0x8b,0x05,0x07,0x3a,0x00,
0x00,0x48,0x8b,0x8c,0x24,0x18,0x0d,0x00,0x00,0xff,0x10,0x48,0x8b,0x94,0x24,0xd8,
0x20,0x00,0x00,0x48,0x8d,0x02,0x48,0x8b,0x0d,0xf3,0x39,0x00,0x00,0x48,0x89,0x84,
0x24,0x40,0x0d,0x00,0x00,0x48,0x89,0x8c,0x24,0x38,0x0d,0x00,0x00,0x48,0x8b,0x84,
0x24,0x38,0x0d,0x00,0x00,0x48,0x8b,0x8c,0x24,0x40,0x0d,0x00,0x00,0x48,0x89,0x94,
0x24,0x30,0x0d,0x00,0x00,0xff,0x10,0x48,0x8b,0x94,0x24,0x30,0x0d,0x00,0x00,0x48,
0x8d,0x02,0x48,0x8d,0x15,0x17,0x36,0x00,0x00,0x48,0x8d,0x0d,0x0c,0x36,0x00,0x00,
0x48,0x8b,0x1d,0xb1,0x39,0x00,0x00,0x48,0x89,0x8c,0x24,0x28,0x0d,0x00,0x00,0x48,
0x89,0xc1,0x4c,0x8b,0x84,0x24,0x28,0x0d,0x00,0x00,0xff,0x13,0xe9,0x00,0x00,0x00,
0x00,0xe9,0xe6,0x00,0x00,0x00,0x8a,0x84,0x24,0xcf,0x20,0x00,0x00,0x3c,0x00,0x0f,
0x84,0xd7,0x00,0x00,0x00,0x48,0x8d,0x84,0x24,0xd8,0x20,0x00,0x00,0x48,0x89,0x84,
0x24,0x80,0x0d,0x00,0x00,0x48,0x8b,0x84,0x24,0x08,0x15,0x00,0x00,0x48,0x8d,0x10,
0x48,0x8b,0x05,0x51,0x39,0x00,0x00,0x48,0x8b,0x8c,0x24,0x80,0x0d,0x00,0x00,0xff,
0x10,0x48,0x8b,0x94,0x24,0xd8,0x20,0x00,0x00,0x48,0x8b,0x84,0x24,0x88,0x00,0x00,
0x00,0x80,0xb8,0xc8,0x00,0x00,0x00,0x00,0x0f,0x84,0x12,0x00,0x00,0x00,0x8b,0x05,
0xd0,0x36,0x00,0x00,0x89,0x84,0x24,0xe0,0x20,0x00,0x00,0xe9,0x0d,0x00,0x00,0x00,
0x8b,0x05,0x76,0x35,0x00,0x00,0x89,0x84,0x24,0xe0,0x20,0x00,0x00,0x48,0x8d,0x02,
0x48,0x8b,0x0d,0x09,0x39,0x00,0x00,0x48,0x89,0x84,0x24,0x50,0x0d,0x00,0x00,0x48,
0x89,0x8c,0x24,0x88,0x0d,0x00,0x00,0x48,0x8b,0x84,0x24,0x88,0x0d,0x00,0x00,0x48,
0x8b,0x8c,0x24,0x50,0x0d,0x00,0x00,0x48,0x89,0x94,0x24,0x98,0x0d,0x00,0x00,0xff,
0x10,0x48,0x8b,0x94,0x24,0x98,0x0d,0x00,0x00,0x48,0x8d,0x02,0x48,0x8d,0x15,0x75,
0x36,0x00,0x00,0x48,0x8d,0x8c,0x24,0xe0,0x20,0x00,0x00,0x48,0x8b,0x1d,0xc6,0x38,
0x00,0x00,0x48,0x89,0x8c,0x24,0xf8,0x0d,0x00,0x00,0x48,0x89,0xc1,0x4c,0x8b,0x84,
0x24,0xf8,0x0d,0x00,0x00,0xff,0x13,0xe9,0x00,0x00,0x00,0x00,0xe9,0xe6,0x00,0x00,
0x00,0x8a,0x84,0x24,0xcf,0x20,0x00,0x00,0x3c,0x00,0x0f,0x84,0xd7,0x00,0x00,0x00,
0x48,0x8d,0x84,0x24,0xd8,0x20,0x00,0x00,0x48,0x89,0x84,0x24,0xf0,0x0d,0x00,0x00,
0x48,0x8b,0x84,0x24,0x08,0x15,0x00,0x00,0x48,0x8d,0x10,0x48,0x8b,0x05,0x66,0x38,
0x00,0x00,0x48,0x8b,0x8c,0x24,0xf0,0x0d,0x00,0x00,0xff,0x10,0x48,0x8b,0x94,0x24,
0xd8,0x20,0x00,0x00,0x48,0x8b,0x84,0x24,0x88,0x00,0x00,0x00,0x80,0xb8,0xc8,0x00,
0x00,0x00,0x00,0x0f,0x84,0x12,0x00,0x00,0x00,0x8b,0x05,0xe5,0x35,0x00,0x00,0x89,
0x84,0x24,0xe0,0x20,0x00,0x00,0xe9,0x0d,0x00,0x00,0x00,0x8b,0x05,0x8b,0x34,0x00,
0x00,0x89,0x84,0x24,0xe0,0x20,0x00,0x00,0x48,0x8d,0x02,0x48,0x8b,0x0d,0x1e,0x38,
0x00,0x00,0x48,0x89,0x84,0x24,0xe8,0x0d,0x00,0x00,0x48,0x89,0x8c,0x24,0xe0,0x0d,
0x00,0x00,0x48,0x8b,0x84,0x24,0xe0,0x0d,0x00,0x00,0x48,0x8b,0x8c,0x24,0xe8,0x0d,
0x00,0x00,0x48,0x89,0x94,0x24,0xd8,0x0d,0x00,0x00,0xff,0x10,0x48,0x8b,0x94,0x24,
0xd8,0x0d,0x00,0x00,0x48,0x8d,0x02,0x48,0x8d,0x15,0x8e,0x35,0x00,0x00,0x48,0x8d,
0x8c,0x24,0xe0,0x20,0x00,0x00,0x48,0x8b,0x1d,0xdb,0x37,0x00,0x00,0x48,0x89,0x8c,
0x24,0xc8,0x0d,0x00,0x00,0x48,0x89,0xc1,0x4c,0x8b,0x84,0x24,0xc8,0x0d,0x00,0x00,
0xff,0x13,0xe9,0x00,0x00,0x00,0x00,0x48,0x8b,0x84,0x24,0x88,0x00,0x00,0x00,0x8a,
0x88,0xc8,0x00,0x00,0x00,0x3a,0x0d,0x8d,0x33,0x00,0x00,0x0f,0x94,0xc0,0x3c,0x00,
0x0f,0x84,0xcc,0x00,0x00,0x00,0x4c,0x8b,0x8c,0x24,0x48,0x15,0x00,0x00,0x41,0x8a,
0x41,0x44,0x3a,0x05,0x7c,0x33,0x00,0x00,0x0f,0x94,0xc0,0x3c,0x00,0x0f,0x84,0xaa,
0x00,0x00,0x00,0x48,0x8d,0x84,0x24,0xd8,0x20,0x00,0x00,0x48,0x89,0x84,0x24,0x68,
0x01,0x00,0x00,0x48,0x8b,0x84,0x24,0x08,0x15,0x00,0x00,0x48,0x8d,0x10,0x48,0x8b,
0x05,0x53,0x37,0x00,0x00,0x48,0x8b,0x8c,0x24,0x68,0x01,0x00,0x00,0xff,0x10,0x48,
0x8b,0x94,0x24,0xd8,0x20,0x00,0x00,0x48,0x8d,0x02,0x48,0x8b,0x0d,0x3f,0x37,0x00,
0x00,0x48,0x89,0x84,0x24,0xe0,0x00,0x00,0x00,0x48,0x89,0x8c,0x24,0xd8,0x00,0x00,
0x00,0x48,0x8b,0x84,0x24,0xd8,0x00,0x00,0x00,0x48,0x8b,0x8c,0x24,0xe0,0x00,0x00,
0x00,0x48,0x89,0x94,0x24,0xd0,0x00,0x00,0x00,0xff,0x10,0x48,0x8b,0x94,0x24,0xd0,
0x00,0x00,0x00,0x48,0x8d,0x02,0x48,0x8d,0x15,0xb3,0x34,0x00,0x00,0x48,0x8d,0x0d,
0x60,0x33,0x00,0x00,0x48,0x8b,0x1d,0xfd,0x36,0x00,0x00,0x48,0x89,0x8c,0x24,0xc8,
0x00,0x00,0x00,0x48,0x89,0xc1,0x4c,0x8b,0x84,0x24,0xc8,0x00,0x00,0x00,0xff,0x13,
0x4c,0x8b,0x8c,0x24,0x48,0x15,0x00,0x00,0xe9,0x00,0x00,0x00,0x00,0xe9,0x00,0x00,
0x00,0x00,0x48,0x8b,0x84,0x24,0x88,0x00,0x00,0x00,0x80,0xb8,0xc8,0x00,0x00,0x00,
0x00,0x0f,0x84,0x25,0x00,0x00,0x00,0x48,0x8b,0x84,0x24,0xe0,0x14,0x00,0x00,0x48,
0x83,0x38,0x00,0x0f,0x95,0xc0,0x3c,0x00,0x0f,0x84,0x07,0x00,0x00,0x00,0xb0,0x01,
0xe9,0x0e,0x00,0x00,0x00,0xb0,0x00,0xe9,0x07,0x00,0x00,0x00,0xb0,0x00,0xe9,0x00,
0x00,0x00,0x00,0x3c,0x00,0x0f,0x84,0x1c,0x00,0x00,0x00,0x80,0xbc,0x24,0xcf,0x20,
0x00,0x00,0x00,0x0f,0x84,0x07,0x00,0x00,0x00,0xb0,0x01,0xe9,0x0e,0x00,0x00,0x00,
0xb0,0x00,0xe9,0x07,0x00,0x00,0x00,0xb0,0x00,0xe9,0x00,0x00,0x00,0x00,0x3c,0x00,
0x0f,0x84,0x33,0x00,0x00,0x00,0x48,0x8b,0x05,0x2b,0x38,0x00,0x00,0x48,0x89,0x84,
0x24,0xc0,0x00,0x00,0x00,0x48,0x8b,0x84,0x24,0x10,0x15,0x00,0x00,0x48,0x8d,0x08,
0x48,0x8b,0x84,0x24,0xc0,0x00,0x00,0x00,0x48,0x8d,0x10,0x48,0x8b,0x05,0x0e,0x38,
0x00,0x00,0xff,0x10,0xe9,0x00,0x00,0x00,0x00,0x48,0x83,0xbc,0x24,0xc0,0x20,0x00,
0x00,0x00,0x0f,0x95,0xc0,0x3c,0x00,0x0f,0x84,0x16,0x01,0x00,0x00,0x48,0x8b,0x84,
0x24,0xc0,0x20,0x00,0x00,0x48,0x8d,0x8c,0x24,0xd8,0x20,0x00,0x00,0x48,0x8d,0x50,
0x08,0x48,0x8b,0x40,0x08,0x48,0x8b,0x80,0x80,0x00,0x00,0x00,0x48,0x8b,0x1d,0x1d,
0x34,0x00,0x00,0x48,0x01,0xd8,0x48,0x8b,0x00,0x48,0x8b,0x00,0xff,0xd0,0x48,0x8b,
0x84,0x24,0xd8,0x20,0x00,0x00,0x8b,0x00,0x89,0x84,0x24,0x94,0x20,0x00,0x00,0x48,
0x8d,0x84,0x24,0xd8,0x20,0x00,0x00,0x48,0x89,0x84,0x24,0xb0,0x00,0x00,0x00,0x48,
0x8b,0x84,0x24,0x38,0x15,0x00,0x00,0x48,0x8d,0x08,0x48,0x8b,0x10,0x48,0x8b,0x92,
0x80,0x00,0x00,0x00,0x48,0x8b,0x05,0x1d,0x38,0x00,0x00,0x48,0x01,0xc2,0x48,0x8b,
0x02,0x48,0x8b,0x00,0x48,0x89,0x8c,0x24,0x80,0x00,0x00,0x00,0x48,0x8b,0x8c,0x24,
0xb0,0x00,0x00,0x00,0x48,0x8b,0x94,0x24,0x80,0x00,0x00,0x00,0xff,0xd0,0x48,0x8b,
0x9c,0x24,0xd8,0x20,0x00,0x00,0x48,0x8b,0x84,0x24,0xc0,0x20,0x00,0x00,0x48,0x8d,
0x8c,0x24,0xe0,0x20,0x00,0x00,0x48,0x8d,0x50,0x08,0x48,0x8b,0x40,0x08,0x48,0x8b,
0x80,0x80,0x00,0x00,0x00,0x48,0x8b,0x2d,0x84,0x33,0x00,0x00,0x48,0x01,0xe8,0x48,
0x8b,0x00,0x48,0x8b,0x00,0xff,0xd0,0x48,0x8b,0x84,0x24,0xe0,0x20,0x00,0x00,0x48,
0x8d,0x8c,0x24,0x80,0x20,0x00,0x00,0x48,0x8d,0x13,0x48,0x8d,0x00,0x48,0x8b,0x1b,
0x48,0x8b,0x9b,0x80,0x00,0x00,0x00,0x48,0x8b,0x2d,0xa2,0x37,0x00,0x00,0x48,0x01,
0xeb,0x48,0x8b,0x1b,0x48,0x8b,0x1b,0x49,0x89,0xc0,0xff,0xd3,0x48,0x8b,0x84,0x24,
0x38,0x15,0x00,0x00,0x8b,0x48,0x08,0x89,0x8c,0x24,0x8c,0x20,0x00,0x00,0xe9,0x00,
0x00,0x00,0x00,0x48,0x8d,0x84,0x24,0xd2,0x20,0x00,0x00,0x48,0x89,0x84,0x24,0xa8,
0x00,0x00,0x00,0x48,0x8b,0x84,0x24,0x88,0x00,0x00,0x00,0x48,0x8d,0x10,0x48,0x8b,
0x05,0xab,0x35,0x00,0x00,0x48,0x8b,0x8c,0x24,0xa8,0x00,0x00,0x00,0xff,0x10,0x8a,
0x84,0x24,0xd2,0x20,0x00,0x00,0x3c,0x00,0x0f,0x84,0xcf,0x02,0x00,0x00,0x48,0x8b,
0x84,0x24,0xe0,0x14,0x00,0x00,0x48,0x83,0x38,0x00,0x0f,0x94,0xc0,0x3c,0x00,0x0f,
0x84,0x2a,0x02,0x00,0x00,0x48,0x83,0xbc,0x24,0xc0,0x20,0x00,0x00,0x00,0x0f,0x95,
0xc0,0x3c,0x00,0x0f,0x84,0x11,0x02,0x00,0x00,0x48,0x8b,0x84,0x24,0xc0,0x20,0x00,
0x00,0x48,0x8d,0x8c,0x24,0xd8,0x20,0x00,0x00,0x48,0x8d,0x50,0x08,0x48,0x8b,0x40,
0x08,0x48,0x8b,0x80,0x80,0x00,0x00,0x00,0x48,0x8b,0x1d,0xa1,0x32,0x00,0x00,0x48,
0x01,0xd8,0x48,0x8b,0x00,0x48,0x8b,0x00,0xff,0xd0,0x48,0x8b,0x84,0x24,0xd8,0x20,
0x00,0x00,0x8b,0x00,0x4c,0x8b,0x8c,0x24,0x48,0x15,0x00,0x00,0x41,0x89,0x81,0x98,
0x00,0x00,0x00,0x48,0x8d,0x84,0x24,0xd8,0x20,0x00,0x00,0x48,0x89,0x84,0x24,0xa0,
0x00,0x00,0x00,0x48,0x8b,0x84,0x24,0x38,0x15,0x00,0x00,0x48,0x8d,0x08,0x48,0x8b,
0x10,0x48,0x8b,0x92,0x80,0x00,0x00,0x00,0x48,0x8b,0x05,0x99,0x36,0x00,0x00,0x48,
0x01,0xc2,0x48,0x8b,0x02,0x48,0x8b,0x00,0x48,0x89,0x8c,0x24,0x98,0x00,0x00,0x00,
0x48,0x8b,0x8c,0x24,0xa0,0x00,0x00,0x00,0x48,0x8b,0x94,0x24,0x98,0x00,0x00,0x00,
0xff,0xd0,0x48,0x8b,0x9c,0x24,0xd8,0x20,0x00,0x00,0x48,0x8b,0x84,0x24,0xc0,0x20,
0x00,0x00,0x48,0x8d,0x8c,0x24,0xe0,0x20,0x00,0x00,0x48,0x8d,0x50,0x08,0x48,0x8b,
0x40,0x08,0x48,0x8b,0x80,0x80,0x00,0x00,0x00,0x48,0x8b,0x2d,0x00,0x32,0x00,0x00,
0x48,0x01,0xe8,0x48,0x8b,0x00,0x48,0x8b,0x00,0xff,0xd0,0x48,0x8b,0x84,0x24,0xe0,
0x20,0x00,0x00,0x4c,0x8b,0x8c,0x24,0x48,0x15,0x00,0x00,0x49,0x8d,0x89,0x84,0x00,
0x00,0x00,0x48,0x8d,0x13,0x48,0x8d,0x00,0x48,0x8b,0x1b,0x48,0x8b,0x9b,0x80,0x00,
0x00,0x00,0x48,0x8b,0x2d,0x17,0x36,0x00,0x00,0x48,0x01,0xeb,0x48,0x8b,0x1b,0x48,
0x8b,0x1b,0x49,0x89,0xc0,0xff,0xd3,0x48,0x8b,0x84,0x24,0x38,0x15,0x00,0x00,0x8b,
0x48,0x08,0x4c,0x8b,0x8c,0x24,0x48,0x15,0x00,0x00,0x41,0x89,0x89,0x90,0x00,0x00,
0x00,0x8b,0x84,0x24,0xb4,0x20,0x00,0x00,0x41,0x89,0x81,0x9c,0x00,0x00,0x00,0x48,
0x8b,0x84,0x24,0xc0,0x20,0x00,0x00,0x48,0x8b,0x40,0x28,0x8b,0x80,0x74,0x01,0x00,
0x00,0xf7,0xd8,0x89,0xc3,0x03,0x1d,0x39,0x2f,0x00,0x00,0x49,0x8d,0x81,0xa0,0x00,
0x00,0x00,0x48,0x8b,0x0d,0x6f,0x31,0x00,0x00,0x48,0x89,0x84,0x24,0x90,0x00,0x00,
0x00,0x48,0x89,0x8c,0x24,0xe8,0x00,0x00,0x00,0x48,0x8b,0x84,0x24,0xe8,0x00,0x00,
0x00,0x48,0x8b,0x8c,0x24,0x90,0x00,0x00,0x00,0xff,0x10,0x4c,0x8b,0x8c,0x24,0x48,
0x15,0x00,0x00,0x49,0x8d,0x81,0xa0,0x00,0x00,0x00,0x48,0x8d,0x15,0xe7,0x2e,0x00,
0x00,0x89,0x9c,0x24,0xd4,0x20,0x00,0x00,0x48,0x8d,0x8c,0x24,0xd4,0x20,0x00,0x00,
0x48,0x8b,0x1d,0x09,0x33,0x00,0x00,0x48,0x89,0x8c,0x24,0xb8,0x00,0x00,0x00,0x48,
0x89,0xc1,0x4c,0x8b,0x84,0x24,0xb8,0x00,0x00,0x00,0xff,0x13,0x8b,0x05,0xb6,0x2e,
0x00,0x00,0x4c,0x8b,0x8c,0x24,0x48,0x15,0x00,0x00,0x41,0x89,0x81,0xa8,0x00,0x00,
0x00,0x48,0x8b,0x05,0x40,0x35,0x00,0x00,0x48,0x8d,0x00,0x48,0x8d,0x15,0x62,0x30,
0x00,0x00,0x48,0x8d,0x0d,0x8f,0x2e,0x00,0x00,0x48,0x8b,0x1d,0x30,0x35,0x00,0x00,
0x48,0x89,0x8c,0x24,0xf0,0x00,0x00,0x00,0x48,0x89,0xc1,0x4c,0x8b,0x84,0x24,0xf0,
0x00,0x00,0x00,0xff,0x13,0xe9,0x00,0x00,0x00,0x00,0xe9,0x00,0x00,0x00,0x00,0x48,
0x8b,0x84,0x24,0x88,0x00,0x00,0x00,0x8a,0x88,0xc8,0x00,0x00,0x00,0x3a,0x0d,0x55,
0x2e,0x00,0x00,0x0f,0x94,0xc0,0x3c,0x00,0x0f,0x84,0x6a,0x00,0x00,0x00,0x48,0x8b,
0x8c,0x24,0xf8,0x14,0x00,0x00,0x48,0x8d,0x01,0x4c,0x8b,0x84,0x24,0xf0,0x14,0x00,
0x00,0x49,0x8d,0x10,0x4c,0x8b,0x8c,0x24,0x48,0x15,0x00,0x00,0x49,0x8d,0x19,0x48,
0x89,0x84,0x24,0x00,0x01,0x00,0x00,0x48,0x8b,0x84,0x24,0xe0,0x14,0x00,0x00,0x48,
0x8d,0x28,0x48,0x8d,0x84,0x24,0xcf,0x20,0x00,0x00,0x48,0x8d,0xb4,0x24,0xb4,0x20,
0x00,0x00,0x48,0x8b,0x3d,0xaf,0x34,0x00,0x00,0x48,0x89,0x44,0x24,0x20,0x48,0x89,
0x74,0x24,0x28,0x48,0x8b,0x8c,0x24,0x00,0x01,0x00,0x00,0x49,0x89,0xd8,0x49,0x89,
0xe9,0xff,0x17,0xe9,0x00,0x00,0x00,0x00,0xe9,0x00,0x00,0x00,0x00,0x48,0x8d,0x84,
0x24,0xd8,0x20,0x00,0x00,0x48,0x89,0x84,0x24,0x60,0x01,0x00,0x00,0x48,0x8b,0x84,
0x24,0x88,0x00,0x00,0x00,0x48,0x8d,0x10,0x48,0x8b,0x05,0x71,0x34,0x00,0x00,0x48,
0x8b,0x8c,0x24,0x60,0x01,0x00,0x00,0xff,0x10,0x8a,0x84,0x24,0xd8,0x20,0x00,0x00,
0x3c,0x00,0x0f,0x84,0x86,0x00,0x00,0x00,0x48,0x8b,0x84,0x24,0x88,0x00,0x00,0x00,
0x8a,0x88,0xc8,0x00,0x00,0x00,0x80,0xf9,0x00,0x0f,0x84,0x6a,0x00,0x00,0x00,0x48,
0x8b,0x8c,0x24,0xf8,0x14,0x00,0x00,0x48,0x8d,0x01,0x4c,0x8b,0x84,0x24,0xf0,0x14,
0x00,0x00,0x49,0x8d,0x10,0x4c,0x8b,0x8c,0x24,0x48,0x15,0x00,0x00,0x49,0x8d,0x19,
0x48,0x89,0x84,0x24,0x58,0x01,0x00,0x00,0x48,0x8b,0x84,0x24,0xe0,0x14,0x00,0x00,
0x48,0x8d,0x28,0x48,0x8d,0x84,0x24,0xcf,0x20,0x00,0x00,0x48,0x8d,0xb4,0x24,0xb4,
0x20,0x00,0x00,0x48,0x8b,0x3d,0xee,0x33,0x00,0x00,0x48,0x89,0x44,0x24,0x20,0x48,
0x89,0x74,0x24,0x28,0x48,0x8b,0x8c,0x24,0x58,0x01,0x00,0x00,0x49,0x89,0xd8,0x49,
0x89,0xe9,0xff,0x17,0xe9,0x00,0x00,0x00,0x00,0xe9,0x00,0x00,0x00,0x00,0x48,0x8d,
0x84,0x24,0xd8,0x20,0x00,0x00,0x48,0x89,0x84,0x24,0x50,0x01,0x00,0x00,0x48,0x8b,
0x84,0x24,0x88,0x00,0x00,0x00,0x48,0x8d,0x10,0x48,0x8b,0x05,0xb8,0x33,0x00,0x00,
0x48,0x8b,0x8c,0x24,0x50,0x01,0x00,0x00,0xff,0x10,0x8a,0x84,0x24,0xd8,0x20,0x00,
0x00,0x3c,0x00,0x0f,0x84,0x35,0x00,0x00,0x00,0x4c,0x8b,0x8c,0x24,0x48,0x15,0x00,
0x00,0x41,0x8b,0x41,0x48,0x3b,0x05,0xcd,0x2c,0x00,0x00,0x0f,0x9f,0xc0,0x3c,0x00,
0x0f,0x84,0x13,0x00,0x00,0x00,0x41,0x8b,0x41,0x48,0x2b,0x05,0xc4,0x2c,0x00,0x00,
0x41,0x89,0x41,0x48,0xe9,0x00,0x00,0x00,0x00,0xe9,0x00,0x00,0x00,0x00,0x48,0x8d,
0x84,0x24,0xd8,0x20,0x00,0x00,0x48,0x89,0x84,0x24,0x48,0x01,0x00,0x00,0x48,0x8b,
0x84,0x24,0x88,0x00,0x00,0x00,0x48,0x8d,0x10,0x48,0x8b,0x05,0x50,0x33,0x00,0x00,
0x48,0x8b,0x8c,0x24,0x48,0x01,0x00,0x00,0xff,0x10,0x8a,0x84,0x24,0xd8,0x20,0x00,
0x00,0x3c,0x00,0x0f,0x84,0xe3,0x00,0x00,0x00,0x48,0x8d,0x84,0x24,0xd8,0x20,0x00,
0x00,0x48,0x89,0x84,0x24,0x40,0x01,0x00,0x00,0x48,0x8b,0x84,0x24,0x28,0x15,0x00,
0x00,0x48,0x8d,0x08,0x48,0x8b,0x10,0x48,0x8b,0x92,0x80,0x00,0x00,0x00,0x48,0x8b,
0x05,0x5b,0x32,0x00,0x00,0x48,0x01,0xc2,0x48,0x8b,0x02,0x48,0x8b,0x00,0x48,0x89,
0x8c,0x24,0x30,0x01,0x00,0x00,0x48,0x8b,0x8c,0x24,0x40,0x01,0x00,0x00,0x48,0x8b,
0x94,0x24,0x30,0x01,0x00,0x00,0xff,0xd0,0x48,0x8d,0x84,0x24,0xdc,0x20,0x00,0x00,
0x48,0x89,0x84,0x24,0xf8,0x00,0x00,0x00,0x48,0x8b,0x84,0x24,0x28,0x15,0x00,0x00,
0x48,0x8d,0x08,0x48,0x8b,0x10,0x48,0x8b,0x92,0x80,0x00,0x00,0x00,0x48,0x8b,0x05,
0x14,0x32,0x00,0x00,0x48,0x01,0xc2,0x48,0x8b,0x02,0x48,0x8b,0x00,0x48,0x89,0x8c,
0x24,0x28,0x01,0x00,0x00,0x48,0x8b,0x8c,0x24,0xf8,0x00,0x00,0x00,0x48,0x8b,0x94,
0x24,0x28,0x01,0x00,0x00,0xff,0xd0,0x8b,0x94,0x24,0xd8,0x20,0x00,0x00,0x03,0x94,
0x24,0xdc,0x20,0x00,0x00,0x4c,0x8b,0x8c,0x24,0x48,0x15,0x00,0x00,0x41,0x8b,0x41,
0x48,0x03,0x05,0xbd,0x2b,0x00,0x00,0x39,0xc2,0x0f,0x9f,0xc0,0x3c,0x00,0x0f,0x84,
0x13,0x00,0x00,0x00,0x41,0x8b,0x41,0x48,0x03,0x05,0xa6,0x2b,0x00,0x00,0x41,0x89,
0x41,0x48,0xe9,0x00,0x00,0x00,0x00,0xe9,0x00,0x00,0x00,0x00,0x48,0x8d,0x84,0x24,
0xd8,0x20,0x00,0x00,0x48,0x89,0x84,0x24,0x20,0x01,0x00,0x00,0x48,0x8b,0x84,0x24,
0x88,0x00,0x00,0x00,0x48,0x8d,0x10,0x48,0x8b,0x05,0x5a,0x30,0x00,0x00,0x48,0x8b,
0x8c,0x24,0x20,0x01,0x00,0x00,0xff,0x10,0x8a,0x84,0x24,0xd8,0x20,0x00,0x00,0x3c,
0x00,0x0f,0x84,0x3b,0x00,0x00,0x00,0x48,0x8b,0x84,0x24,0x88,0x00,0x00,0x00,0x8a,
0x88,0xc8,0x00,0x00,0x00,0x3a,0x0d,0x3d,0x2b,0x00,0x00,0x0f,0x94,0xc0,0x3c,0x00,
0x0f,0x84,0x17,0x00,0x00,0x00,0x8a,0x05,0x2c,0x2b,0x00,0x00,0x4c,0x8b,0x8c,0x24,
0x48,0x15,0x00,0x00,0x41,0x88,0x41,0x44,0xe9,0x00,0x00,0x00,0x00,0xe9,0x00,0x00,
0x00,0x00,0x48,0x8d,0x84,0x24,0xd8,0x20,0x00,0x00,0x48,0x89,0x84,0x24,0x18,0x01,
0x00,0x00,0x48,0x8b,0x84,0x24,0x88,0x00,0x00,0x00,0x48,0x8d,0x10,0x48,0x8b,0x05,
0xc4,0x31,0x00,0x00,0x48,0x8b,0x8c,0x24,0x18,0x01,0x00,0x00,0xff,0x10,0x8a,0x84,
0x24,0xd8,0x20,0x00,0x00,0x3c,0x00,0x0f,0x84,0x92,0x00,0x00,0x00,0x48,0x8b,0x84,
0x24,0xe0,0x14,0x00,0x00,0x48,0x83,0x38,0x00,0x0f,0x94,0xc0,0x3c,0x00,0x0f,0x84,
0x22,0x00,0x00,0x00,0x48,0x83,0xbc,0x24,0xc0,0x20,0x00,0x00,0x00,0x0f,0x95,0xc0,
0x3c,0x00,0x0f,0x84,0x07,0x00,0x00,0x00,0xb0,0x01,0xe9,0x0e,0x00,0x00,0x00,0xb0,
0x00,0xe9,0x07,0x00,0x00,0x00,0xb0,0x00,0xe9,0x00,0x00,0x00,0x00,0x3c,0x00,0x0f,
0x84,0x45,0x00,0x00,0x00,0x4c,0x8b,0x84,0x24,0xf0,0x14,0x00,0x00,0x49,0x8d,0x80,
0x90,0x00,0x00,0x00,0x48,0x8d,0x94,0x24,0xb4,0x20,0x00,0x00,0x48,0x8b,0x0d,0x4d,
0x31,0x00,0x00,0x48,0x89,0x84,0x24,0x10,0x01,0x00,0x00,0x48,0x89,0x8c,0x24,0x08,
0x01,0x00,0x00,0x48,0x8b,0x84,0x24,0x08,0x01,0x00,0x00,0x48,0x8b,0x8c,0x24,0x10,
0x01,0x00,0x00,0xff,0x10,0xe9,0x00,0x00,0x00,0x00,0xe9,0x00,0x00,0x00,0x00,0xe9,
0x00,0x00,0x00,0x00,0x48,0x8d,0x84,0x24,0xca,0x20,0x00,0x00,0x48,0x8b,0x0d,0x75,
0x2f,0x00,0x00,0x48,0x89,0x84,0x24,0x60,0x02,0x00,0x00,0x48,0x89,0x8c,0x24,0x30,
0x02,0x00,0x00,0x48,0x8b,0x84,0x24,0x30,0x02,0x00,0x00,0x48,0x8b,0x8c,0x24,0x60,
0x02,0x00,0x00,0xff,0x10,0x83,0x84,0x24,0xb4,0x20,0x00,0x00,0x01,0xe9,0x18,0xe4,
0xff,0xff,0x48,0x8d,0x84,0x24,0xb8,0x20,0x00,0x00,0x48,0x8d,0x15,0xc7,0x2b,0x00,
0x00,0x48,0x8b,0x0d,0x68,0x2e,0x00,0x00,0x48,0x89,0x84,0x24,0x90,0x0d,0x00,0x00,
0x48,0x89,0x8c,0x24,0xc0,0x0d,0x00,0x00,0x48,0x8b,0x84,0x24,0xc0,0x0d,0x00,0x00,
0x48,0x8b,0x8c,0x24,0x90,0x0d,0x00,0x00,0xff,0x10,0x48,0x8d,0x84,0x24,0xc8,0x20,
0x00,0x00,0x48,0x8d,0x15,0xcb,0x29,0x00,0x00,0x48,0x8d,0x0d,0xc8,0x29,0x00,0x00,
0x48,0x8b,0x1d,0xe9,0x2d,0x00,0x00,0x48,0x89,0x8c,0x24,0xb8,0x0d,0x00,0x00,0x48,
0x89,0xc1,0x4c,0x8b,0x84,0x24,0xb8,0x0d,0x00,0x00,0xff,0x13,0x48,0x8b,0x05,0x75,
0x30,0x00,0x00,0x48,0x89,0x84,0x24,0xb0,0x0d,0x00,0x00,0x48,0x8b,0x84,0x24,0x88,
0x00,0x00,0x00,0x48,0x8d,0x08,0x48,0x8d,0x94,0x24,0xb8,0x20,0x00,0x00,0x48,0x8d,
0x98,0x18,0x01,0x00,0x00,0x48,0x8d,0x84,0x24,0xc8,0x20,0x00,0x00,0x48,0x89,0x84,
0x24,0xa8,0x0d,0x00,0x00,0x48,0x8b,0x84,0x24,0xb0,0x0d,0x00,0x00,0x48,0x8d,0x00,
0x48,0x8b,0x2d,0x39,0x30,0x00,0x00,0x48,0x89,0x44,0x24,0x20,0x49,0x89,0xd8,0x4c,
0x8b,0x8c,0x24,0xa8,0x0d,0x00,0x00,0xff,0x55,0x00,0x48,0x8d,0x84,0x24,0xc8,0x20,
0x00,0x00,0x48,0x8b,0x0d,0x7f,0x2b,0x00,0x00,0x48,0x89,0x84,0x24,0xa0,0x0d,0x00,
0x00,0x48,0x89,0x8c,0x24,0x20,0x0d,0x00,0x00,0x48,0x8b,0x84,0x24,0x20,0x0d,0x00,
0x00,0x48,0x8b,0x8c,0x24,0xa0,0x0d,0x00,0x00,0xff,0x10,0x48,0x8d,0x84,0x24,0xb8,
0x20,0x00,0x00,0x48,0x8b,0x0d,0x8e,0x2d,0x00,0x00,0x48,0x89,0x84,0x24,0x10,0x0d,
0x00,0x00,0x48,0x89,0x8c,0x24,0xd8,0x0c,0x00,0x00,0x48,0x8b,0x84,0x24,0xd8,0x0c,
0x00,0x00,0x48,0x8b,0x8c,0x24,0x10,0x0d,0x00,0x00,0xff,0x10,0x8b,0x05,0xd6,0x28,
0x00,0x00,0x89,0x84,0x24,0xb4,0x20,0x00,0x00,0x48,0x8d,0x84,0x24,0xb8,0x20,0x00,
0x00,0x48,0x89,0x84,0x24,0x08,0x0d,0x00,0x00,0x48,0x8b,0x84,0x24,0x28,0x15,0x00,
0x00,0x48,0x8d,0x08,0x48,0x8b,0x10,0x48,0x8b,0x92,0x80,0x00,0x00,0x00,0x48,0x8b,
0x05,0xc3,0x2e,0x00,0x00,0x48,0x01,0xc2,0x48,0x8b,0x02,0x48,0x8b,0x00,0x48,0x89,
0x8c,0x24,0x80,0x0c,0x00,0x00,0x48,0x8b,0x8c,0x24,0x08,0x0d,0x00,0x00,0x48,0x8b,
0x94,0x24,0x80,0x0c,0x00,0x00,0xff,0xd0,0x44,0x8b,0xb4,0x24,0xb8,0x20,0x00,0x00,
0x44,0x39,0xb4,0x24,0xb4,0x20,0x00,0x00,0x0f,0x8d,0x7b,0x1d,0x00,0x00,0x48,0x8d,
0x84,0x24,0xb8,0x20,0x00,0x00,0x48,0x89,0x84,0x24,0x78,0x0c,0x00,0x00,0x48,0x8b,
0x84,0x24,0x28,0x15,0x00,0x00,0x48,0x8d,0x08,0x48,0x8d,0x94,0x24,0xb4,0x20,0x00,
0x00,0x48,0x8b,0x18,0x48,0x8b,0x83,0x80,0x00,0x00,0x00,0x48,0x8b,0x1d,0x26,0x2f,
0x00,0x00,0x48,0x01,0xd8,0x48,0x8b,0x00,0x48,0x8b,0x00,0x48,0x89,0x8c,0x24,0x70,
0x0c,0x00,0x00,0x48,0x89,0x94,0x24,0x68,0x0c,0x00,0x00,0x48,0x8b,0x8c,0x24,0x78,
0x0c,0x00,0x00,0x48,0x8b,0x94,0x24,0x70,0x0c,0x00,0x00,0x4c,0x8b,0x84,0x24,0x68,
0x0c,0x00,0x00,0xff,0xd0,0x48,0x8d,0x84,0x24,0xc0,0x20,0x00,0x00,0x48,0x89,0x84,
0x24,0x60,0x0c,0x00,0x00,0x48,0x8b,0x84,0x24,0x30,0x15,0x00,0x00,0x48,0x8d,0x08,
0x48,0x8d,0x94,0x24,0xb8,0x20,0x00,0x00,0x48,0x8b,0x18,0x48,0x8b,0x83,0x80,0x00,
0x00,0x00,0x48,0x8b,0x1d,0x07,0x2e,0x00,0x00,0x48,0x01,0xd8,0x48,0x8b,0x00,0x48,
0x8b,0x00,0x48,0x89,0x8c,0x24,0x50,0x0c,0x00,0x00,0x48,0x89,0x94,0x24,0x20,0x0c,
0x00,0x00,0x48,0x8b,0x8c,0x24,0x60,0x0c,0x00,0x00,0x48,0x8b,0x94,0x24,0x50,0x0c,
0x00,0x00,0x4c,0x8b,0x84,0x24,0x20,0x0c,0x00,0x00,0xff,0xd0,0x80,0xbc,0x24,0xa9,
0x20,0x00,0x00,0x00,0x0f,0x84,0x8e,0x00,0x00,0x00,0x48,0x8d,0x84,0x24,0xcc,0x20,
0x00,0x00,0x48,0x89,0x84,0x24,0x48,0x0c,0x00,0x00,0x48,0x8b,0x84,0x24,0x28,0x15,
0x00,0x00,0x48,0x8d,0x08,0x48,0x8b,0x10,0x48,0x8b,0x92,0x80,0x00,0x00,0x00,0x48,
0x8b,0x05,0x7a,0x2d,0x00,0x00,0x48,0x01,0xc2,0x48,0x8b,0x02,0x48,0x8b,0x00,0x48,
0x89,0x8c,0x24,0x40,0x0c,0x00,0x00,0x48,0x8b,0x8c,0x24,0x48,0x0c,0x00,0x00,0x48,
0x8b,0x94,0x24,0x40,0x0c,0x00,0x00,0xff,0xd0,0x8b,0x84,0x24,0xcc,0x20,0x00,0x00,
0x03,0x84,0x24,0xb4,0x20,0x00,0x00,0x4c,0x8b,0x8c,0x24,0x48,0x15,0x00,0x00,0x41,
0x39,0x41,0x48,0x0f,0x94,0xc0,0x3c,0x00,0x0f,0x84,0x0d,0x00,0x00,0x00,0xc6,0x84,
0x24,0xc8,0x20,0x00,0x00,0x01,0xe9,0x22,0x00,0x00,0x00,0xc6,0x84,0x24,0xc8,0x20,
0x00,0x00,0x00,0xe9,0x15,0x00,0x00,0x00,0xc6,0x84,0x24,0xc8,0x20,0x00,0x00,0x00,
0x4c,0x8b,0x8c,0x24,0x48,0x15,0x00,0x00,0xe9,0x00,0x00,0x00,0x00,0x80,0xbc,0x24,
0xa9,0x20,0x00,0x00,0x00,0x0f,0x84,0x89,0x00,0x00,0x00,0x48,0x8d,0x84,0x24,0xcc,
0x20,0x00,0x00,0x48,0x89,0x84,0x24,0x38,0x0c,0x00,0x00,0x48,0x8b,0x84,0x24,0x28,
0x15,0x00,0x00,0x48,0x8d,0x08,0x48,0x8b,0x10,0x48,0x8b,0x92,0x80,0x00,0x00,0x00,
0x48,0x8b,0x05,0xc9,0x2c,0x00,0x00,0x48,0x01,0xc2,0x48,0x8b,0x02,0x48,0x8b,0x00,
0x48,0x89,0x8c,0x24,0x30,0x0c,0x00,0x00,0x48,0x8b,0x8c,0x24,0x38,0x0c,0x00,0x00,
0x48,0x8b,0x94,0x24,0x30,0x0c,0x00,0x00,0xff,0xd0,0x8b,0x84,0x24,0xcc,0x20,0x00,
0x00,0x03,0x84,0x24,0xb4,0x20,0x00,0x00,0x39,0x84,0x24,0xb0,0x20,0x00,0x00,0x0f,
0x94,0xc0,0x3c,0x00,0x0f,0x84,0x0d,0x00,0x00,0x00,0xc6,0x84,0x24,0xc9,0x20,0x00,
0x00,0x01,0xe9,0x1a,0x00,0x00,0x00,0xc6,0x84,0x24,0xc9,0x20,0x00,0x00,0x00,0xe9,
0x0d,0x00,0x00,0x00,0xc6,0x84,0x24,0xc9,0x20,0x00,0x00,0x00,0xe9,0x00,0x00,0x00,
0x00,0x48,0x8b,0x05,0x48,0x2c,0x00,0x00,0x48,0x8d,0x8c,0x24,0xca,0x20,0x00,0x00,
0x48,0x8d,0x10,0x48,0x8b,0x05,0x76,0x2c,0x00,0x00,0xff,0x10,0x48,0x83,0xbc,0x24,
0xc0,0x20,0x00,0x00,0x00,0x0f,0x95,0xc0,0x3c,0x00,0x0f,0x84,0x25,0x00,0x00,0x00,
0x48,0x8b,0x84,0x24,0xe0,0x14,0x00,0x00,0x48,0x83,0x38,0x00,0x0f,0x95,0xc0,0x3c,
0x00,0x0f,0x84,0x07,0x00,0x00,0x00,0xb0,0x01,0xe9,0x0e,0x00,0x00,0x00,0xb0,0x00,
0xe9,0x07,0x00,0x00,0x00,0xb0,0x00,0xe9,0x00,0x00,0x00,0x00,0x3c,0x00,0x0f,0x84,
0xa6,0x00,0x00,0x00,0x48,0x8b,0x84,0x24,0xe0,0x14,0x00,0x00,0x48,0x8b,0x08,0x48,
0x8d,0x84,0x24,0xd0,0x20,0x00,0x00,0x48,0x8d,0x51,0x08,0x48,0x8b,0x49,0x08,0x48,
0x8b,0x89,0x80,0x00,0x00,0x00,0x48,0x8b,0x1d,0x03,0x28,0x00,0x00,0x48,0x01,0xd9,
0x48,0x8b,0x09,0x48,0x8b,0x09,0x48,0x89,0x84,0x24,0x88,0x0c,0x00,0x00,0x48,0x89,
0x8c,0x24,0x58,0x0c,0x00,0x00,0x48,0x8b,0x84,0x24,0x58,0x0c,0x00,0x00,0x48,0x8b,
0x8c,0x24,0x88,0x0c,0x00,0x00,0xff,0xd0,0x48,0x8b,0x9c,0x24,0xd0,0x20,0x00,0x00,
0x48,0x8b,0x84,0x24,0xc0,0x20,0x00,0x00,0x48,0x8d,0x8c,0x24,0xd8,0x20,0x00,0x00,
0x48,0x8d,0x50,0x08,0x48,0x8b,0x40,0x08,0x48,0x8b,0x80,0x80,0x00,0x00,0x00,0x48,
0x8b,0x2d,0xaa,0x27,0x00,0x00,0x48,0x01,0xe8,0x48,0x8b,0x00,0x48,0x8b,0x00,0xff,
0xd0,0x48,0x8b,0x94,0x24,0xd8,0x20,0x00,0x00,0x8b,0x03,0x3b,0x02,0x0f,0x94,0x84,
0x24,0xce,0x20,0x00,0x00,0xe9,0x0d,0x00,0x00,0x00,0x8a,0x05,0x38,0x25,0x00,0x00,
0x88,0x84,0x24,0xce,0x20,0x00,0x00,0x8a,0x05,0x2b,0x25,0x00,0x00,0x88,0x84,0x24,
0xcf,0x20,0x00,0x00,0x48,0x8b,0x84,0x24,0xe0,0x14,0x00,0x00,0x48,0x83,0x38,0x00,
0x0f,0x95,0xc0,0x3c,0x00,0x0f,0x84,0x2f,0x01,0x00,0x00,0x48,0x8b,0x84,0x24,0xe0,
0x14,0x00,0x00,0x8b,0x48,0x08,0x3b,0x0d,0x0c,0x25,0x00,0x00,0x0f,0x94,0xc0,0x3c,
0x00,0x0f,0x84,0x2f,0x00,0x00,0x00,0x48,0x8b,0x84,0x24,0xe0,0x14,0x00,0x00,0x8b,
0x48,0x14,0x48,0x8b,0x84,0x24,0x38,0x15,0x00,0x00,0x3b,0x48,0x08,0x0f,0x94,0xc0,
0x3c,0x00,0x0f,0x84,0x07,0x00,0x00,0x00,0xb0,0x01,0xe9,0x0e,0x00,0x00,0x00,0xb0,
0x00,0xe9,0x07,0x00,0x00,0x00,0xb0,0x00,0xe9,0x00,0x00,0x00,0x00,0x3c,0x00,0x0f,
0x84,0x7a,0x00,0x00,0x00,0x48,0x8b,0x84,0x24,0xe0,0x14,0x00,0x00,0x48,0x8b,0x08,
0x48,0x8d,0x84,0x24,0xd0,0x20,0x00,0x00,0x48,0x8d,0x11,0x48,0x8b,0x09,0x48,0x8b,
0x89,0x80,0x00,0x00,0x00,0x48,0x8b,0x1d,0x84,0x2b,0x00,0x00,0x48,0x01,0xd9,0x48,
0x8b,0x09,0x48,0x8b,0x09,0x48,0x89,0x84,0x24,0x90,0x0c,0x00,0x00,0x48,0x89,0x8c,
0x24,0xa0,0x0c,0x00,0x00,0x48,0x8b,0x84,0x24,0xa0,0x0c,0x00,0x00,0x48,0x8b,0x8c,
0x24,0x90,0x0c,0x00,0x00,0xff,0xd0,0x80,0xbc,0x24,0xd0,0x20,0x00,0x00,0x00,0x0f,
0x84,0x0d,0x00,0x00,0x00,0xc6,0x84,0x24,0xcf,0x20,0x00,0x00,0x01,0xe9,0x1a,0x00,
0x00,0x00,0xc6,0x84,0x24,0xcf,0x20,0x00,0x00,0x00,0xe9,0x0d,0x00,0x00,0x00,0xc6,
0x84,0x24,0xcf,0x20,0x00,0x00,0x00,0xe9,0x00,0x00,0x00,0x00,0x80,0xbc,0x24,0xcf,
0x20,0x00,0x00,0x00,0x0f,0x84,0x20,0x00,0x00,0x00,0x48,0x8b,0x05,0x07,0x2a,0x00,
0x00,0x48,0x8d,0x8c,0x24,0xca,0x20,0x00,0x00,0x48,0x8d,0x10,0x48,0x8b,0x05,0xfd,
0x29,0x00,0x00,0xff,0x10,0xe9,0x1b,0x00,0x00,0x00,0x48,0x8b,0x05,0xf7,0x29,0x00,
0x00,0x48,0x8d,0x8c,0x24,0xca,0x20,0x00,0x00,0x48,0x8d,0x10,0x48,0x8b,0x05,0xdd,
0x29,0x00,0x00,0xff,0x10,0xe9,0x00,0x00,0x00,0x00,0x8a,0x05,0xd8,0x23,0x00,0x00,
0x88,0x84,0x24,0xd0,0x20,0x00,0x00,0x48,0x83,0xbc,0x24,0xc0,0x20,0x00,0x00,0x00,
0x0f,0x95,0xc0,0x3c,0x00,0x0f,0x84,0x69,0x01,0x00,0x00,0x4c,0x8b,0xac,0x24,0xc0,
0x20,0x00,0x00,0x48,0x8d,0x84,0x24,0xd4,0x20,0x00,0x00,0x48,0x89,0x84,0x24,0x00,
0x0d,0x00,0x00,0x48,0x8b,0x84,0x24,0x28,0x15,0x00,0x00,0x48,0x8d,0x08,0x48,0x8b,
0x10,0x48,0x8b,0x92,0x80,0x00,0x00,0x00,0x48,0x8b,0x05,0xa1,0x29,0x00,0x00,0x48,
0x01,0xc2,0x48,0x8b,0x02,0x48,0x8b,0x00,0x48,0x89,0x8c,0x24,0xf8,0x0c,0x00,0x00,
0x48,0x8b,0x8c,0x24,0x00,0x0d,0x00,0x00,0x48,0x8b,0x94,0x24,0xf8,0x0c,0x00,0x00,
0xff,0xd0,0x8b,0x84,0x24,0xd4,0x20,0x00,0x00,0x03,0x84,0x24,0xb4,0x20,0x00,0x00,
0x89,0x84,0x24,0xf0,0x0c,0x00,0x00,0x48,0x8b,0x84,0x24,0xe0,0x14,0x00,0x00,0x48,
0x83,0x38,0x00,0x0f,0x95,0xc2,0x48,0x8d,0x84,0x24,0xd0,0x20,0x00,0x00,0x49,0x8d,
0x4d,0x00,0x48,0x89,0x84,0x24,0xe8,0x0c,0x00,0x00,0x8b,0x84,0x24,0xf0,0x0c,0x00,
0x00,0x89,0x84,0x24,0xd8,0x20,0x00,0x00,0x48,0x8d,0x84,0x24,0xd8,0x20,0x00,0x00,
0x48,0x89,0x84,0x24,0xe0,0x0c,0x00,0x00,0x48,0x8b,0x84,0x24,0x88,0x00,0x00,0x00,
0x48,0x8d,0x18,0x4c,0x8b,0x84,0x24,0xf0,0x14,0x00,0x00,0x49,0x8d,0xa8,0x50,0x0f,
0x00,0x00,0x48,0x8d,0xbc,0x24,0xc8,0x20,0x00,0x00,0x4c,0x8d,0x94,0x24,0xc9,0x20,
0x00,0x00,0x4c,0x8d,0xa4,0x24,0xca,0x20,0x00,0x00,0x4c,0x8d,0x9c,0x24,0xce,0x20,
0x00,0x00,0x48,0x8d,0xb4,0x24,0xcf,0x20,0x00,0x00,0x88,0x94,0x24,0xdc,0x20,0x00,
0x00,0x48,0x8d,0x84,0x24,0xdc,0x20,0x00,0x00,0x49,0x8b,0x55,0x00,0x48,0x8b,0x92,
0x80,0x00,0x00,0x00,0x4c,0x8b,0x0d,0xfd,0x28,0x00,0x00,0x4c,0x01,0xca,0x48,0x8b,
0x12,0x48,0x8b,0x12,0x48,0x89,0x6c,0x24,0x20,0x48,0x89,0x7c,0x24,0x28,0x4c,0x89,
0x54,0x24,0x30,0x4c,0x89,0x64,0x24,0x38,0x4c,0x89,0x5c,0x24,0x40,0x48,0x89,0x74,
0x24,0x48,0x48,0x89,0x44,0x24,0x50,0x48,0x89,0xd0,0x48,0x89,0x8c,0x24,0xd0,0x0c,
0x00,0x00,0x48,0x8b,0x8c,0x24,0xe8,0x0c,0x00,0x00,0x48,0x8b,0x94,0x24,0xd0,0x0c,
0x00,0x00,0x4c,0x8b,0x84,0x24,0xe0,0x0c,0x00,0x00,0x49,0x89,0xd9,0xff,0xd0,0xe9,
0xf0,0x08,0x00,0x00,0x8b,0x84,0x24,0xb8,0x20,0x00,0x00,0x3b,0x05,0x47,0x22,0x00,
0x00,0x0f,0x95,0xc0,0x3c,0x00,0x0f,0x84,0x8d,0x05,0x00,0x00,0x48,0x8d,0x84,0x24,
0xd8,0x20,0x00,0x00,0x48,0x8d,0x15,0xc4,0x23,0x00,0x00,0x48,0x8b,0x0d,0x9e,0x26,
0x00,0x00,0x48,0x89,0x84,0x24,0x70,0x0e,0x00,0x00,0x48,0x89,0x8c,0x24,0x68,0x0e,
0x00,0x00,0x48,0x8b,0x84,0x24,0x68,0x0e,0x00,0x00,0x48,0x8b,0x8c,0x24,0x70,0x0e,
0x00,0x00,0xff,0x10,0x48,0x8d,0x84,0x24,0xe8,0x20,0x00,0x00,0x48,0x8b,0x0d,0xb5,
0x27,0x00,0x00,0x48,0x89,0x84,0x24,0x60,0x0e,0x00,0x00,0x48,0x89,0x8c,0x24,0x58,
0x0e,0x00,0x00,0x48,0x8b,0x84,0x24,0x58,0x0e,0x00,0x00,0x48,0x8b,0x8c,0x24,0x60,
0x0e,0x00,0x00,0xff,0x10,0x48,0x8d,0x84,0x24,0xf8,0x20,0x00,0x00,0x48,0x89,0x84,
0x24,0x50,0x0e,0x00,0x00,0x48,0x8b,0x84,0x24,0x28,0x15,0x00,0x00,0x48,0x8d,0x08,
0x48,0x8b,0x10,0x48,0x8b,0x92,0x80,0x00,0x00,0x00,0x48,0x8b,0x05,0xbf,0x27,0x00,
0x00,0x48,0x01,0xc2,0x48,0x8b,0x02,0x48,0x8b,0x00,0x48,0x89,0x8c,0x24,0x40,0x0e,
0x00,0x00,0x48,0x8b,0x8c,0x24,0x50,0x0e,0x00,0x00,0x48,0x8b,0x94,0x24,0x40,0x0e,
0x00,0x00,0xff,0xd0,0x8b,0x84,0x24,0xf8,0x20,0x00,0x00,0x03,0x84,0x24,0xb4,0x20,
0x00,0x00,0x48,0x8d,0x8c,0x24,0xe8,0x20,0x00,0x00,0x89,0x84,0x24,0xfc,0x20,0x00,
0x00,0x48,0x8d,0x94,0x24,0xfc,0x20,0x00,0x00,0x48,0x8b,0x05,0xb0,0x27,0x00,0x00,
0xff,0x10,0x48,0x8d,0x84,0x24,0x00,0x21,0x00,0x00,0x48,0x8b,0x0d,0x07,0x27,0x00,
0x00,0x48,0x89,0x84,0x24,0x10,0x0e,0x00,0x00,0x48,0x89,0x8c,0x24,0x38,0x0e,0x00,
0x00,0x48,0x8b,0x84,0x24,0x38,0x0e,0x00,0x00,0x48,0x8b,0x8c,0x24,0x10,0x0e,0x00,
0x00,0xff,0x10,0x48,0x8d,0x94,0x24,0xd8,0x20,0x00,0x00,0x48,0x8d,0x84,0x24,0xe8,
0x20,0x00,0x00,0x48,0x8b,0x0d,0x6e,0x27,0x00,0x00,0x48,0x89,0x84,0x24,0x30,0x0e,
0x00,0x00,0x48,0x89,0x8c,0x24,0x28,0x0e,0x00,0x00,0x48,0x8b,0x84,0x24,0x28,0x0e,
0x00,0x00,0x48,0x8b,0x8c,0x24,0x10,0x0e,0x00,0x00,0x4c,0x8b,0x84,0x24,0x30,0x0e,
0x00,0x00,0xff,0x10,0x48,0x8d,0x84,0x24,0x10,0x21,0x00,0x00,0x48,0x8d,0x15,0x77,
0x22,0x00,0x00,0x48,0x8b,0x0d,0x46,0x25,0x00,0x00,0x48,0x89,0x84,0x24,0x20,0x0e,
0x00,0x00,0x48,0x89,0x8c,0x24,0x78,0x0e,0x00,0x00,0x48,0x8b,0x84,0x24,0x78,0x0e,
0x00,0x00,0x48,0x8b,0x8c,0x24,0x20,0x0e,0x00,0x00,0xff,0x10,0x48,0x8d,0x84,0x24,
0x20,0x21,0x00,0x00,0x48,0x8b,0x0d,0x5d,0x26,0x00,0x00,0x48,0x89,0x84,0x24,0x48,
0x0e,0x00,0x00,0x48,0x89,0x8c,0x24,0x80,0x0e,0x00,0x00,0x48,0x8b,0x84,0x24,0x80,
0x0e,0x00,0x00,0x48,0x8b,0x8c,0x24,0x48,0x0e,0x00,0x00,0xff,0x10,0x48,0x8d,0x94,
0x24,0x00,0x21,0x00,0x00,0x48,0x8d,0x84,0x24,0x10,0x21,0x00,0x00,0x48,0x8b,0x0d,
0xc4,0x26,0x00,0x00,0x48,0x89,0x84,0x24,0x90,0x0e,0x00,0x00,0x48,0x89,0x8c,0x24,
0xf0,0x0e,0x00,0x00,0x48,0x8b,0x84,0x24,0xf0,0x0e,0x00,0x00,0x48,0x8b,0x8c,0x24,
0x48,0x0e,0x00,0x00,0x4c,0x8b,0x84,0x24,0x90,0x0e,0x00,0x00,0xff,0x10,0x48,0x8d,
0x84,0x24,0x30,0x21,0x00,0x00,0x48,0x8b,0x0d,0xeb,0x25,0x00,0x00,0x48,0x89,0x84,
0x24,0xe8,0x0e,0x00,0x00,0x48,0x89,0x8c,0x24,0xe0,0x0e,0x00,0x00,0x48,0x8b,0x84,
0x24,0xe0,0x0e,0x00,0x00,0x48,0x8b,0x8c,0x24,0xe8,0x0e,0x00,0x00,0xff,0x10,0x48,
0x8d,0x84,0x24,0x30,0x21,0x00,0x00,0x48,0x8d,0x94,0x24,0xb8,0x20,0x00,0x00,0x48,
0x8b,0x0d,0x4a,0x26,0x00,0x00,0x48,0x89,0x84,0x24,0xd8,0x0e,0x00,0x00,0x48,0x89,
0x8c,0x24,0xd0,0x0e,0x00,0x00,0x48,0x8b,0x84,0x24,0xd0,0x0e,0x00,0x00,0x48,0x8b,
0x8c,0x24,0xd8,0x0e,0x00,0x00,0xff,0x10,0x48,0x8d,0x84,0x24,0x40,0x21,0x00,0x00,
0x48,0x8b,0x0d,0x81,0x25,0x00,0x00,0x48,0x89,0x84,0x24,0xc0,0x0e,0x00,0x00,0x48,
0x89,0x8c,0x24,0x88,0x0e,0x00,0x00,0x48,0x8b,0x84,0x24,0x88,0x0e,0x00,0x00,0x48,
0x8b,0x8c,0x24,0xc0,0x0e,0x00,0x00,0xff,0x10,0x48,0x8d,0x94,0x24,0x20,0x21,0x00,
0x00,0x48,0x8d,0x84,0x24,0x30,0x21,0x00,0x00,0x48,0x8b,0x0d,0xe8,0x25,0x00,0x00,
0x48,0x89,0x84,0x24,0xb8,0x0e,0x00,0x00,0x48,0x89,0x8c,0x24,0xb0,0x0e,0x00,0x00,
0x48,0x8b,0x84,0x24,0xb0,0x0e,0x00,0x00,0x48,0x8b,0x8c,0x24,0xc0,0x0e,0x00,0x00,
0x4c,0x8b,0x84,0x24,0xb8,0x0e,0x00,0x00,0xff,0x10,0x48,0x8d,0x84,0x24,0x50,0x21,
0x00,0x00,0x48,0x8b,0x0d,0xb7,0x25,0x00,0x00,0x48,0x89,0x84,0x24,0xa8,0x0e,0x00,
0x00,0x48,0x89,0x8c,0x24,0xa0,0x0e,0x00,0x00,0x48,0x8b,0x84,0x24,0xa0,0x0e,0x00,
0x00,0x48,0x8b,0x8c,0x24,0xa8,0x0e,0x00,0x00,0xff,0x10,0x48,0x8b,0x05,0x96,0x25,
0x00,0x00,0x48,0x89,0x84,0x24,0x98,0x0e,0x00,0x00,0x48,0x8b,0x84,0x24,0xe0,0x14,
0x00,0x00,0x48,0x83,0x38,0x00,0x0f,0x95,0xc3,0x48,0x8d,0x84,0x24,0xd0,0x20,0x00,
0x00,0x48,0x89,0x84,0x24,0x28,0x0c,0x00,0x00,0x48,0x8b,0x84,0x24,0x88,0x00,0x00,
0x00,0x48,0x8d,0x08,0x48,0x8d,0x94,0x24,0x40,0x21,0x00,0x00,0x48,0x8d,0xa8,0x88,
0x01,0x00,0x00,0x4c,0x8d,0x94,0x24,0x50,0x21,0x00,0x00,0x48,0x8b,0x84,0x24,0x98,
0x0e,0x00,0x00,0x4c,0x8d,0x18,0x48,0x8d,0xbc,0x24,0xc8,0x20,0x00,0x00,0x4c,0x8d,
0xa4,0x24,0xc9,0x20,0x00,0x00,0x48,0x8d,0xb4,0x24,0xca,0x20,0x00,0x00,0x48,0x8d,
0x84,0x24,0xce,0x20,0x00,0x00,0x4c,0x8d,0x84,0x24,0xcf,0x20,0x00,0x00,0x88,0x9c,
0x24,0x88,0x21,0x00,0x00,0x48,0x8d,0x9c,0x24,0x88,0x21,0x00,0x00,0x4c,0x8b,0x0d,
0x0c,0x25,0x00,0x00,0x4c,0x89,0x54,0x24,0x20,0x4c,0x89,0x5c,0x24,0x28,0x48,0x89,
0x7c,0x24,0x30,0x4c,0x89,0x64,0x24,0x38,0x48,0x89,0x74,0x24,0x40,0x48,0x89,0x44,
0x24,0x48,0x4c,0x89,0x44,0x24,0x50,0x48,0x89,0x5c,0x24,0x58,0x4c,0x89,0xcb,0x48,
0x89,0x8c,0x24,0x18,0x0c,0x00,0x00,0x48,0x89,0x94,0x24,0xe0,0x0b,0x00,0x00,0x48,
0x8b,0x8c,0x24,0x28,0x0c,0x00,0x00,0x48,0x8b,0x94,0x24,0x18,0x0c,0x00,0x00,0x4c,
0x8b,0x84,0x24,0xe0,0x0b,0x00,0x00,0x49,0x89,0xe9,0xff,0x13,0x48,0x8d,0x84,0x24,
0x50,0x21,0x00,0x00,0x48,0x8b,0x0d,0xad,0x24,0x00,0x00,0x48,0x89,0x84,0x24,0x10,
0x0c,0x00,0x00,0x48,0x89,0x8c,0x24,0x98,0x09,0x00,0x00,0x48,0x8b,0x84,0x24,0x98,
0x09,0x00,0x00,0x48,0x8b,0x8c,0x24,0x10,0x0c,0x00,0x00,0xff,0x10,0x48,0x8d,0x84,
0x24,0x40,0x21,0x00,0x00,0x48,0x8b,0x0d,0x8c,0x22,0x00,0x00,0x48,0x89,0x84,0x24,
0x90,0x09,0x00,0x00,0x48,0x89,0x8c,0x24,0x88,0x09,0x00,0x00,0x48,0x8b,0x84,0x24,
0x88,0x09,0x00,0x00,0x48,0x8b,0x8c,0x24,0x90,0x09,0x00,0x00,0xff,0x10,0x48,0x8d,
0x84,0x24,0x30,0x21,0x00,0x00,0x48,0x8b,0x0d,0x5b,0x22,0x00,0x00,0x48,0x89,0x84,
0x24,0x80,0x09,0x00,0x00,0x48,0x89,0x8c,0x24,0x78,0x09,0x00,0x00,0x48,0x8b,0x84,
0x24,0x78,0x09,0x00,0x00,0x48,0x8b,0x8c,0x24,0x80,0x09,0x00,0x00,0xff,0x10,0x48,
0x8d,0x84,0x24,0x20,0x21,0x00,0x00,0x48,0x8b,0x0d,0x2a,0x22,0x00,0x00,0x48,0x89,
0x84,0x24,0x68,0x09,0x00,0x00,0x48,0x89,0x8c,0x24,0x38,0x09,0x00,0x00,0x48,0x8b,
0x84,0x24,0x38,0x09,0x00,0x00,0x48,0x8b,0x8c,0x24,0x68,0x09,0x00,0x00,0xff,0x10,
0x48,0x8d,0x84,0x24,0x10,0x21,0x00,0x00,0x48,0x8b,0x0d,0xf9,0x21,0x00,0x00,0x48,
0x89,0x84,0x24,0x60,0x09,0x00,0x00,0x48,0x89,0x8c,0x24,0x58,0x09,0x00,0x00,0x48,
0x8b,0x84,0x24,0x58,0x09,0x00,0x00,0x48,0x8b,0x8c,0x24,0x60,0x09,0x00,0x00,0xff,
0x10,0x48,0x8d,0x84,0x24,0x00,0x21,0x00,0x00,0x48,0x8b,0x0d,0xc8,0x21,0x00,0x00,
0x48,0x89,0x84,0x24,0x50,0x09,0x00,0x00,0x48,0x89,0x8c,0x24,0x48,0x09,0x00,0x00,
0x48,0x8b,0x84,0x24,0x48,0x09,0x00,0x00,0x48,0x8b,0x8c,0x24,0x50,0x09,0x00,0x00,
0xff,0x10,0x48,0x8d,0x84,0x24,0xe8,0x20,0x00,0x00,0x48,0x8b,0x0d,0x97,0x21,0x00,
0x00,0x48,0x89,0x84,0x24,0xa0,0x09,0x00,0x00,0x48,0x89,0x8c,0x24,0x70,0x09,0x00,
0x00,0x48,0x8b,0x84,0x24,0x70,0x09,0x00,0x00,0x48,0x8b,0x8c,0x24,0xa0,0x09,0x00,
0x00,0xff,0x10,0x48,0x8d,0x84,0x24,0xd8,0x20,0x00,0x00,0x48,0x8b,0x0d,0x66,0x21,
0x00,0x00,0x48,0x89,0x84,0x24,0xa8,0x09,0x00,0x00,0x48,0x89,0x8c,0x24,0xb8,0x09,
0x00,0x00,0x48,0x8b,0x84,0x24,0xb8,0x09,0x00,0x00,0x48,0x8b,0x8c,0x24,0xa8,0x09,
0x00,0x00,0xff,0x10,0xe9,0x4b,0x03,0x00,0x00,0x48,0x8d,0x84,0x24,0xd8,0x20,0x00,
0x00,0x48,0x8d,0x15,0x44,0x1e,0x00,0x00,0x48,0x8b,0x0d,0x11,0x21,0x00,0x00,0x48,
0x89,0x84,0x24,0x18,0x0a,0x00,0x00,0x48,0x89,0x8c,0x24,0x10,0x0a,0x00,0x00,0x48,
0x8b,0x84,0x24,0x10,0x0a,0x00,0x00,0x48,0x8b,0x8c,0x24,0x18,0x0a,0x00,0x00,0xff,
0x10,0x48,0x8d,0x84,0x24,0xe8,0x20,0x00,0x00,0x48,0x8b,0x0d,0x28,0x22,0x00,0x00,
0x48,0x89,0x84,0x24,0x08,0x0a,0x00,0x00,0x48,0x89,0x8c,0x24,0x00,0x0a,0x00,0x00,
0x48,0x8b,0x84,0x24,0x00,0x0a,0x00,0x00,0x48,0x8b,0x8c,0x24,0x08,0x0a,0x00,0x00,
0xff,0x10,0x48,0x8d,0x84,0x24,0xf8,0x20,0x00,0x00,0x48,0x89,0x84,0x24,0xf8,0x09,
0x00,0x00,0x48,0x8b,0x84,0x24,0x28,0x15,0x00,0x00,0x48,0x8d,0x08,0x48,0x8b,0x10,
0x48,0x8b,0x92,0x80,0x00,0x00,0x00,0x48,0x8b,0x05,0x32,0x22,0x00,0x00,0x48,0x01,
0xc2,0x48,0x8b,0x02,0x48,0x8b,0x00,0x48,0x89,0x8c,0x24,0xe8,0x09,0x00,0x00,0x48,
0x8b,0x8c,0x24,0xf8,0x09,0x00,0x00,0x48,0x8b,0x94,0x24,0xe8,0x09,0x00,0x00,0xff,
0xd0,0x8b,0x84,0x24,0xf8,0x20,0x00,0x00,0x03,0x84,0x24,0xb4,0x20,0x00,0x00,0x48,
0x8d,0x8c,0x24,0xe8,0x20,0x00,0x00,0x89,0x84,0x24,0xfc,0x20,0x00,0x00,0x48,0x8d,
0x94,0x24,0xfc,0x20,0x00,0x00,0x48,0x8b,0x05,0x23,0x22,0x00,0x00,0xff,0x10,0x48,
0x8d,0x84,0x24,0x00,0x21,0x00,0x00,0x48,0x8b,0x0d,0x7a,0x21,0x00,0x00,0x48,0x89,
0x84,0x24,0xb0,0x09,0x00,0x00,0x48,0x89,0x8c,0x24,0xe0,0x09,0x00,0x00,0x48,0x8b,
0x84,0x24,0xe0,0x09,0x00,0x00,0x48,0x8b,0x8c,0x24,0xb0,0x09,0x00,0x00,0xff,0x10,
0x48,0x8d,0x94,0x24,0xd8,0x20,0x00,0x00,0x48,0x8d,0x84,0x24,0xe8,0x20,0x00,0x00,
0x48,0x8b,0x0d,0xe1,0x21,0x00,0x00,0x48,0x89,0x84,0x24,0xd8,0x09,0x00,0x00,0x48,
0x89,0x8c,0x24,0xd0,0x09,0x00,0x00,0x48,0x8b,0x84,0x24,0xd0,0x09,0x00,0x00,0x48,
0x8b,0x8c,0x24,0xb0,0x09,0x00,0x00,0x4c,0x8b,0x84,0x24,0xd8,0x09,0x00,0x00,0xff,
0x10,0x48,0x8d,0x84,0x24,0x10,0x21,0x00,0x00,0x48,0x8b,0x0d,0xb0,0x21,0x00,0x00,
0x48,0x89,0x84,0x24,0xc8,0x09,0x00,0x00,0x48,0x89,0x8c,0x24,0xc0,0x09,0x00,0x00,
0x48,0x8b,0x84,0x24,0xc0,0x09,0x00,0x00,0x48,0x8b,0x8c,0x24,0xc8,0x09,0x00,0x00,
0xff,0x10,0x48,0x8b,0x05,0xa7,0x21,0x00,0x00,0x48,0x89,0x84,0x24,0x40,0x09,0x00,
0x00,0x48,0x8b,0x84,0x24,0xe0,0x14,0x00,0x00,0x48,0x83,0x38,0x00,0x0f,0x95,0xc3,
0x48,0x8d,0x84,0x24,0xd0,0x20,0x00,0x00,0x48,0x89,0x84,0x24,0x30,0x09,0x00,0x00,
0x48,0x8b,0x84,0x24,0x88,0x00,0x00,0x00,0x48,0x8d,0x08,0x48,0x8d,0x84,0x24,0x00,
0x21,0x00,0x00,0x48,0x8d,0x15,0xde,0x1a,0x00,0x00,0x4c,0x8d,0xa4,0x24,0x10,0x21,
0x00,0x00,0x48,0x89,0x84,0x24,0xf8,0x08,0x00,0x00,0x48,0x8b,0x84,0x24,0x40,0x09,
0x00,0x00,0x4c,0x8d,0x10,0x4c,0x8d,0x9c,0x24,0xc8,0x20,0x00,0x00,0x48,0x8d,0xac,
0x24,0xc9,0x20,0x00,0x00,0x48,0x8d,0xb4,0x24,0xca,0x20,0x00,0x00,0x48,0x8d,0x84,
0x24,0xce,0x20,0x00,0x00,0x48,0x8d,0xbc,0x24,0xcf,0x20,0x00,0x00,0x88,0x9c,0x24,
0x48,0x21,0x00,0x00,0x48,0x8d,0x9c,0x24,0x48,0x21,0x00,0x00,0x4c,0x8b,0x05,0xfd,
0x20,0x00,0x00,0x4c,0x89,0x64,0x24,0x20,0x4c,0x89,0x54,0x24,0x28,0x4c,0x89,0x5c,
0x24,0x30,0x48,0x89,0x6c,0x24,0x38,0x48,0x89,0x74,0x24,0x40,0x48,0x89,0x44,0x24,
0x48,0x48,0x89,0x7c,0x24,0x50,0x48,0x89,0x5c,0x24,0x58,0x4c,0x89,0xc3,0x48,0x89,
0x8c,0x24,0x28,0x09,0x00,0x00,0x48,0x89,0x94,0x24,0xa0,0x08,0x00,0x00,0x48,0x8b,
0x8c,0x24,0x30,0x09,0x00,0x00,0x48,0x8b,0x94,0x24,0x28,0x09,0x00,0x00,0x4c,0x8b,
0x84,0x24,0xf8,0x08,0x00,0x00,0x4c,0x8b,0x8c,0x24,0xa0,0x08,0x00,0x00,0xff,0x13,
0x48,0x8d,0x84,0x24,0x10,0x21,0x00,0x00,0x48,0x8b,0x0d,0x99,0x20,0x00,0x00,0x48,
0x89,0x84,0x24,0x98,0x08,0x00,0x00,0x48,0x89,0x8c,0x24,0x90,0x08,0x00,0x00,0x48,
0x8b,0x84,0x24,0x90,0x08,0x00,0x00,0x48,0x8b,0x8c,0x24,0x98,0x08,0x00,0x00,0xff,
0x10,0x48,0x8d,0x84,0x24,0x00,0x21,0x00,0x00,0x48,0x8b,0x0d,0x78,0x1e,0x00,0x00,
0x48,0x89,0x84,0x24,0x88,0x08,0x00,0x00,0x48,0x89,0x8c,0x24,0x80,0x08,0x00,0x00,
0x48,0x8b,0x84,0x24,0x80,0x08,0x00,0x00,0x48,0x8b,0x8c,0x24,0x88,0x08,0x00,0x00,
0xff,0x10,0x48,0x8d,0x84,0x24,0xe8,0x20,0x00,0x00,0x48,0x8b,0x0d,0x47,0x1e,0x00,
0x00,0x48,0x89,0x84,0x24,0x70,0x08,0x00,0x00,0x48,0x89,0x8c,0x24,0x40,0x08,0x00,
0x00,0x48,0x8b,0x84,0x24,0x40,0x08,0x00,0x00,0x48,0x8b,0x8c,0x24,0x70,0x08,0x00,
0x00,0xff,0x10,0x48,0x8d,0x84,0x24,0xd8,0x20,0x00,0x00,0x48,0x8b,0x0d,0x16,0x1e,
0x00,0x00,0x48,0x89,0x84,0x24,0x68,0x08,0x00,0x00,0x48,0x89,0x8c,0x24,0x60,0x08,
0x00,0x00,0x48,0x8b,0x84,0x24,0x60,0x08,0x00,0x00,0x48,0x8b,0x8c,0x24,0x68,0x08,
0x00,0x00,0xff,0x10,0x8a,0x84,0x24,0xd0,0x20,0x00,0x00,0x3c,0x00,0x0f,0x84,0x28,
0x0e,0x00,0x00,0x48,0x8b,0x84,0x24,0xe0,0x14,0x00,0x00,0x48,0x83,0x38,0x00,0x0f,
0x94,0xc0,0x3c,0x00,0x0f,0x84,0x8d,0x01,0x00,0x00,0x48,0x83,0xbc,0x24,0xc0,0x20,
0x00,0x00,0x00,0x0f,0x95,0xc0,0x3c,0x00,0x0f,0x84,0x74,0x01,0x00,0x00,0x48,0x8d,
0x84,0x24,0xd8,0x20,0x00,0x00,0x48,0x89,0x84,0x24,0x98,0x0c,0x00,0x00,0x48,0x8b,
0x84,0x24,0x08,0x15,0x00,0x00,0x48,0x8d,0x10,0x48,0x8b,0x05,0x18,0x1d,0x00,0x00,
0x48,0x8b,0x8c,0x24,0x98,0x0c,0x00,0x00,0xff,0x10,0x48,0x8b,0x94,0x24,0xd8,0x20,
0x00,0x00,0x48,0x8d,0x02,0x48,0x8b,0x0d,0x04,0x1d,0x00,0x00,0x48,0x89,0x84,0x24,
0xc8,0x0c,0x00,0x00,0x48,0x89,0x8c,0x24,0xc0,0x0c,0x00,0x00,0x48,0x8b,0x84,0x24,
0xc0,0x0c,0x00,0x00,0x48,0x8b,0x8c,0x24,0xc8,0x0c,0x00,0x00,0x48,0x89,0x94,0x24,
0xb8,0x0c,0x00,0x00,0xff,0x10,0x48,0x8b,0x94,0x24,0xb8,0x0c,0x00,0x00,0x48,0x8d,
0x02,0x48,0x8d,0x15,0x64,0x1a,0x00,0x00,0x48,0x8d,0x0d,0xd9,0x18,0x00,0x00,0x48,
0x8b,0x1d,0xc2,0x1c,0x00,0x00,0x48,0x89,0x8c,0x24,0xb0,0x0c,0x00,0x00,0x48,0x89,
0xc1,0x4c,0x8b,0x84,0x24,0xb0,0x0c,0x00,0x00,0xff,0x13,0x48,0x8d,0x84,0x24,0xd8,
0x20,0x00,0x00,0x48,0x89,0x84,0x24,0xa8,0x0c,0x00,0x00,0x48,0x8b,0x84,0x24,0x08,
0x15,0x00,0x00,0x48,0x8d,0x10,0x48,0x8b,0x05,0x7b,0x1c,0x00,0x00,0x48,0x8b,0x8c,
0x24,0xa8,0x0c,0x00,0x00,0xff,0x10,0x48,0x8b,0x94,0x24,0xd8,0x20,0x00,0x00,0x48,
0x8b,0x84,0x24,0x88,0x00,0x00,0x00,0x80,0xb8,0xc8,0x00,0x00,0x00,0x00,0x0f,0x84,
0x12,0x00,0x00,0x00,0x8b,0x05,0xfa,0x19,0x00,0x00,0x89,0x84,0x24,0xe0,0x20,0x00,
0x00,0xe9,0x0d,0x00,0x00,0x00,0x8b,0x05,0xa0,0x18,0x00,0x00,0x89,0x84,0x24,0xe0,
0x20,0x00,0x00,0x48,0x8d,0x02,0x48,0x8b,0x0d,0x33,0x1c,0x00,0x00,0x48,0x89,0x84,
0x24,0x00,0x0e,0x00,0x00,0x48,0x89,0x8c,0x24,0xd0,0x0d,0x00,0x00,0x48,0x8b,0x84,
0x24,0xd0,0x0d,0x00,0x00,0x48,0x8b,0x8c,0x24,0x00,0x0e,0x00,0x00,0x48,0x89,0x94,
0x24,0x08,0x0e,0x00,0x00,0xff,0x10,0x48,0x8b,0x94,0x24,0x08,0x0e,0x00,0x00,0x48,
0x8d,0x02,0x48,0x8d,0x15,0x97,0x19,0x00,0x00,0x48,0x8d,0x8c,0x24,0xe0,0x20,0x00,
0x00,0x48,0x8b,0x1d,0xf0,0x1b,0x00,0x00,0x48,0x89,0x8c,0x24,0x18,0x0e,0x00,0x00,
0x48,0x89,0xc1,0x4c,0x8b,0x84,0x24,0x18,0x0e,0x00,0x00,0xff,0x13,0xe9,0x00,0x00,
0x00,0x00,0xe9,0xc9,0x02,0x00,0x00,0x48,0x83,0xbc,0x24,0xc0,0x20,0x00,0x00,0x00,
0x0f,0x95,0xc0,0x3c,0x00,0x0f,0x84,0xcf,0x01,0x00,0x00,0x48,0x8b,0x84,0x24,0xc0,
0x20,0x00,0x00,0x48,0x8b,0x8c,0x24,0xe0,0x14,0x00,0x00,0x48,0x39,0x01,0x0f,0x94,
0xc0,0x3c,0x00,0x0f,0x84,0xc6,0x00,0x00,0x00,0x48,0x8b,0x84,0x24,0x88,0x00,0x00,
0x00,0x8a,0x88,0xc8,0x00,0x00,0x00,0x3a,0x0d,0x6b,0x17,0x00,0x00,0x0f,0x94,0xc0,
0x3c,0x00,0x0f,0x84,0xa2,0x00,0x00,0x00,0x48,0x8d,0x84,0x24,0xd8,0x20,0x00,0x00,
0x48,0x89,0x84,0x24,0x58,0x08,0x00,0x00,0x48,0x8b,0x84,0x24,0x08,0x15,0x00,0x00,
0x48,0x8d,0x10,0x48,0x8b,0x05,0x4e,0x1b,0x00,0x00,0x48,0x8b,0x8c,0x24,0x58,0x08,
0x00,0x00,0xff,0x10,0x48,0x8b,0x94,0x24,0xd8,0x20,0x00,0x00,0x48,0x8d,0x02,0x48,
0x8b,0x0d,0x3a,0x1b,0x00,0x00,0x48,0x89,0x84,0x24,0x50,0x08,0x00,0x00,0x48,0x89,
0x8c,0x24,0xa8,0x08,0x00,0x00,0x48,0x8b,0x84,0x24,0xa8,0x08,0x00,0x00,0x48,0x8b,
0x8c,0x24,0x50,0x08,0x00,0x00,0x48,0x89,0x94,0x24,0x78,0x08,0x00,0x00,0xff,0x10,
0x48,0x8b,0x94,0x24,0x78,0x08,0x00,0x00,0x48,0x8d,0x02,0x48,0x8d,0x15,0x5e,0x17,
0x00,0x00,0x48,0x8d,0x0d,0x53,0x17,0x00,0x00,0x48,0x8b,0x1d,0xf8,0x1a,0x00,0x00,
0x48,0x89,0x8c,0x24,0xb0,0x08,0x00,0x00,0x48,0x89,0xc1,0x4c,0x8b,0x84,0x24,0xb0,
0x08,0x00,0x00,0xff,0x13,0xe9,0x00,0x00,0x00,0x00,0xe9,0xe6,0x00,0x00,0x00,0x8a,
0x84,0x24,0xcf,0x20,0x00,0x00,0x3c,0x00,0x0f,0x84,0xd7,0x00,0x00,0x00,0x48,0x8d,
0x84,0x24,0xd8,0x20,0x00,0x00,0x48,0x89,0x84,0x24,0xc0,0x08,0x00,0x00,0x48,0x8b,
0x84,0x24,0x08,0x15,0x00,0x00,0x48,0x8d,0x10,0x48,0x8b,0x05,0x98,0x1a,0x00,0x00,
0x48,0x8b,0x8c,0x24,0xc0,0x08,0x00,0x00,0xff,0x10,0x48,0x8b,0x94,0x24,0xd8,0x20,
0x00,0x00,0x48,0x8b,0x84,0x24,0x88,0x00,0x00,0x00,0x80,0xb8,0xc8,0x00,0x00,0x00,
0x00,0x0f,0x84,0x12,0x00,0x00,0x00,0x8b,0x05,0x17,0x18,0x00,0x00,0x89,0x84,0x24,
0xe0,0x20,0x00,0x00,0xe9,0x0d,0x00,0x00,0x00,0x8b,0x05,0xbd,0x16,0x00,0x00,0x89,
0x84,0x24,0xe0,0x20,0x00,0x00,0x48,0x8d,0x02,0x48,0x8b,0x0d,0x50,0x1a,0x00,0x00,
0x48,0x89,0x84,0x24,0x20,0x09,0x00,0x00,0x48,0x89,0x8c,0x24,0x18,0x09,0x00,0x00,
0x48,0x8b,0x84,0x24,0x18,0x09,0x00,0x00,0x48,0x8b,0x8c,0x24,0x20,0x09,0x00,0x00,
0x48,0x89,0x94,0x24,0x10,0x09,0x00,0x00,0xff,0x10,0x48,0x8b,0x94,0x24,0x10,0x09,
0x00,0x00,0x48,0x8d,0x02,0x48,0x8d,0x15,0xbc,0x17,0x00,0x00,0x48,0x8d,0x8c,0x24,
0xe0,0x20,0x00,0x00,0x48,0x8b,0x1d,0x0d,0x1a,0x00,0x00,0x48,0x89,0x8c,0x24,0x08,
0x09,0x00,0x00,0x48,0x89,0xc1,0x4c,0x8b,0x84,0x24,0x08,0x09,0x00,0x00,0xff,0x13,
0xe9,0x00,0x00,0x00,0x00,0xe9,0xe6,0x00,0x00,0x00,0x8a,0x84,0x24,0xcf,0x20,0x00,
0x00,0x3c,0x00,0x0f,0x84,0xd7,0x00,0x00,0x00,0x48,0x8d,0x84,0x24,0xd8,0x20,0x00,
0x00,0x48,0x89,0x84,0x24,0x00,0x09,0x00,0x00,0x48,0x8b,0x84,0x24,0x08,0x15,0x00,
0x00,0x48,0x8d,0x10,0x48,0x8b,0x05,0xad,0x19,0x00,0x00,0x48,0x8b,0x8c,0x24,0x00,
0x09,0x00,0x00,0xff,0x10,0x48,0x8b,0x94,0x24,0xd8,0x20,0x00,0x00,0x48,0x8b,0x84,
0x24,0x88,0x00,0x00,0x00,0x80,0xb8,0xc8,0x00,0x00,0x00,0x00,0x0f,0x84,0x12,0x00,
0x00,0x00,0x8b,0x05,0x2c,0x17,0x00,0x00,0x89,0x84,0x24,0xe0,0x20,0x00,0x00,0xe9,
0x0d,0x00,0x00,0x00,0x8b,0x05,0xd2,0x15,0x00,0x00,0x89,0x84,0x24,0xe0,0x20,0x00,
0x00,0x48,0x8d,0x02,0x48,0x8b,0x0d,0x65,0x19,0x00,0x00,0x48,0x89,0x84,0x24,0xf0,
0x08,0x00,0x00,0x48,0x89,0x8c,0x24,0xb8,0x08,0x00,0x00,0x48,0x8b,0x84,0x24,0xb8,
0x08,0x00,0x00,0x48,0x8b,0x8c,0x24,0xf0,0x08,0x00,0x00,0x48,0x89,0x94,0x24,0xe8,
0x08,0x00,0x00,0xff,0x10,0x48,0x8b,0x94,0x24,0xe8,0x08,0x00,0x00,0x48,0x8d,0x02,
0x48,0x8d,0x15,0xd5,0x16,0x00,0x00,0x48,0x8d,0x8c,0x24,0xe0,0x20,0x00,0x00,0x48,
0x8b,0x1d,0x22,0x19,0x00,0x00,0x48,0x89,0x8c,0x24,0xe0,0x08,0x00,0x00,0x48,0x89,
0xc1,0x4c,0x8b,0x84,0x24,0xe0,0x08,0x00,0x00,0xff,0x13,0xe9,0x00,0x00,0x00,0x00,
0x48,0x8b,0x84,0x24,0x88,0x00,0x00,0x00,0x8a,0x88,0xc8,0x00,0x00,0x00,0x3a,0x0d,
0xd4,0x14,0x00,0x00,0x0f,0x94,0xc0,0x3c,0x00,0x0f,0x84,0xcc,0x00,0x00,0x00,0x4c,
0x8b,0x8c,0x24,0x48,0x15,0x00,0x00,0x41,0x8a,0x41,0x44,0x3a,0x05,0xc3,0x14,0x00,
0x00,0x0f,0x94,0xc0,0x3c,0x00,0x0f,0x84,0xaa,0x00,0x00,0x00,0x48,0x8d,0x84,0x24,
0xd8,0x20,0x00,0x00,0x48,0x89,0x84,0x24,0x70,0x0f,0x00,0x00,0x48,0x8b,0x84,0x24,
0x08,0x15,0x00,0x00,0x48,0x8d,0x10,0x48,0x8b,0x05,0x9a,0x18,0x00,0x00,0x48,0x8b,
0x8c,0x24,0x70,0x0f,0x00,0x00,0xff,0x10,0x48,0x8b,0x94,0x24,0xd8,0x20,0x00,0x00,
0x48,0x8d,0x02,0x48,0x8b,0x0d,0x86,0x18,0x00,0x00,0x48,0x89,0x84,0x24,0x68,0x0f,
0x00,0x00,0x48,0x89,0x8c,0x24,0x60,0x0f,0x00,0x00,0x48,0x8b,0x84,0x24,0x60,0x0f,
0x00,0x00,0x48,0x8b,0x8c,0x24,0x68,0x0f,0x00,0x00,0x48,0x89,0x94,0x24,0x58,0x0f,
0x00,0x00,0xff,0x10,0x48,0x8b,0x94,0x24,0x58,0x0f,0x00,0x00,0x48,0x8d,0x02,0x48,
0x8d,0x15,0xfa,0x15,0x00,0x00,0x48,0x8d,0x0d,0xa7,0x14,0x00,0x00,0x48,0x8b,0x1d,
0x44,0x18,0x00,0x00,0x48,0x89,0x8c,0x24,0x50,0x0f,0x00,0x00,0x48,0x89,0xc1,0x4c,
0x8b,0x84,0x24,0x50,0x0f,0x00,0x00,0xff,0x13,0x4c,0x8b,0x8c,0x24,0x48,0x15,0x00,
0x00,0xe9,0x00,0x00,0x00,0x00,0xe9,0x00,0x00,0x00,0x00,0x48,0x8b,0x84,0x24,0x88,
0x00,0x00,0x00,0x80,0xb8,0xc8,0x00,0x00,0x00,0x00,0x0f,0x84,0x25,0x00,0x00,0x00,
0x48,0x8b,0x84,0x24,0xe0,0x14,0x00,0x00,0x48,0x83,0x38,0x00,0x0f,0x95,0xc0,0x3c,
0x00,0x0f,0x84,0x07,0x00,0x00,0x00,0xb0,0x01,0xe9,0x0e,0x00,0x00,0x00,0xb0,0x00,
0xe9,0x07,0x00,0x00,0x00,0xb0,0x00,0xe9,0x00,0x00,0x00,0x00,0x3c,0x00,0x0f,0x84,
0x1c,0x00,0x00,0x00,0x80,0xbc,0x24,0xcf,0x20,0x00,0x00,0x00,0x0f,0x84,0x07,0x00,
0x00,0x00,0xb0,0x01,0xe9,0x0e,0x00,0x00,0x00,0xb0,0x00,0xe9,0x07,0x00,0x00,0x00,
0xb0,0x00,0xe9,0x00,0x00,0x00,0x00,0x3c,0x00,0x0f,0x84,0x33,0x00,0x00,0x00,0x48,
0x8b,0x05,0x72,0x19,0x00,0x00,0x48,0x89,0x84,0x24,0x40,0x0f,0x00,0x00,0x48,0x8b,
0x84,0x24,0x10,0x15,0x00,0x00,0x48,0x8d,0x08,0x48,0x8b,0x84,0x24,0x40,0x0f,0x00,
0x00,0x48,0x8d,0x10,0x48,0x8b,0x05,0x55,0x19,0x00,0x00,0xff,0x10,0xe9,0x00,0x00,
0x00,0x00,0x48,0x83,0xbc,0x24,0xc0,0x20,0x00,0x00,0x00,0x0f,0x95,0xc0,0x3c,0x00,
0x0f,0x84,0x16,0x01,0x00,0x00,0x48,0x8b,0x84,0x24,0xc0,0x20,0x00,0x00,0x48,0x8d,
0x8c,0x24,0xd8,0x20,0x00,0x00,0x48,0x8d,0x50,0x08,0x48,0x8b,0x40,0x08,0x48,0x8b,
0x80,0x80,0x00,0x00,0x00,0x48,0x8b,0x1d,0x64,0x15,0x00,0x00,0x48,0x01,0xd8,0x48,
0x8b,0x00,0x48,0x8b,0x00,0xff,0xd0,0x48,0x8b,0x84,0x24,0xd8,0x20,0x00,0x00,0x8b,
0x00,0x89,0x84,0x24,0x94,0x20,0x00,0x00,0x48,0x8d,0x84,0x24,0xd8,0x20,0x00,0x00,
0x48,0x89,0x84,0x24,0x08,0x0f,0x00,0x00,0x48,0x8b,0x84,0x24,0x38,0x15,0x00,0x00,
0x48,0x8d,0x08,0x48,0x8b,0x10,0x48,0x8b,0x92,0x80,0x00,0x00,0x00,0x48,0x8b,0x05,
0x64,0x19,0x00,0x00,0x48,0x01,0xc2,0x48,0x8b,0x02,0x48,0x8b,0x00,0x48,0x89,0x8c,
0x24,0x38,0x0f,0x00,0x00,0x48,0x8b,0x8c,0x24,0x08,0x0f,0x00,0x00,0x48,0x8b,0x94,
0x24,0x38,0x0f,0x00,0x00,0xff,0xd0,0x48,0x8b,0x9c,0x24,0xd8,0x20,0x00,0x00,0x48,
0x8b,0x84,0x24,0xc0,0x20,0x00,0x00,0x48,0x8d,0x8c,0x24,0xe0,0x20,0x00,0x00,0x48,
0x8d,0x50,0x08,0x48,0x8b,0x40,0x08,0x48,0x8b,0x80,0x80,0x00,0x00,0x00,0x48,0x8b,
0x2d,0xcb,0x14,0x00,0x00,0x48,0x01,0xe8,0x48,0x8b,0x00,0x48,0x8b,0x00,0xff,0xd0,
0x48,0x8b,0x84,0x24,0xe0,0x20,0x00,0x00,0x48,0x8d,0x8c,0x24,0x80,0x20,0x00,0x00,
0x48,0x8d,0x13,0x48,0x8d,0x00,0x48,0x8b,0x1b,0x48,0x8b,0x9b,0x80,0x00,0x00,0x00,
0x48,0x8b,0x2d,0xe9,0x18,0x00,0x00,0x48,0x01,0xeb,0x48,0x8b,0x1b,0x48,0x8b,0x1b,
0x49,0x89,0xc0,0xff,0xd3,0x48,0x8b,0x84,0x24,0x38,0x15,0x00,0x00,0x8b,0x48,0x08,
0x89,0x8c,0x24,0x8c,0x20,0x00,0x00,0xe9,0x00,0x00,0x00,0x00,0x48,0x8d,0x84,0x24,
0xd1,0x20,0x00,0x00,0x48,0x89,0x84,0x24,0x30,0x0f,0x00,0x00,0x48,0x8b,0x84,0x24,
0x88,0x00,0x00,0x00,0x48,0x8d,0x10,0x48,0x8b,0x05,0xf2,0x16,0x00,0x00,0x48,0x8b,
0x8c,0x24,0x30,0x0f,0x00,0x00,0xff,0x10,0x8a,0x84,0x24,0xd1,0x20,0x00,0x00,0x3c,
0x00,0x0f,0x84,0x2d,0x03,0x00,0x00,0x48,0x8b,0x84,0x24,0xe0,0x14,0x00,0x00,0x48,
0x83,0x38,0x00,0x0f,0x94,0xc0,0x3c,0x00,0x0f,0x84,0x88,0x02,0x00,0x00,0x48,0x83,
0xbc,0x24,0xc0,0x20,0x00,0x00,0x00,0x0f,0x95,0xc0,0x3c,0x00,0x0f,0x84,0x6f,0x02,
0x00,0x00,0x48,0x8b,0x84,0x24,0xc0,0x20,0x00,0x00,0x48,0x8d,0x8c,0x24,0xd8,0x20,
0x00,0x00,0x48,0x8d,0x50,0x08,0x48,0x8b,0x40,0x08,0x48,0x8b,0x80,0x80,0x00,0x00,
0x00,0x48,0x8b,0x1d,0xe8,0x13,0x00,0x00,0x48,0x01,0xd8,0x48,0x8b,0x00,0x48,0x8b,
0x00,0xff,0xd0,0x48,0x8b,0x84,0x24,0xd8,0x20,0x00,0x00,0x8b,0x00,0x4c,0x8b,0x8c,
0x24,0x48,0x15,0x00,0x00,0x41,0x89,0x81,0x98,0x00,0x00,0x00,0x48,0x8d,0x84,0x24,
0xd8,0x20,0x00,0x00,0x48,0x89,0x84,0x24,0x28,0x0f,0x00,0x00,0x48,0x8b,0x84,0x24,
0x38,0x15,0x00,0x00,0x48,0x8d,0x08,0x48,0x8b,0x10,0x48,0x8b,0x92,0x80,0x00,0x00,
0x00,0x48,0x8b,0x05,0xe0,0x17,0x00,0x00,0x48,0x01,0xc2,0x48,0x8b,0x02,0x48,0x8b,
0x00,0x48,0x89,0x8c,0x24,0x20,0x0f,0x00,0x00,0x48,0x8b,0x8c,0x24,0x28,0x0f,0x00,
0x00,0x48,0x8b,0x94,0x24,0x20,0x0f,0x00,0x00,0xff,0xd0,0x48,0x8b,0x9c,0x24,0xd8,
0x20,0x00,0x00,0x48,0x8b,0x84,0x24,0xc0,0x20,0x00,0x00,0x48,0x8d,0x8c,0x24,0xe0,
0x20,0x00,0x00,0x48,0x8d,0x50,0x08,0x48,0x8b,0x40,0x08,0x48,0x8b,0x80,0x80,0x00,
0x00,0x00,0x48,0x8b,0x2d,0x47,0x13,0x00,0x00,0x48,0x01,0xe8,0x48,0x8b,0x00,0x48,
0x8b,0x00,0xff,0xd0,0x48,0x8b,0x84,0x24,0xe0,0x20,0x00,0x00,0x4c,0x8b,0x8c,0x24,
0x48,0x15,0x00,0x00,0x49,0x8d,0x89,0x84,0x00,0x00,0x00,0x48,0x8d,0x13,0x48,0x8d,
0x00,0x48,0x8b,0x1b,0x48,0x8b,0x9b,0x80,0x00,0x00,0x00,0x48,0x8b,0x2d,0x5e,0x17,
0x00,0x00,0x48,0x01,0xeb,0x48,0x8b,0x1b,0x48,0x8b,0x1b,0x49,0x89,0xc0,0xff,0xd3,
0x48,0x8b,0x84,0x24,0x38,0x15,0x00,0x00,0x8b,0x48,0x08,0x4c,0x8b,0x8c,0x24,0x48,
0x15,0x00,0x00,0x41,0x89,0x89,0x90,0x00,0x00,0x00,0x48,0x8d,0x84,0x24,0xd4,0x20,
0x00,0x00,0x48,0x89,0x84,0x24,0x18,0x0f,0x00,0x00,0x48,0x8b,0x84,0x24,0x28,0x15,
0x00,0x00,0x48,0x8d,0x08,0x48,0x8b,0x10,0x48,0x8b,0x92,0x80,0x00,0x00,0x00,0x48,
0x8b,0x05,0x8a,0x16,0x00,0x00,0x48,0x01,0xc2,0x48,0x8b,0x02,0x48,0x8b,0x00,0x48,
0x89,0x8c,0x24,0x78,0x0f,0x00,0x00,0x48,0x8b,0x8c,0x24,0x18,0x0f,0x00,0x00,0x48,
0x8b,0x94,0x24,0x78,0x0f,0x00,0x00,0xff,0xd0,0x8b,0x84,0x24,0xd4,0x20,0x00,0x00,
0x03,0x84,0x24,0xb4,0x20,0x00,0x00,0x4c,0x8b,0x8c,0x24,0x48,0x15,0x00,0x00,0x41,
0x89,0x81,0x9c,0x00,0x00,0x00,0x48,0x8b,0x84,0x24,0xc0,0x20,0x00,0x00,0x48,0x8b,
0x40,0x28,0x8b,0x80,0x74,0x01,0x00,0x00,0xf7,0xd8,0x89,0xc3,0x03,0x1d,0x22,0x10,
0x00,0x00,0x49,0x8d,0x81,0xa0,0x00,0x00,0x00,0x48,0x8b,0x0d,0x58,0x12,0x00,0x00,
0x48,0x89,0x84,0x24,0x48,0x0f,0x00,0x00,0x48,0x89,0x8c,0x24,0x80,0x0f,0x00,0x00,
0x48,0x8b,0x84,0x24,0x80,0x0f,0x00,0x00,0x48,0x8b,0x8c,0x24,0x48,0x0f,0x00,0x00,
0xff,0x10,0x4c,0x8b,0x8c,0x24,0x48,0x15,0x00,0x00,0x49,0x8d,0x81,0xa0,0x00,0x00,
0x00,0x48,0x8d,0x15,0xd0,0x0f,0x00,0x00,0x89,0x9c,0x24,0xd4,0x20,0x00,0x00,0x48,
0x8d,0x8c,0x24,0xd4,0x20,0x00,0x00,0x48,0x8b,0x1d,0xf2,0x13,0x00,0x00,0x48,0x89,
0x8c,0x24,0x90,0x0f,0x00,0x00,0x48,0x89,0xc1,0x4c,0x8b,0x84,0x24,0x90,0x0f,0x00,
0x00,0xff,0x13,0x8b,0x05,0x9f,0x0f,0x00,0x00,0x4c,0x8b,0x8c,0x24,0x48,0x15,0x00,
0x00,0x41,0x89,0x81,0xa8,0x00,0x00,0x00,0x48,0x8b,0x05,0x29,0x16,0x00,0x00,0x48,
0x8d,0x00,0x48,0x8d,0x15,0x4b,0x11,0x00,0x00,0x48,0x8d,0x0d,0x78,0x0f,0x00,0x00,
0x48,0x8b,0x1d,0x19,0x16,0x00,0x00,0x48,0x89,0x8c,0x24,0xf0,0x0f,0x00,0x00,0x48,
0x89,0xc1,0x4c,0x8b,0x84,0x24,0xf0,0x0f,0x00,0x00,0xff,0x13,0xe9,0x00,0x00,0x00,
0x00,0xe9,0x00,0x00,0x00,0x00,0x48,0x8b,0x84,0x24,0x88,0x00,0x00,0x00,0x8a,0x88,
0xc8,0x00,0x00,0x00,0x3a,0x0d,0x3e,0x0f,0x00,0x00,0x0f,0x94,0xc0,0x3c,0x00,0x0f,
0x84,0x6a,0x00,0x00,0x00,0x48,0x8b,0x8c,0x24,0xf8,0x14,0x00,0x00,0x48,0x8d,0x01,
0x4c,0x8b,0x84,0x24,0xf0,0x14,0x00,0x00,0x49,0x8d,0x10,0x4c,0x8b,0x8c,0x24,0x48,
0x15,0x00,0x00,0x49,0x8d,0x19,0x48,0x89,0x84,0x24,0xe8,0x0f,0x00,0x00,0x48,0x8b,
0x84,0x24,0xe0,0x14,0x00,0x00,0x48,0x8d,0x28,0x48,0x8d,0x84,0x24,0xcf,0x20,0x00,
0x00,0x48,0x8d,0xb4,0x24,0xb4,0x20,0x00,0x00,0x48,0x8b,0x3d,0xe8,0x15,0x00,0x00,
0x48,0x89,0x44,0x24,0x20,0x48,0x89,0x74,0x24,0x28,0x48,0x8b,0x8c,0x24,0xe8,0x0f,
0x00,0x00,0x49,0x89,0xd8,0x49,0x89,0xe9,0xff,0x17,0xe9,0x00,0x00,0x00,0x00,0xe9,
0x00,0x00,0x00,0x00,0x48,0x8d,0x84,0x24,0xd8,0x20,0x00,0x00,0x48,0x89,0x84,0x24,
0xe0,0x0f,0x00,0x00,0x48,0x8b,0x84,0x24,0x88,0x00,0x00,0x00,0x48,0x8d,0x10,0x48,
0x8b,0x05,0x5a,0x15,0x00,0x00,0x48,0x8b,0x8c,0x24,0xe0,0x0f,0x00,0x00,0xff,0x10,
0x8a,0x84,0x24,0xd8,0x20,0x00,0x00,0x3c,0x00,0x0f,0x84,0x86,0x00,0x00,0x00,0x48,
0x8b,0x84,0x24,0x88,0x00,0x00,0x00,0x8a,0x88,0xc8,0x00,0x00,0x00,0x80,0xf9,0x00,
0x0f,0x84,0x6a,0x00,0x00,0x00,0x48,0x8b,0x8c,0x24,0xf8,0x14,0x00,0x00,0x48,0x8d,
0x01,0x4c,0x8b,0x84,0x24,0xf0,0x14,0x00,0x00,0x49,0x8d,0x10,0x4c,0x8b,0x8c,0x24,
0x48,0x15,0x00,0x00,0x49,0x8d,0x19,0x48,0x89,0x84,0x24,0xd8,0x0f,0x00,0x00,0x48,
0x8b,0x84,0x24,0xe0,0x14,0x00,0x00,0x48,0x8d,0x28,0x48,0x8d,0x84,0x24,0xcf,0x20,
0x00,0x00,0x48,0x8d,0xb4,0x24,0xb4,0x20,0x00,0x00,0x48,0x8b,0x3d,0x27,0x15,0x00,
0x00,0x48,0x89,0x44,0x24,0x20,0x48,0x89,0x74,0x24,0x28,0x48,0x8b,0x8c,0x24,0xd8,
0x0f,0x00,0x00,0x49,0x89,0xd8,0x49,0x89,0xe9,0xff,0x17,0xe9,0x00,0x00,0x00,0x00,
0xe9,0x00,0x00,0x00,0x00,0x48,0x8d,0x84,0x24,0xd8,0x20,0x00,0x00,0x48,0x89,0x84,
0x24,0xd0,0x0f,0x00,0x00,0x48,0x8b,0x84,0x24,0x88,0x00,0x00,0x00,0x48,0x8d,0x10,
0x48,0x8b,0x05,0xa1,0x14,0x00,0x00,0x48,0x8b,0x8c,0x24,0xd0,0x0f,0x00,0x00,0xff,
0x10,0x8a,0x84,0x24,0xd8,0x20,0x00,0x00,0x3c,0x00,0x0f,0x84,0x35,0x00,0x00,0x00,
0x4c,0x8b,0x8c,0x24,0x48,0x15,0x00,0x00,0x41,0x8b,0x41,0x48,0x3b,0x05,0xb6,0x0d,
0x00,0x00,0x0f,0x9f,0xc0,0x3c,0x00,0x0f,0x84,0x13,0x00,0x00,0x00,0x41,0x8b,0x41,
0x48,0x2b,0x05,0xad,0x0d,0x00,0x00,0x41,0x89,0x41,0x48,0xe9,0x00,0x00,0x00,0x00,
0xe9,0x00,0x00,0x00,0x00,0x48,0x8d,0x84,0x24,0xd8,0x20,0x00,0x00,0x48,0x89,0x84,
0x24,0xc0,0x0f,0x00,0x00,0x48,0x8b,0x84,0x24,0x88,0x00,0x00,0x00,0x48,0x8d,0x10,
0x48,0x8b,0x05,0x39,0x14,0x00,0x00,0x48,0x8b,0x8c,0x24,0xc0,0x0f,0x00,0x00,0xff,
0x10,0x8a,0x84,0x24,0xd8,0x20,0x00,0x00,0x3c,0x00,0x0f,0x84,0xe3,0x00,0x00,0x00,
0x48,0x8d,0x84,0x24,0xd8,0x20,0x00,0x00,0x48,0x89,0x84,0x24,0x88,0x0f,0x00,0x00,
0x48,0x8b,0x84,0x24,0x28,0x15,0x00,0x00,0x48,0x8d,0x08,0x48,0x8b,0x10,0x48,0x8b,
0x92,0x80,0x00,0x00,0x00,0x48,0x8b,0x05,0x44,0x13,0x00,0x00,0x48,0x01,0xc2,0x48,
0x8b,0x02,0x48,0x8b,0x00,0x48,0x89,0x8c,0x24,0xb8,0x0f,0x00,0x00,0x48,0x8b,0x8c,
0x24,0x88,0x0f,0x00,0x00,0x48,0x8b,0x94,0x24,0xb8,0x0f,0x00,0x00,0xff,0xd0,0x48,
0x8d,0x84,0x24,0xdc,0x20,0x00,0x00,0x48,0x89,0x84,0x24,0xb0,0x0f,0x00,0x00,0x48,
0x8b,0x84,0x24,0x28,0x15,0x00,0x00,0x48,0x8d,0x08,0x48,0x8b,0x10,0x48,0x8b,0x92,
0x80,0x00,0x00,0x00,0x48,0x8b,0x05,0xfd,0x12,0x00,0x00,0x48,0x01,0xc2,0x48,0x8b,
0x02,0x48,0x8b,0x00,0x48,0x89,0x8c,0x24,0xa8,0x0f,0x00,0x00,0x48,0x8b,0x8c,0x24,
0xb0,0x0f,0x00,0x00,0x48,0x8b,0x94,0x24,0xa8,0x0f,0x00,0x00,0xff,0xd0,0x8b,0x94,
0x24,0xd8,0x20,0x00,0x00,0x03,0x94,0x24,0xdc,0x20,0x00,0x00,0x4c,0x8b,0x8c,0x24,
0x48,0x15,0x00,0x00,0x41,0x8b,0x41,0x48,0x03,0x05,0xa6,0x0c,0x00,0x00,0x39,0xc2,
0x0f,0x9f,0xc0,0x3c,0x00,0x0f,0x84,0x13,0x00,0x00,0x00,0x41,0x8b,0x41,0x48,0x03,
0x05,0x8f,0x0c,0x00,0x00,0x41,0x89,0x41,0x48,0xe9,0x00,0x00,0x00,0x00,0xe9,0x00,
0x00,0x00,0x00,0x48,0x8d,0x84,0x24,0xd8,0x20,0x00,0x00,0x48,0x89,0x84,0x24,0xa0,
0x0f,0x00,0x00,0x48,0x8b,0x84,0x24,0x88,0x00,0x00,0x00,0x48,0x8d,0x10,0x48,0x8b,
0x05,0x43,0x11,0x00,0x00,0x48,0x8b,0x8c,0x24,0xa0,0x0f,0x00,0x00,0xff,0x10,0x8a,
0x84,0x24,0xd8,0x20,0x00,0x00,0x3c,0x00,0x0f,0x84,0x3b,0x00,0x00,0x00,0x48,0x8b,
0x84,0x24,0x88,0x00,0x00,0x00,0x8a,0x88,0xc8,0x00,0x00,0x00,0x3a,0x0d,0x26,0x0c,
0x00,0x00,0x0f,0x94,0xc0,0x3c,0x00,0x0f,0x84,0x17,0x00,0x00,0x00,0x8a,0x05,0x15,
0x0c,0x00,0x00,0x4c,0x8b,0x8c,0x24,0x48,0x15,0x00,0x00,0x41,0x88,0x41,0x44,0xe9,
0x00,0x00,0x00,0x00,0xe9,0x00,0x00,0x00,0x00,0x48,0x8d,0x84,0x24,0xd8,0x20,0x00,
0x00,0x48,0x89,0x84,0x24,0x98,0x0f,0x00,0x00,0x48,0x8b,0x84,0x24,0x88,0x00,0x00,
0x00,0x48,0x8d,0x10,0x48,0x8b,0x05,0xad,0x12,0x00,0x00,0x48,0x8b,0x8c,0x24,0x98,
0x0f,0x00,0x00,0xff,0x10,0x8a,0x84,0x24,0xd8,0x20,0x00,0x00,0x3c,0x00,0x0f,0x84,
0x92,0x00,0x00,0x00,0x48,0x8b,0x84,0x24,0xe0,0x14,0x00,0x00,0x48,0x83,0x38,0x00,
0x0f,0x94,0xc0,0x3c,0x00,0x0f,0x84,0x22,0x00,0x00,0x00,0x48,0x83,0xbc,0x24,0xc0,
0x20,0x00,0x00,0x00,0x0f,0x95,0xc0,0x3c,0x00,0x0f,0x84,0x07,0x00,0x00,0x00,0xb0,
0x01,0xe9,0x0e,0x00,0x00,0x00,0xb0,0x00,0xe9,0x07,0x00,0x00,0x00,0xb0,0x00,0xe9,
0x00,0x00,0x00,0x00,0x3c,0x00,0x0f,0x84,0x45,0x00,0x00,0x00,0x4c,0x8b,0x84,0x24,
0xf0,0x14,0x00,0x00,0x49,0x8d,0x80,0x90,0x00,0x00,0x00,0x48,0x8d,0x94,0x24,0xb4,
0x20,0x00,0x00,0x48,0x8b,0x0d,0x66,0x12,0x00,0x00,0x48,0x89,0x84,0x24,0x10,0x0f,
0x00,0x00,0x48,0x89,0x8c,0x24,0x00,0x0f,0x00,0x00,0x48,0x8b,0x84,0x24,0x00,0x0f,
0x00,0x00,0x48,0x8b,0x8c,0x24,0x10,0x0f,0x00,0x00,0xff,0x10,0xe9,0x00,0x00,0x00,
0x00,0xe9,0x00,0x00,0x00,0x00,0xe9,0x00,0x00,0x00,0x00,0x48,0x8d,0x84,0x24,0xca,
0x20,0x00,0x00,0x48,0x8b,0x0d,0x5e,0x10,0x00,0x00,0x48,0x89,0x84,0x24,0xc8,0x0e,
0x00,0x00,0x48,0x89,0x8c,0x24,0xf8,0x0e,0x00,0x00,0x48,0x8b,0x84,0x24,0xf8,0x0e,
0x00,0x00,0x48,0x8b,0x8c,0x24,0xc8,0x0e,0x00,0x00,0xff,0x10,0x83,0x84,0x24,0xb4,
0x20,0x00,0x00,0x01,0xe9,0x77,0xe2,0xff,0xff,0x48,0x8b,0x84,0x24,0x88,0x00,0x00,
0x00,0x48,0x8d,0x08,0x48,0x8b,0x05,0xe5,0x0f,0x00,0x00,0xff,0x10,0x48,0x8b,0x84,
0x24,0x88,0x00,0x00,0x00,0x48,0x8d,0x08,0x48,0x8b,0x05,0xd1,0x0f,0x00,0x00,0xff,
0x10,0x48,0x8d,0x84,0x24,0xb0,0x20,0x00,0x00,0x48,0x8d,0x15,0x90,0x0c,0x00,0x00,
0x48,0x8b,0x0d,0x29,0x0f,0x00,0x00,0x48,0x89,0x84,0x24,0xd8,0x08,0x00,0x00,0x48,
0x89,0x8c,0x24,0xd0,0x08,0x00,0x00,0x48,0x8b,0x84,0x24,0xd0,0x08,0x00,0x00,0x48,
0x8b,0x8c,0x24,0xd8,0x08,0x00,0x00,0xff,0x10,0x48,0x8b,0x05,0x08,0x0f,0x00,0x00,
0x48,0x8b,0x1d,0x01,0x0f,0x00,0x00,0x48,0x8d,0x8c,0x24,0xc0,0x20,0x00,0x00,0x48,
0x8d,0x10,0x48,0x8d,0x03,0x48,0x8b,0x1d,0xa4,0x0e,0x00,0x00,0x49,0x89,0xc0,0xff,
0x13,0x48,0x8b,0x84,0x24,0x88,0x00,0x00,0x00,0x48,0x8d,0x08,0x48,0x8d,0x94,0x24,
0xb0,0x20,0x00,0x00,0x48,0x8d,0x84,0x24,0xc0,0x20,0x00,0x00,0x48,0x8b,0x1d,0x75,
0x0f,0x00,0x00,0x49,0x89,0xc0,0xff,0x13,0x48,0x8d,0x84,0x24,0xc0,0x20,0x00,0x00,
0x48,0x8b,0x0d,0x81,0x0c,0x00,0x00,0x48,0x89,0x84,0x24,0xc8,0x08,0x00,0x00,0x48,
0x89,0x8c,0x24,0x20,0x0a,0x00,0x00,0x48,0x8b,0x84,0x24,0x20,0x0a,0x00,0x00,0x48,
0x8b,0x8c,0x24,0xc8,0x08,0x00,0x00,0xff,0x10,0x48,0x8d,0x84,0x24,0xb0,0x20,0x00,
0x00,0x48,0x8b,0x0d,0x90,0x0e,0x00,0x00,0x48,0x89,0x84,0x24,0xf0,0x09,0x00,0x00,
0x48,0x89,0x8c,0x24,0x28,0x0a,0x00,0x00,0x48,0x8b,0x84,0x24,0x28,0x0a,0x00,0x00,
0x48,0x8b,0x8c,0x24,0xf0,0x09,0x00,0x00,0xff,0x10,0x48,0x8d,0x84,0x24,0xaa,0x20,
0x00,0x00,0x48,0x8b,0x0d,0x0f,0x0f,0x00,0x00,0x48,0x89,0x84,0x24,0x38,0x0a,0x00,
0x00,0x48,0x89,0x8c,0x24,0x88,0x0b,0x00,0x00,0x48,0x8b,0x84,0x24,0x88,0x0b,0x00,
0x00,0x48,0x8b,0x8c,0x24,0x38,0x0a,0x00,0x00,0xff,0x10,0x48,0x8d,0x84,0x24,0xa0,
0x20,0x00,0x00,0x48,0x8b,0x0d,0xee,0x0b,0x00,0x00,0x48,0x89,0x84,0x24,0x80,0x0b,
0x00,0x00,0x48,0x89,0x8c,0x24,0x78,0x0b,0x00,0x00,0x48,0x8b,0x84,0x24,0x78,0x0b,
0x00,0x00,0x48,0x8b,0x8c,0x24,0x80,0x0b,0x00,0x00,0xff,0x10,0x48,0x8b,0x84,0x24,
0x88,0x00,0x00,0x00,0x48,0x8d,0x08,0x48,0x8b,0x05,0x72,0x0e,0x00,0x00,0xff,0x10,
0x48,0x8b,0x84,0x24,0x88,0x00,0x00,0x00,0x48,0x8d,0x08,0x48,0x8b,0x05,0x5e,0x0e,
0x00,0x00,0xff,0x10,0x48,0x8b,0x84,0x24,0x88,0x00,0x00,0x00,0x48,0x8d,0x08,0x48,
0x8b,0x05,0x52,0x10,0x00,0x00,0xff,0x10,0x48,0x8d,0x84,0x24,0xa0,0x20,0x00,0x00,
0x48,0x8d,0x15,0x11,0x0b,0x00,0x00,0x48,0x8b,0x0d,0xa2,0x0d,0x00,0x00,0x48,0x89,
0x84,0x24,0x70,0x0b,0x00,0x00,0x48,0x89,0x8c,0x24,0x68,0x0b,0x00,0x00,0x48,0x8b,
0x84,0x24,0x68,0x0b,0x00,0x00,0x48,0x8b,0x8c,0x24,0x70,0x0b,0x00,0x00,0xff,0x10,
0x48,0x8b,0x15,0x81,0x0d,0x00,0x00,0x48,0x8b,0x05,0x7a,0x0d,0x00,0x00,0x48,0x8d,
0x8c,0x24,0xb0,0x20,0x00,0x00,0x48,0x8d,0x12,0x48,0x8d,0x00,0x48,0x8b,0x1d,0x1d,
0x0d,0x00,0x00,0x49,0x89,0xc0,0xff,0x13,0x48,0x8b,0x84,0x24,0x88,0x00,0x00,0x00,
0x48,0x8d,0x08,0x48,0x8d,0x84,0x24,0xa0,0x20,0x00,0x00,0x48,0x8d,0x94,0x24,0xb0,
0x20,0x00,0x00,0x48,0x8d,0x1d,0xca,0x08,0x00,0x00,0x48,0x8d,0x2d,0xc3,0x08,0x00,
0x00,0x48,0x8d,0x35,0xbc,0x08,0x00,0x00,0x48,0x8d,0x3d,0xa9,0x08,0x00,0x00,0x4c,
0x8d,0x05,0xae,0x08,0x00,0x00,0x4c,0x8d,0x0d,0x9b,0x08,0x00,0x00,0x4c,0x8b,0x15,
0x1c,0x0d,0x00,0x00,0x48,0x89,0x6c,0x24,0x20,0x48,0x89,0x74,0x24,0x28,0x48,0x89,
0x7c,0x24,0x30,0x4c,0x89,0x44,0x24,0x38,0x4c,0x89,0x4c,0x24,0x40,0x48,0x89,0x94,
0x24,0x58,0x0b,0x00,0x00,0x48,0x89,0xc2,0x4c,0x8b,0x84,0x24,0x58,0x0b,0x00,0x00,
0x49,0x89,0xd9,0x41,0xff,0x12,0x48,0x8d,0x84,0x24,0xb0,0x20,0x00,0x00,0x48,0x8b,
0x0d,0xa3,0x0a,0x00,0x00,0x48,0x89,0x84,0x24,0x28,0x0b,0x00,0x00,0x48,0x89,0x8c,
0x24,0x50,0x0b,0x00,0x00,0x48,0x8b,0x84,0x24,0x50,0x0b,0x00,0x00,0x48,0x8b,0x8c,
0x24,0x28,0x0b,0x00,0x00,0xff,0x10,0x48,0x8d,0x84,0x24,0xa0,0x20,0x00,0x00,0x48,
0x8b,0x0d,0xb2,0x0c,0x00,0x00,0x48,0x89,0x84,0x24,0x48,0x0b,0x00,0x00,0x48,0x89,
0x8c,0x24,0x40,0x0b,0x00,0x00,0x48,0x8b,0x84,0x24,0x40,0x0b,0x00,0x00,0x48,0x8b,
0x8c,0x24,0x48,0x0b,0x00,0x00,0xff,0x10,0x48,0x8d,0x84,0x24,0xa0,0x20,0x00,0x00,
0x48,0x8d,0x15,0x30,0x08,0x00,0x00,0x48,0x8b,0x0d,0x62,0x0c,0x00,0x00,0x48,0x89,
0x84,0x24,0x38,0x0b,0x00,0x00,0x48,0x89,0x8c,0x24,0x90,0x0b,0x00,0x00,0x48,0x8b,
0x84,0x24,0x90,0x0b,0x00,0x00,0x48,0x8b,0x8c,0x24,0x38,0x0b,0x00,0x00,0xff,0x10,
0x48,0x8b,0x05,0x59,0x0c,0x00,0x00,0x48,0x8b,0x1d,0x5a,0x0c,0x00,0x00,0x48,0x8d,
0x8c,0x24,0xb0,0x20,0x00,0x00,0x48,0x8d,0x10,0x48,0x8d,0x03,0x48,0x8b,0x1d,0xdd,
0x0b,0x00,0x00,0x49,0x89,0xc0,0xff,0x13,0x48,0x8b,0x15,0x41,0x0c,0x00,0x00,0x48,
0x8b,0x05,0x42,0x0c,0x00,0x00,0x48,0x8d,0x8c,0x24,0xb8,0x20,0x00,0x00,0x48,0x8d,
0x12,0x48,0x8d,0x00,0x48,0x8b,0x1d,0xb5,0x0b,0x00,0x00,0x49,0x89,0xc0,0xff,0x13,
0x48,0x8b,0x1d,0x29,0x0c,0x00,0x00,0x48,0x8b,0x84,0x24,0x88,0x00,0x00,0x00,0x48,
0x8d,0x08,0x48,0x8d,0x84,0x24,0xa0,0x20,0x00,0x00,0x48,0x8d,0x94,0x24,0xb0,0x20,
0x00,0x00,0x48,0x8d,0x2d,0x4f,0x07,0x00,0x00,0x48,0x8d,0x35,0x48,0x07,0x00,0x00,
0x48,0x8d,0x3d,0x4d,0x07,0x00,0x00,0x4c,0x8d,0x84,0x24,0xb8,0x20,0x00,0x00,0x48,
0x8d,0x1b,0x4c,0x8b,0x0d,0xef,0x0b,0x00,0x00,0x48,0x89,0x74,0x24,0x20,0x48,0x89,
0x7c,0x24,0x28,0x4c,0x89,0x44,0x24,0x30,0x48,0x89,0x5c,0x24,0x38,0x4c,0x89,0xce,
0x48,0x89,0x94,0x24,0x60,0x0b,0x00,0x00,0x48,0x89,0xc2,0x4c,0x8b,0x84,0x24,0x60,
0x0b,0x00,0x00,0x49,0x89,0xe9,0xff,0x16,0x48,0x8d,0x84,0x24,0xb8,0x20,0x00,0x00,
0x48,0x8b,0x0d,0x41,0x09,0x00,0x00,0x48,0x89,0x84,0x24,0x98,0x0b,0x00,0x00,0x48,
0x89,0x8c,0x24,0xa8,0x0b,0x00,0x00,0x48,0x8b,0x84,0x24,0xa8,0x0b,0x00,0x00,0x48,
0x8b,0x8c,0x24,0x98,0x0b,0x00,0x00,0xff,0x10,0x48,0x8d,0x84,0x24,0xb0,0x20,0x00,
0x00,0x48,0x8b,0x0d,0x10,0x09,0x00,0x00,0x48,0x89,0x84,0x24,0x08,0x0c,0x00,0x00,
0x48,0x89,0x8c,0x24,0x00,0x0c,0x00,0x00,0x48,0x8b,0x84,0x24,0x00,0x0c,0x00,0x00,
0x48,0x8b,0x8c,0x24,0x08,0x0c,0x00,0x00,0xff,0x10,0x48,0x8d,0x84,0x24,0xa0,0x20,
0x00,0x00,0x48,0x8b,0x0d,0x1f,0x0b,0x00,0x00,0x48,0x89,0x84,0x24,0xf8,0x0b,0x00,
0x00,0x48,0x89,0x8c,0x24,0xf0,0x0b,0x00,0x00,0x48,0x8b,0x84,0x24,0xf0,0x0b,0x00,
0x00,0x48,0x8b,0x8c,0x24,0xf8,0x0b,0x00,0x00,0xff,0x10,0x48,0x8d,0x84,0x24,0xa0,
0x20,0x00,0x00,0x48,0x8d,0x15,0x36,0x08,0x00,0x00,0x48,0x8b,0x0d,0xcf,0x0a,0x00,
0x00,0x48,0x89,0x84,0x24,0xe8,0x0b,0x00,0x00,0x48,0x89,0x8c,0x24,0xd8,0x0b,0x00,
0x00,0x48,0x8b,0x84,0x24,0xd8,0x0b,0x00,0x00,0x48,0x8b,0x8c,0x24,0xe8,0x0b,0x00,
0x00,0xff,0x10,0x48,0x8b,0x15,0xae,0x0a,0x00,0x00,0x48,0x8b,0x05,0x17,0x0a,0x00,
0x00,0x48,0x8d,0x8c,0x24,0xb0,0x20,0x00,0x00,0x48,0x8d,0x12,0x48,0x8d,0x00,0x48,
0x8b,0x1d,0x4a,0x0a,0x00,0x00,0x49,0x89,0xc0,0xff,0x13,0x48,0x8b,0x84,0x24,0x88,
0x00,0x00,0x00,0x48,0x8d,0x08,0x48,0x8d,0x94,0x24,0xa0,0x20,0x00,0x00,0x48,0x8d,
0x84,0x24,0xb0,0x20,0x00,0x00,0x48,0x8b,0x1d,0x1b,0x0b,0x00,0x00,0x49,0x89,0xc0,
0xff,0x13,0x48,0x8d,0x84,0x24,0xb0,0x20,0x00,0x00,0x48,0x8b,0x0d,0x27,0x08,0x00,
0x00,0x48,0x89,0x84,0x24,0xa0,0x0b,0x00,0x00,0x48,0x89,0x8c,0x24,0xd0,0x0b,0x00,
0x00,0x48,0x8b,0x84,0x24,0xd0,0x0b,0x00,0x00,0x48,0x8b,0x8c,0x24,0xa0,0x0b,0x00,
0x00,0xff,0x10,0x48,0x8d,0x84,0x24,0xa0,0x20,0x00,0x00,0x48,0x8b,0x0d,0x36,0x0a,
0x00,0x00,0x48,0x89,0x84,0x24,0xc8,0x0b,0x00,0x00,0x48,0x89,0x8c,0x24,0xc0,0x0b,
0x00,0x00,0x48,0x8b,0x84,0x24,0xc0,0x0b,0x00,0x00,0x48,0x8b,0x8c,0x24,0xc8,0x0b,
0x00,0x00,0xff,0x10,0x48,0x8d,0x84,0x24,0xa0,0x20,0x00,0x00,0x48,0x8d,0x15,0x68,
0x07,0x00,0x00,0x48,0x8b,0x0d,0xe6,0x09,0x00,0x00,0x48,0x89,0x84,0x24,0xb8,0x0b,
0x00,0x00,0x48,0x89,0x8c,0x24,0xb0,0x0b,0x00,0x00,0x48,0x8b,0x84,0x24,0xb0,0x0b,
0x00,0x00,0x48,0x8b,0x8c,0x24,0xb8,0x0b,0x00,0x00,0xff,0x10,0x48,0x8b,0x15,0xc5,
0x09,0x00,0x00,0x48,0x8b,0x05,0x86,0x0a,0x00,0x00,0x8b,0x00,0x03,0x05,0x42,0x05,
0x00,0x00,0x48,0x8d,0x8c,0x24,0xb0,0x20,0x00,0x00,0x48,0x8d,0x12,0x89,0x84,0x24,
0xb8,0x20,0x00,0x00,0x48,0x8d,0x84,0x24,0xb8,0x20,0x00,0x00,0x48,0x8b,0x1d,0x4d,
0x09,0x00,0x00,0x49,0x89,0xc0,0xff,0x13,0x48,0x8d,0x84,0x24,0xbc,0x20,0x00,0x00,
0x48,0x8b,0x0d,0x59,0x07,0x00,0x00,0x48,0x89,0x84,0x24,0x30,0x0b,0x00,0x00,0x48,
0x89,0x8c,0x24,0x20,0x0b,0x00,0x00,0x48,0x8b,0x84,0x24,0x20,0x0b,0x00,0x00,0x48,
0x8b,0x8c,0x24,0x30,0x0b,0x00,0x00,0xff,0x10,0x48,0x8b,0x05,0x90,0x09,0x00,0x00,
0x48,0x89,0x84,0x24,0xe8,0x0a,0x00,0x00,0x48,0x8b,0x84,0x24,0x88,0x00,0x00,0x00,
0x48,0x8d,0x08,0x48,0x8d,0x84,0x24,0xa0,0x20,0x00,0x00,0x48,0x8d,0x94,0x24,0xb0,
0x20,0x00,0x00,0x48,0x8d,0x1d,0xae,0x04,0x00,0x00,0x48,0x8d,0x2d,0xb7,0x04,0x00,
0x00,0x48,0x8d,0x35,0xb0,0x04,0x00,0x00,0x48,0x8d,0xbc,0x24,0xbc,0x20,0x00,0x00,
0x48,0x89,0x84,0x24,0x18,0x0b,0x00,0x00,0x48,0x8b,0x84,0x24,0xe8,0x0a,0x00,0x00,
0x48,0x8d,0x00,0x4c,0x8b,0x05,0x3e,0x09,0x00,0x00,0x48,0x89,0x6c,0x24,0x20,0x48,
0x89,0x74,0x24,0x28,0x48,0x89,0x7c,0x24,0x30,0x48,0x89,0x44,0x24,0x38,0x48,0x89,
0x94,0x24,0x90,0x0a,0x00,0x00,0x48,0x89,0x9c,0x24,0x88,0x0a,0x00,0x00,0x4c,0x89,
0x84,0x24,0x80,0x0a,0x00,0x00,0x48,0x8b,0x9c,0x24,0x80,0x0a,0x00,0x00,0x48,0x8b,
0x94,0x24,0x18,0x0b,0x00,0x00,0x4c,0x8b,0x84,0x24,0x90,0x0a,0x00,0x00,0x4c,0x8b,
0x8c,0x24,0x88,0x0a,0x00,0x00,0xff,0x13,0x48,0x8d,0x84,0x24,0xbc,0x20,0x00,0x00,
0x48,0x8b,0x0d,0x71,0x06,0x00,0x00,0x48,0x89,0x84,0x24,0x78,0x0a,0x00,0x00,0x48,
0x89,0x8c,0x24,0x70,0x0a,0x00,0x00,0x48,0x8b,0x84,0x24,0x70,0x0a,0x00,0x00,0x48,
0x8b,0x8c,0x24,0x78,0x0a,0x00,0x00,0xff,0x10,0x48,0x8d,0x84,0x24,0xb0,0x20,0x00,
0x00,0x48,0x8b,0x0d,0x40,0x06,0x00,0x00,0x48,0x89,0x84,0x24,0x60,0x0a,0x00,0x00,
0x48,0x89,0x8c,0x24,0x30,0x0a,0x00,0x00,0x48,0x8b,0x84,0x24,0x30,0x0a,0x00,0x00,
0x48,0x8b,0x8c,0x24,0x60,0x0a,0x00,0x00,0xff,0x10,0x48,0x8d,0x84,0x24,0xa0,0x20,
0x00,0x00,0x48,0x8b,0x0d,0x4f,0x08,0x00,0x00,0x48,0x89,0x84,0x24,0x58,0x0a,0x00,
0x00,0x48,0x89,0x8c,0x24,0x50,0x0a,0x00,0x00,0x48,0x8b,0x84,0x24,0x50,0x0a,0x00,
0x00,0x48,0x8b,0x8c,0x24,0x58,0x0a,0x00,0x00,0xff,0x10,0x48,0x8d,0x84,0x24,0xa0,
0x20,0x00,0x00,0x48,0x8d,0x15,0x81,0x05,0x00,0x00,0x48,0x8b,0x0d,0xff,0x07,0x00,
0x00,0x48,0x89,0x84,0x24,0x48,0x0a,0x00,0x00,0x48,0x89,0x8c,0x24,0x40,0x0a,0x00,
0x00,0x48,0x8b,0x84,0x24,0x40,0x0a,0x00,0x00,0x48,0x8b,0x8c,0x24,0x48,0x0a,0x00,
0x00,0xff,0x10,0x48,0x8b,0x05,0xde,0x07,0x00,0x00,0x48,0x8d,0x8c,0x24,0xb0,0x20,
0x00,0x00,0x48,0x8d,0x15,0xdf,0x03,0x00,0x00,0x48,0x8d,0x00,0x48,0x8b,0x1d,0x7d,
0x07,0x00,0x00,0x49,0x89,0xc0,0xff,0x13,0x48,0x8d,0x84,0x24,0xb8,0x20,0x00,0x00,
0x48,0x8b,0x0d,0x89,0x05,0x00,0x00,0x48,0x89,0x84,0x24,0x98,0x0a,0x00,0x00,0x48,
0x89,0x8c,0x24,0x68,0x0a,0x00,0x00,0x48,0x8b,0x84,0x24,0x68,0x0a,0x00,0x00,0x48,
0x8b,0x8c,0x24,0x98,0x0a,0x00,0x00,0xff,0x10,0x48,0x8b,0x84,0x24,0x88,0x00,0x00,
0x00,0x48,0x8d,0x08,0x48,0x8d,0x84,0x24,0xa0,0x20,0x00,0x00,0x48,0x8d,0x94,0x24,
0xb0,0x20,0x00,0x00,0x48,0x8d,0x1d,0xed,0x02,0x00,0x00,0x48,0x8d,0x2d,0xf6,0x02,
0x00,0x00,0x48,0x8d,0x35,0xeb,0x02,0x00,0x00,0x48,0x8d,0xbc,0x24,0xb8,0x20,0x00,
0x00,0x4c,0x8d,0x05,0xd0,0x02,0x00,0x00,0x4c,0x8b,0x0d,0x89,0x07,0x00,0x00,0x48,
0x89,0x6c,0x24,0x20,0x48,0x89,0x74,0x24,0x28,0x48,0x89,0x7c,0x24,0x30,0x4c,0x89,
0x44,0x24,0x38,0x4c,0x89,0xce,0x48,0x89,0x94,0x24,0xa0,0x0a,0x00,0x00,0x48,0x89,
0xc2,0x4c,0x8b,0x84,0x24,0xa0,0x0a,0x00,0x00,0x49,0x89,0xd9,0xff,0x16,0x48,0x8d,
0x84,0x24,0xb8,0x20,0x00,0x00,0x48,0x8b,0x0d,0xdb,0x04,0x00,0x00,0x48,0x89,0x84,
0x24,0xb0,0x0a,0x00,0x00,0x48,0x89,0x8c,0x24,0x10,0x0b,0x00,0x00,0x48,0x8b,0x84,
0x24,0x10,0x0b,0x00,0x00,0x48,0x8b,0x8c,0x24,0xb0,0x0a,0x00,0x00,0xff,0x10,0x48,
0x8d,0x84,0x24,0xb0,0x20,0x00,0x00,0x48,0x8b,0x0d,0xaa,0x04,0x00,0x00,0x48,0x89,
0x84,0x24,0x08,0x0b,0x00,0x00,0x48,0x89,0x8c,0x24,0x00,0x0b,0x00,0x00,0x48,0x8b,
0x84,0x24,0x00,0x0b,0x00,0x00,0x48,0x8b,0x8c,0x24,0x08,0x0b,0x00,0x00,0xff,0x10,
0x48,0x8d,0x84,0x24,0xa0,0x20,0x00,0x00,0x48,0x8b,0x0d,0xb9,0x06,0x00,0x00,0x48,
0x89,0x84,0x24,0xf8,0x0a,0x00,0x00,0x48,0x89,0x8c,0x24,0xf0,0x0a,0x00,0x00,0x48,
0x8b,0x84,0x24,0xf0,0x0a,0x00,0x00,0x48,0x8b,0x8c,0x24,0xf8,0x0a,0x00,0x00,0xff,
0x10,0x48,0x8b,0x84,0x24,0xe0,0x14,0x00,0x00,0x48,0x83,0x38,0x00,0x0f,0x94,0xc0,
0x3c,0x00,0x0f,0x84,0xa3,0x00,0x00,0x00,0x48,0x8b,0x8c,0x24,0xf8,0x14,0x00,0x00,
0x48,0x8d,0x01,0x48,0x89,0x84,0x24,0xe0,0x0a,0x00,0x00,0x48,0x8b,0x84,0x24,0x88,
0x00,0x00,0x00,0x48,0x8d,0x08,0x4c,0x8b,0x84,0x24,0xf0,0x14,0x00,0x00,0x49,0x8d,
0x00,0x4d,0x8d,0x88,0xf0,0x09,0x00,0x00,0x48,0x89,0x84,0x24,0xa8,0x0a,0x00,0x00,
0x48,0x8b,0x84,0x24,0x40,0x15,0x00,0x00,0x48,0x8d,0x28,0x48,0x8b,0x84,0x24,0x30,
0x15,0x00,0x00,0x48,0x8d,0x10,0x48,0x8b,0x84,0x24,0x20,0x15,0x00,0x00,0x48,0x8d,
0x18,0x48,0x8d,0x84,0x24,0x80,0x20,0x00,0x00,0x48,0x8b,0x35,0xa0,0x08,0x00,0x00,
0x48,0x89,0x6c,0x24,0x20,0x48,0x89,0x54,0x24,0x28,0x48,0x89,0x5c,0x24,0x30,0x48,
0x89,0x44,0x24,0x38,0x48,0x89,0x8c,0x24,0xd8,0x0a,0x00,0x00,0x48,0x8b,0x8c,0x24,
0xe0,0x0a,0x00,0x00,0x48,0x8b,0x94,0x24,0xd8,0x0a,0x00,0x00,0x4c,0x8b,0x84,0x24,
0xa8,0x0a,0x00,0x00,0xff,0x16,0xe9,0xc5,0x00,0x00,0x00,0x48,0x8b,0x8c,0x24,0xf8,
0x14,0x00,0x00,0x48,0x8d,0x01,0x48,0x89,0x84,0x24,0xd0,0x0a,0x00,0x00,0x48,0x8b,
0x84,0x24,0x88,0x00,0x00,0x00,0x48,0x8d,0x08,0x4c,0x8b,0x84,0x24,0xf0,0x14,0x00,
0x00,0x49,0x8d,0x00,0x49,0x8d,0x90,0xf0,0x09,0x00,0x00,0x48,0x89,0x84,0x24,0xc8,
0x0a,0x00,0x00,0x48,0x8b,0x84,0x24,0x40,0x15,0x00,0x00,0x48,0x8d,0x28,0x48,0x8b,
0x84,0x24,0x30,0x15,0x00,0x00,0x48,0x8d,0x00,0x48,0x89,0x84,0x24,0xc0,0x0a,0x00,
0x00,0x48,0x8b,0x84,0x24,0x20,0x15,0x00,0x00,0x48,0x8d,0x00,0x4c,0x8b,0x8c,0x24,
0x48,0x15,0x00,0x00,0x49,0x8d,0x99,0x84,0x00,0x00,0x00,0x48,0x8b,0x35,0xee,0x07,
0x00,0x00,0x48,0x89,0x6c,0x24,0x20,0x48,0x89,0x94,0x24,0xb8,0x0a,0x00,0x00,0x48,
0x8b,0x94,0x24,0xc0,0x0a,0x00,0x00,0x48,0x89,0x54,0x24,0x28,0x48,0x89,0x44,0x24,
0x30,0x48,0x89,0x5c,0x24,0x38,0x48,0x89,0x8c,0x24,0xb8,0x21,0x00,0x00,0x48,0x8b,
0x8c,0x24,0xd0,0x0a,0x00,0x00,0x48,0x8b,0x94,0x24,0xb8,0x21,0x00,0x00,0x4c,0x8b,
0x84,0x24,0xc8,0x0a,0x00,0x00,0x4c,0x8b,0x8c,0x24,0xb8,0x0a,0x00,0x00,0xff,0x16,
0x48,0x8b,0x84,0x24,0x88,0x00,0x00,0x00,0x48,0x8d,0x08,0x48,0x8b,0x05,0x7e,0x05,
0x00,0x00,0xff,0x10,0x48,0x8b,0x84,0x24,0x88,0x00,0x00,0x00,0x48,0x8d,0x08,0x48,
0x8b,0x05,0x6a,0x05,0x00,0x00,0xff,0x10,0x48,0x8b,0x84,0x24,0x88,0x00,0x00,0x00,
0x48,0x8d,0x08,0x48,0x8b,0x05,0x56,0x05,0x00,0x00,0xff,0x10,0x48,0x8b,0x84,0x24,
0x88,0x00,0x00,0x00,0x48,0x8d,0x08,0x48,0x8b,0x05,0x4a,0x07,0x00,0x00,0xff,0x10,
0x48,0x8d,0x8c,0x24,0x80,0x20,0x00,0x00,0x48,0x8b,0x05,0x49,0x07,0x00,0x00,0xff,
0x10,0x48,0x8d,0x8c,0x24,0xb8,0x1f,0x00,0x00,0x48,0x8b,0x05,0x40,0x07,0x00,0x00,
0xff,0x10,0x48,0x81,0xc4,0xc8,0x21,0x00,0x00,0x41,0x5f,0x41,0x5e,0x41,0x5d,0x41,
0x5c,0x5f,0x5e,0x5d,0x5b,0xc3,0x00,0x00,0x00,0x00,0x00,0x00,0x00,0x00,0x00,0x00,
0x03,0x00,0x00,0x00,0x01,0x00,0x00,0x00,0x02,0x00,0x00,0x00,0x14,0x00,0x00,0x00,
0x00,0x00,0x00,0x00,0x00,0x00,0x00,0x40,0xff,0xff,0xff,0xff,0x1c,0x03,0x00,0x00,
0x27,0x00,0x00,0x00,0xc9,0x02,0x00,0x00,0x28,0x00,0x00,0x00,0x75,0x69,0x5f,0x61,
0x6c,0x69,0x67,0x6e,0x65,0x72,0x00,0x6c,0x61,0x79,0x6f,0x75,0x74,0x00,0x00,0x00,
0x0c,0x00,0x00,0x00,0x65,0x71,0x75,0x69,0x70,0x61,0x62,0x6c,0x65,0x5f,0x73,0x6c,
0x6f,0x74,0x73,0x5f,0x68,0x6f,0x76,0x65,0x72,0x61,0x62,0x6c,0x65,0x5f,0x63,0x6f,
0x6e,0x74,0x61,0x69,0x6e,0x65,0x72,0x00,0x1e,0x03,0x00,0x00,0x21,0x00,0x00,0x00,
0xee,0x02,0x00,0x00,0x22,0x00,0x00,0x00,0x04,0x00,0x00,0x00,0x05,0x00,0x00,0x00,
0x06,0x00,0x00,0x00,0x07,0x00,0x00,0x00,0x08,0x00,0x00,0x00,0x0b,0x00,0x00,0x00,
0x09,0x00,0x00,0x00,0x0a,0x00,0x00,0x00,0x63,0x6c,0x6f,0x74,0x68,0x65,0x73,0x5f,
0x72,0x61,0x74,0x69,0x6e,0x67,0x73,0x00,0x73,0x70,0x61,0x63,0x65,0x72,0x00,0x76,
0x69,0x74,0x61,0x6c,0x73,0x5f,0x6c,0x61,0x79,0x6f,0x75,0x74,0x00,0x69,0x6e,0x76,
0x65,0x6e,0x74,0x6f,0x72,0x79,0x5f,0x63,0x6f,0x6e,0x74,0x61,0x69,0x6e,0x65,0x72,
0x00,0x6f,0x75,0x74,0x73,0x69,0x64,0x65,0x5f,0x63,0x6f,0x6e,0x74,0x61,0x69,0x6e,
0x65,0x72,0x00,0x6f,0x75,0x74,0x73,0x69,0x64,0x65,0x5f,0x73,0x63,0x72,0x6f,0x6c,
0x6c,0x00,0x70,0x65,0x65,0x72,0x5f,0x69,0x6e,0x76,0x65,0x6e,0x74,0x6f,0x72,0x79,
0x5f,0x6e,0x65,0x73,0x74,0x65,0x64,0x5f,0x63,0x6f,0x6e,0x74,0x61,0x69,0x6e,0x65,
0x72,0x00,0x70,0x65,0x65,0x72,0x5f,0x69,0x6e,0x76,0x65,0x6e,0x74,0x6f,0x72,0x79,
0x5f,0x6e,0x65,0x73,0x74,0x65,0x64,0x5f,0x73,0x63,0x72,0x6f,0x6c,0x6c,0x00,0x70,
0x65,0x65,0x72,0x5f,0x69,0x6e,0x76,0x65,0x6e,0x74,0x6f,0x72,0x79,0x5f,0x63,0x6f,
0x6e,0x74,0x61,0x69,0x6e,0x65,0x72,0x00,0x70,0x65,0x65,0x72,0x5f,0x69,0x6e,0x76,
0x65,0x6e,0x74,0x6f,0x72,0x79,0x5f,0x73,0x63,0x72,0x6f,0x6c,0x6c,0x00,0x66,0x6f,
0x6f,0x74,0x65,0x72,0x00,0x62,0x61,0x63,0x6b,0x5f,0x62,0x75,0x74,0x74,0x6f,0x6e,
0x00,0xa4,0x36,0x34,0xff,0x00,0x00,0x00,0x68,0x6f,0x74,0x62,0x61,0x72,0x5f,0x62,
0x67,0x00,0x68,0x6f,0x74,0x62,0x61,0x72,0x5f,0x73,0x6c,0x6f,0x74,0x73,0x00,0x69,
0x74,0x65,0x6d,0x5f,0x68,0x6f,0x74,0x62,0x61,0x72,0x5f,0x00,0x65,0x6d,0x70,0x74,
0x79,0x5f,0x68,0x6f,0x74,0x62,0x61,0x72,0x5f,0x00,0x36,0x34,0x24,0x03,0x00,0x00,
0x21,0x03,0x00,0x00,0x30,0x00,0x00,0x00,0x22,0x03,0x00,0x00,0x20,0x03,0x00,0x00,
0x1f,0x03,0x00,0x00,0x06,0x01,0x00,0x00,0x64,0x69,0x76,0x69,0x64,0x65,0x72,0x00,
0x70,0x61,0x64,0x64,0x69,0x6e,0x67,0x00,0x75,0x69,0x5f,0x61,0x6c,0x69,0x67,0x6e,
0x65,0x72,0x5f,0x74,0x6f,0x6f,0x6c,0x74,0x69,0x70,0x00,0x74,0x6f,0x6f,0x6c,0x74,
0x69,0x70,0x5f,0x63,0x6f,0x6e,0x74,0x61,0x69,0x6e,0x65,0x72,0x00,0x00,0x00,0x00,
};

static const unsigned char ST_TIP_SCREEN[]={
 0x53,0x55,0x56,0x57,0x41,0x54,0x48,0x81,0xec,0xb0,0x00,0x00,0x00,0x48,0x8b,0xbc,0x24,0x00,0x01,0x00,0x00,0x48,0x8b,0xac,
 0x24,0x08,0x01,0x00,0x00,0x48,0x8b,0xb4,0x24,0x10,0x01,0x00,0x00,0x48,0x8b,0x9c,0x24,0x18,0x01,0x00,0x00,0x4c,0x8b,0x94,
 0x24,0x20,0x01,0x00,0x00,0x48,0x89,0x4c,0x24,0x40,0x48,0x89,0x54,0x24,0x48,0x4c,0x89,0x44,0x24,0x50,0x4c,0x89,0x4c,0x24,
 0x58,0x48,0x89,0x7c,0x24,0x60,0x48,0x89,0x6c,0x24,0x68,0x48,0x89,0x74,0x24,0x70,0x48,0x89,0x5c,0x24,0x78,0x4c,0x89,0x94,
 0x24,0x80,0x00,0x00,0x00,0x48,0xc7,0x84,0x24,0x88,0x00,0x00,0x00,0x00,0x00,0x00,0x00,0x48,0xc7,0x84,0x24,0x90,0x00,0x00,
 0x00,0x00,0x00,0x00,0x00,0x48,0x8d,0x84,0x24,0x88,0x00,0x00,0x00,0x4c,0x8d,0x19,0x48,0x8d,0x12,0x4c,0x8b,0x25,0x16,0x01,
 0x00,0x00,0x48,0x89,0x4c,0x24,0x28,0x48,0x89,0x94,0x24,0xa0,0x00,0x00,0x00,0x4c,0x89,0x84,0x24,0x98,0x00,0x00,0x00,0x48,
 0x89,0xc1,0x4c,0x89,0xda,0x4c,0x8b,0x84,0x24,0xa0,0x00,0x00,0x00,0x4c,0x89,0x4c,0x24,0x38,0x4c,0x89,0x54,0x24,0x20,0x41,
 0xff,0x14,0x24,0x48,0x8b,0x84,0x24,0x90,0x00,0x00,0x00,0x48,0x8d,0x40,0x1c,0x4c,0x8b,0x84,0x24,0x98,0x00,0x00,0x00,0x49,
 0x8d,0x10,0x48,0x8b,0x0d,0xcf,0x00,0x00,0x00,0x48,0x89,0x44,0x24,0x30,0x48,0x89,0x8c,0x24,0xa8,0x00,0x00,0x00,0x48,0x8b,
 0x84,0x24,0xa8,0x00,0x00,0x00,0x48,0x8b,0x4c,0x24,0x30,0xff,0x10,0x48,0x8b,0x94,0x24,0x90,0x00,0x00,0x00,0x8b,0x03,0x89,
 0x82,0x98,0x00,0x00,0x00,0x48,0x8b,0x94,0x24,0x90,0x00,0x00,0x00,0x8b,0x45,0x00,0x89,0x82,0x9c,0x00,0x00,0x00,0x48,0x8b,
 0x94,0x24,0x90,0x00,0x00,0x00,0x8b,0x06,0x89,0x82,0xa0,0x00,0x00,0x00,0x48,0x8b,0x94,0x24,0x90,0x00,0x00,0x00,0x4c,0x8b,
 0x4c,0x24,0x38,0x41,0x8b,0x01,0x89,0x82,0xa4,0x00,0x00,0x00,0x48,0x8b,0x94,0x24,0x90,0x00,0x00,0x00,0x8b,0x07,0x89,0x82,
 0xa8,0x00,0x00,0x00,0x48,0x8b,0x94,0x24,0x90,0x00,0x00,0x00,0x4c,0x8b,0x54,0x24,0x20,0x41,0x8a,0x02,0x88,0x82,0xac,0x00,
 0x00,0x00,0x48,0x8b,0x4c,0x24,0x28,0x48,0x8d,0x09,0x48,0x8d,0x94,0x24,0x88,0x00,0x00,0x00,0x48,0x8b,0x05,0x37,0x00,0x00,
 0x00,0xff,0x10,0x48,0x8d,0x8c,0x24,0x88,0x00,0x00,0x00,0x48,0x8b,0x05,0x2e,0x00,0x00,0x00,0xff,0x10,0x48,0x81,0xc4,0xb0,
 0x00,0x00,0x00,0x41,0x5c,0x5f,0x5e,0x5d,0x5b,0xc3,0x00,0x00,0x00,0x00,0x00,0x00,
};

static const unsigned char ST_TIP_END[]={
 0x48,0x83,0xec,0x28,0x48,0x89,0x4c,0x24,0x20,0x48,0x8d,0x09,0x48,0x8b,0x05,0x0d,0x00,0x00,0x00,0xff,0x10,0x48,0x83,0xc4,
 0x28,0xc3,0x00,0x00,0x00,0x00,0x00,0x00,
};

static const unsigned char ST_TIP_ENTRY[]={
0x53,0x55,0x56,0x57,0x48,0x81,0xec,0xe8,0x02,0x00,0x00,0x4c,0x8b,0x94,0x24,0x30,
0x03,0x00,0x00,0x48,0x8b,0xbc,0x24,0x38,0x03,0x00,0x00,0x48,0x89,0x8c,0x24,0x78,
0x02,0x00,0x00,0x48,0x89,0x94,0x24,0x80,0x02,0x00,0x00,0x4c,0x89,0x84,0x24,0x88,
0x02,0x00,0x00,0x4c,0x89,0x8c,0x24,0x90,0x02,0x00,0x00,0x4c,0x89,0x94,0x24,0x98,
0x02,0x00,0x00,0x48,0x89,0xbc,0x24,0xa0,0x02,0x00,0x00,0x48,0x8d,0x84,0x24,0xb0,
0x02,0x00,0x00,0x48,0x8d,0x1d,0x9e,0x0b,0x00,0x00,0x48,0x8b,0x2d,0xff,0x0b,0x00,
0x00,0x48,0x89,0x4c,0x24,0x48,0x48,0x89,0x94,0x24,0xc8,0x01,0x00,0x00,0x48,0x89,
0xc1,0x48,0x89,0xda,0x4c,0x89,0x84,0x24,0xd0,0x01,0x00,0x00,0x4c,0x89,0x8c,0x24,
0xb8,0x01,0x00,0x00,0x4c,0x89,0x94,0x24,0xd8,0x01,0x00,0x00,0xff,0x55,0x00,0x48,
0x8d,0x84,0x24,0xa8,0x02,0x00,0x00,0x4c,0x8b,0x94,0x24,0xd8,0x01,0x00,0x00,0x49,
0x8d,0x0a,0x48,0x8d,0x94,0x24,0xb0,0x02,0x00,0x00,0x48,0x8b,0x1d,0xb7,0x0b,0x00,
0x00,0x48,0x89,0x8c,0x24,0xe8,0x01,0x00,0x00,0x48,0x89,0x94,0x24,0xf0,0x01,0x00,
0x00,0x48,0x89,0xc1,0x48,0x8b,0x94,0x24,0xe8,0x01,0x00,0x00,0x4c,0x8b,0x84,0x24,
0xf0,0x01,0x00,0x00,0xff,0x13,0x48,0x8d,0x84,0x24,0xb0,0x02,0x00,0x00,0x48,0x8b,
0x0d,0x8b,0x0b,0x00,0x00,0x48,0x89,0x84,0x24,0xc0,0x01,0x00,0x00,0x48,0x89,0x8c,
0x24,0xb0,0x01,0x00,0x00,0x48,0x8b,0x84,0x24,0xb0,0x01,0x00,0x00,0x48,0x8b,0x8c,
0x24,0xc0,0x01,0x00,0x00,0xff,0x10,0x48,0x8b,0x05,0x6a,0x0b,0x00,0x00,0x48,0x8b,
0x1d,0x6b,0x0b,0x00,0x00,0x48,0x8d,0x8c,0x24,0xac,0x02,0x00,0x00,0x48,0x8d,0x00,
0x48,0x8d,0x13,0x48,0x8b,0x1d,0x5e,0x0b,0x00,0x00,0x48,0x89,0x94,0x24,0x90,0x01,
0x00,0x00,0x48,0x89,0xc2,0x4c,0x8b,0x84,0x24,0x90,0x01,0x00,0x00,0xff,0x13,0x48,
0x8d,0x84,0x24,0xb4,0x02,0x00,0x00,0x48,0x8d,0x0d,0xae,0x0a,0x00,0x00,0x48,0x8d,
0x15,0xa7,0x0a,0x00,0x00,0x48,0x8b,0x1d,0x2c,0x0b,0x00,0x00,0x48,0x89,0x8c,0x24,
0xa8,0x01,0x00,0x00,0x48,0x89,0x94,0x24,0x80,0x01,0x00,0x00,0x48,0x89,0xc1,0x48,
0x8b,0x94,0x24,0xa8,0x01,0x00,0x00,0x4c,0x8b,0x84,0x24,0x80,0x01,0x00,0x00,0xff,
0x13,0x48,0x8b,0x4c,0x24,0x48,0x48,0x8d,0x01,0x48,0x8b,0x94,0x24,0xc8,0x01,0x00,
0x00,0x48,0x8d,0x12,0x48,0x8d,0x9c,0x24,0xac,0x02,0x00,0x00,0x48,0x8d,0x2d,0x59,
0x0a,0x00,0x00,0x48,0x8d,0x35,0x52,0x0a,0x00,0x00,0x4c,0x8d,0x05,0x4b,0x0a,0x00,
0x00,0x4c,0x8d,0x8c,0x24,0xb4,0x02,0x00,0x00,0x4c,0x8d,0x15,0x3c,0x0a,0x00,0x00,
0x4c,0x8b,0x1d,0xc9,0x0a,0x00,0x00,0x48,0x89,0x74,0x24,0x20,0x4c,0x89,0x44,0x24,
0x28,0x4c,0x89,0x4c,0x24,0x30,0x4c,0x89,0x54,0x24,0x38,0x48,0x89,0xc1,0x49,0x89,
0xd8,0x49,0x89,0xe9,0x41,0xff,0x13,0x48,0x8d,0x84,0x24,0xb4,0x02,0x00,0x00,0x48,
0x8b,0x0d,0xa2,0x0a,0x00,0x00,0x48,0x89,0x84,0x24,0x70,0x01,0x00,0x00,0x48,0x89,
0x8c,0x24,0x88,0x01,0x00,0x00,0x48,0x8b,0x84,0x24,0x88,0x01,0x00,0x00,0x48,0x8b,
0x8c,0x24,0x70,0x01,0x00,0x00,0xff,0x10,0x48,0x8d,0x84,0x24,0xac,0x02,0x00,0x00,
0x48,0x8b,0x0d,0x71,0x0a,0x00,0x00,0x48,0x89,0x84,0x24,0x98,0x01,0x00,0x00,0x48,
0x89,0x8c,0x24,0xa0,0x01,0x00,0x00,0x48,0x8b,0x84,0x24,0xa0,0x01,0x00,0x00,0x48,
0x8b,0x8c,0x24,0x98,0x01,0x00,0x00,0xff,0x10,0x48,0x8d,0x84,0x24,0xb0,0x02,0x00,
0x00,0x48,0x8d,0x15,0xa8,0x09,0x00,0x00,0x48,0x8b,0x0d,0x01,0x0a,0x00,0x00,0x48,
0x89,0x84,0x24,0xf8,0x01,0x00,0x00,0x48,0x89,0x8c,0x24,0xe0,0x01,0x00,0x00,0x48,
0x8b,0x84,0x24,0xe0,0x01,0x00,0x00,0x48,0x8b,0x8c,0x24,0xf8,0x01,0x00,0x00,0xff,
0x10,0x48,0x8b,0x4c,0x24,0x48,0x48,0x8d,0x01,0x48,0x8d,0x94,0x24,0xb0,0x02,0x00,
0x00,0x48,0x8d,0x1d,0x7d,0x09,0x00,0x00,0x48,0x8d,0x2f,0x48,0x8b,0x35,0xfe,0x09,
0x00,0x00,0x48,0x89,0xc1,0x49,0x89,0xd8,0x49,0x89,0xe9,0xff,0x16,0x48,0x8d,0x84,
0x24,0xb0,0x02,0x00,0x00,0x48,0x8b,0x0d,0xb4,0x09,0x00,0x00,0x48,0x89,0x84,0x24,
0x00,0x02,0x00,0x00,0x48,0x89,0x8c,0x24,0x10,0x02,0x00,0x00,0x48,0x8b,0x84,0x24,
0x10,0x02,0x00,0x00,0x48,0x8b,0x8c,0x24,0x00,0x02,0x00,0x00,0xff,0x10,0x48,0x8d,
0x84,0x24,0xb0,0x02,0x00,0x00,0x48,0x8d,0x15,0x29,0x09,0x00,0x00,0x48,0x8b,0x0d,
0x6c,0x09,0x00,0x00,0x48,0x89,0x84,0x24,0x60,0x02,0x00,0x00,0x48,0x89,0x8c,0x24,
0x68,0x02,0x00,0x00,0x48,0x8b,0x84,0x24,0x68,0x02,0x00,0x00,0x48,0x8b,0x8c,0x24,
0x60,0x02,0x00,0x00,0xff,0x10,0x48,0x8b,0x05,0x8b,0x09,0x00,0x00,0x48,0x8b,0x1d,
0x84,0x09,0x00,0x00,0x48,0x8d,0x8c,0x24,0xc0,0x02,0x00,0x00,0x48,0x8d,0x10,0x48,
0x8d,0x03,0x48,0x8b,0x1d,0x4f,0x09,0x00,0x00,0x49,0x89,0xc0,0xff,0x13,0x48,0x8d,
0x84,0x24,0xc8,0x02,0x00,0x00,0x48,0x8d,0x15,0xaf,0x08,0x00,0x00,0x48,0x8d,0x0d,
0xa8,0x08,0x00,0x00,0x48,0x8b,0x1d,0x2d,0x09,0x00,0x00,0x48,0x89,0x8c,0x24,0x50,
0x02,0x00,0x00,0x48,0x89,0xc1,0x4c,0x8b,0x84,0x24,0x50,0x02,0x00,0x00,0xff,0x13,
0x48,0x8b,0x4c,0x24,0x48,0x48,0x8d,0x01,0x48,0x8d,0x94,0x24,0xb0,0x02,0x00,0x00,
0x48,0x8d,0x9c,0x24,0xc0,0x02,0x00,0x00,0x48,0x8d,0x2d,0x6d,0x08,0x00,0x00,0x48,
0x8d,0x35,0x66,0x08,0x00,0x00,0x48,0x8d,0x3d,0x5f,0x08,0x00,0x00,0x4c,0x8d,0x84,
0x24,0xc8,0x02,0x00,0x00,0x4c,0x8d,0x0d,0x50,0x08,0x00,0x00,0x4c,0x8b,0x15,0xdd,
0x08,0x00,0x00,0x48,0x89,0x74,0x24,0x20,0x48,0x89,0x7c,0x24,0x28,0x4c,0x89,0x44,
0x24,0x30,0x4c,0x89,0x4c,0x24,0x38,0x48,0x89,0xc1,0x49,0x89,0xd8,0x49,0x89,0xe9,
0x41,0xff,0x12,0x48,0x8d,0x84,0x24,0xc8,0x02,0x00,0x00,0x48,0x8b,0x0d,0xb6,0x08,
0x00,0x00,0x48,0x89,0x84,0x24,0x70,0x02,0x00,0x00,0x48,0x89,0x8c,0x24,0xd0,0x02,
0x00,0x00,0x48,0x8b,0x84,0x24,0xd0,0x02,0x00,0x00,0x48,0x8b,0x8c,0x24,0x70,0x02,
0x00,0x00,0xff,0x10,0x48,0x8d,0x84,0x24,0xc0,0x02,0x00,0x00,0x48,0x8b,0x0d,0x85,
0x08,0x00,0x00,0x48,0x89,0x84,0x24,0xd8,0x02,0x00,0x00,0x48,0x89,0x8c,0x24,0x58,
0x02,0x00,0x00,0x48,0x8b,0x84,0x24,0x58,0x02,0x00,0x00,0x48,0x8b,0x8c,0x24,0xd8,
0x02,0x00,0x00,0xff,0x10,0x48,0x8d,0x84,0x24,0xb0,0x02,0x00,0x00,0x48,0x8b,0x0d,
0x2c,0x08,0x00,0x00,0x48,0x89,0x84,0x24,0x48,0x02,0x00,0x00,0x48,0x89,0x8c,0x24,
0x28,0x02,0x00,0x00,0x48,0x8b,0x84,0x24,0x28,0x02,0x00,0x00,0x48,0x8b,0x8c,0x24,
0x48,0x02,0x00,0x00,0xff,0x10,0x48,0x8d,0x84,0x24,0xb0,0x02,0x00,0x00,0x48,0x8d,
0x15,0xa7,0x07,0x00,0x00,0x48,0x8b,0x0d,0xe4,0x07,0x00,0x00,0x48,0x89,0x84,0x24,
0x40,0x02,0x00,0x00,0x48,0x89,0x8c,0x24,0x18,0x02,0x00,0x00,0x48,0x8b,0x84,0x24,
0x18,0x02,0x00,0x00,0x48,0x8b,0x8c,0x24,0x40,0x02,0x00,0x00,0xff,0x10,0x48,0x8b,
0x05,0x0b,0x08,0x00,0x00,0x48,0x8b,0x15,0xfc,0x07,0x00,0x00,0x48,0x8d,0x8c,0x24,
0xc0,0x02,0x00,0x00,0x48,0x8d,0x00,0x48,0x8d,0x12,0x48,0x8b,0x1d,0xc7,0x07,0x00,
0x00,0x48,0x89,0x94,0x24,0x08,0x02,0x00,0x00,0x48,0x89,0xc2,0x4c,0x8b,0x84,0x24,
0x08,0x02,0x00,0x00,0xff,0x13,0x48,0x8d,0x84,0x24,0xc8,0x02,0x00,0x00,0x48,0x8d,
0x15,0x17,0x07,0x00,0x00,0x48,0x8d,0x0d,0x10,0x07,0x00,0x00,0x48,0x8b,0x1d,0x95,
0x07,0x00,0x00,0x48,0x89,0x8c,0x24,0x20,0x02,0x00,0x00,0x48,0x89,0xc1,0x4c,0x8b,
0x84,0x24,0x20,0x02,0x00,0x00,0xff,0x13,0x48,0x8b,0x4c,0x24,0x48,0x48,0x8d,0x01,
0x48,0x8d,0x94,0x24,0xb0,0x02,0x00,0x00,0x48,0x8d,0x9c,0x24,0xc0,0x02,0x00,0x00,
0x48,0x8d,0x2d,0xd5,0x06,0x00,0x00,0x48,0x8d,0x35,0xce,0x06,0x00,0x00,0x48,0x8d,
0x3d,0xc7,0x06,0x00,0x00,0x4c,0x8d,0x84,0x24,0xc8,0x02,0x00,0x00,0x4c,0x8d,0x0d,
0xb8,0x06,0x00,0x00,0x4c,0x8b,0x15,0x45,0x07,0x00,0x00,0x48,0x89,0x74,0x24,0x20,
0x48,0x89,0x7c,0x24,0x28,0x4c,0x89,0x44,0x24,0x30,0x4c,0x89,0x4c,0x24,0x38,0x48,
0x89,0xc1,0x49,0x89,0xd8,0x49,0x89,0xe9,0x41,0xff,0x12,0x48,0x8d,0x84,0x24,0xc8,
0x02,0x00,0x00,0x48,0x8b,0x0d,0x1e,0x07,0x00,0x00,0x48,0x89,0x84,0x24,0x30,0x02,
0x00,0x00,0x48,0x89,0x8c,0x24,0x38,0x02,0x00,0x00,0x48,0x8b,0x84,0x24,0x38,0x02,
0x00,0x00,0x48,0x8b,0x8c,0x24,0x30,0x02,0x00,0x00,0xff,0x10,0x48,0x8d,0x84,0x24,
0xc0,0x02,0x00,0x00,0x48,0x8b,0x0d,0xed,0x06,0x00,0x00,0x48,0x89,0x84,0x24,0x78,
0x01,0x00,0x00,0x48,0x89,0x8c,0x24,0x68,0x01,0x00,0x00,0x48,0x8b,0x84,0x24,0x68,
0x01,0x00,0x00,0x48,0x8b,0x8c,0x24,0x78,0x01,0x00,0x00,0xff,0x10,0x48,0x8d,0x84,
0x24,0xb0,0x02,0x00,0x00,0x48,0x8b,0x0d,0x94,0x06,0x00,0x00,0x48,0x89,0x84,0x24,
0x48,0x01,0x00,0x00,0x48,0x89,0x8c,0x24,0x60,0x01,0x00,0x00,0x48,0x8b,0x84,0x24,
0x60,0x01,0x00,0x00,0x48,0x8b,0x8c,0x24,0x48,0x01,0x00,0x00,0xff,0x10,0x48,0x8d,
0x84,0x24,0xb0,0x02,0x00,0x00,0x48,0x8d,0x15,0x1e,0x06,0x00,0x00,0x48,0x8b,0x0d,
0x4c,0x06,0x00,0x00,0x48,0x89,0x84,0x24,0x98,0x00,0x00,0x00,0x48,0x89,0x8c,0x24,
0xa0,0x00,0x00,0x00,0x48,0x8b,0x84,0x24,0xa0,0x00,0x00,0x00,0x48,0x8b,0x8c,0x24,
0x98,0x00,0x00,0x00,0xff,0x10,0x48,0x8b,0x05,0x6b,0x06,0x00,0x00,0x48,0x8b,0x15,
0x64,0x06,0x00,0x00,0x48,0x8d,0x8c,0x24,0xc0,0x02,0x00,0x00,0x48,0x8d,0x00,0x48,
0x8d,0x12,0x48,0x8b,0x1d,0x2f,0x06,0x00,0x00,0x48,0x89,0x94,0x24,0x88,0x00,0x00,
0x00,0x48,0x89,0xc2,0x4c,0x8b,0x84,0x24,0x88,0x00,0x00,0x00,0xff,0x13,0x48,0x8b,
0x4c,0x24,0x48,0x48,0x8d,0x01,0x48,0x8d,0x94,0x24,0xb0,0x02,0x00,0x00,0x4c,0x8b,
0x84,0x24,0xd0,0x01,0x00,0x00,0x4d,0x8d,0x00,0x48,0x8d,0x9c,0x24,0xc0,0x02,0x00,
0x00,0x48,0x8b,0x2d,0x20,0x06,0x00,0x00,0x48,0x89,0xc1,0x49,0x89,0xd9,0xff,0x55,
0x00,0x48,0x8d,0x84,0x24,0xc0,0x02,0x00,0x00,0x48,0x8b,0x0d,0xe8,0x05,0x00,0x00,
0x48,0x89,0x84,0x24,0xa8,0x00,0x00,0x00,0x48,0x89,0x8c,0x24,0xb8,0x00,0x00,0x00,
0x48,0x8b,0x84,0x24,0xb8,0x00,0x00,0x00,0x48,0x8b,0x8c,0x24,0xa8,0x00,0x00,0x00,
0xff,0x10,0x48,0x8d,0x84,0x24,0xb0,0x02,0x00,0x00,0x48,0x8b,0x0d,0x8f,0x05,0x00,
0x00,0x48,0x89,0x84,0x24,0xc0,0x00,0x00,0x00,0x48,0x89,0x8c,0x24,0x90,0x00,0x00,
0x00,0x48,0x8b,0x84,0x24,0x90,0x00,0x00,0x00,0x48,0x8b,0x8c,0x24,0xc0,0x00,0x00,
0x00,0xff,0x10,0x48,0x8b,0x4c,0x24,0x48,0x48,0x8d,0x01,0x48,0x8b,0x15,0xae,0x05,
0x00,0x00,0x48,0x89,0xc1,0xff,0x12,0x80,0xbc,0x24,0xa8,0x02,0x00,0x00,0x00,0x0f,
0x84,0x15,0x00,0x00,0x00,0x48,0x8b,0x05,0x9c,0x05,0x00,0x00,0x8b,0x00,0x89,0x84,
0x24,0xac,0x02,0x00,0x00,0xe9,0x19,0x00,0x00,0x00,0x48,0x8b,0x05,0x87,0x05,0x00,
0x00,0x48,0x8b,0x15,0x88,0x05,0x00,0x00,0x8b,0x00,0x03,0x02,0x89,0x84,0x24,0xac,
0x02,0x00,0x00,0x48,0x8d,0x84,0x24,0xb0,0x02,0x00,0x00,0x48,0x8d,0x15,0xce,0x04,
0x00,0x00,0x48,0x8b,0x0d,0xf7,0x04,0x00,0x00,0x48,0x89,0x84,0x24,0x80,0x00,0x00,
0x00,0x48,0x89,0x4c,0x24,0x60,0x48,0x8b,0x44,0x24,0x60,0x48,0x8b,0x8c,0x24,0x80,
0x00,0x00,0x00,0xff,0x10,0x48,0x8b,0x05,0x1c,0x05,0x00,0x00,0x48,0x8d,0x8c,0x24,
0xc0,0x02,0x00,0x00,0x48,0x8d,0x94,0x24,0xac,0x02,0x00,0x00,0x4c,0x8d,0x00,0x48,
0x8b,0x05,0xe2,0x04,0x00,0x00,0xff,0x10,0x48,0x8d,0x84,0x24,0xc8,0x02,0x00,0x00,
0x48,0x8d,0x15,0x45,0x04,0x00,0x00,0x4c,0x8d,0x05,0x3e,0x04,0x00,0x00,0x48,0x8b,
0x0d,0xc3,0x04,0x00,0x00,0x48,0x89,0x44,0x24,0x78,0x48,0x89,0x4c,0x24,0x50,0x48,
0x8b,0x44,0x24,0x50,0x48,0x8b,0x4c,0x24,0x78,0xff,0x10,0x48,0x8b,0x4c,0x24,0x48,
0x48,0x8d,0x01,0x48,0x8d,0x94,0x24,0xb0,0x02,0x00,0x00,0x4c,0x8d,0x84,0x24,0xc0,
0x02,0x00,0x00,0x48,0x8d,0x1d,0x02,0x04,0x00,0x00,0x48,0x8d,0x35,0xfb,0x03,0x00,
0x00,0x48,0x8d,0x2d,0xf4,0x03,0x00,0x00,0x48,0x8d,0xbc,0x24,0xc8,0x02,0x00,0x00,
0x4c,0x8d,0x0d,0xe5,0x03,0x00,0x00,0x4c,0x8b,0x15,0x72,0x04,0x00,0x00,0x48,0x89,
0x74,0x24,0x20,0x48,0x89,0x6c,0x24,0x28,0x48,0x89,0x7c,0x24,0x30,0x4c,0x89,0x4c,
0x24,0x38,0x48,0x89,0xc1,0x49,0x89,0xd9,0x41,0xff,0x12,0x48,0x8d,0x84,0x24,0xc8,
0x02,0x00,0x00,0x48,0x8b,0x0d,0x4e,0x04,0x00,0x00,0x48,0x89,0x44,0x24,0x40,0x48,
0x89,0x4c,0x24,0x58,0x48,0x8b,0x44,0x24,0x58,0x48,0x8b,0x4c,0x24,0x40,0xff,0x10,
0x48,0x8d,0x84,0x24,0xc0,0x02,0x00,0x00,0x48,0x8b,0x0d,0x29,0x04,0x00,0x00,0x48,
0x89,0x44,0x24,0x68,0x48,0x89,0x4c,0x24,0x70,0x48,0x8b,0x44,0x24,0x70,0x48,0x8b,
0x4c,0x24,0x68,0xff,0x10,0x48,0x8d,0x84,0x24,0xb0,0x02,0x00,0x00,0x48,0x8b,0x0d,
0xdc,0x03,0x00,0x00,0x48,0x89,0x84,0x24,0xc8,0x00,0x00,0x00,0x48,0x89,0x8c,0x24,
0xb0,0x00,0x00,0x00,0x48,0x8b,0x84,0x24,0xb0,0x00,0x00,0x00,0x48,0x8b,0x8c,0x24,
0xc8,0x00,0x00,0x00,0xff,0x10,0x48,0x8d,0x84,0x24,0xb0,0x02,0x00,0x00,0x48,0x8d,
0x15,0x7b,0x03,0x00,0x00,0x48,0x8b,0x0d,0x94,0x03,0x00,0x00,0x48,0x89,0x84,0x24,
0xd0,0x00,0x00,0x00,0x48,0x89,0x8c,0x24,0xe0,0x00,0x00,0x00,0x48,0x8b,0x84,0x24,
0xe0,0x00,0x00,0x00,0x48,0x8b,0x8c,0x24,0xd0,0x00,0x00,0x00,0xff,0x10,0x48,0x8b,
0x4c,0x24,0x48,0x48,0x8d,0x01,0x48,0x8d,0x94,0x24,0xb0,0x02,0x00,0x00,0x4c,0x8b,
0x8c,0x24,0xb8,0x01,0x00,0x00,0x4d,0x8d,0x01,0x4c,0x8d,0x0d,0xe8,0x02,0x00,0x00,
0x48,0x8b,0x1d,0xc1,0x03,0x00,0x00,0x48,0x89,0xc1,0xff,0x13,0x48,0x8d,0x84,0x24,
0xb0,0x02,0x00,0x00,0x48,0x8b,0x0d,0x45,0x03,0x00,0x00,0x48,0x89,0x84,0x24,0x30,
0x01,0x00,0x00,0x48,0x89,0x8c,0x24,0x38,0x01,0x00,0x00,0x48,0x8b,0x84,0x24,0x38,
0x01,0x00,0x00,0x48,0x8b,0x8c,0x24,0x30,0x01,0x00,0x00,0xff,0x10,0x48,0x8b,0x4c,
0x24,0x48,0x48,0x8d,0x01,0x48,0x8b,0x15,0x64,0x03,0x00,0x00,0x48,0x89,0xc1,0xff,
0x12,0x8a,0x84,0x24,0xa8,0x02,0x00,0x00,0x3c,0x00,0x0f,0x84,0x3c,0x02,0x00,0x00,
0x48,0x8d,0x84,0x24,0xb0,0x02,0x00,0x00,0x48,0x8d,0x15,0xc7,0x02,0x00,0x00,0x48,
0x8b,0x0d,0xda,0x02,0x00,0x00,0x48,0x89,0x84,0x24,0x20,0x01,0x00,0x00,0x48,0x89,
0x8c,0x24,0x40,0x01,0x00,0x00,0x48,0x8b,0x84,0x24,0x40,0x01,0x00,0x00,0x48,0x8b,
0x8c,0x24,0x20,0x01,0x00,0x00,0xff,0x10,0x48,0x8b,0x15,0x21,0x03,0x00,0x00,0x48,
0x8b,0x05,0xf2,0x02,0x00,0x00,0x48,0x8d,0x8c,0x24,0xc0,0x02,0x00,0x00,0x48,0x8d,
0x12,0x4c,0x8d,0x00,0x48,0x8b,0x05,0xbd,0x02,0x00,0x00,0xff,0x10,0x48,0x8d,0x84,
0x24,0xc8,0x02,0x00,0x00,0x48,0x8d,0x15,0x20,0x02,0x00,0x00,0x4c,0x8d,0x05,0x19,
0x02,0x00,0x00,0x48,0x8b,0x0d,0x9e,0x02,0x00,0x00,0x48,0x89,0x84,0x24,0x50,0x01,
0x00,0x00,0x48,0x89,0x8c,0x24,0x58,0x01,0x00,0x00,0x48,0x8b,0x84,0x24,0x58,0x01,
0x00,0x00,0x48,0x8b,0x8c,0x24,0x50,0x01,0x00,0x00,0xff,0x10,0x48,0x8b,0x4c,0x24,
0x48,0x48,0x8d,0x01,0x48,0x8d,0x94,0x24,0xb0,0x02,0x00,0x00,0x4c,0x8d,0x84,0x24,
0xc0,0x02,0x00,0x00,0x4c,0x8d,0x0d,0xd1,0x01,0x00,0x00,0x48,0x8d,0x1d,0xca,0x01,
0x00,0x00,0x48,0x8d,0x2d,0xc3,0x01,0x00,0x00,0x48,0x8d,0xb4,0x24,0xc8,0x02,0x00,
0x00,0x48,0x8d,0x3d,0xb4,0x01,0x00,0x00,0x4c,0x8b,0x15,0x41,0x02,0x00,0x00,0x48,
0x89,0x5c,0x24,0x20,0x48,0x89,0x6c,0x24,0x28,0x48,0x89,0x74,0x24,0x30,0x48,0x89,
0x7c,0x24,0x38,0x48,0x89,0xc1,0x41,0xff,0x12,0x48,0x8d,0x84,0x24,0xc8,0x02,0x00,
0x00,0x48,0x8b,0x0d,0x20,0x02,0x00,0x00,0x48,0x89,0x84,0x24,0x28,0x01,0x00,0x00,
0x48,0x89,0x8c,0x24,0x18,0x01,0x00,0x00,0x48,0x8b,0x84,0x24,0x18,0x01,0x00,0x00,
0x48,0x8b,0x8c,0x24,0x28,0x01,0x00,0x00,0xff,0x10,0x48,0x8d,0x84,0x24,0xc0,0x02,
0x00,0x00,0x48,0x8b,0x0d,0xef,0x01,0x00,0x00,0x48,0x89,0x84,0x24,0xf8,0x00,0x00,
0x00,0x48,0x89,0x8c,0x24,0x10,0x01,0x00,0x00,0x48,0x8b,0x84,0x24,0x10,0x01,0x00,
0x00,0x48,0x8b,0x8c,0x24,0xf8,0x00,0x00,0x00,0xff,0x10,0x48,0x8d,0x84,0x24,0xb0,
0x02,0x00,0x00,0x48,0x8b,0x0d,0x96,0x01,0x00,0x00,0x48,0x89,0x84,0x24,0xe8,0x00,
0x00,0x00,0x48,0x89,0x8c,0x24,0xd8,0x00,0x00,0x00,0x48,0x8b,0x84,0x24,0xd8,0x00,
0x00,0x00,0x48,0x8b,0x8c,0x24,0xe8,0x00,0x00,0x00,0xff,0x10,0x48,0x8d,0x84,0x24,
0xb0,0x02,0x00,0x00,0x48,0x8d,0x15,0x4b,0x01,0x00,0x00,0x48,0x8b,0x0d,0x4e,0x01,
0x00,0x00,0x48,0x89,0x84,0x24,0xf0,0x00,0x00,0x00,0x48,0x89,0x8c,0x24,0x00,0x01,
0x00,0x00,0x48,0x8b,0x84,0x24,0x00,0x01,0x00,0x00,0x48,0x8b,0x8c,0x24,0xf0,0x00,
0x00,0x00,0xff,0x10,0x48,0x8b,0x4c,0x24,0x48,0x48,0x8d,0x01,0x48,0x8d,0x94,0x24,
0xb0,0x02,0x00,0x00,0x4c,0x8b,0x94,0x24,0xd8,0x01,0x00,0x00,0x4d,0x8d,0x02,0x4c,
0x8d,0x0d,0x06,0x01,0x00,0x00,0x48,0x8b,0x1d,0x83,0x01,0x00,0x00,0x48,0x89,0xc1,
0xff,0x13,0x48,0x8d,0x84,0x24,0xb0,0x02,0x00,0x00,0x48,0x8b,0x0d,0xff,0x00,0x00,
0x00,0x48,0x89,0x84,0x24,0x08,0x01,0x00,0x00,0x48,0x89,0x8c,0x24,0xe0,0x02,0x00,
0x00,0x48,0x8b,0x84,0x24,0xe0,0x02,0x00,0x00,0x48,0x8b,0x8c,0x24,0x08,0x01,0x00,
0x00,0xff,0x10,0x48,0x8b,0x4c,0x24,0x48,0x48,0x8d,0x01,0x48,0x8b,0x15,0x1e,0x01,
0x00,0x00,0x48,0x89,0xc1,0xff,0x12,0xe9,0x00,0x00,0x00,0x00,0x48,0x8b,0x4c,0x24,
0x48,0x48,0x8d,0x01,0x48,0x8b,0x15,0x05,0x01,0x00,0x00,0x48,0x89,0xc1,0xff,0x12,
0x48,0x8b,0x4c,0x24,0x48,0x48,0x8d,0x01,0x48,0x8b,0x15,0xf1,0x00,0x00,0x00,0x48,
0x89,0xc1,0xff,0x12,0x48,0x8b,0x4c,0x24,0x48,0x48,0x8d,0x09,0x48,0x8b,0x05,0xdd,
0x00,0x00,0x00,0xff,0x10,0x48,0x81,0xc4,0xe8,0x02,0x00,0x00,0x5f,0x5e,0x5d,0x5b,
0xc3,0x00,0x00,0x00,0x00,0x00,0x00,0x00,0x00,0x6f,0x67,0x67,0x00,0x00,0x00,0x00,
0x62,0x61,0x63,0x6b,0x67,0x72,0x6f,0x75,0x6e,0x64,0x5f,0x63,0x6f,0x6e,0x74,0x61,
0x69,0x6e,0x65,0x72,0x00,0x01,0x61,0x6c,0x69,0x67,0x6e,0x00,0x69,0x63,0x6f,0x6e,
0x5f,0x63,0x6f,0x6e,0x74,0x61,0x69,0x6e,0x65,0x72,0x00,0x69,0x63,0x6f,0x6e,0x00,
0x6c,0x61,0x62,0x65,0x6c,0x5f,0x63,0x6f,0x6e,0x74,0x61,0x69,0x6e,0x65,0x72,0x00,
0x6c,0x61,0x62,0x65,0x6c,0x00,0x76,0x61,0x6c,0x75,0x65,0x5f,0x63,0x6f,0x6e,0x74,
0x61,0x69,0x6e,0x65,0x72,0x00,0x76,0x61,0x6c,0x75,0x65,0x00,0x02,0x00,0x00,0x00,
};

static const unsigned char ST_COMPACT_TAG[]={
 0x53,0x55,0x56,0x57,0x48,0x81,0xec,0x28,0x01,0x00,0x00,0x48,0x8b,0x9c,0x24,0x70,0x01,0x00,0x00,0x48,0x8b,0xac,0x24,0x78,
 0x01,0x00,0x00,0x48,0x8b,0xb4,0x24,0x80,0x01,0x00,0x00,0x48,0x89,0x8c,0x24,0xa0,0x00,0x00,0x00,0x48,0x89,0x94,0x24,0xa8,
 0x00,0x00,0x00,0x4c,0x89,0x84,0x24,0xb0,0x00,0x00,0x00,0x4c,0x89,0x8c,0x24,0xb8,0x00,0x00,0x00,0x48,0x89,0x9c,0x24,0xc0,
 0x00,0x00,0x00,0x48,0x89,0xac,0x24,0xc8,0x00,0x00,0x00,0x48,0x89,0xb4,0x24,0xd0,0x00,0x00,0x00,0x48,0xc7,0x84,0x24,0xd8,
 0x00,0x00,0x00,0x00,0x00,0x00,0x00,0x48,0xc7,0x84,0x24,0xe0,0x00,0x00,0x00,0x00,0x00,0x00,0x00,0x48,0x8d,0x84,0x24,0xd8,
 0x00,0x00,0x00,0x48,0x8d,0x3a,0x4d,0x8d,0x00,0x4c,0x8b,0x15,0x30,0x02,0x00,0x00,0x48,0x89,0x4c,0x24,0x28,0x48,0x89,0x94,
 0x24,0x88,0x00,0x00,0x00,0x48,0x89,0xc1,0x48,0x89,0xfa,0x4c,0x89,0x8c,0x24,0x90,0x00,0x00,0x00,0x41,0xff,0x12,0x48,0x8b,
 0x84,0x24,0xe0,0x00,0x00,0x00,0x48,0x8d,0x40,0x1c,0x48,0x8d,0x0b,0x48,0x8b,0x15,0x04,0x02,0x00,0x00,0x48,0x89,0x44,0x24,
 0x78,0x48,0x89,0x8c,0x24,0x98,0x00,0x00,0x00,0x48,0x89,0x94,0x24,0x00,0x01,0x00,0x00,0x48,0x8b,0x84,0x24,0x00,0x01,0x00,
 0x00,0x48,0x8b,0x4c,0x24,0x78,0x48,0x8b,0x94,0x24,0x98,0x00,0x00,0x00,0xff,0x10,0x48,0x8b,0x84,0x24,0xe0,0x00,0x00,0x00,
 0x48,0x8d,0x40,0x48,0x4c,0x8b,0x8c,0x24,0x90,0x00,0x00,0x00,0x49,0x8d,0x09,0x48,0x8b,0x15,0xc2,0x01,0x00,0x00,0x48,0x89,
 0x84,0x24,0x08,0x01,0x00,0x00,0x48,0x89,0x8c,0x24,0x10,0x01,0x00,0x00,0x48,0x89,0x94,0x24,0x80,0x00,0x00,0x00,0x48,0x8b,
 0x84,0x24,0x80,0x00,0x00,0x00,0x48,0x8b,0x8c,0x24,0x08,0x01,0x00,0x00,0x48,0x8b,0x94,0x24,0x10,0x01,0x00,0x00,0xff,0x10,
 0x48,0x8b,0x84,0x24,0xe0,0x00,0x00,0x00,0x48,0x8d,0x40,0x60,0x48,0x8d,0x4d,0x00,0x48,0x8b,0x15,0x81,0x01,0x00,0x00,0x48,
 0x89,0x44,0x24,0x70,0x48,0x89,0x4c,0x24,0x48,0x48,0x89,0x54,0x24,0x68,0x48,0x8b,0x44,0x24,0x68,0x48,0x8b,0x4c,0x24,0x70,
 0x48,0x8b,0x54,0x24,0x48,0xff,0x10,0x48,0xc7,0x84,0x24,0xe8,0x00,0x00,0x00,0x00,0x00,0x00,0x00,0x48,0xc7,0x84,0x24,0xf0,
 0x00,0x00,0x00,0x00,0x00,0x00,0x00,0x48,0x8b,0x84,0x24,0xe0,0x00,0x00,0x00,0x48,0x8b,0x18,0x48,0x8b,0x05,0x3f,0x01,0x00,
 0x00,0x8b,0x68,0x04,0x3b,0x6b,0x04,0x0f,0x84,0x28,0x00,0x00,0x00,0x48,0x8b,0x05,0x34,0x01,0x00,0x00,0x48,0x89,0x9c,0x24,
 0xf8,0x00,0x00,0x00,0x83,0x7b,0x08,0xff,0x0f,0x84,0x41,0x00,0x00,0x00,0x39,0x6b,0x08,0x0f,0x84,0x06,0x00,0x00,0x00,0x48,
 0x8b,0x5b,0x28,0xeb,0xe7,0x48,0x8d,0x84,0x24,0xd8,0x00,0x00,0x00,0x48,0x8d,0x8c,0x24,0xe8,0x00,0x00,0x00,0x48,0x8b,0x15,
 0x04,0x01,0x00,0x00,0x48,0x89,0x44,0x24,0x30,0x48,0x89,0x54,0x24,0x38,0x48,0x8b,0x44,0x24,0x38,0x48,0x8b,0x54,0x24,0x30,
 0xff,0x10,0xe9,0x2b,0x00,0x00,0x00,0x48,0x8d,0x84,0x24,0xe8,0x00,0x00,0x00,0x48,0x8b,0x0d,0xe2,0x00,0x00,0x00,0x48,0x89,
 0x44,0x24,0x60,0x48,0x89,0x8c,0x24,0x18,0x01,0x00,0x00,0x48,0x8b,0x84,0x24,0x18,0x01,0x00,0x00,0x48,0x8b,0x4c,0x24,0x60,
 0xff,0x10,0x48,0x8b,0x94,0x24,0x88,0x00,0x00,0x00,0x48,0x8d,0x02,0x48,0x8d,0x94,0x24,0xe8,0x00,0x00,0x00,0x4c,0x8d,0x06,
 0x48,0x8b,0x0d,0xb1,0x00,0x00,0x00,0x48,0x89,0x44,0x24,0x20,0x48,0x89,0x4c,0x24,0x40,0x48,0x8b,0x44,0x24,0x40,0x48,0x8b,
 0x4c,0x24,0x20,0xff,0x10,0x48,0x8d,0x84,0x24,0xe8,0x00,0x00,0x00,0x48,0x8b,0x0d,0x84,0x00,0x00,0x00,0x48,0x89,0x44,0x24,
 0x50,0x48,0x89,0x4c,0x24,0x58,0x48,0x8b,0x44,0x24,0x58,0x48,0x8b,0x4c,0x24,0x50,0xff,0x10,0x48,0x8b,0x84,0x24,0xe0,0x00,
 0x00,0x00,0x8a,0x40,0x40,0x48,0x8b,0x4c,0x24,0x28,0x88,0x01,0x48,0x8d,0x8c,0x24,0xd8,0x00,0x00,0x00,0x48,0x8b,0x05,0x4d,
 0x00,0x00,0x00,0xff,0x10,0xe9,0x00,0x00,0x00,0x00,0x48,0x81,0xc4,0x28,0x01,0x00,0x00,0x5f,0x5e,0x5d,0x5b,0xc3,0x00,0x00,
};

static const unsigned char ST_COMPACT_TAG_LAYOUT[]={
 0x53,0x55,0x48,0x83,0xec,0x78,0x48,0x89,0x4c,0x24,0x30,0x48,0x89,0x54,0x24,0x38,0x4c,0x89,0x44,0x24,0x40,0x4c,0x89,0x4c,
 0x24,0x48,0x48,0x8d,0x41,0x24,0x49,0x8d,0x18,0x48,0x8b,0x2d,0xf0,0x00,0x00,0x00,0x48,0x89,0x4c,0x24,0x60,0x48,0x89,0x54,
 0x24,0x68,0x48,0x89,0xc1,0x48,0x89,0xda,0x4c,0x89,0x4c,0x24,0x70,0xff,0x55,0x00,0x48,0x8b,0x4c,0x24,0x60,0x8b,0x41,0x1c,
 0x89,0x41,0x2c,0x8b,0x41,0x20,0x89,0x41,0x30,0x48,0x8b,0x1d,0xc8,0x00,0x00,0x00,0x8b,0x41,0x1c,0x3b,0x03,0x0f,0x94,0x44,
 0x24,0x50,0x48,0x8b,0x1d,0xb7,0x00,0x00,0x00,0x8b,0x41,0x20,0x3b,0x03,0x0f,0x94,0x44,0x24,0x51,0x8a,0x44,0x24,0x50,0x3c,
 0x00,0x0f,0x84,0x10,0x00,0x00,0x00,0x4c,0x8b,0x4c,0x24,0x70,0x41,0x8b,0x01,0x89,0x41,0x2c,0xe9,0x00,0x00,0x00,0x00,0x8a,
 0x44,0x24,0x51,0x3c,0x00,0x0f,0x84,0x11,0x00,0x00,0x00,0x4c,0x8b,0x4c,0x24,0x70,0x41,0x8b,0x41,0x04,0x89,0x41,0x30,0xe9,
 0x00,0x00,0x00,0x00,0x48,0x8d,0x44,0x24,0x54,0x48,0x8d,0x51,0x2c,0x4c,0x8d,0x41,0x30,0x48,0x8b,0x1d,0x68,0x00,0x00,0x00,
 0x48,0x89,0xc1,0xff,0x13,0x48,0x8b,0x54,0x24,0x68,0x48,0x8d,0x02,0x48,0x8d,0x54,0x24,0x54,0x4c,0x8d,0x05,0x37,0x00,0x00,
 0x00,0x48,0x8b,0x4c,0x24,0x60,0x4c,0x8d,0x49,0x48,0x48,0x8d,0x49,0x58,0x48,0x8b,0x1d,0x43,0x00,0x00,0x00,0x48,0x89,0x4c,
 0x24,0x20,0x48,0x89,0xc1,0xff,0x13,0x48,0x8d,0x4c,0x24,0x54,0x48,0x8b,0x05,0x35,0x00,0x00,0x00,0xff,0x10,0x48,0x83,0xc4,
 0x78,0x5d,0x5b,0xc3,0x00,0x00,0x00,0x00,0x04,0x00,0x00,0x00,0x00,0x00,0x00,0x00,
};

static const unsigned char ST_COMPACT_TAG_RENDER[]={
 0x53,0x55,0x56,0x48,0x83,0xec,0x60,0x48,0x89,0x4c,0x24,0x30,0x48,0x89,0x54,0x24,0x38,0x8a,0x41,0x40,0x3c,0x00,0x0f,0x84,
 0x49,0x00,0x00,0x00,0x48,0x8b,0x05,0xfd,0x00,0x00,0x00,0x48,0x8d,0x1a,0x48,0x8d,0x69,0x24,0x4c,0x8d,0x41,0x2c,0x4c,0x8d,
 0x0d,0xdb,0x00,0x00,0x00,0x48,0x8d,0x00,0x48,0x8b,0x35,0xe9,0x00,0x00,0x00,0x48,0x89,0x44,0x24,0x20,0x48,0x89,0x4c,0x24,
 0x40,0x48,0x89,0x54,0x24,0x48,0x48,0x89,0xd9,0x48,0x89,0xea,0xff,0x16,0x48,0x8b,0x4c,0x24,0x40,0x48,0x8b,0x54,0x24,0x48,
 0xe9,0x00,0x00,0x00,0x00,0x48,0x8d,0x02,0x48,0x8d,0x59,0x24,0x4c,0x8d,0x41,0x2c,0x4c,0x8d,0x0d,0xa1,0x00,0x00,0x00,0x48,
 0x8d,0x69,0x60,0x48,0x8b,0x35,0xa6,0x00,0x00,0x00,0x48,0x89,0x6c,0x24,0x20,0x48,0x89,0x4c,0x24,0x40,0x48,0x89,0x54,0x24,
 0x48,0x48,0x89,0xc1,0x48,0x89,0xda,0xff,0x16,0x48,0x8b,0x54,0x24,0x48,0x48,0x8d,0x02,0x48,0x8b,0x4c,0x24,0x40,0x48,0x8d,
 0x59,0x24,0x4c,0x8d,0x41,0x2c,0x48,0x8b,0x2d,0x7b,0x00,0x00,0x00,0x48,0x89,0xc1,0x48,0x89,0xda,0xff,0x55,0x00,0x48,0x8b,
 0x05,0x73,0x00,0x00,0x00,0x48,0x8b,0x54,0x24,0x48,0x48,0x8d,0x0a,0x48,0x89,0x4c,0x24,0x50,0x48,0x8b,0x4c,0x24,0x40,0x48,
 0x8d,0x59,0x24,0x4c,0x8d,0x41,0x58,0x4c,0x8d,0x08,0x48,0x8b,0x05,0x57,0x00,0x00,0x00,0x48,0x8b,0x4c,0x24,0x50,0x48,0x89,
 0xda,0xff,0x10,0x48,0x8b,0x54,0x24,0x48,0x48,0x8d,0x0a,0x48,0x8b,0x05,0x46,0x00,0x00,0x00,0xff,0x10,0x48,0x83,0xc4,0x60,
 0x5e,0x5d,0x5b,0xc3,0x00,0x00,0x00,0x00,0x00,0x00,0x00,0x00,0x00,0x00,0x00,0x00,0x00,0x00,0x00,0x00,0x00,0x00,0xf0,0x3f,
};

static const unsigned char ST_TIP_POSITION[]={
 0x53,0x55,0x48,0x81,0xec,0x98,0x00,0x00,0x00,0x48,0x89,0x4c,0x24,0x48,0x48,0x89,0x54,0x24,0x50,0x4c,0x89,0x44,0x24,0x58,
 0x4c,0x89,0x4c,0x24,0x60,0x48,0xc7,0x44,0x24,0x68,0x00,0x00,0x00,0x00,0x48,0xc7,0x44,0x24,0x70,0x00,0x00,0x00,0x00,0x48,
 0x8d,0x44,0x24,0x68,0x48,0x8d,0x19,0x48,0x8d,0x12,0x48,0x8b,0x2d,0xbf,0x00,0x00,0x00,0x48,0x89,0x4c,0x24,0x28,0x48,0x89,
 0x94,0x24,0x80,0x00,0x00,0x00,0x4c,0x89,0x44,0x24,0x78,0x48,0x89,0xc1,0x48,0x89,0xda,0x4c,0x8b,0x84,0x24,0x80,0x00,0x00,
 0x00,0x4c,0x89,0x4c,0x24,0x40,0xff,0x55,0x00,0x48,0x8b,0x44,0x24,0x70,0x48,0x8d,0x40,0x1c,0x4c,0x8b,0x4c,0x24,0x40,0x49,
 0x8d,0x11,0x48,0x8b,0x0d,0x87,0x00,0x00,0x00,0x48,0x89,0x44,0x24,0x20,0x48,0x89,0x4c,0x24,0x38,0x48,0x8b,0x44,0x24,0x38,
 0x48,0x8b,0x4c,0x24,0x20,0xff,0x10,0x48,0x8b,0x44,0x24,0x70,0x48,0x8d,0x40,0x78,0x4c,0x8b,0x44,0x24,0x78,0x49,0x8d,0x10,
 0x48,0x8b,0x0d,0x59,0x00,0x00,0x00,0x48,0x89,0x44,0x24,0x30,0x48,0x89,0x8c,0x24,0x88,0x00,0x00,0x00,0x48,0x8b,0x84,0x24,
 0x88,0x00,0x00,0x00,0x48,0x8b,0x4c,0x24,0x30,0xff,0x10,0x48,0x8b,0x4c,0x24,0x28,0x48,0x8d,0x09,0x48,0x8d,0x54,0x24,0x68,
 0x48,0x8b,0x05,0x31,0x00,0x00,0x00,0xff,0x10,0x48,0x8d,0x4c,0x24,0x68,0x48,0x8b,0x05,0x2b,0x00,0x00,0x00,0xff,0x10,0x48,
 0x81,0xc4,0x98,0x00,0x00,0x00,0x5d,0x5b,0xc3,0x00,0x00,0x00,0x00,0x00,0x00,0x00,
};

static const unsigned char ST_TIP_BACKGROUND[]={
 0x53,0x48,0x83,0xec,0x50,0x48,0x89,0x4c,0x24,0x30,0x48,0x89,0x54,0x24,0x38,0x4c,0x89,0x44,0x24,0x40,0x4c,0x89,0x4c,0x24,
 0x48,0x48,0x8d,0x01,0x48,0x8d,0x12,0x4d,0x8d,0x00,0x4d,0x8d,0x09,0x48,0x8d,0x0d,0x1c,0x00,0x00,0x00,0x48,0x8b,0x1d,0x1d,
 0x00,0x00,0x00,0x48,0x89,0x4c,0x24,0x20,0x48,0x89,0xc1,0xff,0x13,0x48,0x83,0xc4,0x50,0x5b,0xc3,0x00,0x00,0x00,0x00,0x00,
 0x00,0x00,0x00,0x00,0x00,0x00,0x00,0x00,
};

static const unsigned char ST_TIP_TEXT[]={
 0x53,0x55,0x56,0x48,0x81,0xec,0x80,0x00,0x00,0x00,0x48,0x8b,0xac,0x24,0xc0,0x00,0x00,0x00,0x48,0x8b,0x9c,0x24,0xc8,0x00,
 0x00,0x00,0x48,0x89,0x4c,0x24,0x20,0x48,0x89,0x54,0x24,0x28,0x4c,0x89,0x44,0x24,0x30,0x4c,0x89,0x4c,0x24,0x38,0x48,0x89,
 0x6c,0x24,0x40,0x48,0x89,0x5c,0x24,0x48,0x48,0xc7,0x44,0x24,0x50,0x00,0x00,0x00,0x00,0x48,0xc7,0x44,0x24,0x58,0x00,0x00,
 0x00,0x00,0x48,0x8d,0x44,0x24,0x50,0x48,0x8d,0x09,0x48,0x8d,0x12,0x48,0x8b,0x35,0x94,0x00,0x00,0x00,0x48,0x89,0x4c,0x24,
 0x60,0x48,0x89,0x54,0x24,0x68,0x4c,0x89,0x44,0x24,0x70,0x48,0x89,0xc1,0x48,0x8b,0x54,0x24,0x60,0x4c,0x8b,0x44,0x24,0x68,
 0x4c,0x89,0x4c,0x24,0x78,0xff,0x16,0x48,0x8b,0x44,0x24,0x58,0x48,0x8d,0x48,0x1c,0x4c,0x8b,0x4c,0x24,0x78,0x49,0x8d,0x11,
 0x48,0x8b,0x05,0x61,0x00,0x00,0x00,0xff,0x10,0x48,0x8b,0x44,0x24,0x58,0x48,0x8d,0x48,0x50,0x4c,0x8b,0x44,0x24,0x70,0x49,
 0x8d,0x10,0x48,0x8b,0x05,0x4f,0x00,0x00,0x00,0xff,0x10,0x48,0x8b,0x44,0x24,0x58,0x48,0x8d,0x48,0x48,0x48,0x8d,0x13,0x48,
 0x8b,0x05,0x42,0x00,0x00,0x00,0xff,0x10,0x48,0x8b,0x4c,0x24,0x58,0x8b,0x45,0x00,0x89,0x41,0x68,0x48,0x8d,0x4c,0x24,0x50,
 0x48,0x8b,0x05,0x31,0x00,0x00,0x00,0xff,0x10,0x48,0x81,0xc4,0x80,0x00,0x00,0x00,0x5e,0x5d,0x5b,0xc3,0x00,0x00,0x00,0x00,
};

static const unsigned char ST_TIP_TEXT_PUSH[]={
 0x53,0x55,0x48,0x81,0xec,0x48,0x01,0x00,0x00,0x48,0x89,0x8c,0x24,0xc8,0x00,0x00,0x00,0x48,0x89,0x94,0x24,0xd0,0x00,0x00,
 0x00,0x4c,0x89,0x84,0x24,0xd8,0x00,0x00,0x00,0x48,0xc7,0x84,0x24,0xe0,0x00,0x00,0x00,0x00,0x00,0x00,0x00,0x48,0xc7,0x84,
 0x24,0xe8,0x00,0x00,0x00,0x00,0x00,0x00,0x00,0x48,0xc7,0x84,0x24,0xf0,0x00,0x00,0x00,0x00,0x00,0x00,0x00,0x48,0xc7,0x84,
 0x24,0xf8,0x00,0x00,0x00,0x00,0x00,0x00,0x00,0x8b,0x05,0xc1,0x04,0x00,0x00,0x89,0x84,0x24,0x00,0x01,0x00,0x00,0x48,0x8d,
 0x84,0x24,0x04,0x01,0x00,0x00,0x48,0x8d,0x5a,0x10,0x48,0x8b,0x2d,0xaf,0x04,0x00,0x00,0x48,0x89,0x4c,0x24,0x28,0x48,0x89,
 0x94,0x24,0xa0,0x00,0x00,0x00,0x48,0x89,0xc1,0x48,0x89,0xda,0x4c,0x89,0x84,0x24,0xa8,0x00,0x00,0x00,0xff,0x55,0x00,0x8b,
 0x84,0x24,0x04,0x01,0x00,0x00,0x3b,0x05,0x7c,0x04,0x00,0x00,0x0f,0x9f,0xc0,0x3c,0x00,0x0f,0x84,0x92,0x01,0x00,0x00,0x48,
 0x8d,0x84,0x24,0x08,0x01,0x00,0x00,0x48,0x8b,0x94,0x24,0xa0,0x00,0x00,0x00,0x48,0x8d,0x4a,0x10,0x48,0x8b,0x1d,0x66,0x04,
 0x00,0x00,0x48,0x89,0x8c,0x24,0xb0,0x00,0x00,0x00,0x48,0x89,0xc1,0x48,0x8b,0x94,0x24,0xb0,0x00,0x00,0x00,0xff,0x13,0x48,
 0x8b,0x84,0x24,0x08,0x01,0x00,0x00,0x48,0x8b,0x40,0x08,0x48,0x8d,0x8c,0x24,0xf0,0x00,0x00,0x00,0x48,0x8d,0x10,0x4c,0x8b,
 0x84,0x24,0xa8,0x00,0x00,0x00,0x49,0x8d,0x18,0x4c,0x8d,0x8c,0x24,0x00,0x01,0x00,0x00,0x48,0x8b,0x00,0x48,0x8b,0x80,0x80,
 0x00,0x00,0x00,0x48,0x8b,0x2d,0x1e,0x04,0x00,0x00,0x48,0x01,0xe8,0x48,0x8b,0x00,0x48,0x8b,0x00,0x49,0x89,0xd8,0xff,0xd0,
 0x48,0x83,0xbc,0x24,0xf8,0x00,0x00,0x00,0x00,0x0f,0x95,0xc0,0x3c,0x00,0x0f,0x84,0x00,0x01,0x00,0x00,0x48,0x8b,0x84,0x24,
 0xf8,0x00,0x00,0x00,0x48,0x8b,0x18,0x48,0x8b,0x05,0xf2,0x03,0x00,0x00,0x8b,0x68,0x04,0x3b,0x6b,0x04,0x0f,0x84,0x28,0x00,
 0x00,0x00,0x48,0x8b,0x05,0xe7,0x03,0x00,0x00,0x48,0x89,0x9c,0x24,0x08,0x01,0x00,0x00,0x83,0x7b,0x08,0xff,0x0f,0x84,0x4d,
 0x00,0x00,0x00,0x39,0x6b,0x08,0x0f,0x84,0x06,0x00,0x00,0x00,0x48,0x8b,0x5b,0x28,0xeb,0xe7,0x48,0x8d,0x84,0x24,0xf0,0x00,
 0x00,0x00,0x48,0x8d,0x8c,0x24,0xe0,0x00,0x00,0x00,0x48,0x8b,0x15,0xb7,0x03,0x00,0x00,0x48,0x89,0x84,0x24,0xb8,0x00,0x00,
 0x00,0x48,0x89,0x94,0x24,0x90,0x00,0x00,0x00,0x48,0x8b,0x84,0x24,0x90,0x00,0x00,0x00,0x48,0x8b,0x94,0x24,0xb8,0x00,0x00,
 0x00,0xff,0x10,0xe9,0x2b,0x00,0x00,0x00,0x48,0x8d,0x84,0x24,0xe0,0x00,0x00,0x00,0x48,0x8b,0x0d,0x89,0x03,0x00,0x00,0x48,
 0x89,0x44,0x24,0x78,0x48,0x89,0x8c,0x24,0x40,0x01,0x00,0x00,0x48,0x8b,0x84,0x24,0x40,0x01,0x00,0x00,0x48,0x8b,0x4c,0x24,
 0x78,0xff,0x10,0x48,0x8d,0x84,0x24,0x08,0x01,0x00,0x00,0x48,0x8b,0x94,0x24,0xa0,0x00,0x00,0x00,0x48,0x8d,0x4a,0x10,0x48,
 0x8b,0x1d,0x2a,0x03,0x00,0x00,0x48,0x89,0x8c,0x24,0xc0,0x00,0x00,0x00,0x48,0x89,0xc1,0x48,0x8b,0x94,0x24,0xc0,0x00,0x00,
 0x00,0xff,0x13,0x48,0x8b,0x84,0x24,0x08,0x01,0x00,0x00,0x48,0x8b,0x58,0x08,0x8b,0x84,0x24,0x00,0x01,0x00,0x00,0x03,0x05,
 0xf0,0x02,0x00,0x00,0x89,0x43,0x70,0xe9,0x00,0x00,0x00,0x00,0xe9,0x00,0x00,0x00,0x00,0x48,0x83,0xbc,0x24,0xe8,0x00,0x00,
 0x00,0x00,0x0f,0x94,0xc0,0x3c,0x00,0x0f,0x84,0x3b,0x02,0x00,0x00,0x48,0x8d,0x84,0x24,0xe0,0x00,0x00,0x00,0x48,0x8b,0x0d,
 0xf4,0x02,0x00,0x00,0x48,0x89,0x84,0x24,0x20,0x01,0x00,0x00,0x48,0x89,0x8c,0x24,0x28,0x01,0x00,0x00,0x48,0x8b,0x84,0x24,
 0x28,0x01,0x00,0x00,0x48,0x8b,0x8c,0x24,0x20,0x01,0x00,0x00,0xff,0x10,0x48,0x8b,0x05,0xd3,0x02,0x00,0x00,0x48,0x8b,0x00,
 0x48,0x8d,0x8c,0x24,0xe0,0x00,0x00,0x00,0x48,0x8b,0x15,0xc9,0x02,0x00,0x00,0xbb,0x70,0x00,0x00,0x00,0x48,0x89,0x84,0x24,
 0x30,0x01,0x00,0x00,0x48,0x89,0x94,0x24,0x38,0x01,0x00,0x00,0x48,0x8b,0x84,0x24,0x38,0x01,0x00,0x00,0x89,0xda,0x4c,0x8b,
 0x84,0x24,0x30,0x01,0x00,0x00,0xff,0x10,0x48,0x8b,0x84,0x24,0xe8,0x00,0x00,0x00,0x48,0x8d,0x00,0x48,0x8b,0x0d,0x96,0x02,
 0x00,0x00,0x48,0x89,0x84,0x24,0x98,0x00,0x00,0x00,0x48,0x89,0x8c,0x24,0x88,0x00,0x00,0x00,0x48,0x8b,0x84,0x24,0x88,0x00,
 0x00,0x00,0x48,0x8b,0x8c,0x24,0x98,0x00,0x00,0x00,0xff,0x10,0x48,0x8d,0x84,0x24,0x04,0x01,0x00,0x00,0x48,0x8b,0x94,0x24,
 0xa0,0x00,0x00,0x00,0x48,0x8d,0x4a,0x10,0x48,0x8b,0x1d,0x11,0x02,0x00,0x00,0x48,0x89,0x4c,0x24,0x58,0x48,0x89,0xc1,0x48,
 0x8b,0x54,0x24,0x58,0xff,0x13,0x8b,0x84,0x24,0x04,0x01,0x00,0x00,0x3b,0x05,0xed,0x01,0x00,0x00,0x0f,0x9f,0xc0,0x3c,0x00,
 0x0f,0x84,0x4d,0x01,0x00,0x00,0x48,0x8d,0x84,0x24,0x10,0x01,0x00,0x00,0x48,0x8b,0x94,0x24,0xa0,0x00,0x00,0x00,0x48,0x8d,
 0x4a,0x10,0x48,0x8b,0x1d,0xd7,0x01,0x00,0x00,0x48,0x89,0x8c,0x24,0x80,0x00,0x00,0x00,0x48,0x89,0xc1,0x48,0x8b,0x94,0x24,
 0x80,0x00,0x00,0x00,0xff,0x13,0x48,0x8b,0x84,0x24,0x10,0x01,0x00,0x00,0x48,0x8b,0x58,0x08,0x48,0x8d,0x84,0x24,0x18,0x01,
 0x00,0x00,0x48,0x8b,0x94,0x24,0xa0,0x00,0x00,0x00,0x48,0x8d,0x4a,0x10,0x48,0x8b,0x2d,0x9b,0x01,0x00,0x00,0x48,0x89,0x4c,
 0x24,0x30,0x48,0x89,0xc1,0x48,0x8b,0x54,0x24,0x30,0xff,0x55,0x00,0x48,0x8b,0x84,0x24,0x18,0x01,0x00,0x00,0x48,0x8b,0x40,
 0x08,0x48,0x8d,0x8c,0x24,0x08,0x01,0x00,0x00,0x48,0x8d,0x53,0x48,0x48,0x8d,0x40,0x70,0x48,0x8b,0x1d,0xb0,0x01,0x00,0x00,
 0x49,0x89,0xc0,0xff,0x13,0x48,0x8b,0x84,0x24,0x08,0x01,0x00,0x00,0x48,0x8d,0x8c,0x24,0xe0,0x00,0x00,0x00,0x48,0x8d,0x00,
 0x48,0x8b,0x15,0x69,0x01,0x00,0x00,0x48,0x89,0x44,0x24,0x38,0x48,0x89,0x4c,0x24,0x40,0x48,0x89,0x54,0x24,0x48,0x48,0x8b,
 0x44,0x24,0x48,0x48,0x8b,0x4c,0x24,0x38,0x48,0x8b,0x54,0x24,0x40,0xff,0x10,0x48,0x8d,0x84,0x24,0x08,0x01,0x00,0x00,0x48,
 0x8b,0x94,0x24,0xa0,0x00,0x00,0x00,0x48,0x8d,0x4a,0x10,0x48,0x8b,0x1d,0x0e,0x01,0x00,0x00,0x48,0x89,0x4c,0x24,0x20,0x48,
 0x89,0xc1,0x48,0x8b,0x54,0x24,0x20,0xff,0x13,0x48,0x8b,0x84,0x24,0x08,0x01,0x00,0x00,0x48,0x8b,0x58,0x08,0x48,0x8d,0x84,
 0x24,0x10,0x01,0x00,0x00,0x48,0x8b,0x94,0x24,0xa0,0x00,0x00,0x00,0x48,0x8d,0x52,0x10,0x48,0x8b,0x0d,0xd8,0x00,0x00,0x00,
 0x48,0x89,0x44,0x24,0x50,0x48,0x89,0x4c,0x24,0x60,0x48,0x8b,0x44,0x24,0x60,0x48,0x8b,0x4c,0x24,0x50,0xff,0x10,0x48,0x8b,
 0x84,0x24,0x10,0x01,0x00,0x00,0x48,0x8b,0x40,0x08,0x8b,0x40,0x70,0x03,0x05,0xa1,0x00,0x00,0x00,0x89,0x43,0x70,0xe9,0x00,
 0x00,0x00,0x00,0xe9,0x00,0x00,0x00,0x00,0x48,0x8b,0x84,0x24,0xe8,0x00,0x00,0x00,0x48,0x8d,0x40,0x08,0x4c,0x8b,0x84,0x24,
 0xa8,0x00,0x00,0x00,0x49,0x8d,0x10,0x48,0x8b,0x0d,0xd2,0x00,0x00,0x00,0x48,0x89,0x44,0x24,0x68,0x48,0x89,0x4c,0x24,0x70,
 0x48,0x8b,0x44,0x24,0x70,0x48,0x8b,0x4c,0x24,0x68,0xff,0x10,0x48,0x8b,0x94,0x24,0xe8,0x00,0x00,0x00,0x8b,0x05,0x52,0x00,
 0x00,0x00,0x89,0x42,0x18,0x48,0x8d,0x94,0x24,0xe0,0x00,0x00,0x00,0x48,0x8b,0x4c,0x24,0x28,0x48,0x8d,0x09,0x48,0x8b,0x05,
 0x64,0x00,0x00,0x00,0xff,0x10,0x48,0x8d,0x8c,0x24,0xf0,0x00,0x00,0x00,0x48,0x8b,0x05,0x5b,0x00,0x00,0x00,0xff,0x10,0x48,
 0x8d,0x8c,0x24,0xe0,0x00,0x00,0x00,0x48,0x8b,0x05,0x4a,0x00,0x00,0x00,0xff,0x10,0xe9,0x00,0x00,0x00,0x00,0x48,0x81,0xc4,
 0x48,0x01,0x00,0x00,0x5d,0x5b,0xc3,0x00,0x00,0x00,0x00,0x00,0x01,0x00,0x00,0x00,
};

static const unsigned char ST_TIP_TEXT_ALIGN[]={
 0x53,0x48,0x83,0xec,0x50,0x48,0x89,0x4c,0x24,0x30,0x48,0x89,0x54,0x24,0x38,0x4c,0x89,0x44,0x24,0x40,0x4c,0x89,0x4c,0x24,
 0x48,0x48,0x8b,0x05,0x28,0x00,0x00,0x00,0x48,0x8d,0x09,0x48,0x8d,0x12,0x4d,0x8d,0x00,0x4d,0x8d,0x09,0x48,0x8d,0x00,0x48,
 0x8b,0x1d,0x1a,0x00,0x00,0x00,0x48,0x89,0x44,0x24,0x20,0xff,0x13,0x48,0x83,0xc4,0x50,0x5b,0xc3,0x00,0x00,0x00,0x00,0x00,
};

static const unsigned char ST_TIP_TEXT_COLOR[]={
 0x53,0x55,0x56,0x57,0x48,0x81,0xec,0x88,0x00,0x00,0x00,0x48,0x8b,0xac,0x24,0xd0,0x00,0x00,0x00,0x48,0x89,0x4c,0x24,0x30,
 0x48,0x89,0x54,0x24,0x38,0x4c,0x89,0x44,0x24,0x40,0x4c,0x89,0x4c,0x24,0x48,0x48,0x89,0x6c,0x24,0x50,0x48,0x8b,0x1d,0xa5,
 0x00,0x00,0x00,0x48,0x8b,0x05,0xa6,0x00,0x00,0x00,0x48,0x8d,0x74,0x24,0x58,0x48,0x8d,0x1b,0x48,0x8d,0x00,0x48,0x8b,0x3d,
 0x9c,0x00,0x00,0x00,0x48,0x89,0x4c,0x24,0x60,0x48,0x89,0x54,0x24,0x68,0x4c,0x89,0x44,0x24,0x70,0x48,0x89,0xf1,0x48,0x89,
 0xda,0x49,0x89,0xc0,0x4c,0x89,0x4c,0x24,0x78,0xff,0x17,0x48,0x8b,0x4c,0x24,0x60,0x48,0x8d,0x01,0x48,0x8b,0x54,0x24,0x68,
 0x48,0x8d,0x12,0x4c,0x8b,0x44,0x24,0x70,0x4d,0x8d,0x00,0x48,0x8d,0x4c,0x24,0x58,0x4c,0x8b,0x4c,0x24,0x78,0x49,0x8d,0x19,
 0x48,0x8d,0x6d,0x00,0x48,0x8b,0x35,0x55,0x00,0x00,0x00,0x48,0x89,0x5c,0x24,0x20,0x48,0x89,0x6c,0x24,0x28,0x48,0x89,0x8c,
 0x24,0x80,0x00,0x00,0x00,0x48,0x89,0xc1,0x4c,0x8b,0x8c,0x24,0x80,0x00,0x00,0x00,0xff,0x16,0x48,0x8d,0x4c,0x24,0x58,0x48,
 0x8b,0x05,0x32,0x00,0x00,0x00,0xff,0x10,0x48,0x81,0xc4,0x88,0x00,0x00,0x00,0x5f,0x5e,0x5d,0x5b,0xc3,0x00,0x00,0x00,0x00,
};
